player_id,player_name,national_team,club,position,age,height_cm,matches,starts,minutes,90s,goals,assists,goals_assists,goals_minus_pk,penalties,penalties_attempted,yellow_cards,red_cards,shots,shots_on_target,shot_on_target_pct,shots_p90,shots_on_target_p90,goals_per_shot,goals_per_sot,tackles_won,interceptions,goals_against,ga90,shots_on_target_against,saves,save_pct,clean_sheets,clean_sheet_pct,pk_attempted,pk_allowed,pk_saved,pk_missed,pk_save_pct,goals_p90,assists_p90,tackles_won_p90,interceptions_p90,saves_p90,clean_sheets_p90,goals_p90_pct,assists_p90_pct,shots_p90_pct,shots_on_target_p90_pct,tackles_won_p90_pct,interceptions_p90_pct,save_pct_pct,saves_p90_pct,clean_sheets_p90_pct,position_score,common_score,other_score,penalty,raw_rating,reliability,reliable_rating,rating
2,Aïssa Mandi,ALG,Lille OSC,DF,34,184,4,4,360,4.0,0,0,0,0,0,0,0,0,0,0,,0.0,0.0,,,3,4,,,,,,,,,,,,,0.0,0.0,0.75,1.0,,,,,,,49.82993197278912,53.91156462585034,,,,51.87,89.44,0.0,0.0,50.44,0.8944,50.22,50.22
5,Zineddine Belaïd,ALG,JS Kabylie,DF,27,186,2,0,25,0.3,0,0,0,0,0,0,0,0,0,0,,0.0,0.0,,,0,0,,,,,,,,,,,,,0.0,0.0,0.0,0.0,,,,,,,11.73469387755102,10.034013605442176,,,,10.88,23.57,0.0,0.0,11.06,0.2357,39.56,39.56
6,Ramiz Zerrouki,ALG,FC Twente,MF,28,183,3,2,111,1.2,0,0,0,0,0,0,1,0,0,0,,0.0,0.0,,,1,2,,,,,,,,,,,,,0.0,0.0,0.8108108108108109,1.6216216216216215,,,,40.5693950177936,11.387900355871883,,47.33096085409253,79.7153024911032,,,,46.21,49.67,0.0,1.0,41.93,0.4967,45.19,44.19
7,Riyad Mahrez,ALG,Al Ahli FC,FW,35,179,4,3,262,2.9,2,1,3,2,0,0,0,0,6,3,50.0,2.06,1.03,0.33,0.67,2,1,,,,,,,,,,,,,0.6870229007633587,0.3435114503816793,0.6870229007633587,0.3435114503816793,,,84.8249027237354,85.99221789883269,56.03112840466926,68.8715953307393,,,,,,76.17,76.3,50.0,0.0,73.56,0.763,67.56,67.56
8,Houssem Aouar,ALG,Al Ittihad,MF,27,175,3,2,173,1.9,0,2,2,0,0,0,0,0,3,1,33.3,1.56,0.52,0.0,0.0,1,0,,,,,,,,,,,,,0.0,1.0404624277456649,0.5202312138728323,0.0,,,,98.93238434163702,64.59074733096085,,35.587188612099645,14.23487544483986,,,,55.05,62.0,33.3,0.0,53.57,0.62,51.61,51.61
9,Amine Gouiri,ALG,Olympique Marseille,FW,26,180,4,3,251,2.8,1,0,1,1,0,0,0,0,3,2,66.7,1.08,0.72,0.33,0.5,1,0,,,,,,,,,,,,,0.3585657370517928,0.0,0.3585657370517928,0.0,,,78.21011673151752,38.715953307393,32.295719844357976,60.89494163424124,,,,,,55.69,74.68,66.7,0.0,58.69,0.7468,56.04,56.04
10,Fares Chaïbi,ALG,Eintracht Frankfurt,MF,23,183,4,4,360,4.0,0,0,0,0,0,0,1,0,9,3,33.3,2.25,0.75,0.0,0.0,5,3,,,,,,,,,,,,,0.0,0.0,1.25,0.75,,,,40.5693950177936,81.85053380782918,,64.41281138790036,51.95729537366548,,,,57.63,89.44,33.3,1.0,58.38,0.8944,57.33,56.33
11,Anis Hadj Moussa,ALG,Feyenoord Rotterdam,FW,24,176,3,1,98,1.1,0,0,0,0,0,0,0,0,2,0,0.0,1.84,0.0,0.0,,0,1,,,,,,,,,,,,,0.0,0.0,0.0,0.9183673469387754,,,35.40856031128405,38.715953307393,49.80544747081712,23.151750972762645,,,,,,36.66,46.67,0.0,0.0,34.0,0.4667,41.59,41.59
12,Nadhir Benbouali,ALG,Györi ETO FC,FW,26,190,1,0,45,0.5,1,0,1,1,0,0,0,0,2,2,100.0,4.0,4.0,0.5,0.5,1,0,,,,,,,,,,,,,2.0,0.0,2.0,0.0,,,99.22178988326849,38.715953307393,86.18677042801556,99.22178988326849,,,,,,81.49,31.62,100.0,0.0,78.35,0.3162,57.76,57.76
13,Jaouen Hadjam,ALG,BSC Young Boys,DF,23,185,3,1,109,1.2,0,0,0,0,0,0,0,0,1,0,0.0,0.83,0.0,0.0,,1,1,,,,,,,,,,,,,0.0,0.0,0.8256880733944955,0.8256880733944955,,,,,,,52.55102040816326,43.87755102040816,,,,48.21,49.22,0.0,0.0,43.49,0.4922,45.96,45.96
14,Hicham Boudaoui,ALG,OGC Nice,MF,26,175,3,2,128,1.4,0,0,0,0,0,0,1,0,0,0,,0.0,0.0,,,1,2,,,,,,,,,,,,,0.0,0.0,0.703125,1.40625,,,,40.5693950177936,11.387900355871883,,41.99288256227758,72.59786476868328,,,,43.1,53.33,0.0,1.0,39.81,0.5333,43.82,42.82
15,Rayan Aït-Nouri,ALG,Manchester City FC,DF,25,180,4,3,284,3.2,0,0,0,0,0,0,0,0,1,0,0.0,0.32,0.0,0.0,,13,5,,,,,,,,,,,,,0.0,0.0,4.119718309859155,1.5845070422535212,,,,,,,97.95918367346938,79.93197278911565,,,,88.95,79.44,0.0,0.0,79.1,0.7944,72.78,72.78
16,Oussama Benbot,ALG,USM Alger,GK,31,188,1,1,90,1.0,0,0,0,0,0,0,0,0,0,0,,0.0,0.0,,,0,0,3.0,3.0,3.0,0.0,0.0,0.0,0.0,0.0,0.0,0.0,0.0,,0.0,0.0,0.0,0.0,0.0,0.0,,,,,,,2.8301886792452837,5.357142857142857,26.785714285714285,9.58,44.72,0.0,0.0,12.13,0.4472,32.98,32.98
17,Rafik Belghali,ALG,Hellas Verona FC,DF,24,180,4,4,331,3.7,1,0,1,1,0,0,0,0,3,1,33.3,0.82,0.27,0.33,1.0,3,1,,,,,,,,,,,,,0.2719033232628399,0.0,0.8157099697885197,0.2719033232628399,,,,,,,51.02040816326531,21.428571428571427,,,,36.22,85.76,33.3,0.0,40.89,0.8576,41.95,41.95
18,Mohamed Amoura,ALG,VfL Wolfsburg,FW,26,170,1,0,27,0.3,0,0,0,0,0,0,0,0,0,0,,0.0,0.0,,,0,0,,,,,,,,,,,,,0.0,0.0,0.0,0.0,,,35.40856031128405,38.715953307393,11.478599221789883,23.151750972762645,,,,,,29.0,24.49,0.0,0.0,25.65,0.2449,42.7,42.7
19,Nabil Bentaleb,ALG,Lille OSC,MF,31,189,4,3,285,3.2,0,0,0,0,0,0,0,0,1,0,0.0,0.32,0.0,0.0,,4,3,,,,,,,,,,,,,0.0,0.0,1.263157894736842,0.9473684210526316,,,,40.5693950177936,24.73309608540925,,65.48042704626334,58.718861209964416,,,,48.17,79.58,0.0,0.0,46.49,0.7958,46.88,46.88
20,Adil Boulbina,ALG,Al Duhail SC,FW,23,183,2,0,19,0.2,0,0,0,0,0,0,0,0,0,0,,0.0,0.0,,,0,0,,,,,,,,,,,,,0.0,0.0,0.0,0.0,,,35.40856031128405,38.715953307393,11.478599221789883,23.151750972762645,,,,,,29.0,20.55,0.0,0.0,25.25,0.2055,43.51,43.51
21,Ramy Bensebaini,ALG,Borussia Dortmund,DF,31,187,4,4,360,4.0,0,0,0,0,0,0,0,0,2,0,0.0,0.5,0.0,0.0,,6,7,,,,,,,,,,,,,0.0,0.0,1.5,1.75,,,,,,,79.421768707483,84.35374149659864,,,,81.89,89.44,0.0,0.0,74.45,0.8944,71.7,71.7
22,Ibrahim Maza,ALG,Bayer 04 Leverkusen,MF,20,180,4,4,351,3.9,0,0,0,0,0,0,0,0,11,3,27.3,2.82,0.77,0.0,0.0,2,0,,,,,,,,,,,,,0.0,0.0,0.5128205128205129,0.0,,,,40.5693950177936,88.96797153024912,,35.231316725978644,14.23487544483986,,,,42.33,88.32,27.3,0.0,45.43,0.8832,45.77,45.77
23,Luca Zidane,ALG,Granada CF,GK,28,183,3,3,270,3.0,0,0,0,0,0,0,0,0,0,0,,0.0,0.0,,,0,0,6.0,2.0,14.0,8.0,57.1,0.0,0.0,0.0,0.0,0.0,0.0,,0.0,0.0,0.0,0.0,2.666666666666667,0.0,,,,,,,39.62264150943396,55.35714285714286,26.785714285714285,41.13,77.46,0.0,0.0,40.65,0.7746,42.73,42.73
25,Farés Ghedjemis,ALG,Frosinone,FW,23,183,1,0,1,0.0,0,0,0,0,0,0,0,0,0,0,,0.0,0.0,,,0,0,,,,,,,,,,,,,0.0,0.0,0.0,0.0,,,35.40856031128405,38.715953307393,11.478599221789883,23.151750972762645,,,,,,29.0,4.71,0.0,0.0,23.67,0.0471,47.07,47.07
26,Samir Chergui,ALG,Paris FC,DF,27,185,1,0,20,0.2,0,0,0,0,0,0,0,0,0,0,,0.0,0.0,,,0,0,,,,,,,,,,,,,0.0,0.0,0.0,0.0,,,,,,,11.73469387755102,10.034013605442176,,,,10.88,21.08,0.0,0.0,10.82,0.2108,40.43,40.43
29,Nicolás Tagliafico,ARG,Olympique Lyonnais,DF,33,172,7,5,476,5.3,0,0,0,0,0,0,0,0,0,0,,0.0,0.0,,,4,6,,,,,,,,,,,,,0.0,0.0,0.7563025210084033,1.134453781512605,,,,,,,50.68027210884354,63.60544217687075,,,,57.14,100.0,0.0,0.0,55.71,1.0,55.71,55.71
30,Gonzalo Montiel,ARG,CA River Plate,DF,29,175,6,2,192,2.1,0,1,1,0,0,0,1,0,1,0,0.0,0.47,0.0,0.0,,3,3,,,,,,,,,,,,,0.0,0.46875,1.40625,1.40625,,,,,,,77.21088435374149,74.48979591836735,,,,75.85,65.32,0.0,1.0,67.21,0.6532,60.67,59.67
31,Leandro Paredes,ARG,CA Boca Juniors,MF,31,182,7,4,473,5.3,0,0,0,0,0,0,2,0,4,1,25.0,0.76,0.19,0.0,0.0,6,5,,,,,,,,,,,,,0.0,0.0,1.1416490486257929,0.9513742071881608,,,,40.5693950177936,37.36654804270463,,61.92170818505338,59.07473309608541,,,,49.89,100.0,25.0,2.0,52.41,1.0,52.41,50.41
32,Lisandro Martínez,ARG,Manchester United FC,DF,28,175,7,7,624,6.9,1,1,2,1,0,0,2,0,4,2,50.0,0.58,0.29,0.25,0.5,7,6,,,,,,,,,,,,,0.1442307692307692,0.1442307692307692,1.0096153846153846,0.8653846153846154,,,,,,,61.564625850340136,45.91836734693878,,,,53.74,100.0,50.0,2.0,57.99,1.0,57.99,55.99
33,Rodrigo De Paul,ARG,Inter Miami CF,MF,32,178,7,6,491,5.5,0,1,1,0,0,0,1,0,2,1,50.0,0.37,0.18,0.0,0.0,4,6,,,,,,,,,,,,,0.0,0.1832993890020366,0.7331975560081466,1.09979633401222,,,,82.56227758007117,26.33451957295373,,43.41637010676156,63.70106761565836,,,,56.81,100.0,50.0,1.0,60.45,1.0,60.45,59.45
34,Valentín Barco,ARG,RC Strasbourg,MF,21,172,1,0,20,0.2,0,0,0,0,0,0,0,0,0,0,,0.0,0.0,,,0,0,,,,,,,,,,,,,0.0,0.0,0.0,0.0,,,,40.5693950177936,11.387900355871883,,12.98932384341637,14.23487544483986,,,,21.25,21.08,0.0,0.0,19.11,0.2108,42.22,42.22
35,Julián Álvarez,ARG,Atlético De Madrid,FW,26,170,8,5,602,6.7,1,0,1,1,0,0,0,0,11,5,45.5,1.64,0.75,0.09,0.2,4,3,,,,,,,,,,,,,0.1495016611295681,0.0,0.5980066445182725,0.4485049833887043,,,71.20622568093385,38.715953307393,44.94163424124514,62.06225680933852,,,,,,56.0,100.0,45.5,0.0,59.35,1.0,59.35,59.35
36,Lionel Messi,ARG,Inter Miami CF,FW,38,170,8,7,740,8.2,8,4,12,8,0,2,0,0,35,18,51.4,4.26,2.19,0.23,0.44,10,0,,,,,,,,,,,,,0.972972972972973,0.4864864864864865,1.2162162162162162,0.0,,,93.57976653696498,91.05058365758757,88.13229571984435,92.60700389105058,,,,,,91.66,100.0,51.4,0.0,88.47,1.0,88.47,88.47
37,Giovani Lo Celso,ARG,Real Betis,MF,30,177,1,1,59,0.7,1,0,1,1,0,0,0,0,1,1,100.0,1.53,1.53,1.0,1.0,0,1,,,,,,,,,,,,,1.5254237288135593,0.0,0.0,1.5254237288135593,,,,40.5693950177936,64.05693950177937,,12.98932384341637,77.40213523131672,,,,47.58,36.21,100.0,0.0,51.68,0.3621,49.59,49.59
39,Cristian Romero,ARG,Tottenham Hotspur FC,DF,28,185,7,7,608,6.8,1,0,1,1,0,0,2,0,3,1,33.3,0.44,0.15,0.33,1.0,10,11,,,,,,,,,,,,,0.1480263157894736,0.0,1.4802631578947367,1.6282894736842106,,,,,,,78.91156462585033,81.29251700680273,,,,80.1,100.0,33.3,2.0,77.41,1.0,77.41,75.41
40,Exequiel Palacios,ARG,Bayer 04 Leverkusen,MF,27,177,1,1,90,1.0,0,0,0,0,0,0,0,0,0,0,,0.0,0.0,,,0,5,,,,,,,,,,,,,0.0,0.0,0.0,5.0,,,,40.5693950177936,11.387900355871883,,12.98932384341637,98.93238434163702,,,,42.43,44.72,0.0,0.0,38.42,0.4472,43.93,43.93
41,Nicolás González,ARG,Atlético De Madrid,MF,28,180,7,1,259,2.9,0,1,1,0,0,0,0,0,7,1,14.3,2.43,0.35,0.0,0.0,3,1,,,,,,,,,,,,,0.0,0.3474903474903475,1.0424710424710424,0.3474903474903475,,,,89.6797153024911,83.98576512455516,,57.29537366548043,33.80782918149466,,,,66.48,75.87,14.3,0.0,62.2,0.7587,58.87,58.87
42,Thiago Almada,ARG,Atlético De Madrid,FW,25,171,5,3,241,2.7,0,0,0,0,0,0,1,0,5,2,40.0,1.87,0.75,0.0,0.0,4,0,,,,,,,,,,,,,0.0,0.0,1.4937759336099583,0.0,,,35.40856031128405,38.715953307393,50.58365758754864,62.06225680933852,,,,,,44.6,73.18,40.0,1.0,47.0,0.7318,47.33,46.33
43,Giuliano Simeone,ARG,Atlético De Madrid,FW,23,174,3,2,192,2.1,0,0,0,0,0,0,0,0,1,0,0.0,0.47,0.0,0.0,,3,1,,,,,,,,,,,,,0.0,0.0,1.40625,0.46875,,,35.40856031128405,38.715953307393,23.73540856031128,23.151750972762645,,,,,,31.45,65.32,0.0,0.0,31.69,0.6532,37.43,37.43
44,Nicolás Paz,ARG,Como,FW,21,185,2,1,71,0.8,0,0,0,0,0,0,0,0,1,0,0.0,1.27,0.0,0.0,,2,0,,,,,,,,,,,,,0.0,0.0,2.535211267605634,0.0,,,35.40856031128405,38.715953307393,35.797665369649806,23.151750972762645,,,,,,33.86,39.72,0.0,0.0,31.06,0.3972,41.41,41.41
45,Nicolás Otamendi,ARG,SL Benfica,DF,38,182,7,1,247,2.7,0,0,0,0,0,0,0,0,1,0,0.0,0.36,0.0,0.0,,2,6,,,,,,,,,,,,,0.0,0.0,0.728744939271255,2.1862348178137654,,,,,,,48.29931972789115,92.85714285714286,,,,70.58,74.09,0.0,0.0,63.87,0.7409,59.85,59.85
46,Alexis Mac Allister,ARG,Liverpool FC,MF,27,176,8,7,750,8.3,1,1,2,1,0,0,1,0,13,4,30.8,1.56,0.48,0.08,0.25,12,9,,,,,,,,,,,,,0.12,0.12,1.44,1.08,,,,81.13879003558719,64.59074733096085,,73.30960854092527,62.63345195729537,,,,71.25,100.0,30.8,1.0,70.08,1.0,70.08,69.08
48,Lautaro Martínez,ARG,FC Internazionale Milano,FW,28,175,7,4,310,3.4,3,1,4,2,1,1,1,0,10,4,40.0,2.9,1.16,0.3,0.75,1,1,,,,,,,,,,,,,0.8709677419354839,0.2903225806451613,0.2903225806451613,0.2903225806451613,,,91.43968871595332,84.04669260700389,70.8171206225681,71.78988326848248,,,,,,81.54,83.0,40.0,1.0,77.53,0.83,72.55,71.55
49,Emiliano Martínez,ARG,Aston Villa FC,GK,33,195,8,8,810,9.0,0,0,0,0,0,0,0,0,0,0,,0.0,0.0,,,0,0,8.0,0.89,28.0,20.0,71.4,2.0,25.0,0.0,0.0,0.0,0.0,,0.0,0.0,0.0,0.0,2.2222222222222223,0.2222222222222222,,,,,,,71.69811320754717,39.285714285714285,55.35714285714286,57.89,100.0,25.0,0.0,58.81,1.0,58.81,58.81
50,Enzo Fernández,ARG,Chelsea FC,MF,25,178,7,7,659,7.3,2,0,2,2,0,0,2,1,12,4,33.3,1.64,0.55,0.17,0.5,7,6,,,,,,,,,,,,,0.2731411229135053,0.0,0.9559939301972686,0.8194233687405159,,,,40.5693950177936,66.90391459074732,,52.31316725978648,55.51601423487544,,,,52.51,100.0,33.3,6.0,55.34,1.0,55.34,49.34
51,Facundo Medina,ARG,Olympique Marseille,DF,27,184,5,3,308,3.4,0,1,1,0,0,0,1,0,0,0,,0.0,0.0,,,7,2,,,,,,,,,,,,,0.0,0.2922077922077922,2.0454545454545454,0.5844155844155845,,,,,,,91.83673469387756,35.714285714285715,,,,63.78,82.73,0.0,1.0,59.29,0.8273,57.4,56.4
52,Nahuel Molina,ARG,Atlético De Madrid,DF,28,179,7,5,528,5.9,0,0,0,0,0,0,0,0,1,0,0.0,0.17,0.0,0.0,,3,8,,,,,,,,,,,,,0.0,0.0,0.5113636363636364,1.3636363636363638,,,,,,,40.81632653061224,73.29931972789116,,,,57.06,100.0,0.0,0.0,55.65,1.0,55.65,55.65
53,Mathew Ryan,AUS,Levante UD,GK,34,184,1,0,2,0.0,0,0,0,0,0,0,0,0,0,0,,0.0,0.0,,,0,0,0.0,0.0,0.0,0.0,,0.0,,0.0,0.0,0.0,0.0,,0.0,0.0,0.0,0.0,0.0,0.0,,,,,,,,5.357142857142857,26.785714285714285,15.1,6.67,0.0,0.0,12.74,0.0667,47.38,47.38
55,Alessandro Circati,AUS,Parma,DF,22,191,4,4,390,4.3,0,0,0,0,0,0,1,0,3,0,0.0,0.69,0.0,0.0,,7,2,,,,,,,,,,,,,0.0,0.0,1.6153846153846152,0.4615384615384615,,,,,,,80.95238095238095,27.55102040816326,,,,54.25,93.09,0.0,1.0,52.71,0.9309,52.41,51.41
56,Jacob Italiano,AUS,Grazer AK,DF,24,177,2,2,163,1.8,0,0,0,0,0,0,1,0,1,0,0.0,0.55,0.0,0.0,,2,1,,,,,,,,,,,,,0.0,0.0,1.1042944785276074,0.5521472392638037,,,,,,,67.3469387755102,32.82312925170068,,,,50.09,60.18,0.0,1.0,46.09,0.6018,46.99,45.99
58,Jason Geria,AUS,Albirex Niigata,DF,33,181,2,0,62,0.7,0,0,0,0,0,0,0,0,0,0,,0.0,0.0,,,1,2,,,,,,,,,,,,,0.0,0.0,1.4516129032258065,2.903225806451613,,,,,,,78.4013605442177,96.93877551020408,,,,87.67,37.12,0.0,0.0,73.85,0.3712,57.81,57.81
59,Mathew Leckie,AUS,Melbourne City FC,FW,35,181,1,1,60,0.7,0,0,0,0,0,0,0,0,1,0,0.0,1.5,0.0,0.0,,0,0,,,,,,,,,,,,,0.0,0.0,0.0,0.0,,,35.40856031128405,38.715953307393,40.07782101167315,23.151750972762645,,,,,,34.72,36.51,0.0,0.0,31.43,0.3651,42.09,42.09
60,Connor Metcalfe,AUS,FC St. Pauli,MF,26,183,4,3,315,3.5,1,0,1,1,0,0,0,0,5,2,40.0,1.43,0.57,0.2,0.5,5,2,,,,,,,,,,,,,0.2857142857142857,0.0,1.4285714285714284,0.5714285714285714,,,,40.5693950177936,60.320284697508896,,72.41992882562278,43.41637010676156,,,,53.19,83.67,40.0,0.0,54.92,0.8367,53.86,53.86
62,Ajdin Hrustic,AUS,SC Heracles Almelo,FW,29,180,2,0,80,0.9,0,0,0,0,0,0,0,0,3,0,0.0,3.38,0.0,0.0,,0,0,,,,,,,,,,,,,0.0,0.0,0.0,0.0,,,35.40856031128405,38.715953307393,78.59922178988327,23.151750972762645,,,,,,42.42,42.16,0.0,0.0,38.15,0.4216,43.98,43.98
63,Awer Mabil,AUS,CD Castellón,FW,30,178,1,0,30,0.3,0,0,0,0,0,0,0,0,1,0,0.0,3.0,0.0,0.0,,0,0,,,,,,,,,,,,,0.0,0.0,0.0,0.0,,,35.40856031128405,38.715953307393,72.76264591439688,23.151750972762645,,,,,,41.25,25.82,0.0,0.0,35.59,0.2582,44.96,44.96
65,Aiden O'Neill,AUS,New York City FC,MF,27,180,4,4,360,4.0,0,0,0,0,0,0,0,0,2,0,0.0,0.5,0.0,0.0,,2,2,,,,,,,,,,,,,0.0,0.0,0.5,0.5,,,,40.5693950177936,29.537366548042705,,34.16370106761566,40.5693950177936,,,,36.76,89.44,0.0,0.0,38.35,0.8944,39.41,39.41
67,Kai Trewin,AUS,New York City FC,DF,25,183,1,0,75,0.8,0,0,0,0,0,0,0,0,1,0,0.0,1.2,0.0,0.0,,0,2,,,,,,,,,,,,,0.0,0.0,0.0,2.4000000000000004,,,,,,,11.73469387755102,94.5578231292517,,,,53.15,40.82,0.0,0.0,46.6,0.4082,47.63,47.63
68,Aziz Behich,AUS,Melbourne City FC,DF,35,170,3,2,217,2.4,0,0,0,0,0,0,0,0,1,1,100.0,0.41,0.41,0.0,0.0,4,1,,,,,,,,,,,,,0.0,0.0,1.6589861751152073,0.4147465437788018,,,,,,,82.31292517006803,26.190476190476197,,,,54.25,69.44,100.0,0.0,60.35,0.6944,56.68,56.68
69,Nestory Irankunda,AUS,Watford FC,FW,20,165,4,3,261,2.9,1,0,1,1,0,0,0,0,6,2,33.3,2.07,0.69,0.17,0.5,0,1,,,,,,,,,,,,,0.3448275862068965,0.0,0.0,0.3448275862068965,,,77.431906614786,38.715953307393,56.42023346303502,58.5603112840467,,,,,,59.78,76.16,33.3,0.0,58.77,0.7616,56.25,56.25
70,Patrick Beach,AUS,Melbourne City FC,GK,22,189,4,4,388,4.3,0,0,0,0,0,0,0,0,0,0,,0.0,0.0,,,0,0,3.0,0.7,17.0,14.0,82.4,2.0,50.0,0.0,0.0,0.0,0.0,,0.0,0.0,0.0,0.0,3.2474226804123707,0.4639175257731959,,,,,,,92.45283018867924,69.64285714285714,85.71428571428571,83.93,92.86,50.0,0.0,81.43,0.9286,79.17,79.17
71,Harry Souttar,AUS,Leicester City FC,DF,27,198,4,4,390,4.3,0,0,0,0,0,0,1,0,1,1,100.0,0.23,0.23,0.0,0.0,0,4,,,,,,,,,,,,,0.0,0.0,0.0,0.9230769230769232,,,,,,,11.73469387755102,48.63945578231292,,,,30.19,93.09,100.0,1.0,43.46,0.9309,43.8,42.8
72,Cristian Volpato,AUS,US Sassuolo,FW,22,187,3,2,160,1.8,0,0,0,0,0,0,0,0,4,1,25.0,2.25,0.56,0.0,0.0,1,0,,,,,,,,,,,,,0.0,0.0,0.5625,0.0,,,35.40856031128405,38.715953307393,59.92217898832685,53.30739299610895,,,,,,44.72,59.63,25.0,0.0,44.24,0.5963,45.85,45.85
73,Cameron Burgess,AUS,Swansea City AFC,DF,30,194,2,2,135,1.5,0,0,0,0,0,0,0,0,0,0,,0.0,0.0,,,1,1,,,,,,,,,,,,,0.0,0.0,0.6666666666666667,0.6666666666666667,,,,,,,45.06802721088435,38.265306122448976,,,,41.67,54.77,0.0,0.0,38.81,0.5477,43.12,43.12
74,Jackson Irvine,AUS,FC St. Pauli,MF,33,189,4,2,223,2.5,0,0,0,0,0,0,1,0,3,1,33.3,1.21,0.4,0.0,0.0,1,1,,,,,,,,,,,,,0.0,0.0,0.4035874439461883,0.4035874439461883,,,,40.5693950177936,52.84697508896797,,30.96085409252669,36.29893238434164,,,,39.56,70.4,33.3,1.0,42.01,0.704,43.9,42.9
75,Nishan Velupillay,AUS,Melbourne Victory FC,FW,25,181,2,1,75,0.8,0,0,0,0,0,0,0,0,0,0,,0.0,0.0,,,1,0,,,,,,,,,,,,,0.0,0.0,1.2000000000000002,0.0,,,35.40856031128405,38.715953307393,11.478599221789883,23.151750972762645,,,,,,29.0,40.82,0.0,0.0,27.28,0.4082,39.68,39.68
76,Paul Okon-Engstler,AUS,Sydney FC,MF,21,185,4,2,197,2.2,0,1,1,0,0,0,0,0,0,0,,0.0,0.0,,,2,5,,,,,,,,,,,,,0.0,0.4568527918781725,0.9137055837563453,2.284263959390863,,,,93.23843416370109,11.387900355871883,,51.245551601423486,92.88256227758008,,,,66.28,66.16,0.0,0.0,59.64,0.6616,55.84,55.84
77,Lucas Herrington,AUS,Colorado Rapids,DF,18,193,2,2,210,2.3,0,0,0,0,0,0,0,0,0,0,,0.0,0.0,,,1,2,,,,,,,,,,,,,0.0,0.0,0.4285714285714286,0.8571428571428572,,,,,,,34.69387755102041,45.57823129251701,,,,40.14,68.31,0.0,0.0,38.94,0.6831,41.92,41.92
78,Tete Yengi,AUS,FC Machida Zelvia,FW,25,197,2,0,24,0.3,0,0,0,0,0,0,0,0,1,1,100.0,3.75,3.75,0.0,0.0,2,0,,,,,,,,,,,,,0.0,0.0,7.5,0.0,,,35.40856031128405,38.715953307393,82.68482490272373,98.44357976653696,,,,,,58.3,23.09,100.0,0.0,58.95,0.2309,50.7,50.7
79,Alexander Schlager,AUT,FC Red Bull Salzburg,GK,30,188,4,4,360,4.0,0,0,0,0,0,0,0,0,0,0,,0.0,0.0,,,0,0,9.0,2.25,22.0,13.0,59.1,0.0,0.0,1.0,0.0,0.0,1.0,,0.0,0.0,0.0,0.0,3.25,0.0,,,,,,,47.16981132075472,71.42857142857143,26.785714285714285,49.35,89.44,0.0,0.0,48.43,0.8944,48.58,48.58
81,Kevin Danso,AUT,Tottenham Hotspur FC,DF,27,190,4,2,241,2.7,0,0,0,0,0,0,0,0,1,0,0.0,0.37,0.0,0.0,,1,0,,,,,,,,,,,,,0.0,0.0,0.3734439834024896,0.0,,,,,,,31.97278911564626,10.034013605442176,,,,21.0,73.18,0.0,0.0,24.12,0.7318,30.62,30.62
82,Xaver Schlager,AUT,RB Leipzig,MF,28,174,4,4,238,2.6,0,1,1,0,0,0,0,0,1,0,0.0,0.38,0.0,0.0,,3,7,,,,,,,,,,,,,0.0,0.3781512605042016,1.134453781512605,2.647058823529412,,,,90.74733096085409,27.580071174377224,,60.67615658362989,94.83985765124557,,,,71.62,72.72,0.0,0.0,64.57,0.7272,60.16,60.16
83,Stefan Posch,AUT,1. FSV Mainz 05,DF,29,188,4,4,331,3.7,0,0,0,0,0,0,2,0,3,0,0.0,0.82,0.0,0.0,,4,10,,,,,,,,,,,,,0.0,0.0,1.0876132930513596,2.719033232628399,,,,,,,67.00680272108843,95.91836734693877,,,,81.46,85.76,0.0,2.0,73.75,0.8576,70.13,68.13
84,Nicolas Seiwald,AUT,RB Leipzig,MF,25,179,4,4,315,3.5,0,0,0,0,0,0,0,0,3,0,0.0,0.86,0.0,0.0,,5,4,,,,,,,,,,,,,0.0,0.0,1.4285714285714284,1.1428571428571428,,,,40.5693950177936,39.8576512455516,,72.41992882562278,65.12455516014235,,,,54.53,83.67,0.0,0.0,51.99,0.8367,51.4,51.4
85,Marko Arnautović,AUT,FK Crvena Zvezda,FW,37,192,4,1,144,1.6,2,0,2,1,1,1,1,0,3,3,100.0,1.87,1.87,0.67,0.67,0,0,,,,,,,,,,,,,1.25,0.0,0.0,0.0,,,97.27626459143968,38.715953307393,50.58365758754864,87.54863813229572,,,,,,71.35,56.57,100.0,1.0,72.74,0.5657,62.09,61.09
86,David Alaba,AUT,Real Madrid C. F.,DF,33,180,4,4,275,3.1,0,1,1,0,0,0,0,0,2,0,0.0,0.65,0.0,0.0,,1,4,,,,,,,,,,,,,0.0,0.3272727272727272,0.3272727272727272,1.309090909090909,,,,,,,27.89115646258503,69.72789115646259,,,,48.81,78.17,0.0,0.0,46.86,0.7817,47.19,47.19
87,Marcel Sabitzer,AUT,Borussia Dortmund,MF,32,178,4,4,360,4.0,1,0,1,1,0,0,1,0,5,2,40.0,1.25,0.5,0.2,0.5,2,6,,,,,,,,,,,,,0.25,0.0,0.5,1.5,,,,40.5693950177936,54.27046263345196,,34.16370106761566,75.80071174377224,,,,50.52,89.44,40.0,1.0,53.36,0.8944,52.83,51.83
88,Florian Grillitsch,AUT,SC Braga,MF,30,186,2,0,90,1.0,0,0,0,0,0,0,0,0,0,0,,0.0,0.0,,,1,0,,,,,,,,,,,,,0.0,0.0,1.0,0.0,,,,40.5693950177936,11.387900355871883,,55.16014234875445,14.23487544483986,,,,31.8,44.72,0.0,0.0,29.91,0.4472,40.13,40.13
89,Michael Gregoritsch,AUT,FC Augsburg,FW,32,193,3,2,188,2.1,0,1,1,0,0,0,0,0,1,0,0.0,0.48,0.0,0.0,,0,0,,,,,,,,,,,,,0.0,0.4787234042553191,0.0,0.0,,,35.40856031128405,90.6614785992218,24.12451361867704,23.151750972762645,,,,,,44.51,64.64,0.0,0.0,42.07,0.6464,44.25,44.25
92,Saša Kalajdžić,AUT,LASK Linz,FW,28,200,3,1,77,0.9,1,0,1,1,0,0,0,0,4,1,25.0,4.68,1.17,0.25,1.0,0,0,,,,,,,,,,,,,1.168831168831169,0.0,0.0,0.0,,,96.1089494163424,38.715953307393,91.05058365758757,72.568093385214,,,,,,76.04,41.37,25.0,0.0,67.47,0.4137,56.19,56.19
93,Philipp Lienhart,AUT,SC Freiburg,DF,29,189,2,2,180,2.0,0,0,0,0,0,0,0,0,1,0,0.0,0.5,0.0,0.0,,1,1,,,,,,,,,,,,,0.0,0.0,0.5,0.5,,,,,,,38.775510204081634,30.10204081632653,,,,34.44,63.25,0.0,0.0,33.88,0.6325,39.19,39.19
94,Phillipp Mwene,AUT,1. FSV Mainz 05,DF,32,170,2,2,147,1.6,0,0,0,0,0,0,0,0,1,0,0.0,0.61,0.0,0.0,,0,3,,,,,,,,,,,,,0.0,0.0,0.0,1.8367346938775508,,,,,,,11.73469387755102,85.37414965986395,,,,48.55,57.15,0.0,0.0,44.56,0.5715,46.18,46.18
95,Carney Chukwuemeka,AUT,Borussia Dortmund,MF,22,187,3,0,83,0.9,0,0,0,0,0,0,0,0,2,1,50.0,2.17,1.08,0.0,0.0,0,0,,,,,,,,,,,,,0.0,0.0,0.0,0.0,,,,40.5693950177936,81.13879003558719,,12.98932384341637,14.23487544483986,,,,35.2,42.95,50.0,0.0,37.46,0.4295,43.7,43.7
96,Romano Schmid,AUT,SV Werder Bremen,MF,26,168,4,4,263,2.9,1,0,1,1,0,0,0,0,2,1,50.0,0.68,0.34,0.5,1.0,4,0,,,,,,,,,,,,,0.3422053231939163,0.0,1.368821292775665,0.0,,,,40.5693950177936,33.629893238434164,,69.7508896797153,14.23487544483986,,,,39.89,76.45,50.0,0.0,44.56,0.7645,45.46,45.46
98,Konrad Laimer,AUT,FC Bayern München,MF,29,180,4,4,360,4.0,0,1,1,0,0,0,1,0,1,0,0.0,0.25,0.0,0.0,,6,2,,,,,,,,,,,,,0.0,0.25,1.5,0.5,,,,84.34163701067615,23.131672597864767,,75.80071174377224,40.5693950177936,,,,59.02,89.44,0.0,1.0,56.16,0.8944,55.34,54.34
99,Patrick Wimmer,AUT,VfL Wolfsburg,FW,25,182,2,0,21,0.2,0,0,0,0,0,0,0,0,1,0,0.0,4.29,0.0,0.0,,0,2,,,,,,,,,,,,,0.0,0.0,0.0,8.571428571428571,,,35.40856031128405,38.715953307393,88.715953307393,23.151750972762645,,,,,,44.45,21.6,0.0,0.0,37.72,0.216,45.96,45.96
100,Alexander Prass,AUT,TSG Hoffenheim,MF,25,180,2,0,29,0.3,0,0,0,0,0,0,0,0,0,0,,0.0,0.0,,,0,0,,,,,,,,,,,,,0.0,0.0,0.0,0.0,,,,40.5693950177936,11.387900355871883,,12.98932384341637,14.23487544483986,,,,21.25,25.39,0.0,0.0,19.54,0.2539,41.07,41.07
101,Marco Friedl,AUT,SV Werder Bremen,DF,28,187,1,0,24,0.3,0,0,0,0,0,0,0,0,0,0,,0.0,0.0,,,0,0,,,,,,,,,,,,,0.0,0.0,0.0,0.0,,,,,,,11.73469387755102,10.034013605442176,,,,10.88,23.09,0.0,0.0,11.02,0.2309,39.73,39.73
102,Paul Wanner,AUT,PSV Eindhoven,MF,20,185,4,2,234,2.6,0,0,0,0,0,0,0,0,1,0,0.0,0.38,0.0,0.0,,1,2,,,,,,,,,,,,,0.0,0.0,0.3846153846153846,0.7692307692307693,,,,40.5693950177936,27.580071174377224,,30.0711743772242,52.66903914590747,,,,38.37,72.11,0.0,0.0,37.91,0.7211,40.83,40.83
105,Thibaut Courtois,BEL,Real Madrid C. F.,GK,34,199,6,6,550,6.1,0,0,0,0,0,0,0,0,0,0,,0.0,0.0,,,0,0,6.0,0.98,20.0,14.0,70.0,1.0,16.7,0.0,0.0,0.0,0.0,,0.0,0.0,0.0,0.0,2.290909090909091,0.1636363636363636,,,,,,,66.98113207547169,44.642857142857146,53.57142857142857,56.93,100.0,16.7,0.0,57.21,1.0,57.21,57.21
107,Arthur Theate,BEL,Eintracht Frankfurt,DF,26,185,3,2,228,2.5,0,0,0,0,0,0,0,0,5,1,20.0,1.97,0.39,0.0,0.0,0,3,,,,,,,,,,,,,0.0,0.0,0.0,1.1842105263157894,,,,,,,11.73469387755102,64.62585034013605,,,,38.18,71.18,20.0,0.0,39.66,0.7118,42.16,42.16
108,Brandon Mechele,BEL,Club Brugge,DF,33,190,6,6,570,6.3,0,0,0,0,0,0,1,0,5,1,20.0,0.79,0.16,0.0,0.0,4,4,,,,,,,,,,,,,0.0,0.0,0.631578947368421,0.631578947368421,,,,,,,43.70748299319728,36.734693877551024,,,,40.22,100.0,20.0,1.0,44.18,1.0,44.18,43.18
109,Maxim De Cuyper,BEL,Brighton & Hove Albion FC,DF,25,182,6,5,442,4.9,0,0,0,0,0,0,1,0,10,6,60.0,2.04,1.22,0.0,0.0,2,6,,,,,,,,,,,,,0.0,0.0,0.4072398190045249,1.2217194570135748,,,,,,,34.35374149659864,65.98639455782312,,,,50.17,99.11,60.0,1.0,56.05,0.9911,55.98,54.98
110,Axel Witsel,BEL,Girona FC,MF,37,186,2,0,33,0.4,0,0,0,0,0,0,1,0,0,0,,0.0,0.0,,,0,0,,,,,,,,,,,,,0.0,0.0,0.0,0.0,,,,40.5693950177936,11.387900355871883,,12.98932384341637,14.23487544483986,,,,21.25,27.08,0.0,1.0,19.71,0.2708,40.63,39.63
111,Kevin De Bruyne,BEL,SSC Napoli,MF,34,181,5,5,382,4.2,1,0,1,1,0,0,1,0,20,5,25.0,4.71,1.18,0.05,0.2,2,0,,,,,,,,,,,,,0.2356020942408377,0.0,0.4712041884816754,0.0,,,,40.5693950177936,95.72953736654804,,32.028469750889684,14.23487544483986,,,,42.88,92.14,25.0,1.0,46.02,0.9214,46.21,45.21
112,Youri Tielemans,BEL,Aston Villa FC,MF,29,176,5,5,474,5.3,2,0,2,1,1,1,0,0,11,3,27.3,2.09,0.57,0.18,0.67,6,2,,,,,,,,,,,,,0.3797468354430379,0.0,1.139240506329114,0.3797468354430379,,,,40.5693950177936,79.1814946619217,,61.387900355871885,35.587188612099645,,,,52.25,100.0,27.3,0.0,54.53,1.0,54.53,54.53
113,Romelu Lukaku,BEL,SSC Napoli,FW,33,190,6,1,233,2.6,3,1,4,3,0,0,1,0,6,3,50.0,2.32,1.16,0.5,1.0,0,0,,,,,,,,,,,,,1.158798283261803,0.3862660944206008,0.0,0.0,,,95.71984435797664,88.32684824902724,62.06225680933852,71.78988326848248,,,,,,82.35,71.96,50.0,1.0,78.08,0.7196,69.71,68.71
114,Leandro Trossard,BEL,Arsenal FC,FW,31,172,6,6,506,5.6,2,2,4,2,0,0,0,0,17,3,17.6,3.02,0.53,0.12,0.67,1,4,,,,,,,,,,,,,0.3557312252964427,0.3557312252964427,0.1778656126482213,0.7114624505928854,,,77.82101167315176,86.38132295719845,73.54085603112841,52.33463035019456,,,,,,74.01,100.0,17.6,0.0,70.97,1.0,70.97,70.97
115,Jeremy Doku,BEL,Manchester City FC,FW,24,173,5,4,309,3.4,0,0,0,0,0,0,0,0,3,1,33.3,0.87,0.29,0.0,0.0,1,3,,,,,,,,,,,,,0.0,0.0,0.2912621359223301,0.8737864077669902,,,35.40856031128405,38.715953307393,30.35019455252918,47.47081712062256,,,,,,37.64,82.87,33.3,0.0,41.73,0.8287,42.84,42.84
116,Senne Lammens,BEL,Manchester United FC,GK,23,193,1,0,20,0.2,0,0,0,0,0,0,0,0,0,0,,0.0,0.0,,,0,0,1.0,4.5,3.0,2.0,66.7,0.0,,0.0,0.0,0.0,0.0,,0.0,0.0,0.0,0.0,9.0,0.0,,,,,,,57.54716981132076,100.0,26.785714285714285,62.59,21.08,0.0,0.0,52.18,0.2108,50.34,50.34
118,Dodi Lukebakio,BEL,SL Benfica,FW,28,184,3,1,164,1.8,0,0,0,0,0,0,0,0,7,1,14.3,3.84,0.55,0.0,0.0,1,0,,,,,,,,,,,,,0.0,0.0,0.5487804878048781,0.0,,,35.40856031128405,38.715953307393,83.65758754863813,52.9182879377432,,,,,,49.39,60.37,14.3,0.0,46.98,0.6037,47.47,47.47
119,Thomas Meunier,BEL,Lille OSC,DF,34,190,3,2,190,2.1,0,1,1,0,0,0,0,0,2,1,50.0,0.95,0.47,0.0,0.0,2,2,,,,,,,,,,,,,0.0,0.4736842105263157,0.9473684210526316,0.9473684210526316,,,,,,,55.44217687074829,50.17006802721088,,,,52.81,64.98,50.0,0.0,53.74,0.6498,51.85,51.85
121,Charles De Ketelaere,BEL,Atalanta Bergamo,FW,25,192,5,5,350,3.9,3,1,4,3,0,0,0,0,6,5,83.3,1.54,1.29,0.5,0.6,4,5,,,,,,,,,,,,,0.7714285714285715,0.2571428571428571,1.0285714285714285,1.2857142857142856,,,88.32684824902724,81.90661478599222,41.43968871595331,76.26459143968872,,,,,,74.93,88.19,83.3,0.0,77.09,0.8819,73.69,73.69
122,Joaquin Seys,BEL,Club Brugge,DF,21,178,1,0,30,0.3,0,0,0,0,0,0,0,0,0,0,,0.0,0.0,,,1,0,,,,,,,,,,,,,0.0,0.0,3.0,0.0,,,,,,,96.08843537414968,10.034013605442176,,,,53.06,25.82,0.0,0.0,45.03,0.2582,47.49,47.49
123,Diego Moreira,BEL,RC Strasbourg,MF,21,179,1,0,58,0.6,0,0,0,0,0,0,0,0,0,0,,0.0,0.0,,,1,1,,,,,,,,,,,,,0.0,0.0,1.5517241379310345,1.5517241379310345,,,,40.5693950177936,11.387900355871883,,77.58007117437722,78.46975088967972,,,,53.46,35.9,0.0,0.0,46.36,0.359,47.67,47.67
124,Hans Vanaken,BEL,Club Brugge,MF,33,195,6,3,319,3.5,1,2,3,1,0,0,0,0,5,1,20.0,1.41,0.28,0.2,1.0,1,1,,,,,,,,,,,,,0.2821316614420062,0.5642633228840125,0.2821316614420062,0.2821316614420062,,,,95.72953736654804,59.7864768683274,,27.046263345195733,30.60498220640569,,,,55.09,84.2,20.0,0.0,54.49,0.842,53.53,53.53
125,Timothy Castagne,BEL,Fulham FC,DF,30,185,6,5,478,5.3,0,1,1,0,0,0,1,0,3,1,33.3,0.56,0.19,0.0,0.0,7,8,,,,,,,,,,,,,0.0,0.1882845188284518,1.3179916317991631,1.506276150627615,,,,,,,74.48979591836735,77.89115646258503,,,,76.19,100.0,33.3,1.0,74.28,1.0,74.28,73.28
126,Alexis Saelemaekers,BEL,AC Milan,MF,26,180,4,1,83,0.9,1,0,1,1,0,0,0,0,4,1,25.0,4.34,1.08,0.25,1.0,2,0,,,,,,,,,,,,,1.0843373493975903,0.0,2.168674698795181,0.0,,,,40.5693950177936,95.37366548042704,,89.5017793594306,14.23487544483986,,,,57.18,42.95,25.0,0.0,52.54,0.4295,50.18,50.18
127,Nicolas Raskin,BEL,Rangers FC,MF,25,178,6,3,341,3.8,0,2,2,0,0,0,0,0,2,1,50.0,0.53,0.26,0.0,0.0,5,2,,,,,,,,,,,,,0.0,0.5278592375366569,1.3196480938416424,0.5278592375366569,,,,95.37366548042704,29.8932384341637,,67.43772241992883,41.99288256227758,,,,61.95,87.05,50.0,0.0,63.26,0.8705,61.34,61.34
128,Amadou Onana,BEL,Aston Villa FC,MF,24,192,4,2,106,1.2,0,0,0,0,0,0,0,0,2,0,0.0,1.7,0.0,0.0,,2,2,,,,,,,,,,,,,0.0,0.0,1.6981132075471697,1.6981132075471697,,,,40.5693950177936,68.68327402135232,,80.78291814946618,82.56227758007117,,,,66.74,48.53,0.0,0.0,58.25,0.4853,53.18,53.18
129,Nathan Ngoy,BEL,Lille OSC,DF,23,183,4,4,335,3.7,0,0,0,0,0,0,0,1,1,0,0.0,0.27,0.0,0.0,,4,7,,,,,,,,,,,,,0.0,0.0,1.0746268656716418,1.8805970149253728,,,,,,,66.3265306122449,86.39455782312925,,,,76.36,86.28,0.0,4.0,69.72,0.8628,66.78,62.78
130,Matias Fernandez-Pardo,BEL,Lille OSC,FW,21,188,3,0,44,0.5,0,0,0,0,0,0,0,0,3,0,0.0,6.14,0.0,0.0,,1,0,,,,,,,,,,,,,0.0,0.0,2.0454545454545454,0.0,,,35.40856031128405,38.715953307393,96.1089494163424,23.151750972762645,,,,,,45.92,31.27,0.0,0.0,39.87,0.3127,45.61,45.61
131,Nikola Vasilj,BIH,FC St. Pauli,GK,30,193,4,4,360,4.0,0,0,0,0,0,0,0,0,0,0,,0.0,0.0,,,0,0,8.0,2.0,14.0,6.0,42.9,0.0,0.0,1.0,1.0,0.0,0.0,0.0,0.0,0.0,0.0,0.0,1.5,0.0,,,,,,,16.037735849056602,23.214285714285715,26.785714285714285,20.88,89.44,0.0,0.0,25.65,0.8944,28.2,28.2
133,Dennis Hadžikadunić,BIH,UC Sampdoria,DF,27,191,1,0,27,0.3,0,1,1,0,0,0,0,0,0,0,,0.0,0.0,,,2,0,,,,,,,,,,,,,0.0,3.333333333333333,6.666666666666666,0.0,,,,,,,99.31972789115646,10.034013605442176,,,,54.68,24.49,0.0,0.0,46.19,0.2449,47.82,47.82
134,Tarik Muharemovic,BIH,US Sassuolo,DF,23,192,3,3,259,2.9,0,0,0,0,0,0,0,1,1,0,0.0,0.35,0.0,0.0,,1,8,,,,,,,,,,,,,0.0,0.0,0.3474903474903475,2.77992277992278,,,,,,,30.612244897959183,96.5986394557823,,,,63.61,75.87,0.0,4.0,58.47,0.7587,56.03,52.03
135,Sead Kolašinac,BIH,Atalanta Bergamo,DF,32,183,4,4,337,3.7,0,1,1,0,0,0,0,0,0,0,,0.0,0.0,,,6,2,,,,,,,,,,,,,0.0,0.2670623145400593,1.602373887240356,0.5341246290801187,,,,,,,80.61224489795919,32.31292517006803,,,,56.46,86.54,0.0,0.0,53.82,0.8654,53.09,53.09
136,Benjamin Tahirovic,BIH,Brøndby IF,MF,23,191,4,2,237,2.6,0,0,0,0,0,0,0,0,1,0,0.0,0.38,0.0,0.0,,4,4,,,,,,,,,,,,,0.0,0.0,1.5189873417721518,1.5189873417721518,,,,40.5693950177936,27.580071174377224,,76.51245551601423,76.86832740213522,,,,56.03,72.57,0.0,0.0,52.08,0.7257,51.07,51.07
137,Amar Dedić,BIH,SL Benfica,DF,23,180,3,3,270,3.0,0,0,0,0,0,0,1,0,2,1,50.0,0.67,0.33,0.0,0.0,7,1,,,,,,,,,,,,,0.0,0.0,2.333333333333333,0.3333333333333333,,,,,,,94.5578231292517,22.61904761904762,,,,58.59,77.46,50.0,1.0,59.62,0.7746,57.08,56.08
138,Armin Gigovic,BIH,BSC Young Boys,MF,24,187,2,1,79,0.9,0,0,0,0,0,0,0,0,0,0,,0.0,0.0,,,1,2,,,,,,,,,,,,,0.0,0.0,1.139240506329114,2.278481012658228,,,,40.5693950177936,11.387900355871883,,61.387900355871885,92.52669039145908,,,,52.93,41.9,0.0,0.0,46.53,0.419,47.62,47.62
139,Samed Baždar,BIH,Jagiellonia Białystok,FW,22,189,1,0,29,0.3,0,0,0,0,0,0,0,0,0,0,,0.0,0.0,,,0,0,,,,,,,,,,,,,0.0,0.0,0.0,0.0,,,35.40856031128405,38.715953307393,11.478599221789883,23.151750972762645,,,,,,29.0,25.39,0.0,0.0,25.74,0.2539,42.52,42.52
140,Ermedin Demirović,BIH,VfB Stuttgart,FW,28,185,4,4,354,3.9,0,0,0,0,0,0,1,0,4,4,100.0,1.02,1.02,0.0,0.0,1,1,,,,,,,,,,,,,0.0,0.0,0.2542372881355932,0.2542372881355932,,,35.40856031128405,38.715953307393,31.517509727626457,68.48249027237354,,,,,,42.07,88.69,100.0,1.0,52.53,0.8869,52.04,51.04
141,Edin Džeko,BIH,FC Schalke 04,FW,40,192,3,3,176,2.0,0,0,0,0,0,0,1,0,3,0,0.0,1.53,0.0,0.0,,0,1,,,,,,,,,,,,,0.0,0.0,0.0,0.5113636363636364,,,35.40856031128405,38.715953307393,40.66147859922179,23.151750972762645,,,,,,34.83,62.54,0.0,1.0,34.12,0.6254,39.41,38.41
143,Ivan Bašić,BIH,FC Astana,MF,24,178,3,2,179,2.0,0,1,1,0,0,0,0,0,4,0,0.0,2.01,0.0,0.0,,1,3,,,,,,,,,,,,,0.0,0.5027932960893855,0.5027932960893855,1.5083798882681565,,,,94.48398576512456,76.86832740213522,,34.87544483985765,76.51245551601423,,,,71.57,63.07,0.0,0.0,63.56,0.6307,57.96,57.96
144,Ivan Šunjić,BIH,Pafos FC,MF,29,183,4,3,196,2.2,0,0,0,0,0,0,0,0,1,1,100.0,0.46,0.46,0.0,0.0,3,0,,,,,,,,,,,,,0.0,0.0,1.3775510204081631,0.0,,,,40.5693950177936,29.00355871886121,,70.1067615658363,14.23487544483986,,,,39.06,66.0,100.0,0.0,47.85,0.66,48.03,48.03
145,Amar Memić,BIH,FC Viktoria Plzeň,MF,25,176,4,2,224,2.5,0,0,0,0,0,0,0,0,3,1,33.3,1.21,0.4,0.0,0.0,2,2,,,,,,,,,,,,,0.0,0.0,0.8035714285714285,0.8035714285714285,,,,40.5693950177936,52.84697508896797,,46.97508896797153,54.27046263345196,,,,48.05,70.55,33.3,0.0,48.83,0.7055,48.7,48.7
146,Amir Hadžiahmetović,BIH,Hull City FC,MF,29,179,1,0,6,0.1,0,0,0,0,0,0,0,0,0,0,,0.0,0.0,,,0,0,,,,,,,,,,,,,0.0,0.0,0.0,0.0,,,,40.5693950177936,11.387900355871883,,12.98932384341637,14.23487544483986,,,,21.25,11.55,0.0,0.0,18.16,0.1155,44.91,44.91
147,Dženis Burnić,BIH,Karlsruher SC,MF,28,182,2,0,16,0.2,0,0,0,0,0,0,0,0,1,0,0.0,5.63,0.0,0.0,,0,0,,,,,,,,,,,,,0.0,0.0,0.0,0.0,,,,40.5693950177936,97.68683274021352,,12.98932384341637,14.23487544483986,,,,38.51,18.86,0.0,0.0,32.7,0.1886,45.44,45.44
148,Nikola Katić,BIH,FC Schalke 04,DF,29,194,4,4,317,3.5,0,0,0,0,0,0,1,0,2,0,0.0,0.57,0.0,0.0,,6,5,,,,,,,,,,,,,0.0,0.0,1.7034700315457414,1.419558359621451,,,,,,,83.6734693877551,74.82993197278913,,,,79.25,83.93,0.0,1.0,71.79,0.8393,68.03,67.03
149,Kerim Alajbegović,BIH,FC Red Bull Salzburg,FW,18,186,4,3,277,3.1,1,0,1,1,0,0,0,0,4,1,25.0,1.3,0.32,0.25,1.0,0,2,,,,,,,,,,,,,0.3249097472924188,0.0,0.0,0.6498194945848376,,,75.87548638132296,38.715953307393,36.57587548638132,48.249027237354085,,,,,,53.2,78.46,25.0,0.0,52.91,0.7846,51.9,51.9
150,Esmir Bajraktarevic,BIH,PSV Eindhoven,FW,21,175,4,2,230,2.6,0,0,0,0,0,0,0,0,3,2,66.7,1.17,0.78,0.0,0.0,0,3,,,,,,,,,,,,,0.0,0.0,0.0,1.1739130434782608,,,35.40856031128405,38.715953307393,33.46303501945525,63.42412451361867,,,,,,41.45,71.49,66.7,0.0,46.98,0.7149,47.34,47.34
151,Stjepan Radeljić,BIH,HNK Rijeka,DF,28,201,2,2,180,2.0,0,0,0,0,0,0,1,0,1,0,0.0,0.5,0.0,0.0,,1,0,,,,,,,,,,,,,0.0,0.0,0.5,0.0,,,,,,,38.775510204081634,10.034013605442176,,,,24.4,63.25,0.0,1.0,25.85,0.6325,34.12,33.12
153,Haris Tabaković,BIH,Borussia Mönchengladbach,FW,31,196,1,0,16,0.2,0,0,0,0,0,0,0,0,0,0,,0.0,0.0,,,0,0,,,,,,,,,,,,,0.0,0.0,0.0,0.0,,,35.40856031128405,38.715953307393,11.478599221789883,23.151750972762645,,,,,,29.0,18.86,0.0,0.0,25.08,0.1886,43.86,43.86
155,Jovo Lukić,BIH,Universitatea Cluj,FW,27,190,2,1,67,0.7,1,0,1,1,0,0,1,0,3,2,66.7,4.03,2.69,0.33,0.5,1,0,,,,,,,,,,,,,1.343283582089552,0.0,1.343283582089552,0.0,,,98.0544747081712,38.715953307393,86.7704280155642,96.49805447470816,,,,,,80.65,38.59,66.7,1.0,75.05,0.3859,58.58,57.58
156,Ermin Mahmić,BIH,FC Slovan Liberec,MF,21,182,3,0,68,0.8,2,0,2,2,0,0,1,0,4,2,50.0,5.29,2.65,0.5,1.0,1,0,,,,,,,,,,,,,2.647058823529412,0.0,1.3235294117647058,0.0,,,,40.5693950177936,96.79715302491104,,67.97153024911033,14.23487544483986,,,,52.08,38.87,50.0,1.0,50.55,0.3887,49.24,48.24
157,Alisson,BRA,Liverpool FC,GK,33,193,5,5,450,5.0,0,0,0,0,0,0,0,0,0,0,,0.0,0.0,,,0,0,4.0,0.8,18.0,14.0,77.8,2.0,40.0,0.0,0.0,0.0,0.0,,0.0,0.0,0.0,0.0,2.8,0.4,,,,,,,84.90566037735849,60.71428571428571,80.35714285714286,76.51,100.0,40.0,0.0,75.21,1.0,75.21,75.21
158,Éderson Silva,BRA,Atalanta Bergamo,MF,26,184,2,0,22,0.2,0,0,0,0,0,0,0,0,2,0,0.0,8.18,0.0,0.0,,0,1,,,,,,,,,,,,,0.0,0.0,0.0,4.090909090909091,,,,40.5693950177936,98.57651245551602,,12.98932384341637,98.04270462633453,,,,59.64,22.11,0.0,0.0,49.93,0.2211,48.74,48.74
159,Gabriel Magalhães,BRA,Arsenal FC,DF,28,190,5,5,450,5.0,0,1,1,0,0,0,0,0,1,0,0.0,0.2,0.0,0.0,,2,4,,,,,,,,,,,,,0.0,0.2,0.4,0.8,,,,,,,33.50340136054422,42.68707482993197,,,,38.1,100.0,0.0,0.0,40.48,1.0,40.48,40.48
160,Marquinhos,BRA,Paris Saint-Germain,DF,32,183,5,5,450,5.0,0,0,0,0,0,0,0,0,2,0,0.0,0.4,0.0,0.0,,2,3,,,,,,,,,,,,,0.0,0.0,0.4,0.6000000000000001,,,,,,,33.50340136054422,36.39455782312925,,,,34.95,100.0,0.0,0.0,37.96,1.0,37.96,37.96
161,Casemiro,BRA,Manchester United FC,MF,34,185,5,5,379,4.2,1,0,1,1,0,0,2,0,4,2,50.0,0.95,0.47,0.25,0.5,5,6,,,,,,,,,,,,,0.2374670184696569,0.0,1.187335092348285,1.424802110817942,,,,40.5693950177936,43.06049822064057,,62.989323843416365,73.30960854092527,,,,54.86,91.77,50.0,2.0,58.06,0.9177,57.27,55.27
162,Alex Sandro,BRA,CR Flamengo,DF,35,180,1,0,9,0.1,0,0,0,0,0,0,0,0,0,0,,0.0,0.0,,,0,0,,,,,,,,,,,,,0.0,0.0,0.0,0.0,,,,,,,11.73469387755102,10.034013605442176,,,,10.88,14.14,0.0,0.0,10.12,0.1414,42.94,42.94
163,Vinicius Júnior,BRA,Real Madrid C. F.,FW,25,176,5,5,440,4.9,4,1,5,4,0,0,0,0,17,11,64.7,3.48,2.25,0.24,0.36,1,1,,,,,,,,,,,,,0.8181818181818181,0.2045454545454545,0.2045454545454545,0.2045454545454545,,,89.29961089494164,78.59922178988327,79.76653696498055,93.77431906614784,,,,,,85.61,98.88,64.7,0.0,84.85,0.9888,84.44,84.44
164,Bruno Guimarães,BRA,Newcastle United FC,MF,28,182,5,5,416,4.6,0,4,4,0,0,1,0,0,8,2,25.0,1.73,0.43,0.0,0.0,6,2,,,,,,,,,,,,,0.0,0.8653846153846154,1.2980769230769231,0.4326923076923077,,,,97.86476868327402,69.7508896797153,,66.90391459074732,37.36654804270463,,,,69.38,96.15,25.0,0.0,67.62,0.9615,66.88,66.88
165,Matheus Cunha,BRA,Manchester United FC,FW,27,183,5,4,290,3.2,3,0,3,3,0,0,0,0,11,5,45.5,3.41,1.55,0.27,0.6,3,3,,,,,,,,,,,,,0.9310344827586208,0.0,0.9310344827586208,0.9310344827586208,,,92.60700389105058,38.715953307393,78.98832684824903,81.32295719844358,,,,,,74.15,80.28,45.5,0.0,71.9,0.8028,67.23,67.23
167,Raphinha,BRA,FC Barcelona,FW,29,176,2,2,129,1.4,0,0,0,0,0,0,0,0,3,2,66.7,2.09,1.4,0.0,0.0,0,0,,,,,,,,,,,,,0.0,0.0,0.0,0.0,,,35.40856031128405,38.715953307393,57.39299610894941,77.82101167315176,,,,,,49.11,53.54,66.7,0.0,51.32,0.5354,49.88,49.88
169,Danilo,BRA,CR Flamengo,DF,34,184,5,4,405,4.5,0,0,0,0,0,0,2,0,1,0,0.0,0.22,0.0,0.0,,2,7,,,,,,,,,,,,,0.0,0.0,0.4444444444444444,1.5555555555555554,,,,,,,35.374149659863946,79.25170068027211,,,,57.31,94.87,0.0,2.0,55.34,0.9487,54.98,52.98
172,Douglas Santos,BRA,FC Zenit St. Petersburg,DF,32,173,5,5,441,4.9,0,0,0,0,0,0,1,0,2,0,0.0,0.41,0.0,0.0,,10,6,,,,,,,,,,,,,0.0,0.0,2.0408163265306123,1.2244897959183674,,,,,,,91.49659863945578,66.3265306122449,,,,78.91,98.99,0.0,1.0,73.03,0.9899,72.78,71.78
173,Fabinho,BRA,Al Ittihad,MF,32,188,3,0,71,0.8,0,0,0,0,0,0,1,0,1,0,0.0,1.27,0.0,0.0,,1,2,,,,,,,,,,,,,0.0,0.0,1.267605633802817,2.535211267605634,,,,40.5693950177936,55.16014234875445,,65.83629893238434,94.30604982206404,,,,63.24,39.72,0.0,1.0,54.56,0.3972,50.85,49.85
174,Danilo Santos,BRA,Botafogo,MF,25,177,4,0,46,0.5,0,0,0,0,0,0,0,0,2,1,50.0,3.91,1.96,0.0,0.0,2,1,,,,,,,,,,,,,0.0,0.0,3.9130434782608696,1.9565217391304348,,,,40.5693950177936,93.95017793594306,,98.57651245551602,86.47686832740213,,,,77.22,31.97,50.0,0.0,69.98,0.3197,55.3,55.3
175,Endrick,BRA,Olympique Lyonnais,FW,19,172,4,0,114,1.3,0,0,0,0,0,0,0,0,3,0,0.0,2.37,0.0,0.0,,1,1,,,,,,,,,,,,,0.0,0.0,0.7894736842105263,0.7894736842105263,,,35.40856031128405,38.715953307393,63.81322957198443,23.151750972762645,,,,,,39.46,50.33,0.0,0.0,36.61,0.5033,42.38,42.38
176,Lucas Paquetá,BRA,CR Flamengo,MF,28,183,4,4,233,2.6,0,1,1,0,0,0,0,0,5,1,20.0,1.93,0.39,0.0,0.0,4,5,,,,,,,,,,,,,0.0,0.3862660944206008,1.5450643776824031,1.931330472103004,,,,91.45907473309607,74.19928825622776,,77.22419928825623,85.76512455516014,,,,83.02,71.96,20.0,0.0,75.62,0.7196,67.98,67.98
177,Luiz Henrique,BRA,FC Zenit St. Petersburg,FW,25,182,1,0,29,0.3,0,0,0,0,0,0,0,0,0,0,,0.0,0.0,,,0,0,,,,,,,,,,,,,0.0,0.0,0.0,0.0,,,35.40856031128405,38.715953307393,11.478599221789883,23.151750972762645,,,,,,29.0,25.39,0.0,0.0,25.74,0.2539,42.52,42.52
178,Gabriel Martinelli,BRA,Arsenal FC,FW,24,178,4,1,143,1.6,1,0,1,1,0,0,0,0,2,1,50.0,1.26,0.63,0.5,1.0,0,2,,,,,,,,,,,,,0.6293706293706294,0.0,0.0,1.2587412587412588,,,83.65758754863813,38.715953307393,35.40856031128405,57.00389105058365,,,,,,57.44,56.37,50.0,0.0,56.59,0.5637,52.94,52.94
180,Roger Ibanez,BRA,Al Ahli FC,DF,27,186,1,1,45,0.5,0,0,0,0,0,0,1,0,0,0,,0.0,0.0,,,2,1,,,,,,,,,,,,,0.0,0.0,4.0,2.0,,,,,,,97.61904761904762,88.60544217687075,,,,93.11,31.62,0.0,1.0,77.65,0.3162,57.61,56.61
181,Igor Thiago,BRA,Brentford FC,FW,24,190,1,1,61,0.7,0,0,0,0,0,0,0,0,2,1,50.0,2.95,1.48,0.0,0.0,1,0,,,,,,,,,,,,,0.0,0.0,1.475409836065574,0.0,,,35.40856031128405,38.715953307393,71.59533073929961,79.57198443579766,,,,,,52.31,36.82,50.0,0.0,50.53,0.3682,49.07,49.07
182,Rayan,BRA,AFC Bournemouth,FW,19,187,4,3,288,3.2,0,1,1,0,0,0,0,0,5,2,40.0,1.56,0.62,0.0,0.0,4,3,,,,,,,,,,,,,0.0,0.3125,1.25,0.9375,,,35.40856031128405,85.01945525291829,42.023346303501945,56.03112840466926,,,,,,53.26,80.0,40.0,0.0,54.61,0.8,53.33,53.33
183,Vozinha,CPV,GD Chaves,GK,40,189,4,4,390,4.3,0,0,0,0,0,0,0,0,0,0,,0.0,0.0,,,0,0,5.0,1.15,23.0,18.0,78.3,2.0,50.0,0.0,0.0,0.0,0.0,,0.0,0.0,0.0,0.0,4.153846153846154,0.4615384615384615,,,,,,,86.79245283018868,83.92857142857143,83.92857142857143,85.22,93.09,50.0,0.0,82.48,0.9309,80.23,80.23
188,Kevin Pina,CPV,FC Krasnodar,MF,29,177,4,4,349,3.9,1,0,1,1,0,0,1,0,5,1,20.0,1.29,0.26,0.2,1.0,7,3,,,,,,,,,,,,,0.2578796561604584,0.0,1.805157593123209,0.7736389684813754,,,,40.5693950177936,56.04982206405694,,83.62989323843416,53.02491103202846,,,,57.54,88.07,20.0,1.0,56.84,0.8807,55.83,54.83
189,Jovane Cabral,CPV,CF Estrela Da Amadora,MF,27,174,2,2,139,1.5,0,0,0,0,0,0,0,0,2,0,0.0,1.29,0.0,0.0,,3,1,,,,,,,,,,,,,0.0,0.0,1.942446043165468,0.6474820143884893,,,,40.5693950177936,56.04982206405694,,85.05338078291815,44.83985765124555,,,,55.85,55.58,0.0,0.0,50.24,0.5558,49.42,49.42
191,Gilson Benchimol,CPV,FC Akron Tolyatti,FW,24,187,2,1,78,0.9,0,0,0,0,0,0,0,0,0,0,,0.0,0.0,,,0,0,,,,,,,,,,,,,0.0,0.0,0.0,0.0,,,35.40856031128405,38.715953307393,11.478599221789883,23.151750972762645,,,,,,29.0,41.63,0.0,0.0,27.36,0.4163,39.54,39.54
192,Jamiro Monteiro,CPV,PEC Zwolle,MF,32,175,4,3,281,3.1,0,0,0,0,0,0,0,0,5,1,20.0,1.6,0.32,0.0,0.0,4,4,,,,,,,,,,,,,0.0,0.0,1.281138790035587,1.281138790035587,,,,40.5693950177936,65.30249110320284,,66.19217081850533,69.57295373665481,,,,59.17,79.02,20.0,0.0,57.24,0.7902,55.39,55.39
193,Garry Rodrigues,CPV,Apollon Limassol,MF,35,173,2,1,76,0.8,0,0,0,0,0,0,0,0,1,0,0.0,1.18,0.0,0.0,,2,1,,,,,,,,,,,,,0.0,0.0,2.3684210526315788,1.1842105263157894,,,,40.5693950177936,51.77935943060498,,92.52669039145908,66.01423487544484,,,,62.16,41.1,0.0,0.0,53.84,0.411,50.63,50.63
195,Sidny Lopes Cabral,CPV,SL Benfica,DF,23,176,3,3,285,3.2,1,0,1,1,0,0,2,0,4,2,50.0,1.26,0.63,0.25,0.5,2,4,,,,,,,,,,,,,0.3157894736842105,0.0,0.631578947368421,1.263157894736842,,,,,,,43.70748299319728,68.36734693877551,,,,56.04,79.58,50.0,2.0,57.79,0.7958,55.86,53.86
196,Deroy Duarte,CPV,PFC Ludogorets Razgrad,MF,26,177,4,2,264,2.9,1,0,1,1,0,0,0,0,3,2,66.7,1.02,0.68,0.33,0.5,5,6,,,,,,,,,,,,,0.3409090909090909,0.0,1.7045454545454546,2.0454545454545454,,,,40.5693950177936,47.33096085409253,,81.31672597864768,89.6797153024911,,,,64.39,76.59,66.7,0.0,65.84,0.7659,61.76,61.76
197,Laros Duarte,CPV,Puskás Akadémia FC,MF,29,180,4,2,166,1.8,0,0,0,0,0,0,0,0,3,3,100.0,1.63,1.63,0.0,0.0,1,2,,,,,,,,,,,,,0.0,0.0,0.5421686746987953,1.0843373493975903,,,,40.5693950177936,66.54804270462633,,35.94306049822064,62.989323843416365,,,,50.21,60.74,100.0,0.0,56.24,0.6074,53.16,53.16
199,Willy Semedo,CPV,AC Omonia,MF,32,185,3,1,131,1.5,0,0,0,0,0,0,0,0,3,0,0.0,2.06,0.0,0.0,,0,3,,,,,,,,,,,,,0.0,0.0,0.0,2.0610687022900764,,,,40.5693950177936,77.93594306049823,,12.98932384341637,90.0355871886121,,,,53.51,53.95,0.0,0.0,48.21,0.5395,48.29,48.29
200,Telmo Arcanjo,CPV,Vitória SC,MF,24,180,2,1,57,0.6,0,0,0,0,0,0,0,0,0,0,,0.0,0.0,,,0,0,,,,,,,,,,,,,0.0,0.0,0.0,0.0,,,,40.5693950177936,11.387900355871883,,12.98932384341637,14.23487544483986,,,,21.25,35.59,0.0,0.0,20.56,0.3559,38.49,38.49
201,Dailon Livramento,CPV,Casa Pia AC,FW,25,185,3,2,174,1.9,0,0,0,0,0,0,0,0,1,0,0.0,0.52,0.0,0.0,,0,0,,,,,,,,,,,,,0.0,0.0,0.0,0.0,,,35.40856031128405,38.715953307393,25.29182879377432,23.151750972762645,,,,,,31.76,62.18,0.0,0.0,31.63,0.6218,37.91,37.91
202,Ryan Mendes,CPV,Iğdır FK,FW,36,178,4,4,330,3.7,0,1,1,0,0,0,0,0,6,0,0.0,1.64,0.0,0.0,,2,5,,,,,,,,,,,,,0.0,0.2727272727272727,0.5454545454545454,1.3636363636363638,,,35.40856031128405,82.87937743190662,44.94163424124514,23.151750972762645,,,,,,46.73,85.63,0.0,0.0,45.95,0.8563,46.28,46.28
203,Nuno da Costa,CPV,Başakşehir FK,MF,35,182,4,1,159,1.8,0,0,0,0,0,0,0,0,1,0,0.0,0.57,0.0,0.0,,2,1,,,,,,,,,,,,,0.0,0.0,1.1320754716981132,0.5660377358490566,,,,40.5693950177936,30.60498220640569,,60.14234875444839,42.88256227758007,,,,44.05,59.44,0.0,0.0,41.18,0.5944,44.11,44.11
204,Steven Moreira,CPV,Columbus Crew,DF,31,178,4,3,301,3.3,0,0,0,0,0,0,0,0,2,0,0.0,0.6,0.0,0.0,,3,2,,,,,,,,,,,,,0.0,0.0,0.8970099667774086,0.5980066445182725,,,,,,,55.10204081632652,36.054421768707485,,,,45.58,81.79,0.0,0.0,44.64,0.8179,45.32,45.32
206,Wagner Pina,CPV,Trabzonspor,DF,23,180,1,1,89,1.0,0,0,0,0,0,0,1,0,1,0,0.0,1.01,0.0,0.0,,0,1,,,,,,,,,,,,,0.0,0.0,0.0,1.0112359550561798,,,,,,,11.73469387755102,56.63265306122449,,,,34.18,44.47,0.0,1.0,31.79,0.4447,40.98,39.98
208,Hélio Varela,CPV,Maccabi Tel-Aviv FC,MF,24,176,3,0,104,1.2,1,0,1,1,0,0,0,0,3,1,33.3,2.6,0.87,0.33,1.0,0,0,,,,,,,,,,,,,0.8653846153846154,0.0,0.0,0.0,,,,40.5693950177936,86.12099644128114,,12.98932384341637,14.23487544483986,,,,36.2,48.07,33.3,0.0,37.1,0.4807,42.97,42.97
210,Alistair Johnston,CAN,Celtic FC,DF,27,180,5,5,450,5.0,0,0,0,0,0,0,1,0,5,2,40.0,1.0,0.4,0.0,0.0,2,6,,,,,,,,,,,,,0.0,0.0,0.4,1.2000000000000002,,,,,,,33.50340136054422,65.1360544217687,,,,49.32,100.0,40.0,1.0,53.46,1.0,53.46,52.46
212,Luc De Fougerolles,CAN,FCV Dender EH,DF,20,183,5,4,372,4.1,0,0,0,0,0,0,2,0,3,1,33.3,0.73,0.24,0.0,0.0,6,2,,,,,,,,,,,,,0.0,0.0,1.4516129032258065,0.4838709677419355,,,,,,,78.4013605442177,28.91156462585034,,,,53.66,90.92,33.3,2.0,55.35,0.9092,54.71,52.71
214,Mathieu Choinière,CAN,LAFC,MF,27,173,1,1,57,0.6,0,0,0,0,0,0,0,0,0,0,,0.0,0.0,,,1,2,,,,,,,,,,,,,0.0,0.0,1.5789473684210529,3.1578947368421053,,,,40.5693950177936,11.387900355871883,,77.93594306049823,96.44128113879005,,,,58.04,35.59,0.0,0.0,49.99,0.3559,48.97,48.97
215,Stephen Eustáquio,CAN,LAFC,MF,29,175,5,4,392,4.4,1,0,1,1,0,0,0,0,4,1,25.0,0.92,0.23,0.25,1.0,5,3,,,,,,,,,,,,,0.2295918367346938,0.0,1.1479591836734695,0.6887755102040816,,,,40.5693950177936,41.281138790035584,,62.27758007117438,47.33096085409253,,,,47.83,93.33,25.0,0.0,50.1,0.9333,49.98,49.98
216,Ismaël Koné,CAN,US Sassuolo,MF,23,188,2,2,146,1.6,0,0,0,0,0,0,0,0,2,0,0.0,1.23,0.0,0.0,,2,3,,,,,,,,,,,,,0.0,0.0,1.2328767123287672,1.8493150684931503,,,,40.5693950177936,53.73665480427047,,64.05693950177937,85.05338078291815,,,,60.2,56.96,0.0,0.0,53.85,0.5696,51.5,51.5
217,Cyle Larin,CAN,Southampton FC,FW,31,188,4,2,190,2.1,2,0,2,2,0,0,2,0,9,4,44.4,4.26,1.89,0.22,0.5,0,0,,,,,,,,,,,,,0.9473684210526316,0.0,0.0,0.0,,,92.99610894941634,38.715953307393,88.13229571984435,88.52140077821011,,,,,,77.56,64.98,44.4,2.0,72.98,0.6498,64.31,62.31
218,Jonathan David,CAN,Juventus FC,FW,26,175,5,5,420,4.7,3,0,3,3,0,0,1,0,18,8,44.4,3.86,1.71,0.17,0.38,1,3,,,,,,,,,,,,,0.6428571428571428,0.0,0.2142857142857143,0.6428571428571428,,,84.43579766536965,38.715953307393,84.04669260700389,84.04669260700389,,,,,,72.85,96.61,44.4,1.0,72.38,0.9661,71.56,70.56
219,Liam Millar,CAN,Hull City FC,MF,26,176,3,2,162,1.8,0,0,0,0,0,0,1,0,1,0,0.0,0.56,0.0,0.0,,4,0,,,,,,,,,,,,,0.0,0.0,2.2222222222222223,0.0,,,,40.5693950177936,30.2491103202847,,90.74733096085409,14.23487544483986,,,,44.47,60.0,0.0,1.0,41.57,0.6,44.3,43.3
220,Tani Oluwaseyi,CAN,Villarreal CF,FW,26,187,5,3,259,2.9,0,0,0,0,0,0,0,0,8,4,50.0,2.78,1.39,0.0,0.0,3,0,,,,,,,,,,,,,0.0,0.0,1.0424710424710424,0.0,,,35.40856031128405,38.715953307393,69.26070038910505,77.431906614786,,,,,,51.41,75.87,50.0,0.0,53.71,0.7587,52.39,52.39
221,Derek Cornelius,CAN,Rangers FC,DF,28,186,4,4,315,3.5,0,0,0,0,0,0,1,0,5,1,20.0,1.43,0.29,0.0,0.0,3,2,,,,,,,,,,,,,0.0,0.0,0.8571428571428572,0.5714285714285714,,,,,,,54.08163265306123,34.35374149659864,,,,44.22,83.67,20.0,1.0,45.74,0.8367,46.17,45.17
222,Jacob Shaffelburg,CAN,LAFC,MF,26,181,5,0,92,1.0,0,0,0,0,0,0,0,0,3,0,0.0,2.93,0.0,0.0,,1,2,,,,,,,,,,,,,0.0,0.0,0.9782608695652174,1.9565217391304348,,,,40.5693950177936,90.2135231316726,,53.02491103202846,86.47686832740213,,,,65.09,45.22,0.0,0.0,56.59,0.4522,52.1,52.1
223,Moïse Bombito,CAN,OGC Nice,DF,26,190,3,2,193,2.1,0,0,0,0,0,0,0,0,1,1,100.0,0.47,0.47,0.0,0.0,0,1,,,,,,,,,,,,,0.0,0.0,0.0,0.466321243523316,,,,,,,11.73469387755102,27.89115646258503,,,,19.81,65.49,100.0,0.0,32.4,0.6549,37.9,37.9
224,Maxime Crépeau,CAN,Orlando City SC,GK,32,185,5,5,450,5.0,0,0,0,0,0,0,0,0,0,0,,0.0,0.0,,,1,0,6.0,1.2,12.0,6.0,50.0,2.0,40.0,0.0,0.0,0.0,0.0,,0.0,0.0,0.2,0.0,1.2000000000000002,0.4,,,,,,,22.641509433962263,19.642857142857142,80.35714285714286,36.17,100.0,40.0,0.0,42.94,1.0,42.94,42.94
225,Tajon Buchanan,CAN,Villarreal CF,FW,27,183,5,5,376,4.2,0,0,0,0,0,0,0,0,6,3,50.0,1.44,0.72,0.0,0.0,5,1,,,,,,,,,,,,,0.0,0.0,1.196808510638298,0.2393617021276595,,,35.40856031128405,38.715953307393,38.91050583657588,60.89494163424124,,,,,,42.03,91.41,50.0,0.0,47.77,0.9141,47.81,47.81
227,Alphonso Davies,CAN,FC Bayern München,DF,25,183,1,0,16,0.2,0,0,0,0,0,0,0,0,0,0,,0.0,0.0,,,0,0,,,,,,,,,,,,,0.0,0.0,0.0,0.0,,,,,,,11.73469387755102,10.034013605442176,,,,10.88,18.86,0.0,0.0,10.59,0.1886,41.23,41.23
228,Ali Ahmed,CAN,Norwich City FC,FW,25,180,4,3,234,2.6,0,0,0,0,0,0,0,0,2,1,50.0,0.77,0.38,0.0,0.0,2,3,,,,,,,,,,,,,0.0,0.0,0.7692307692307693,1.1538461538461535,,,35.40856031128405,38.715953307393,28.793774319066145,50.0,,,,,,37.83,72.11,50.0,0.0,42.48,0.7211,44.08,44.08
229,Jonathan Osorio,CAN,Toronto FC,MF,33,175,2,0,5,0.1,0,0,0,0,0,0,0,0,1,0,0.0,18.0,0.0,0.0,,0,1,,,,,,,,,,,,,0.0,0.0,0.0,18.0,,,,40.5693950177936,99.644128113879,,12.98932384341637,99.644128113879,,,,60.26,10.54,0.0,0.0,49.26,0.1054,48.49,48.49
230,Richie Laryea,CAN,Toronto FC,DF,31,175,5,5,429,4.8,0,0,0,0,0,0,1,0,2,1,50.0,0.42,0.21,0.0,0.0,9,2,,,,,,,,,,,,,0.0,0.0,1.888111888111888,0.4195804195804196,,,,,,,87.07482993197279,26.87074829931973,,,,56.97,97.64,50.0,1.0,60.34,0.9764,60.06,59.06
231,Niko Sigur,CAN,HNK Hajduk Split,DF,22,178,3,1,126,1.4,0,0,0,0,0,0,1,0,1,0,0.0,0.71,0.0,0.0,,1,0,,,,,,,,,,,,,0.0,0.0,0.7142857142857142,0.0,,,,,,,47.61904761904761,10.034013605442176,,,,28.83,52.92,0.0,1.0,28.35,0.5292,37.77,36.77
232,Promise David,CAN,Royale Union Saint-Gilloise,FW,24,195,4,0,80,0.9,1,1,2,1,0,0,0,0,5,3,60.0,5.63,3.38,0.2,0.33,1,1,,,,,,,,,,,,,1.125,1.125,1.125,1.125,,,95.3307392996109,98.0544747081712,95.71984435797664,97.27626459143968,,,,,,96.48,42.16,60.0,0.0,87.4,0.4216,64.74,64.74
233,Nathan Saliba,CAN,RSC Anderlecht,MF,22,174,3,2,182,2.0,1,2,3,1,0,0,1,0,3,1,33.3,1.48,0.49,0.33,1.0,4,4,,,,,,,,,,,,,0.4945054945054945,0.989010989010989,1.978021978021978,1.978021978021978,,,,98.57651245551602,62.81138790035588,,86.47686832740213,87.54448398576513,,,,85.64,63.6,33.3,1.0,78.2,0.636,67.35,66.35
236,Daniel Muñoz,COL,Crystal Palace FC,DF,30,180,5,4,394,4.4,2,0,2,2,0,0,0,0,3,2,66.7,0.69,0.46,0.67,1.0,3,7,,,,,,,,,,,,,0.4568527918781725,0.0,0.6852791878172589,1.598984771573604,,,,,,,46.25850340136054,80.27210884353741,,,,63.27,93.57,66.7,0.0,66.64,0.9357,65.46,65.46
237,Jhon Lucumí,COL,Bologna FC,DF,27,187,5,5,478,5.3,0,0,0,0,0,0,1,0,2,0,0.0,0.38,0.0,0.0,,2,5,,,,,,,,,,,,,0.0,0.0,0.3765690376569037,0.9414225941422594,,,,,,,32.6530612244898,49.65986394557823,,,,41.16,100.0,0.0,1.0,42.93,1.0,42.93,41.93
238,Santiago Arias,COL,CA Independiente,DF,34,177,1,1,86,1.0,0,0,0,0,0,0,0,0,0,0,,0.0,0.0,,,2,1,,,,,,,,,,,,,0.0,0.0,2.0930232558139537,1.0465116279069768,,,,,,,92.85714285714286,58.84353741496599,,,,75.85,43.72,0.0,0.0,65.05,0.4372,55.65,55.65
239,Kevin Castaño,COL,CA River Plate,MF,25,179,2,0,16,0.2,0,0,0,0,0,0,0,0,0,0,,0.0,0.0,,,0,0,,,,,,,,,,,,,0.0,0.0,0.0,0.0,,,,40.5693950177936,11.387900355871883,,12.98932384341637,14.23487544483986,,,,21.25,18.86,0.0,0.0,18.89,0.1886,42.83,42.83
240,Richard Ríos,COL,SL Benfica,MF,26,185,5,0,140,1.6,0,0,0,0,0,0,1,0,5,1,20.0,3.21,0.64,0.0,0.0,2,1,,,,,,,,,,,,,0.0,0.0,1.2857142857142856,0.6428571428571428,,,,40.5693950177936,91.45907473309607,,66.54804270462633,44.48398576512456,,,,58.22,55.78,20.0,1.0,54.15,0.5578,51.61,50.61
241,Luis Díaz,COL,FC Bayern München,FW,29,179,5,5,478,5.3,1,1,2,1,0,0,0,0,19,6,31.6,3.58,1.13,0.05,0.17,0,1,,,,,,,,,,,,,0.1882845188284518,0.1882845188284518,0.0,0.1882845188284518,,,71.59533073929961,78.21011673151752,81.1284046692607,70.03891050583657,,,,,,74.84,100.0,31.6,0.0,73.04,1.0,73.04,73.04
243,Jhon Córdoba,COL,FC Krasnodar,FW,33,186,3,2,99,1.1,0,0,0,0,0,0,0,0,2,1,50.0,1.82,0.91,0.0,0.0,0,0,,,,,,,,,,,,,0.0,0.0,0.0,0.0,,,35.40856031128405,38.715953307393,49.41634241245136,66.73151750972762,,,,,,45.3,46.9,50.0,0.0,45.93,0.469,47.15,47.15
244,James Rodríguez,COL,Minnesota United FC,MF,34,181,5,5,313,3.5,0,0,0,0,0,0,0,0,6,3,50.0,1.73,0.86,0.0,0.0,1,1,,,,,,,,,,,,,0.0,0.0,0.2875399361022364,0.2875399361022364,,,,40.5693950177936,69.7508896797153,,27.402135231316727,30.96085409252669,,,,40.71,83.4,50.0,0.0,45.91,0.834,46.32,46.32
245,Jhon Arias,COL,SE Palmeiras,MF,28,168,5,5,377,4.2,1,0,1,1,0,0,1,0,9,4,44.4,2.15,0.95,0.11,0.25,9,2,,,,,,,,,,,,,0.2387267904509283,0.0,2.1485411140583555,0.4774535809018567,,,,40.5693950177936,80.78291814946618,,88.61209964412812,38.79003558718861,,,,60.18,91.53,44.4,1.0,61.74,0.9153,60.61,59.61
246,Camilo Vargas,COL,Atlas FC,GK,37,183,5,5,480,5.3,0,0,0,0,0,0,0,0,0,0,,0.0,0.0,,,0,0,1.0,0.19,7.0,6.0,85.7,4.0,80.0,0.0,0.0,0.0,0.0,,0.0,0.0,0.0,0.0,1.125,0.75,,,,,,,96.22641509433964,16.071428571428573,92.85714285714286,71.34,100.0,80.0,0.0,75.07,1.0,75.07,75.07
247,Yerry Mina,COL,Cagliari,DF,31,195,1,0,2,0.0,0,0,0,0,0,0,0,0,0,0,,0.0,0.0,,,0,0,,,,,,,,,,,,,0.0,0.0,0.0,0.0,,,,,,,11.73469387755102,10.034013605442176,,,,10.88,6.67,0.0,0.0,9.37,0.0667,45.75,45.75
248,Gustavo Puerta,COL,Racing Santander,DF,22,173,5,5,469,5.2,0,1,1,0,0,0,1,0,14,5,35.7,2.69,0.96,0.0,0.0,3,3,,,,,,,,,,,,,0.0,0.1918976545842217,0.5756929637526652,0.5756929637526652,,,,,,,42.517006802721085,35.034013605442176,,,,38.78,100.0,35.7,1.0,44.59,1.0,44.59,43.59
250,Jefferson Lerma,COL,Crystal Palace FC,MF,31,180,5,5,410,4.6,0,0,0,0,0,0,1,0,5,1,20.0,1.1,0.22,0.0,0.0,1,5,,,,,,,,,,,,,0.0,0.0,0.2195121951219512,1.0975609756097562,,,,40.5693950177936,49.8220640569395,,26.33451957295373,63.345195729537366,,,,44.56,95.45,20.0,1.0,47.19,0.9545,47.24,46.24
251,Johan Mojica,COL,RCD Mallorca,DF,33,184,4,4,390,4.3,0,0,0,0,0,0,1,0,3,2,66.7,0.69,0.46,0.0,0.0,3,3,,,,,,,,,,,,,0.0,0.0,0.6923076923076923,0.6923076923076923,,,,,,,46.59863945578231,40.47619047619048,,,,43.54,93.09,66.7,1.0,50.81,0.9309,50.64,49.64
254,Juan Quintero,COL,CA River Plate,MF,33,167,4,0,121,1.3,0,1,1,0,0,0,0,0,4,0,0.0,2.98,0.0,0.0,,0,0,,,,,,,,,,,,,0.0,0.743801652892562,0.0,0.0,,,,97.15302491103202,90.74733096085409,,12.98932384341637,14.23487544483986,,,,54.1,51.85,0.0,0.0,48.47,0.5185,48.43,48.43
255,Jaminton Campaz,COL,CA Rosario Central,FW,26,166,3,0,75,0.8,1,0,1,1,0,0,0,0,6,3,50.0,7.2,3.6,0.17,0.33,1,0,,,,,,,,,,,,,1.2000000000000002,0.0,1.2000000000000002,0.0,,,96.49805447470816,38.715953307393,98.0544747081712,97.66536964980544,,,,,,82.6,40.82,50.0,0.0,75.16,0.4082,59.22,59.22
256,Deiver Machado,COL,FC Nantes,DF,32,173,1,1,90,1.0,0,0,0,0,0,0,0,0,0,0,,0.0,0.0,,,0,2,,,,,,,,,,,,,0.0,0.0,0.0,2.0,,,,,,,11.73469387755102,88.60544217687075,,,,50.17,44.72,0.0,0.0,44.61,0.4472,46.67,46.67
257,Davinson Sánchez,COL,Galatasaray SK,DF,29,188,5,5,480,5.3,0,0,0,0,0,0,1,0,6,2,33.3,1.13,0.37,0.0,0.0,2,6,,,,,,,,,,,,,0.0,0.0,0.375,1.125,,,,,,,32.31292517006803,62.58503401360544,,,,47.45,100.0,33.3,1.0,51.29,1.0,51.29,50.29
259,Luis Suárez,COL,Sporting CP,FW,28,179,5,3,331,3.7,0,1,1,0,0,0,1,0,9,0,0.0,2.45,0.0,0.0,,4,0,,,,,,,,,,,,,0.0,0.2719033232628399,1.0876132930513596,0.0,,,35.40856031128405,82.49027237354085,66.14785992217898,23.151750972762645,,,,,,50.88,85.76,0.0,1.0,49.28,0.8576,49.13,48.13
260,Andrés Gómez,COL,CR Vasco Da Gama,FW,23,170,1,0,1,0.0,0,0,0,0,0,0,0,0,0,0,,0.0,0.0,,,0,1,,,,,,,,,,,,,0.0,0.0,0.0,90.0,,,35.40856031128405,38.715953307393,11.478599221789883,23.151750972762645,,,,,,29.0,4.71,0.0,0.0,23.67,0.0471,47.07,47.07
261,Lionel Mpasi,COD,Le Havre AC,GK,31,182,4,4,360,4.0,0,0,0,0,0,0,0,0,0,0,,0.0,0.0,,,0,0,5.0,1.25,19.0,14.0,73.7,0.0,0.0,0.0,0.0,0.0,0.0,,0.0,0.0,0.0,0.0,3.5,0.0,,,,,,,79.24528301886792,73.21428571428571,26.785714285714285,64.32,89.44,0.0,0.0,60.4,0.8944,59.29,59.29
262,Aaron Wan-Bissaka,COD,West Ham United FC,DF,28,183,4,4,354,3.9,0,0,0,0,0,0,0,0,0,0,,0.0,0.0,,,4,7,,,,,,,,,,,,,0.0,0.0,1.0169491525423728,1.779661016949153,,,,,,,62.58503401360544,84.6938775510204,,,,73.64,88.69,0.0,0.0,67.78,0.8869,65.58,65.58
263,Steve Kapuadi,COD,Widzew Łódź,DF,28,196,2,2,180,2.0,0,0,0,0,0,0,0,0,1,0,0.0,0.5,0.0,0.0,,1,1,,,,,,,,,,,,,0.0,0.0,0.5,0.5,,,,,,,38.775510204081634,30.10204081632653,,,,34.44,63.25,0.0,0.0,33.88,0.6325,39.19,39.19
264,Axel Tuanzebe,COD,Burnley FC,DF,28,188,4,4,360,4.0,0,0,0,0,0,0,0,0,0,0,,0.0,0.0,,,2,1,,,,,,,,,,,,,0.0,0.0,0.5,0.25,,,,,,,38.775510204081634,20.918367346938776,,,,29.85,89.44,0.0,0.0,32.82,0.8944,34.46,34.46
267,Nathanaël Mbuku,COD,Montpellier HSC,MF,24,170,3,2,143,1.6,0,0,0,0,0,0,1,0,3,2,66.7,1.89,1.26,0.0,0.0,3,0,,,,,,,,,,,,,0.0,0.0,1.888111888111888,0.0,,,,40.5693950177936,73.13167259786478,,84.34163701067615,14.23487544483986,,,,51.44,56.37,66.7,1.0,53.46,0.5637,51.25,50.25
268,Samuel Moutoussamy,COD,Atromitos FC,MF,29,176,4,4,330,3.7,0,0,0,0,0,0,1,0,3,0,0.0,0.82,0.0,0.0,,8,1,,,,,,,,,,,,,0.0,0.0,2.1818181818181817,0.2727272727272727,,,,40.5693950177936,38.79003558718861,,90.0355871886121,29.537366548042705,,,,49.82,85.63,0.0,1.0,48.42,0.8563,48.42,47.42
269,Brian Cipenga,COD,CD Castellón,FW,28,172,2,2,146,1.6,1,0,1,1,0,0,0,0,6,1,16.7,3.7,0.62,0.17,1.0,2,0,,,,,,,,,,,,,0.6164383561643836,0.0,1.2328767123287672,0.0,,,83.26848249027238,38.715953307393,82.10116731517509,56.03112840466926,,,,,,66.45,56.96,16.7,0.0,60.53,0.5696,55.23,55.23
270,Theo Bongonda,COD,FC Spartak Moscow,MF,30,176,2,0,34,0.4,0,0,0,0,0,0,0,0,1,0,0.0,2.65,0.0,0.0,,0,1,,,,,,,,,,,,,0.0,0.0,0.0,2.647058823529412,,,,40.5693950177936,86.47686832740213,,12.98932384341637,94.83985765124557,,,,56.42,27.49,0.0,0.0,47.89,0.2749,48.26,48.26
272,Joris Kayembe,COD,KRC Genk,DF,31,180,4,0,45,0.5,0,0,0,0,0,0,0,0,1,0,0.0,2.0,0.0,0.0,,4,4,,,,,,,,,,,,,0.0,0.0,8.0,8.0,,,,,,,100.0,99.65986394557824,,,,99.83,31.62,0.0,0.0,83.03,0.3162,59.31,59.31
274,Noah Sadiki,COD,Sunderland AFC,MF,21,165,4,2,259,2.9,0,0,0,0,0,0,2,0,0,0,,0.0,0.0,,,4,2,,,,,,,,,,,,,0.0,0.0,1.38996138996139,0.694980694980695,,,,40.5693950177936,11.387900355871883,,70.46263345195729,48.04270462633452,,,,44.07,75.87,0.0,2.0,42.85,0.7587,44.19,42.19
277,Cédric Bakambu,COD,Real Betis,FW,35,182,3,3,190,2.1,0,0,0,0,0,0,0,0,3,0,0.0,1.42,0.0,0.0,,0,0,,,,,,,,,,,,,0.0,0.0,0.0,0.0,,,35.40856031128405,38.715953307393,38.13229571984436,23.151750972762645,,,,,,34.33,64.98,0.0,0.0,33.96,0.6498,38.96,38.96
278,Charles Pickel,COD,RCD Espanyol,MF,29,187,2,0,35,0.4,0,0,0,0,0,0,1,0,1,0,0.0,2.57,0.0,0.0,,0,0,,,,,,,,,,,,,0.0,0.0,0.0,0.0,,,,40.5693950177936,85.76512455516014,,12.98932384341637,14.23487544483986,,,,36.13,27.89,0.0,1.0,31.69,0.2789,43.74,42.74
279,Fiston Mayele,COD,Pyramids FC,FW,31,185,2,0,42,0.5,1,0,1,1,0,0,0,0,5,1,20.0,10.71,2.14,0.2,1.0,0,0,,,,,,,,,,,,,2.142857142857143,0.0,0.0,0.0,,,99.61089494163424,38.715953307393,99.22178988326849,92.21789883268482,,,,,,82.83,30.55,20.0,0.0,71.32,0.3055,55.28,55.28
280,Yoane Wissa,COD,Newcastle United FC,FW,29,176,4,4,360,4.0,3,0,3,2,1,1,0,0,11,3,27.3,2.75,0.75,0.27,1.0,1,0,,,,,,,,,,,,,0.75,0.0,0.25,0.0,,,86.7704280155642,38.715953307393,68.8715953307393,62.06225680933852,,,,,,66.24,89.44,27.3,0.0,64.66,0.8944,62.93,62.93
282,Chancel Mbemba,COD,Lille OSC,DF,31,182,4,4,360,4.0,0,1,1,0,0,0,1,0,1,0,0.0,0.25,0.0,0.0,,3,1,,,,,,,,,,,,,0.0,0.25,0.75,0.25,,,,,,,49.82993197278912,20.918367346938776,,,,35.37,89.44,0.0,1.0,37.24,0.8944,38.42,37.42
283,Simon Banza,COD,Al Jazira,FW,29,189,2,0,40,0.4,0,0,0,0,0,0,0,0,0,0,,0.0,0.0,,,1,0,,,,,,,,,,,,,0.0,0.0,2.25,0.0,,,35.40856031128405,38.715953307393,11.478599221789883,23.151750972762645,,,,,,29.0,29.81,0.0,0.0,26.18,0.2981,41.66,41.66
284,Gédéon Kalulu,COD,Aris Limassol FC,DF,28,178,1,0,6,0.1,0,0,0,0,0,0,0,0,0,0,,0.0,0.0,,,0,0,,,,,,,,,,,,,0.0,0.0,0.0,0.0,,,,,,,11.73469387755102,10.034013605442176,,,,10.88,11.55,0.0,0.0,9.86,0.1155,43.9,43.9
285,Edo Kayembe,COD,Watford FC,MF,28,183,3,2,160,1.8,0,0,0,0,0,0,0,0,2,1,50.0,1.13,0.56,0.0,0.0,1,0,,,,,,,,,,,,,0.0,0.0,0.5625,0.0,,,,40.5693950177936,50.5338078291815,,36.65480427046264,14.23487544483986,,,,35.0,59.63,50.0,0.0,38.96,0.5963,42.77,42.77
286,Arthur Masuaku,COD,RC Lens,DF,32,179,4,4,315,3.5,0,1,1,0,0,0,0,0,0,0,,0.0,0.0,,,5,0,,,,,,,,,,,,,0.0,0.2857142857142857,1.4285714285714284,0.0,,,,,,,77.55102040816327,10.034013605442176,,,,43.79,83.67,0.0,0.0,43.4,0.8367,44.21,44.21
287,Yahia Fofana,CIV,Çaykur Rizespor,GK,25,194,4,4,360,4.0,0,0,0,0,0,0,0,0,0,0,,0.0,0.0,,,0,0,4.0,1.0,13.0,9.0,69.2,2.0,50.0,0.0,0.0,0.0,0.0,,0.0,0.0,0.0,0.0,2.25,0.5,,,,,,,63.20754716981132,41.96428571428572,89.28571428571429,63.35,89.44,50.0,0.0,64.63,0.8944,63.07,63.07
288,Ousmane Diomande,CIV,Sporting CP,DF,22,190,1,1,90,1.0,0,0,0,0,0,0,0,0,0,0,,0.0,0.0,,,0,1,,,,,,,,,,,,,0.0,0.0,0.0,1.0,,,,,,,11.73469387755102,53.91156462585034,,,,32.82,44.72,0.0,0.0,30.73,0.4472,40.47,40.47
289,Ghislain Konan,CIV,Gil Vicente FC,DF,30,176,3,3,269,3.0,0,0,0,0,0,0,0,0,4,0,0.0,1.34,0.0,0.0,,3,0,,,,,,,,,,,,,0.0,0.0,1.003717472118959,0.0,,,,,,,61.224489795918366,10.034013605442176,,,,35.63,77.32,0.0,0.0,36.24,0.7732,38.98,38.98
291,Wilfried Singo,CIV,Galatasaray SK,DF,25,182,2,2,171,1.9,0,1,1,0,0,0,0,0,2,0,0.0,1.05,0.0,0.0,,0,4,,,,,,,,,,,,,0.0,0.5263157894736842,0.0,2.1052631578947367,,,,,,,11.73469387755102,91.83673469387756,,,,51.79,61.64,0.0,0.0,47.59,0.6164,47.88,47.88
292,Seko Fofana,CIV,FC Porto,MF,31,185,2,1,92,1.0,0,0,0,0,0,0,1,0,5,1,20.0,4.89,0.98,0.0,0.0,0,2,,,,,,,,,,,,,0.0,0.0,0.0,1.9565217391304348,,,,40.5693950177936,96.44128113879005,,12.98932384341637,86.47686832740213,,,,56.33,45.22,20.0,1.0,51.58,0.4522,49.84,48.84
293,Odilon Kossounou,CIV,Atalanta Bergamo,DF,25,191,4,3,272,3.0,0,0,0,0,0,0,0,0,0,0,,0.0,0.0,,,3,3,,,,,,,,,,,,,0.0,0.0,0.9926470588235294,0.9926470588235294,,,,,,,56.12244897959183,51.36054421768708,,,,53.74,77.75,0.0,0.0,50.77,0.7775,50.23,50.23
294,Franck Kessié,CIV,Al Ahli FC,MF,29,183,4,4,346,3.8,1,0,1,1,0,0,1,0,4,2,50.0,1.04,0.52,0.25,0.5,4,0,,,,,,,,,,,,,0.2601156069364161,0.0,1.0404624277456649,0.0,,,,40.5693950177936,48.57651245551601,,56.93950177935944,14.23487544483986,,,,39.68,87.69,50.0,1.0,45.51,0.8769,45.87,44.87
295,Ange-Yoan Bonny,CIV,FC Internazionale Milano,FW,22,189,4,3,234,2.6,0,0,0,0,0,0,0,0,1,1,100.0,0.38,0.38,0.0,0.0,2,1,,,,,,,,,,,,,0.0,0.0,0.7692307692307693,0.3846153846153846,,,35.40856031128405,38.715953307393,23.346303501945524,50.0,,,,,,36.74,72.11,100.0,0.0,46.6,0.7211,47.06,47.06
296,Simon Adingra,CIV,AS Monaco,FW,24,175,1,0,16,0.2,0,0,0,0,0,0,0,0,0,0,,0.0,0.0,,,0,0,,,,,,,,,,,,,0.0,0.0,0.0,0.0,,,35.40856031128405,38.715953307393,11.478599221789883,23.151750972762645,,,,,,29.0,18.86,0.0,0.0,25.08,0.1886,43.86,43.86
297,Yan Diomandé,CIV,RB Leipzig,FW,19,180,4,4,329,3.7,0,1,1,0,0,0,0,0,4,0,0.0,1.09,0.0,0.0,,6,4,,,,,,,,,,,,,0.0,0.2735562310030395,1.641337386018237,1.094224924012158,,,35.40856031128405,83.26848249027238,32.68482490272373,23.151750972762645,,,,,,44.38,85.51,0.0,0.0,44.05,0.8551,44.66,44.66
298,Elye Wahi,CIV,OGC Nice,FW,23,181,3,1,110,1.2,0,0,0,0,0,0,0,0,3,2,66.7,2.45,1.64,0.0,0.0,1,0,,,,,,,,,,,,,0.0,0.0,0.8181818181818181,0.0,,,35.40856031128405,38.715953307393,66.14785992217898,82.87937743190662,,,,,,51.88,49.44,66.7,0.0,53.12,0.4944,50.65,50.65
299,Christopher Opéri,CIV,Başakşehir FK,DF,29,183,1,1,90,1.0,0,0,0,0,0,0,0,0,0,0,,0.0,0.0,,,2,1,,,,,,,,,,,,,0.0,0.0,2.0,1.0,,,,,,,89.28571428571429,53.91156462585034,,,,71.6,44.72,0.0,0.0,61.75,0.4472,54.34,54.34
300,Oumar Diakité,CIV,Cercle Brugge,FW,22,182,2,0,28,0.3,0,0,0,0,0,0,0,0,0,0,,0.0,0.0,,,1,0,,,,,,,,,,,,,0.0,0.0,3.214285714285714,0.0,,,35.40856031128405,38.715953307393,11.478599221789883,23.151750972762645,,,,,,29.0,24.94,0.0,0.0,25.69,0.2494,42.61,42.61
301,Amad Diallo,CIV,Manchester United FC,FW,23,173,4,2,185,2.1,2,0,2,2,0,0,0,0,8,4,50.0,3.89,1.95,0.25,0.5,4,2,,,,,,,,,,,,,0.972972972972973,0.0,1.945945945945946,0.972972972972973,,,93.57976653696498,38.715953307393,84.8249027237354,89.10505836575877,,,,,,77.22,64.12,50.0,0.0,73.19,0.6412,64.23,64.23
303,Guéla Doué,CIV,RC Strasbourg,DF,23,187,4,3,277,3.1,0,0,0,0,0,0,1,0,1,0,0.0,0.32,0.0,0.0,,5,3,,,,,,,,,,,,,0.0,0.0,1.624548736462094,0.9747292418772564,,,,,,,81.29251700680273,50.68027210884354,,,,65.99,78.46,0.0,1.0,60.63,0.7846,57.99,56.99
304,Ibrahim Sangaré,CIV,Nottingham Forest FC,MF,28,191,4,3,268,3.0,0,1,1,0,0,0,0,0,1,0,0.0,0.34,0.0,0.0,,5,6,,,,,,,,,,,,,0.0,0.335820895522388,1.67910447761194,2.014925373134328,,,,88.96797153024912,25.622775800711743,,80.42704626334519,89.32384341637011,,,,74.25,77.17,0.0,0.0,67.12,0.7717,62.85,62.85
305,Nicolas Pépé,CIV,Villarreal CF,FW,31,183,4,3,234,2.6,2,1,3,2,0,0,1,0,6,3,50.0,2.31,1.15,0.33,0.67,0,3,,,,,,,,,,,,,0.7692307692307693,0.3846153846153846,0.0,1.1538461538461535,,,87.93774319066148,87.7431906614786,61.478599221789885,71.01167315175097,,,,,,79.21,72.11,50.0,1.0,75.58,0.7211,67.95,66.95
306,Emmanuel Agbadou,CIV,Beşiktaş JK,DF,28,185,3,3,270,3.0,0,0,0,0,0,0,0,0,3,1,33.3,1.0,0.33,0.0,0.0,6,4,,,,,,,,,,,,,0.0,0.0,2.0,1.3333333333333337,,,,,,,89.28571428571429,71.08843537414967,,,,80.19,77.46,33.3,0.0,75.23,0.7746,69.17,69.17
308,Evann Guessand,CIV,Crystal Palace FC,FW,24,188,2,0,17,0.2,0,0,0,0,0,0,0,0,1,0,0.0,5.29,0.0,0.0,,0,0,,,,,,,,,,,,,0.0,0.0,0.0,0.0,,,35.40856031128405,38.715953307393,94.3579766536965,23.151750972762645,,,,,,45.57,19.44,0.0,0.0,38.4,0.1944,46.32,46.32
310,Bazoumana Touré,CIV,TSG Hoffenheim,FW,20,178,3,1,80,0.9,0,0,0,0,0,0,0,0,0,0,,0.0,0.0,,,1,0,,,,,,,,,,,,,0.0,0.0,1.125,0.0,,,35.40856031128405,38.715953307393,11.478599221789883,23.151750972762645,,,,,,29.0,42.16,0.0,0.0,27.41,0.4216,39.45,39.45
313,Dominik Livaković,CRO,GNK Dinamo Zagreb,GK,31,188,4,4,360,4.0,0,0,0,0,0,0,0,0,0,0,,0.0,0.0,,,0,0,7.0,1.75,17.0,10.0,58.8,1.0,25.0,2.0,2.0,0.0,0.0,0.0,0.0,0.0,0.0,0.0,2.5,0.25,,,,,,,45.28301886792453,50.0,59.82142857142857,50.33,89.44,25.0,0.0,51.71,0.8944,51.51,51.51
314,Josip Stanišić,CRO,FC Bayern München,DF,26,186,4,4,360,4.0,0,1,1,0,0,0,0,0,0,0,,0.0,0.0,,,2,5,,,,,,,,,,,,,0.0,0.25,0.5,1.25,,,,,,,38.775510204081634,67.51700680272108,,,,53.15,89.44,0.0,0.0,51.46,0.8944,51.13,51.13
315,Marin Pongračić,CRO,ACF Fiorentina,DF,28,193,3,3,270,3.0,0,0,0,0,0,0,0,0,1,0,0.0,0.33,0.0,0.0,,3,0,,,,,,,,,,,,,0.0,0.0,1.0,0.0,,,,,,,58.67346938775511,10.034013605442176,,,,34.35,77.46,0.0,0.0,35.23,0.7746,38.19,38.19
316,Joško Gvardiol,CRO,Manchester City FC,DF,24,185,4,2,139,1.5,0,0,0,0,0,0,0,0,1,0,0.0,0.65,0.0,0.0,,2,2,,,,,,,,,,,,,0.0,0.0,1.2949640287769786,1.2949640287769786,,,,,,,73.80952380952381,69.38775510204081,,,,71.6,55.58,0.0,0.0,62.84,0.5558,56.4,56.4
318,Josip Šutalo,CRO,AFC Ajax,DF,26,185,4,4,360,4.0,0,0,0,0,0,0,0,0,1,0,0.0,0.25,0.0,0.0,,4,6,,,,,,,,,,,,,0.0,0.0,1.0,1.5,,,,,,,58.67346938775511,77.04081632653062,,,,67.86,89.44,0.0,0.0,63.23,0.8944,61.66,61.66
320,Mateo Kovačić,CRO,Manchester City FC,MF,32,178,4,3,270,3.0,0,1,1,0,0,0,0,0,5,4,80.0,1.67,1.33,0.0,0.0,3,2,,,,,,,,,,,,,0.0,0.3333333333333333,1.0,0.6666666666666667,,,,88.25622775800713,68.14946619217082,,55.16014234875445,46.44128113879004,,,,65.51,77.46,80.0,0.0,68.15,0.7746,63.7,63.7
321,Andrej Kramarić,CRO,TSG Hoffenheim,FW,34,177,3,0,59,0.7,0,0,0,0,0,0,0,0,1,0,0.0,1.53,0.0,0.0,,1,0,,,,,,,,,,,,,0.0,0.0,1.5254237288135593,0.0,,,35.40856031128405,38.715953307393,40.66147859922179,23.151750972762645,,,,,,34.83,36.21,0.0,0.0,31.49,0.3621,42.17,42.17
322,Luka Modrić,CRO,AC Milan,MF,40,172,4,4,317,3.5,0,1,1,0,0,0,1,0,1,0,0.0,0.28,0.0,0.0,,3,0,,,,,,,,,,,,,0.0,0.2839116719242902,0.8517350157728707,0.0,,,,86.12099644128114,23.843416370106763,,49.11032028469751,14.23487544483986,,,,46.44,83.93,0.0,1.0,45.55,0.8393,46.0,45.0
323,Ante Budimir,CRO,CA Osasuna,FW,34,190,3,2,155,1.7,1,0,1,1,0,0,0,0,3,1,33.3,1.74,0.58,0.33,1.0,1,0,,,,,,,,,,,,,0.5806451612903226,0.0,0.5806451612903226,0.0,,,82.49027237354085,38.715953307393,48.44357976653696,55.05836575875487,,,,,,59.25,58.69,33.3,0.0,56.6,0.5869,53.14,53.14
325,Nikola Vlašić,CRO,Torino FC,MF,28,179,3,2,189,2.1,1,0,1,1,0,0,0,0,3,1,33.3,1.43,0.48,0.33,1.0,2,1,,,,,,,,,,,,,0.4761904761904761,0.0,0.9523809523809524,0.4761904761904761,,,,40.5693950177936,60.320284697508896,,51.95729537366548,38.43416370106761,,,,46.83,64.81,33.3,0.0,47.28,0.6481,47.67,47.67
326,Ivan Perišić,CRO,PSV Eindhoven,FW,37,186,4,4,360,4.0,1,1,2,1,0,0,2,0,2,2,100.0,0.5,0.5,0.5,0.5,4,4,,,,,,,,,,,,,0.25,0.25,1.0,1.0,,,73.92996108949417,81.32295719844358,24.90272373540856,51.55642023346303,,,,,,61.5,89.44,100.0,2.0,68.14,0.8944,66.04,64.04
327,Mario Pašalić,CRO,Atalanta Bergamo,MF,31,188,4,1,123,1.4,0,0,0,0,0,0,0,0,4,1,25.0,2.93,0.73,0.0,0.0,1,1,,,,,,,,,,,,,0.0,0.0,0.7317073170731708,0.7317073170731708,,,,40.5693950177936,90.2135231316726,,43.06049822064057,50.5338078291815,,,,53.61,52.28,25.0,0.0,50.62,0.5228,49.56,49.56
328,Martin Baturina,CRO,Como,MF,23,172,4,4,321,3.6,1,0,1,1,0,0,0,0,3,1,33.3,0.84,0.28,0.33,1.0,2,1,,,,,,,,,,,,,0.2803738317757009,0.0,0.5607476635514018,0.2803738317757009,,,,40.5693950177936,39.50177935943061,,36.29893238434164,30.2491103202847,,,,36.71,84.46,33.3,0.0,41.14,0.8446,42.27,42.27
329,Petar Sučić,CRO,FC Internazionale Milano,MF,22,183,4,3,289,3.2,1,1,2,1,0,0,1,0,3,2,66.7,0.93,0.62,0.33,0.5,2,1,,,,,,,,,,,,,0.3114186851211072,0.3114186851211072,0.6228373702422145,0.3114186851211072,,,,86.83274021352312,41.99288256227758,,39.14590747330961,32.38434163701068,,,,52.33,80.14,66.7,1.0,56.55,0.8014,54.93,53.93
332,Igor Matanović,CRO,SC Freiburg,FW,23,194,3,0,95,1.1,0,0,0,0,0,0,0,0,4,2,50.0,3.79,1.89,0.0,0.0,0,0,,,,,,,,,,,,,0.0,0.0,0.0,0.0,,,35.40856031128405,38.715953307393,83.26848249027238,88.52140077821011,,,,,,56.43,45.95,50.0,0.0,54.74,0.4595,51.22,51.22
333,Luka Sučić,CRO,Real Sociedad,MF,23,185,1,0,19,0.2,0,0,0,0,0,0,0,0,1,0,0.0,4.74,0.0,0.0,,0,0,,,,,,,,,,,,,0.0,0.0,0.0,0.0,,,,40.5693950177936,96.08540925266904,,12.98932384341637,14.23487544483986,,,,38.19,20.55,0.0,0.0,32.61,0.2055,45.15,45.15
334,Luka Vušković,CRO,Hamburger SV,DF,19,193,1,1,65,0.7,0,0,0,0,0,0,0,0,0,0,,0.0,0.0,,,0,1,,,,,,,,,,,,,0.0,0.0,0.0,1.3846153846153846,,,,,,,11.73469387755102,73.9795918367347,,,,42.86,38.01,0.0,0.0,38.09,0.3801,44.45,44.45
336,Marco Pašalić,CRO,Orlando City SC,FW,25,177,3,1,99,1.1,0,0,0,0,0,0,0,0,3,2,66.7,2.73,1.82,0.0,0.0,2,1,,,,,,,,,,,,,0.0,0.0,1.8181818181818183,0.9090909090909092,,,35.40856031128405,38.715953307393,68.48249027237354,86.7704280155642,,,,,,53.12,46.9,66.7,0.0,53.86,0.469,50.87,50.87
338,Petar Musa,CRO,FC Dallas,FW,28,190,2,2,110,1.2,1,0,1,1,0,0,0,0,1,1,100.0,0.82,0.82,1.0,1.0,0,0,,,,,,,,,,,,,0.8181818181818181,0.0,0.0,0.0,,,89.29961089494164,38.715953307393,29.571984435797667,64.2023346303502,,,,,,59.69,49.44,100.0,0.0,62.7,0.4944,55.38,55.38
339,Eloy Room,CUW,Miami FC,GK,37,190,3,3,270,3.0,0,0,0,0,0,0,0,0,0,0,,0.0,0.0,,,0,0,9.0,3.0,29.0,20.0,69.0,1.0,33.3,1.0,1.0,0.0,0.0,0.0,0.0,0.0,0.0,0.0,6.666666666666666,0.3333333333333333,,,,,,,60.37735849056604,98.21428571428572,71.42857142857143,74.49,77.46,33.3,0.0,70.67,0.7746,65.98,65.98
340,Shurandy Sambo,CUW,Sparta Rotterdam,DF,24,174,1,0,1,0.0,0,0,0,0,0,0,0,0,0,0,,0.0,0.0,,,0,1,,,,,,,,,,,,,0.0,0.0,0.0,90.0,,,,,,,11.73469387755102,100.0,,,,55.87,4.71,0.0,0.0,45.17,0.0471,48.2,48.2
341,Juriën Gaari,CUW,Abha Club,DF,32,183,2,2,166,1.8,0,0,0,0,0,0,1,0,2,0,0.0,1.08,0.0,0.0,,2,2,,,,,,,,,,,,,0.0,0.0,1.0843373493975903,1.0843373493975903,,,,,,,66.66666666666666,60.204081632653065,,,,63.44,60.74,0.0,1.0,56.82,0.6074,53.49,52.49
342,Roshon van Eijma,CUW,RKC Waalwijk,DF,28,186,1,0,15,0.2,0,0,0,0,0,0,0,0,0,0,,0.0,0.0,,,0,0,,,,,,,,,,,,,0.0,0.0,0.0,0.0,,,,,,,11.73469387755102,10.034013605442176,,,,10.88,18.26,0.0,0.0,10.53,0.1826,41.44,41.44
343,Sherel Floranus,CUW,PEC Zwolle,DF,27,181,3,3,270,3.0,0,0,0,0,0,0,0,0,2,0,0.0,0.67,0.0,0.0,,6,4,,,,,,,,,,,,,0.0,0.0,2.0,1.3333333333333337,,,,,,,89.28571428571429,71.08843537414967,,,,80.19,77.46,0.0,0.0,71.9,0.7746,66.59,66.59
344,Godfried Roemeratoe,CUW,RKC Waalwijk,MF,26,178,1,0,7,0.1,0,0,0,0,0,0,0,0,0,0,,0.0,0.0,,,0,0,,,,,,,,,,,,,0.0,0.0,0.0,0.0,,,,40.5693950177936,11.387900355871883,,12.98932384341637,14.23487544483986,,,,21.25,12.47,0.0,0.0,18.25,0.1247,44.64,44.64
345,Juninho Bacuna,CUW,FC Volendam,MF,28,178,3,3,254,2.8,0,0,0,0,0,0,2,0,5,1,20.0,1.77,0.35,0.0,0.0,4,5,,,,,,,,,,,,,0.0,0.0,1.4173228346456692,1.7716535433070866,,,,40.5693950177936,71.17437722419929,,71.17437722419929,83.62989323843416,,,,65.11,75.13,20.0,2.0,61.6,0.7513,58.32,56.32
346,Livano Comenencia,CUW,FC Zürich,MF,22,185,3,3,233,2.6,1,0,1,1,0,0,1,0,5,2,40.0,1.93,0.77,0.2,0.5,1,11,,,,,,,,,,,,,0.3862660944206008,0.0,0.3862660944206008,4.24892703862661,,,,40.5693950177936,74.19928825622776,,30.60498220640569,98.57651245551602,,,,59.31,71.96,40.0,1.0,58.64,0.7196,55.77,54.77
348,Leandro Bacuna,CUW,Iğdır FK,MF,34,180,3,3,270,3.0,0,0,0,0,0,0,1,0,6,1,16.7,2.0,0.33,0.0,0.0,3,0,,,,,,,,,,,,,0.0,0.0,1.0,0.0,,,,40.5693950177936,75.80071174377224,,55.16014234875445,14.23487544483986,,,,44.68,77.46,16.7,1.0,45.16,0.7746,45.89,44.89
349,Jeremy Antonisse,CUW,AE Kifisia FC,FW,24,164,2,0,75,0.8,0,0,0,0,0,0,0,0,1,0,0.0,1.2,0.0,0.0,,1,0,,,,,,,,,,,,,0.0,0.0,1.2000000000000002,0.0,,,35.40856031128405,38.715953307393,34.24124513618677,23.151750972762645,,,,,,33.55,40.82,0.0,0.0,30.92,0.4082,41.16,41.16
350,Sontje Hansen,CUW,Middlesbrough FC,FW,24,176,1,1,45,0.5,0,0,0,0,0,0,0,0,1,1,100.0,2.0,2.0,0.0,0.0,0,0,,,,,,,,,,,,,0.0,0.0,0.0,0.0,,,35.40856031128405,38.715953307393,54.474708171206224,90.27237354085604,,,,,,51.02,31.62,100.0,0.0,53.98,0.3162,50.05,50.05
351,Tyrese Noslin,CUW,SC Telstar,FW,23,182,1,0,14,0.2,0,0,0,0,0,0,0,0,0,0,,0.0,0.0,,,0,0,,,,,,,,,,,,,0.0,0.0,0.0,0.0,,,35.40856031128405,38.715953307393,11.478599221789883,23.151750972762645,,,,,,29.0,17.64,0.0,0.0,24.96,0.1764,44.13,44.13
352,Kenji Gorré,CUW,Maccabi Haifa FC,FW,31,174,1,0,16,0.2,0,0,0,0,0,0,0,0,0,0,,0.0,0.0,,,0,0,,,,,,,,,,,,,0.0,0.0,0.0,0.0,,,35.40856031128405,38.715953307393,11.478599221789883,23.151750972762645,,,,,,29.0,18.86,0.0,0.0,25.08,0.1886,43.86,43.86
354,Jearl Margaritha,CUW,SK Beveren,FW,26,181,2,0,41,0.5,0,0,0,0,0,0,0,0,1,0,0.0,2.2,0.0,0.0,,0,0,,,,,,,,,,,,,0.0,0.0,0.0,0.0,,,35.40856031128405,38.715953307393,59.14396887159533,23.151750972762645,,,,,,38.53,30.18,0.0,0.0,33.84,0.3018,43.89,43.89
355,Brandley Kuwas,CUW,FC Volendam,FW,33,181,1,0,1,0.0,0,0,0,0,0,0,0,0,0,0,,0.0,0.0,,,0,0,,,,,,,,,,,,,0.0,0.0,0.0,0.0,,,35.40856031128405,38.715953307393,11.478599221789883,23.151750972762645,,,,,,29.0,4.71,0.0,0.0,23.67,0.0471,47.07,47.07
356,Armando Obispo,CUW,PSV Eindhoven,DF,27,185,3,3,270,3.0,0,0,0,0,0,0,0,0,0,0,,0.0,0.0,,,1,7,,,,,,,,,,,,,0.0,0.0,0.3333333333333333,2.333333333333333,,,,,,,29.25170068027211,93.70748299319727,,,,61.48,77.46,0.0,0.0,56.93,0.7746,54.99,54.99
357,Gervane Kastaneer,CUW,Terengganu FC,FW,30,189,3,0,30,0.3,0,0,0,0,0,0,2,0,1,0,0.0,3.0,0.0,0.0,,0,0,,,,,,,,,,,,,0.0,0.0,0.0,0.0,,,35.40856031128405,38.715953307393,72.76264591439688,23.151750972762645,,,,,,41.25,25.82,0.0,2.0,35.59,0.2582,44.96,42.96
358,Joshua Brenet,CUW,Kayserispor,DF,32,181,2,2,179,2.0,0,0,0,0,0,0,0,0,0,0,,0.0,0.0,,,4,1,,,,,,,,,,,,,0.0,0.0,2.011173184357542,0.5027932960893855,,,,,,,91.15646258503402,31.29251700680272,,,,61.22,63.07,0.0,0.0,55.29,0.6307,52.72,52.72
359,Tahith Chong,CUW,Sheeld United FC,MF,26,185,3,3,247,2.7,0,0,0,0,0,0,0,0,4,2,50.0,1.46,0.73,0.0,0.0,0,1,,,,,,,,,,,,,0.0,0.0,0.0,0.3643724696356275,,,,40.5693950177936,61.56583629893239,,12.98932384341637,34.16370106761566,,,,36.27,74.09,50.0,0.0,41.43,0.7409,43.23,43.23
361,Riechedly Bazoer,CUW,Konyaspor,DF,29,184,1,1,90,1.0,0,0,0,0,0,0,0,0,0,0,,0.0,0.0,,,1,1,,,,,,,,,,,,,0.0,0.0,1.0,1.0,,,,,,,58.67346938775511,53.91156462585034,,,,56.29,44.72,0.0,0.0,49.51,0.4472,48.86,48.86
362,Deveron Fonville,CUW,NEC Nijmegen,DF,23,188,3,3,241,2.7,0,0,0,0,0,0,0,0,0,0,,0.0,0.0,,,3,5,,,,,,,,,,,,,0.0,0.0,1.120331950207469,1.867219917012448,,,,,,,68.02721088435374,86.05442176870748,,,,77.04,73.18,0.0,0.0,68.95,0.7318,63.42,63.42
365,Matej Kovar,CZE,PSV Eindhoven,GK,26,196,3,3,270,3.0,0,0,0,0,0,0,0,0,0,0,,0.0,0.0,,,0,0,6.0,2.0,15.0,9.0,60.0,0.0,0.0,1.0,1.0,0.0,0.0,0.0,0.0,0.0,0.0,0.0,3.0,0.0,,,,,,,49.0566037735849,64.28571428571429,26.785714285714285,48.06,77.46,0.0,0.0,46.19,0.7746,47.02,47.02
366,David Zima,CZE,SK Slavia Praha,DF,25,190,1,0,13,0.1,0,0,0,0,0,0,0,0,0,0,,0.0,0.0,,,0,0,,,,,,,,,,,,,0.0,0.0,0.0,0.0,,,,,,,11.73469387755102,10.034013605442176,,,,10.88,17.0,0.0,0.0,10.41,0.17,41.9,41.9
367,Tomáš Holeš,CZE,SK Slavia Praha,DF,33,180,2,2,153,1.7,0,0,0,0,0,0,0,0,0,0,,0.0,0.0,,,3,4,,,,,,,,,,,,,0.0,0.0,1.7647058823529411,2.3529411764705883,,,,,,,84.6938775510204,94.21768707482994,,,,89.46,58.31,0.0,0.0,77.4,0.5831,65.28,65.28
368,Robin Hranáč,CZE,TSG Hoffenheim,DF,26,189,3,3,270,3.0,0,0,0,0,0,0,0,0,0,0,,0.0,0.0,,,0,1,,,,,,,,,,,,,0.0,0.0,0.0,0.3333333333333333,,,,,,,11.73469387755102,22.61904761904762,,,,17.18,77.46,0.0,0.0,21.49,0.7746,27.54,27.54
369,Vladimír Coufal,CZE,TSG Hoffenheim,DF,33,175,3,3,270,3.0,0,1,1,0,0,0,0,0,1,0,0.0,0.33,0.0,0.0,,1,2,,,,,,,,,,,,,0.0,0.3333333333333333,0.3333333333333333,0.6666666666666667,,,,,,,29.25170068027211,38.265306122448976,,,,33.76,77.46,0.0,0.0,34.75,0.7746,37.82,37.82
370,Štěpán Chaloupek,CZE,SK Slavia Praha,DF,23,188,1,1,90,1.0,0,0,0,0,0,0,0,0,0,0,,0.0,0.0,,,0,2,,,,,,,,,,,,,0.0,0.0,0.0,2.0,,,,,,,11.73469387755102,88.60544217687075,,,,50.17,44.72,0.0,0.0,44.61,0.4472,46.67,46.67
371,Ladislav Krejčí,CZE,Wolverhampton Wanderers FC,DF,27,191,3,3,270,3.0,1,0,1,1,0,0,1,0,5,1,20.0,1.67,0.33,0.2,1.0,3,1,,,,,,,,,,,,,0.3333333333333333,0.0,1.0,0.3333333333333333,,,,,,,58.67346938775511,22.61904761904762,,,,40.65,77.46,20.0,1.0,42.26,0.7746,43.63,42.63
372,Vladimír Darida,CZE,FC Hradec Králové,MF,35,172,1,1,54,0.6,0,0,0,0,0,0,0,0,1,0,0.0,1.67,0.0,0.0,,0,1,,,,,,,,,,,,,0.0,0.0,0.0,1.6666666666666663,,,,40.5693950177936,68.14946619217082,,12.98932384341637,81.31672597864768,,,,49.38,34.64,0.0,0.0,42.97,0.3464,46.52,46.52
373,Adam Hložek,CZE,TSG Hoffenheim,FW,23,188,3,2,156,1.7,0,0,0,0,0,0,0,0,3,1,33.3,1.73,0.58,0.0,0.0,1,1,,,,,,,,,,,,,0.0,0.0,0.5769230769230769,0.5769230769230769,,,35.40856031128405,38.715953307393,47.66536964980545,55.05836575875487,,,,,,42.62,58.88,33.3,0.0,43.31,0.5888,45.33,45.33
374,Patrik Schick,CZE,Bayer 04 Leverkusen,FW,30,191,3,2,180,2.0,0,0,0,0,0,0,0,0,2,1,50.0,1.0,0.5,0.0,0.0,0,0,,,,,,,,,,,,,0.0,0.0,0.0,0.0,,,35.40856031128405,38.715953307393,31.1284046692607,51.55642023346303,,,,,,38.61,63.25,50.0,0.0,42.21,0.6325,44.42,44.42
376,Lukáš Červ,CZE,FC Viktoria Plzeň,MF,25,182,2,2,163,1.8,0,0,0,0,0,0,0,0,3,2,66.7,1.66,1.1,0.0,0.0,3,0,,,,,,,,,,,,,0.0,0.0,1.6564417177914113,0.0,,,,40.5693950177936,67.43772241992883,,79.35943060498221,14.23487544483986,,,,49.06,60.18,66.7,0.0,51.93,0.6018,50.53,50.53
377,Mojmír Chytil,CZE,SK Slavia Praha,FW,27,187,1,0,7,0.1,0,0,0,0,0,0,0,0,0,0,,0.0,0.0,,,0,0,,,,,,,,,,,,,0.0,0.0,0.0,0.0,,,35.40856031128405,38.715953307393,11.478599221789883,23.151750972762645,,,,,,29.0,12.47,0.0,0.0,24.45,0.1247,45.26,45.26
379,Pavel Šulc,CZE,Olympique Lyonnais,FW,25,177,3,2,189,2.1,0,0,0,0,0,0,0,0,2,0,0.0,0.95,0.0,0.0,,2,0,,,,,,,,,,,,,0.0,0.0,0.9523809523809524,0.0,,,35.40856031128405,38.715953307393,30.739299610894943,23.151750972762645,,,,,,32.85,64.81,0.0,0.0,32.76,0.6481,38.2,38.2
381,Lukáš Provod,CZE,SK Slavia Praha,MF,29,191,3,1,122,1.4,0,0,0,0,0,0,0,0,1,0,0.0,0.74,0.0,0.0,,3,1,,,,,,,,,,,,,0.0,0.0,2.2131147540983607,0.7377049180327869,,,,40.5693950177936,36.120996441281136,,90.39145907473308,51.245551601423486,,,,54.8,52.07,0.0,0.0,49.05,0.5207,48.74,48.74
382,Michal Sadílek,CZE,SK Slavia Praha,MF,27,169,3,2,183,2.0,1,0,1,1,0,0,0,0,7,3,42.9,3.44,1.48,0.14,0.33,2,2,,,,,,,,,,,,,0.4918032786885246,0.0,0.9836065573770492,0.9836065573770492,,,,40.5693950177936,92.88256227758008,,53.38078291814946,60.14234875444839,,,,59.13,63.77,42.9,0.0,57.97,0.6377,54.5,54.5
383,Tomáš Chorý,CZE,SK Slavia Praha,FW,31,199,2,0,31,0.3,0,0,0,0,0,0,0,0,0,0,,0.0,0.0,,,0,0,,,,,,,,,,,,,0.0,0.0,0.0,0.0,,,35.40856031128405,38.715953307393,11.478599221789883,23.151750972762645,,,,,,29.0,26.25,0.0,0.0,25.82,0.2625,42.35,42.35
384,Jaroslav Zelený,CZE,AC Sparta Praha,DF,33,190,2,1,126,1.4,0,0,0,0,0,0,0,0,1,0,0.0,0.71,0.0,0.0,,0,0,,,,,,,,,,,,,0.0,0.0,0.0,0.0,,,,,,,11.73469387755102,10.034013605442176,,,,10.88,52.92,0.0,0.0,14.0,0.5292,30.17,30.17
385,David Douděra,CZE,SK Slavia Praha,DF,28,175,1,1,90,1.0,0,0,0,0,0,0,0,0,4,0,0.0,4.0,0.0,0.0,,0,1,,,,,,,,,,,,,0.0,0.0,0.0,1.0,,,,,,,11.73469387755102,53.91156462585034,,,,32.82,44.72,0.0,0.0,30.73,0.4472,40.47,40.47
386,Tomáš Souček,CZE,West Ham United FC,MF,31,192,3,1,137,1.5,0,0,0,0,0,0,0,0,1,0,0.0,0.66,0.0,0.0,,0,1,,,,,,,,,,,,,0.0,0.0,0.0,0.656934306569343,,,,40.5693950177936,32.38434163701068,,12.98932384341637,45.55160142348754,,,,33.28,55.18,0.0,0.0,32.14,0.5518,39.43,39.43
388,Alexandr Sojka,CZE,FC Viktoria Plzeň,MF,23,188,3,2,141,1.6,0,1,1,0,0,0,0,0,0,0,,0.0,0.0,,,1,2,,,,,,,,,,,,,0.0,0.6382978723404256,0.6382978723404256,1.2765957446808511,,,,96.44128113879005,11.387900355871883,,39.50177935943061,69.03914590747331,,,,58.35,55.98,0.0,0.0,52.27,0.5598,50.57,50.57
390,Denis Višinský,CZE,FC Viktoria Plzeň,FW,23,178,1,1,55,0.6,0,0,0,0,0,0,0,0,3,0,0.0,4.91,0.0,0.0,,0,0,,,,,,,,,,,,,0.0,0.0,0.0,0.0,,,35.40856031128405,38.715953307393,92.99610894941634,23.151750972762645,,,,,,45.3,34.96,0.0,0.0,39.74,0.3496,45.26,45.26
391,Hernán Galíndez,ECU,CA Huracán,GK,39,189,4,4,360,4.0,0,0,0,0,0,0,0,0,0,0,,0.0,0.0,,,0,0,4.0,1.0,13.0,9.0,69.2,1.0,25.0,0.0,0.0,0.0,0.0,,0.0,0.0,0.0,0.0,2.25,0.25,,,,,,,63.20754716981132,41.96428571428572,59.82142857142857,55.99,89.44,25.0,0.0,56.23,0.8944,55.56,55.56
393,Piero Hincapié,ECU,Arsenal FC,DF,24,183,4,4,339,3.8,0,0,0,0,0,0,1,1,3,0,0.0,0.8,0.0,0.0,,5,4,,,,,,,,,,,,,0.0,0.0,1.327433628318584,1.0619469026548671,,,,,,,74.82993197278913,59.863945578231295,,,,67.35,86.79,0.0,5.0,62.56,0.8679,60.68,55.68
394,Joel Ordóñez,ECU,Club Brugge,DF,22,188,3,3,225,2.5,0,0,0,0,0,0,0,0,2,0,0.0,0.8,0.0,0.0,,5,1,,,,,,,,,,,,,0.0,0.0,2.0,0.4,,,,,,,89.28571428571429,25.34013605442177,,,,57.31,70.71,0.0,0.0,52.92,0.7071,51.58,51.58
395,Jordy Alcivar,ECU,Independiente Del Valle,MF,26,168,1,1,45,0.5,0,0,0,0,0,0,1,0,1,0,0.0,2.0,0.0,0.0,,1,0,,,,,,,,,,,,,0.0,0.0,2.0,0.0,,,,40.5693950177936,75.80071174377224,,87.36654804270462,14.23487544483986,,,,52.73,31.62,0.0,1.0,45.35,0.3162,47.43,46.43
396,Willian Pacho,ECU,Paris Saint-Germain,DF,24,188,4,4,360,4.0,0,0,0,0,0,0,0,0,1,1,100.0,0.25,0.25,0.0,0.0,2,8,,,,,,,,,,,,,0.0,0.0,0.5,2.0,,,,,,,38.775510204081634,88.60544217687075,,,,63.69,89.44,100.0,0.0,69.9,0.8944,67.62,67.62
397,Pervis Estupiñán,ECU,AC Milan,DF,28,175,2,1,89,1.0,0,0,0,0,0,0,0,0,0,0,,0.0,0.0,,,1,0,,,,,,,,,,,,,0.0,0.0,1.0112359550561798,0.0,,,,,,,62.07482993197279,10.034013605442176,,,,36.05,44.47,0.0,0.0,33.29,0.4447,41.65,41.65
399,John Yeboah,ECU,Venezia FC,FW,25,170,4,4,311,3.5,0,0,0,0,0,0,0,0,8,3,37.5,2.32,0.87,0.0,0.0,3,3,,,,,,,,,,,,,0.0,0.0,0.8681672025723474,0.8681672025723474,,,35.40856031128405,38.715953307393,62.06225680933852,65.75875486381322,,,,,,47.64,83.13,37.5,0.0,50.17,0.8313,49.84,49.84
400,Kendry Páez,ECU,CA River Plate,MF,19,178,1,0,12,0.1,0,0,0,0,0,0,1,0,0,0,,0.0,0.0,,,0,0,,,,,,,,,,,,,0.0,0.0,0.0,0.0,,,,40.5693950177936,11.387900355871883,,12.98932384341637,14.23487544483986,,,,21.25,16.33,0.0,1.0,18.64,0.1633,43.54,42.54
401,Kevin Rodríguez,ECU,Royale Union Saint-Gilloise,FW,26,190,4,0,118,1.3,0,1,1,0,0,0,0,0,6,1,16.7,4.58,0.76,0.0,0.0,1,0,,,,,,,,,,,,,0.0,0.7627118644067796,0.7627118644067796,0.0,,,35.40856031128405,96.1089494163424,90.6614785992218,63.03501945525292,,,,,,67.16,51.21,16.7,0.0,60.52,0.5121,54.52,54.52
403,Enner Valencia,ECU,CF Pachuca,FW,36,177,4,4,287,3.2,0,0,0,0,0,0,0,0,10,6,60.0,3.14,1.88,0.0,0.0,1,0,,,,,,,,,,,,,0.0,0.0,0.313588850174216,0.0,,,35.40856031128405,38.715953307393,75.87548638132296,87.93774319066148,,,,,,54.83,79.86,60.0,0.0,57.85,0.7986,55.92,55.92
404,Alan Minda,ECU,Atlético Mineiro,MF,23,174,1,1,55,0.6,0,0,0,0,0,0,0,0,2,0,0.0,3.27,0.0,0.0,,0,1,,,,,,,,,,,,,0.0,0.0,0.0,1.6363636363636362,,,,40.5693950177936,92.34875444839858,,12.98932384341637,80.6049822064057,,,,54.04,34.96,0.0,0.0,46.73,0.3496,47.81,47.81
405,Pedro Vite,ECU,Pumas UNAM,MF,24,172,4,4,360,4.0,0,1,1,0,0,0,0,0,4,1,25.0,1.0,0.25,0.0,0.0,11,5,,,,,,,,,,,,,0.0,0.25,2.75,1.25,,,,84.34163701067615,45.55160142348754,,95.37366548042704,68.32740213523132,,,,75.34,89.44,25.0,0.0,71.71,0.8944,69.25,69.25
406,Jordy Caicedo,ECU,CA Huracán,FW,28,186,3,0,20,0.2,0,0,0,0,0,0,0,0,1,0,0.0,4.5,0.0,0.0,,0,0,,,,,,,,,,,,,0.0,0.0,0.0,0.0,,,35.40856031128405,38.715953307393,90.07782101167317,23.151750972762645,,,,,,44.72,21.08,0.0,0.0,37.88,0.2108,46.05,46.05
407,Ángelo Preciado,ECU,Atlético Mineiro,DF,28,174,4,0,109,1.2,0,0,0,0,0,0,0,0,0,0,,0.0,0.0,,,1,3,,,,,,,,,,,,,0.0,0.0,0.8256880733944955,2.4770642201834865,,,,,,,52.55102040816326,95.578231292517,,,,74.06,49.22,0.0,0.0,64.17,0.4922,56.14,56.14
409,Gonzalo Plata,ECU,CR Flamengo,FW,25,178,4,4,360,4.0,1,0,1,1,0,0,1,0,8,5,62.5,2.0,1.25,0.13,0.2,5,2,,,,,,,,,,,,,0.25,0.0,1.25,0.5,,,73.92996108949417,38.715953307393,54.474708171206224,74.90272373540856,,,,,,61.43,89.44,62.5,1.0,64.34,0.8944,62.64,61.64
410,Nilson Angulo,ECU,Sunderland AFC,FW,22,184,4,2,218,2.4,1,0,1,1,0,0,0,0,2,2,100.0,0.83,0.83,0.5,0.5,1,2,,,,,,,,,,,,,0.4128440366972477,0.0,0.4128440366972477,0.8256880733944955,,,79.76653696498055,38.715953307393,29.961089494163424,64.59143968871595,,,,,,56.51,69.6,100.0,0.0,62.17,0.696,57.93,57.93
411,Alan Franco,ECU,Atlético Mineiro,MF,27,175,4,4,251,2.8,0,0,0,0,0,0,2,0,0,0,,0.0,0.0,,,6,4,,,,,,,,,,,,,0.0,0.0,2.151394422310757,1.4342629482071714,,,,40.5693950177936,11.387900355871883,,88.96797153024912,74.02135231316726,,,,55.2,74.68,0.0,2.0,51.63,0.7468,50.81,48.81
413,Moisés Caicedo,ECU,Chelsea FC,MF,24,178,4,4,360,4.0,0,0,0,0,0,0,1,0,4,1,25.0,1.0,0.25,0.0,0.0,6,4,,,,,,,,,,,,,0.0,0.0,1.5,1.0,,,,40.5693950177936,45.55160142348754,,75.80071174377224,61.20996441281139,,,,55.53,89.44,25.0,1.0,55.87,0.8944,55.08,54.08
415,Jackson Porozo,ECU,Club Tijuana,DF,25,192,1,0,29,0.3,0,0,0,0,0,0,1,0,0,0,,0.0,0.0,,,0,0,,,,,,,,,,,,,0.0,0.0,0.0,0.0,,,,,,,11.73469387755102,10.034013605442176,,,,10.88,25.39,0.0,1.0,11.25,0.2539,38.93,37.93
416,Yaimar Medina,ECU,KRC Genk,DF,21,173,1,0,45,0.5,0,0,0,0,0,0,0,0,1,0,0.0,2.0,0.0,0.0,,0,1,,,,,,,,,,,,,0.0,0.0,0.0,2.0,,,,,,,11.73469387755102,88.60544217687075,,,,50.17,31.62,0.0,0.0,43.3,0.3162,46.75,46.75
418,Yasser Ibrahim,EGY,Al Ahly FC,DF,33,185,5,4,467,5.2,1,0,1,1,0,0,2,0,1,1,100.0,0.19,0.19,1.0,1.0,6,3,,,,,,,,,,,,,0.1927194860813704,0.0,1.1563169164882228,0.5781584582441114,,,,,,,69.38775510204081,35.374149659863946,,,,52.38,100.0,100.0,2.0,61.9,1.0,61.9,59.9
419,Mohamed Hany,EGY,Al Ahly FC,DF,30,175,5,5,480,5.3,0,1,1,0,0,0,0,0,4,0,0.0,0.75,0.0,0.0,,9,6,,,,,,,,,,,,,0.0,0.1875,1.6875,1.125,,,,,,,83.33333333333334,62.58503401360544,,,,72.96,100.0,0.0,0.0,68.37,1.0,68.37,68.37
420,Hossam Abdelmaguid,EGY,Zamalek SC,DF,25,193,2,0,59,0.7,0,0,0,0,0,0,0,0,0,0,,0.0,0.0,,,0,1,,,,,,,,,,,,,0.0,0.0,0.0,1.5254237288135593,,,,,,,11.73469387755102,78.57142857142857,,,,45.15,36.21,0.0,0.0,39.74,0.3621,45.23,45.23
421,Ramy Rabia,EGY,Al Ain FC,DF,33,183,5,3,372,4.1,0,0,0,0,0,0,0,0,1,1,100.0,0.24,0.24,0.0,0.0,5,3,,,,,,,,,,,,,0.0,0.0,1.2096774193548387,0.7258064516129032,,,,,,,71.7687074829932,41.49659863945578,,,,56.63,90.92,100.0,0.0,64.4,0.9092,62.94,62.94
423,Trézéguet,EGY,Al Ahly FC,FW,31,181,4,1,164,1.8,1,1,2,1,0,0,0,0,8,3,37.5,4.39,1.65,0.13,0.33,0,1,,,,,,,,,,,,,0.5487804878048781,0.5487804878048781,0.0,0.5487804878048781,,,80.93385214007782,92.21789883268482,89.49416342412452,83.26848249027238,,,,,,85.93,60.37,37.5,0.0,78.53,0.6037,66.52,66.52
424,Emam Ashour,EGY,Al Ahly FC,MF,28,180,5,5,362,4.0,2,0,2,2,0,0,0,0,10,2,20.0,2.49,0.5,0.2,1.0,2,4,,,,,,,,,,,,,0.4972375690607734,0.0,0.4972375690607734,0.9944751381215468,,,,40.5693950177936,84.51957295373666,,33.45195729537366,60.67615658362989,,,,52.61,89.69,20.0,0.0,53.05,0.8969,52.57,52.57
425,Hamza Abdelkarim,EGY,FC Barcelona,FW,18,182,4,0,60,0.7,0,0,0,0,0,0,0,0,0,0,,0.0,0.0,,,0,0,,,,,,,,,,,,,0.0,0.0,0.0,0.0,,,35.40856031128405,38.715953307393,11.478599221789883,23.151750972762645,,,,,,29.0,36.51,0.0,0.0,26.85,0.3651,40.42,40.42
426,Mohamed Salah,EGY,Liverpool FC,FW,33,175,5,5,425,4.7,1,2,3,1,0,0,0,0,9,4,44.4,1.91,0.85,0.11,0.25,0,2,,,,,,,,,,,,,0.2117647058823529,0.4235294117647058,0.0,0.4235294117647058,,,71.98443579766537,89.49416342412452,52.52918287937744,64.98054474708171,,,,,,71.07,97.18,44.4,0.0,71.01,0.9718,70.37,70.37
428,Haissem Hassan,EGY,Real Oviedo,FW,24,175,2,1,126,1.4,0,1,1,0,0,0,2,0,1,0,0.0,0.71,0.0,0.0,,1,0,,,,,,,,,,,,,0.0,0.7142857142857142,0.7142857142857142,0.0,,,35.40856031128405,94.94163424124513,27.626459143968876,23.151750972762645,,,,,,46.28,52.92,0.0,2.0,42.32,0.5292,45.1,43.1
429,Ahmed Fatouh,EGY,Zamalek SC,DF,28,177,3,3,267,3.0,0,0,0,0,0,0,1,0,1,1,100.0,0.34,0.34,0.0,0.0,5,4,,,,,,,,,,,,,0.0,0.0,1.6853932584269664,1.348314606741573,,,,,,,82.99319727891157,72.78911564625851,,,,77.89,77.03,100.0,1.0,80.02,0.7703,72.74,71.74
430,Hamdy Fathy,EGY,Al Wakrah SC,MF,31,183,4,3,238,2.6,0,0,0,0,0,0,1,0,0,0,,0.0,0.0,,,3,2,,,,,,,,,,,,,0.0,0.0,1.134453781512605,0.7563025210084033,,,,40.5693950177936,11.387900355871883,,60.67615658362989,52.31316725978648,,,,42.7,72.72,0.0,1.0,41.43,0.7272,43.33,42.33
431,Karim Hafez,EGY,Pyramids FC,DF,30,174,3,2,172,1.9,0,1,1,0,0,0,0,0,1,0,0.0,0.52,0.0,0.0,,1,3,,,,,,,,,,,,,0.0,0.5232558139534884,0.5232558139534884,1.569767441860465,,,,,,,41.156462585034014,79.59183673469387,,,,60.37,61.82,0.0,0.0,54.48,0.6182,52.14,52.14
436,Ibrahim Adel,EGY,FC Nordsjælland,FW,25,178,1,0,3,0.0,0,0,0,0,0,0,0,0,0,0,,0.0,0.0,,,0,0,,,,,,,,,,,,,0.0,0.0,0.0,0.0,,,35.40856031128405,38.715953307393,11.478599221789883,23.151750972762645,,,,,,29.0,8.16,0.0,0.0,24.01,0.0816,46.25,46.25
437,Mahmoud Saber,EGY,ZED FC,MF,24,170,2,1,46,0.5,1,0,1,1,0,0,1,0,3,1,33.3,5.87,1.96,0.33,1.0,0,0,,,,,,,,,,,,,1.9565217391304348,0.0,0.0,0.0,,,,40.5693950177936,98.22064056939502,,12.98932384341637,14.23487544483986,,,,38.62,31.97,33.3,1.0,37.42,0.3197,44.89,43.89
438,Omar Marmoush,EGY,Manchester City FC,FW,27,180,5,3,326,3.6,0,0,0,0,0,0,0,0,11,1,9.1,3.04,0.28,0.0,0.0,3,2,,,,,,,,,,,,,0.0,0.0,0.8282208588957056,0.5521472392638037,,,35.40856031128405,38.715953307393,74.5136186770428,47.081712062256805,,,,,,46.39,85.11,9.1,0.0,46.53,0.8511,46.79,46.79
441,Zizo,EGY,Al Ahly FC,FW,30,175,4,0,56,0.6,0,0,0,0,0,0,0,0,3,1,33.3,4.82,1.61,0.0,0.0,1,0,,,,,,,,,,,,,0.0,0.0,1.607142857142857,0.0,,,35.40856031128405,38.715953307393,91.82879377431908,82.49027237354085,,,,,,56.94,35.28,33.3,0.0,52.41,0.3528,49.7,49.7
443,Jordan Pickford,ENG,Everton FC,GK,32,185,7,7,660,7.3,0,0,0,0,0,0,0,0,0,0,,0.0,0.0,,,0,0,8.0,1.09,23.0,15.0,65.2,2.0,28.6,1.0,1.0,0.0,0.0,0.0,0.0,0.0,0.0,0.0,2.0454545454545454,0.2727272727272727,,,,,,,54.71698113207547,35.714285714285715,64.28571428571429,51.41,100.0,28.6,0.0,53.99,1.0,53.99,53.99
444,Ezri Konsa,ENG,Aston Villa FC,DF,28,180,8,7,647,7.2,1,0,1,1,0,0,0,0,3,2,66.7,0.42,0.28,0.33,0.5,5,8,,,,,,,,,,,,,0.1391035548686244,0.0,0.6955177743431221,1.1128284389489953,,,,,,,46.93877551020408,60.8843537414966,,,,53.91,100.0,66.7,0.0,59.8,1.0,59.8,59.8
446,Declan Rice,ENG,Arsenal FC,MF,27,185,7,7,557,6.2,1,2,3,1,0,0,2,0,6,3,50.0,0.97,0.48,0.17,0.33,3,5,,,,,,,,,,,,,0.1615798922800718,0.3231597845601436,0.4847396768402154,0.8078994614003591,,,,87.18861209964413,43.77224199288256,,32.74021352313167,54.804270462633454,,,,56.8,100.0,50.0,2.0,60.44,1.0,60.44,58.44
447,John Stones,ENG,Manchester City FC,DF,32,188,5,3,330,3.7,0,0,0,0,0,0,0,0,1,0,0.0,0.27,0.0,0.0,,0,0,,,,,,,,,,,,,0.0,0.0,0.0,0.0,,,,,,,11.73469387755102,10.034013605442176,,,,10.88,85.63,0.0,0.0,17.27,0.8563,21.73,21.73
448,Marc Guéhi,ENG,Manchester City FC,DF,25,183,8,7,663,7.4,0,0,0,0,0,0,1,0,1,0,0.0,0.14,0.0,0.0,,1,6,,,,,,,,,,,,,0.0,0.0,0.1357466063348416,0.8144796380090499,,,,,,,23.46938775510204,43.197278911564624,,,,33.33,100.0,0.0,1.0,36.67,1.0,36.67,35.67
449,Bukayo Saka,ENG,Arsenal FC,FW,24,178,7,3,358,4.0,3,3,6,2,1,1,0,0,13,7,53.8,3.27,1.76,0.23,0.43,7,1,,,,,,,,,,,,,0.7541899441340782,0.7541899441340782,1.7597765363128492,0.2513966480446927,,,87.15953307392996,95.3307392996109,77.431906614786,84.63035019455253,,,,,,86.75,89.19,53.8,0.0,83.7,0.8919,79.87,79.87
450,Elliot Anderson,ENG,Nottingham Forest FC,MF,23,179,8,7,632,7.0,0,1,1,0,0,0,1,0,7,1,14.3,1.0,0.14,0.0,0.0,18,8,,,,,,,,,,,,,0.0,0.1424050632911392,2.5632911392405062,1.139240506329114,,,,81.49466192170819,45.55160142348754,,94.66192170818503,64.76868327402136,,,,73.42,100.0,14.3,1.0,70.16,1.0,70.16,69.16
451,Harry Kane,ENG,FC Bayern München,FW,32,190,7,7,652,7.2,6,1,7,4,2,2,0,0,23,12,52.2,3.17,1.66,0.26,0.5,3,1,,,,,,,,,,,,,0.8282208588957056,0.1380368098159509,0.4141104294478528,0.1380368098159509,,,89.88326848249028,77.431906614786,76.26459143968872,83.65758754863813,,,,,,82.8,100.0,52.2,0.0,81.46,1.0,81.46,81.46
452,Jude Bellingham,ENG,Real Madrid C. F.,MF,22,183,8,7,614,6.8,7,1,8,7,0,0,1,0,19,13,68.4,2.79,1.91,0.37,0.54,10,3,,,,,,,,,,,,,1.026058631921824,0.1465798045602606,1.4657980456026058,0.4397394136807817,,,,81.85053380782918,88.25622775800713,,74.37722419928826,37.72241992882562,,,,70.23,100.0,68.4,1.0,73.03,1.0,73.03,72.03
453,Marcus Rashford,ENG,FC Barcelona,FW,28,180,6,3,223,2.5,1,1,2,1,0,0,0,0,12,5,41.7,4.84,2.02,0.08,0.2,2,0,,,,,,,,,,,,,0.4035874439461883,0.4035874439461883,0.8071748878923767,0.0,,,79.37743190661479,88.91050583657587,92.21789883268482,90.85603112840468,,,,,,86.62,70.4,41.7,0.0,80.51,0.704,70.95,70.95
455,Dean Henderson,ENG,Crystal Palace FC,GK,29,188,1,1,90,1.0,0,0,0,0,0,0,0,0,0,0,,0.0,0.0,,,0,1,4.0,4.0,9.0,5.0,55.6,0.0,0.0,0.0,0.0,0.0,0.0,,0.0,0.0,0.0,1.0,5.0,0.0,,,,,,,34.90566037735849,91.07142857142856,26.785714285714285,49.73,44.72,0.0,0.0,44.25,0.4472,47.35,47.35
456,Jordan Henderson,ENG,Brentford FC,MF,35,183,1,0,7,0.1,0,0,0,0,0,0,1,0,0,0,,0.0,0.0,,,1,0,,,,,,,,,,,,,0.0,0.0,12.857142857142856,0.0,,,,40.5693950177936,11.387900355871883,,100.0,14.23487544483986,,,,43.01,12.47,0.0,1.0,35.65,0.1247,46.81,45.81
457,Dan Burn,ENG,Newcastle United FC,DF,34,201,3,0,35,0.4,0,0,0,0,0,0,0,0,0,0,,0.0,0.0,,,0,0,,,,,,,,,,,,,0.0,0.0,0.0,0.0,,,,,,,11.73469387755102,10.034013605442176,,,,10.88,27.89,0.0,0.0,11.5,0.2789,38.07,38.07
459,Morgan Rogers,ENG,Aston Villa FC,MF,23,187,7,3,339,3.8,0,1,1,0,0,0,0,0,3,1,33.3,0.8,0.27,0.0,0.0,3,0,,,,,,,,,,,,,0.0,0.2654867256637168,0.7964601769911505,0.0,,,,85.76512455516014,38.07829181494662,,46.619217081850536,14.23487544483986,,,,48.56,86.79,33.3,0.0,50.86,0.8679,50.53,50.53
460,Anthony Gordon,ENG,Newcastle United FC,FW,25,182,6,5,396,4.4,1,3,4,1,0,0,0,0,6,4,66.7,1.36,0.91,0.17,0.25,3,3,,,,,,,,,,,,,0.2272727272727273,0.6818181818181819,0.6818181818181819,0.6818181818181819,,,72.76264591439688,94.1634241245136,37.35408560311284,66.73151750972762,,,,,,69.82,93.81,66.7,0.0,71.91,0.9381,70.44,70.44
461,Ollie Watkins,ENG,Aston Villa FC,FW,30,180,2,0,52,0.6,0,0,0,0,0,0,0,0,1,0,0.0,1.73,0.0,0.0,,1,0,,,,,,,,,,,,,0.0,0.0,1.7307692307692308,0.0,,,35.40856031128405,38.715953307393,47.66536964980545,23.151750972762645,,,,,,36.24,33.99,0.0,0.0,32.39,0.3399,42.84,42.84
462,Noni Madueke,ENG,Arsenal FC,FW,24,182,5,4,286,3.2,0,0,0,0,0,0,0,0,6,1,16.7,1.89,0.31,0.0,0.0,4,2,,,,,,,,,,,,,0.0,0.0,1.2587412587412588,0.6293706293706294,,,35.40856031128405,38.715953307393,51.55642023346303,47.85992217898833,,,,,,41.96,79.72,16.7,0.0,43.21,0.7972,44.22,44.22
463,Eberechi Eze,ENG,Arsenal FC,MF,27,178,5,1,211,2.3,0,1,1,0,0,0,0,0,5,0,0.0,2.13,0.0,0.0,,0,0,,,,,,,,,,,,,0.0,0.4265402843601896,0.0,0.0,,,,92.52669039145908,80.2491103202847,,12.98932384341637,14.23487544483986,,,,50.61,68.48,0.0,0.0,47.34,0.6848,47.67,47.67
464,Ivan Toney,ENG,Al Ahli FC,FW,30,185,2,1,79,0.9,0,0,0,0,0,0,0,0,2,1,50.0,2.28,1.14,0.0,0.0,0,0,,,,,,,,,,,,,0.0,0.0,0.0,0.0,,,35.40856031128405,38.715953307393,60.505836575875485,70.42801556420234,,,,,,48.26,41.9,50.0,0.0,47.8,0.419,48.05,48.05
466,Reece James,ENG,Chelsea FC,DF,26,180,5,3,319,3.5,0,0,0,0,0,0,0,0,1,0,0.0,0.28,0.0,0.0,,3,3,,,,,,,,,,,,,0.0,0.0,0.8463949843260189,0.8463949843260189,,,,,,,53.74149659863946,45.23809523809524,,,,49.49,84.2,0.0,0.0,48.01,0.842,48.06,48.06
467,Djed Spence,ENG,Tottenham Hotspur FC,DF,25,184,8,4,404,4.5,0,0,0,0,0,0,0,0,2,2,100.0,0.45,0.45,0.0,0.0,10,5,,,,,,,,,,,,,0.0,0.0,2.227722772277228,1.113861386138614,,,,,,,93.19727891156462,61.224489795918366,,,,77.21,94.75,100.0,0.0,81.24,0.9475,79.52,79.52
468,Jarell Quansah,ENG,Bayer 04 Leverkusen,DF,23,190,3,3,197,2.2,0,0,0,0,0,0,1,1,0,0,,0.0,0.0,,,0,0,,,,,,,,,,,,,0.0,0.0,0.0,0.0,,,,,,,11.73469387755102,10.034013605442176,,,,10.88,66.16,0.0,5.0,15.32,0.6616,26.5,21.5
470,Malo Gusto,FRA,Chelsea FC,DF,23,179,5,1,121,1.3,0,0,0,0,0,0,0,0,0,0,,0.0,0.0,,,3,2,,,,,,,,,,,,,0.0,0.0,2.231404958677686,1.487603305785124,,,,,,,93.5374149659864,76.19047619047619,,,,84.86,51.85,0.0,0.0,73.08,0.5185,61.17,61.17
471,Lucas Digne,FRA,Aston Villa FC,DF,32,178,6,5,463,5.1,0,0,0,0,0,0,0,0,2,1,50.0,0.39,0.19,0.0,0.0,3,2,,,,,,,,,,,,,0.0,0.0,0.5831533477321814,0.3887688984881209,,,,,,,42.85714285714285,24.829931972789115,,,,33.84,100.0,50.0,0.0,42.07,1.0,42.07,42.07
472,Dayot Upamecano,FRA,FC Bayern München,DF,27,186,8,7,660,7.3,0,1,1,0,0,0,0,0,4,2,50.0,0.55,0.27,0.0,0.0,12,15,,,,,,,,,,,,,0.0,0.1363636363636363,1.6363636363636362,2.0454545454545454,,,,,,,81.63265306122449,90.47619047619048,,,,86.05,100.0,50.0,0.0,83.84,1.0,83.84,83.84
473,Jules Koundé,FRA,FC Barcelona,DF,27,178,8,7,599,6.7,0,0,0,0,0,0,0,0,2,0,0.0,0.3,0.0,0.0,,8,3,,,,,,,,,,,,,0.0,0.0,1.2020033388981637,0.4507512520868113,,,,,,,70.40816326530613,27.2108843537415,,,,48.81,100.0,0.0,0.0,49.05,1.0,49.05,49.05
474,Manu Koné,FRA,AS Roma,MF,25,185,5,4,385,4.3,0,0,0,0,0,0,1,0,6,2,33.3,1.4,0.47,0.0,0.0,5,3,,,,,,,,,,,,,0.0,0.0,1.168831168831169,0.7012987012987013,,,,40.5693950177936,59.4306049822064,,62.63345195729537,48.39857651245551,,,,51.81,92.5,33.3,1.0,54.03,0.925,53.61,52.61
475,Ousmane Dembélé,FRA,Paris Saint-Germain,FW,29,179,8,7,592,6.6,6,2,8,6,0,0,0,0,20,10,50.0,3.04,1.52,0.3,0.6,2,0,,,,,,,,,,,,,0.9121621621621622,0.304054054054054,0.304054054054054,0.0,,,92.21789883268482,84.43579766536965,74.5136186770428,80.93385214007782,,,,,,84.47,100.0,50.0,0.0,82.58,1.0,82.58,82.58
476,Aurélien Tchouaméni,FRA,Real Madrid C. F.,MF,26,188,4,4,360,4.0,0,1,1,0,0,0,1,0,3,0,0.0,0.75,0.0,0.0,,14,6,,,,,,,,,,,,,0.0,0.25,3.5,1.5,,,,84.34163701067615,36.65480427046264,,97.86476868327402,75.80071174377224,,,,76.05,89.44,0.0,1.0,69.78,0.8944,67.53,66.53
477,Marcus Thuram,FRA,FC Internazionale Milano,FW,28,192,1,0,1,0.0,0,0,0,0,0,0,0,0,0,0,,0.0,0.0,,,0,0,,,,,,,,,,,,,0.0,0.0,0.0,0.0,,,35.40856031128405,38.715953307393,11.478599221789883,23.151750972762645,,,,,,29.0,4.71,0.0,0.0,23.67,0.0471,47.07,47.07
478,Kylian Mbappé,FRA,Real Madrid C. F.,FW,27,180,8,8,695,7.7,10,4,14,9,1,2,1,0,41,23,56.1,5.31,2.98,0.24,0.43,1,0,,,,,,,,,,,,,1.2949640287769786,0.5179856115107914,0.1294964028776978,0.0,,,97.66536964980544,91.82879377431908,94.94163424124513,96.88715953307393,,,,,,95.51,100.0,56.1,1.0,92.01,1.0,92.01,91.01
479,Michael Olise,FRA,FC Bayern München,FW,24,184,8,8,646,7.2,0,7,7,0,0,0,1,0,20,5,25.0,2.79,0.7,0.0,0.0,8,3,,,,,,,,,,,,,0.0,0.9752321981424148,1.1145510835913313,0.4179566563467492,,,35.40856031128405,97.27626459143968,69.8443579766537,59.53307392996109,,,,,,62.59,100.0,25.0,1.0,62.57,1.0,62.57,61.57
480,Bradley Barcola,FRA,Paris Saint-Germain,FW,23,187,8,4,384,4.3,3,1,4,3,0,0,1,0,10,5,50.0,2.34,1.17,0.3,0.6,4,1,,,,,,,,,,,,,0.703125,0.234375,0.9375,0.234375,,,85.21400778210116,79.76653696498055,62.64591439688716,72.568093385214,,,,,,76.81,92.38,50.0,1.0,75.69,0.9238,73.59,72.59
482,Adrien Rabiot,FRA,AC Milan,MF,31,191,7,7,585,6.5,0,1,1,0,0,0,1,0,9,1,11.1,1.38,0.15,0.0,0.0,7,11,,,,,,,,,,,,,0.0,0.1538461538461538,1.076923076923077,1.6923076923076923,,,,82.20640569395017,58.89679715302491,,59.07473309608541,82.20640569395017,,,,71.76,100.0,11.1,1.0,68.52,1.0,68.52,67.52
483,Ibrahima Konaté,FRA,Liverpool FC,DF,27,194,2,1,60,0.7,0,0,0,0,0,0,0,0,0,0,,0.0,0.0,,,0,3,,,,,,,,,,,,,0.0,0.0,0.0,4.5,,,,,,,11.73469387755102,98.63945578231292,,,,55.19,36.51,0.0,0.0,47.8,0.3651,48.15,48.15
484,Mike Maignan,FRA,AC Milan,GK,30,191,8,8,720,8.0,0,0,0,0,0,0,0,0,0,0,,0.0,0.0,,,0,0,10.0,1.25,22.0,12.0,54.5,4.0,50.0,3.0,2.0,1.0,0.0,33.3,0.0,0.0,0.0,0.0,1.5,0.5,,,,,,,31.132075471698112,23.214285714285715,89.28571428571429,43.3,100.0,50.0,0.0,49.64,1.0,49.64,49.64
485,William Saliba,FRA,Arsenal FC,DF,25,192,6,6,479,5.3,0,0,0,0,0,0,0,0,1,0,0.0,0.19,0.0,0.0,,0,6,,,,,,,,,,,,,0.0,0.0,0.0,1.1273486430062631,,,,,,,11.73469387755102,63.26530612244898,,,,37.5,100.0,0.0,0.0,40.0,1.0,40.0,40.0
486,Warren Zaïre-Emery,FRA,Paris Saint-Germain,MF,20,176,2,1,110,1.2,0,0,0,0,0,0,0,0,1,0,0.0,0.82,0.0,0.0,,0,1,,,,,,,,,,,,,0.0,0.0,0.0,0.8181818181818181,,,,40.5693950177936,38.79003558718861,,12.98932384341637,55.16014234875445,,,,36.97,49.44,0.0,0.0,34.52,0.4944,41.54,41.54
487,Theo Hernández,FRA,Al Hilal SC,DF,28,184,5,3,257,2.9,0,0,0,0,0,0,0,0,3,0,0.0,1.05,0.0,0.0,,1,3,,,,,,,,,,,,,0.0,0.0,0.3501945525291828,1.050583657587549,,,,,,,30.952380952380956,59.523809523809526,,,,45.24,75.57,0.0,0.0,43.75,0.7557,44.87,44.87
488,Désiré Doué,FRA,Paris Saint-Germain,FW,21,182,8,4,400,4.4,1,1,2,1,0,0,0,0,13,8,61.5,2.93,1.8,0.08,0.13,6,2,,,,,,,,,,,,,0.225,0.225,1.35,0.45,,,72.37354085603113,79.37743190661479,71.20622568093385,86.18677042801556,,,,,,76.65,94.28,61.5,0.0,76.9,0.9428,75.26,75.26
490,Jean-Philippe Mateta,FRA,Crystal Palace FC,FW,28,192,3,0,24,0.3,0,0,0,0,0,0,0,0,3,1,33.3,11.25,3.75,0.0,0.0,0,0,,,,,,,,,,,,,0.0,0.0,0.0,0.0,,,35.40856031128405,38.715953307393,99.61089494163424,98.44357976653696,,,,,,61.68,23.09,33.3,0.0,54.99,0.2309,49.79,49.79
492,Rayan Cherki,FRA,Manchester City FC,MF,22,180,7,1,130,1.4,0,0,0,0,0,0,0,0,1,1,100.0,0.69,0.69,0.0,0.0,1,1,,,,,,,,,,,,,0.0,0.0,0.6923076923076923,0.6923076923076923,,,,40.5693950177936,34.519572953736656,,41.281138790035584,47.686832740213525,,,,41.32,53.75,100.0,0.0,48.43,0.5375,48.41,48.41
493,Maghnes Akliouche,FRA,AS Monaco,MF,24,183,1,0,8,0.1,0,0,0,0,0,0,0,0,0,0,,0.0,0.0,,,0,0,,,,,,,,,,,,,0.0,0.0,0.0,0.0,,,,40.5693950177936,11.387900355871883,,12.98932384341637,14.23487544483986,,,,21.25,13.33,0.0,0.0,18.34,0.1333,44.39,44.39
494,Maxence Lacroix,FRA,Crystal Palace FC,DF,26,192,3,2,241,2.7,0,0,0,0,0,0,0,0,0,0,,0.0,0.0,,,2,3,,,,,,,,,,,,,0.0,0.0,0.7468879668049793,1.120331950207469,,,,,,,48.97959183673469,61.90476190476191,,,,55.44,73.18,0.0,0.0,51.67,0.7318,50.78,50.78
495,Manuel Neuer,GER,FC Bayern München,GK,40,193,4,4,390,4.3,0,0,0,0,0,0,0,0,0,0,,0.0,0.0,,,0,0,5.0,1.15,10.0,5.0,50.0,0.0,0.0,0.0,0.0,0.0,0.0,,0.0,0.0,0.0,0.0,1.1538461538461535,0.0,,,,,,,22.641509433962263,17.857142857142858,26.785714285714285,22.24,93.09,0.0,0.0,27.1,0.9309,28.67,28.67
497,Waldemar Anton,GER,Borussia Dortmund,DF,29,189,2,0,50,0.6,0,0,0,0,0,0,0,0,1,1,100.0,1.8,1.8,0.0,0.0,1,2,,,,,,,,,,,,,0.0,0.0,1.8,3.6,,,,,,,85.37414965986395,97.95918367346938,,,,91.67,33.33,100.0,0.0,86.67,0.3333,61.12,61.12
498,Jonathan Tah,GER,FC Bayern München,DF,30,195,4,4,372,4.1,0,0,0,0,0,0,0,0,1,1,100.0,0.24,0.24,0.0,0.0,3,1,,,,,,,,,,,,,0.0,0.0,0.7258064516129032,0.2419354838709677,,,,,,,47.95918367346938,20.40816326530612,,,,34.18,90.92,100.0,0.0,46.44,0.9092,46.61,46.61
499,Aleksandar Pavlovic,GER,FC Bayern München,MF,22,188,4,4,272,3.0,0,0,0,0,0,0,1,0,4,1,25.0,1.32,0.33,0.0,0.0,3,2,,,,,,,,,,,,,0.0,0.0,0.9926470588235294,0.6617647058823529,,,,40.5693950177936,56.93950177935944,,53.73665480427047,45.90747330960854,,,,48.47,77.75,25.0,1.0,49.05,0.7775,48.91,47.91
500,Joshua Kimmich,GER,FC Bayern München,DF,31,177,4,4,351,3.9,0,2,2,0,0,0,0,0,5,1,20.0,1.28,0.26,0.0,0.0,4,4,,,,,,,,,,,,,0.0,0.5128205128205129,1.0256410256410258,1.0256410256410258,,,,,,,63.26530612244898,57.14285714285714,,,,60.2,88.32,20.0,0.0,59.0,0.8832,57.75,57.75
501,Kai Havertz,GER,Arsenal FC,FW,27,190,4,4,353,3.9,3,0,3,2,1,1,1,0,12,7,58.3,3.06,1.78,0.25,0.43,2,1,,,,,,,,,,,,,0.764872521246459,0.0,0.509915014164306,0.254957507082153,,,87.54863813229572,38.715953307393,75.09727626459144,85.60311284046692,,,,,,72.46,88.57,58.3,1.0,72.66,0.8857,69.86,68.86
502,Leon Goretzka,GER,FC Bayern München,MF,31,189,3,0,99,1.1,0,0,0,0,0,0,0,0,2,0,0.0,1.82,0.0,0.0,,1,1,,,,,,,,,,,,,0.0,0.0,0.9090909090909092,0.9090909090909092,,,,40.5693950177936,72.24199288256227,,50.88967971530249,57.11743772241993,,,,53.62,46.9,0.0,0.0,47.59,0.469,48.02,48.02
503,Jamie Leweling,GER,VfB Stuttgart,MF,25,185,1,0,31,0.3,0,0,0,0,0,0,0,0,1,0,0.0,2.9,0.0,0.0,,0,0,,,,,,,,,,,,,0.0,0.0,0.0,0.0,,,,40.5693950177936,89.5017793594306,,12.98932384341637,14.23487544483986,,,,36.88,26.25,0.0,0.0,32.13,0.2625,44.13,44.13
504,Jamal Musiala,GER,FC Bayern München,MF,23,180,4,3,270,3.0,1,0,1,1,0,0,1,0,6,1,16.7,2.0,0.33,0.17,1.0,5,1,,,,,,,,,,,,,0.3333333333333333,0.0,1.6666666666666663,0.3333333333333333,,,,40.5693950177936,75.80071174377224,,79.8932384341637,33.27402135231316,,,,55.62,77.46,16.7,1.0,53.91,0.7746,52.67,51.67
505,Nick Woltemade,GER,Newcastle United FC,FW,24,198,1,0,33,0.4,0,0,0,0,0,0,0,0,2,0,0.0,5.45,0.0,0.0,,1,0,,,,,,,,,,,,,0.0,0.0,2.7272727272727275,0.0,,,35.40856031128405,38.715953307393,95.3307392996109,23.151750972762645,,,,,,45.77,27.08,0.0,0.0,39.32,0.2708,45.82,45.82
508,Maximilian Beier,GER,Borussia Dortmund,FW,23,185,1,0,27,0.3,0,0,0,0,0,0,0,0,0,0,,0.0,0.0,,,0,0,,,,,,,,,,,,,0.0,0.0,0.0,0.0,,,35.40856031128405,38.715953307393,11.478599221789883,23.151750972762645,,,,,,29.0,24.49,0.0,0.0,25.65,0.2449,42.7,42.7
509,Nico Schlotterbeck,GER,Borussia Dortmund,DF,26,191,2,2,135,1.5,1,0,1,1,0,0,0,0,2,2,100.0,1.33,1.33,0.5,0.5,2,3,,,,,,,,,,,,,0.6666666666666667,0.0,1.3333333333333337,2.0,,,,,,,75.51020408163265,88.60544217687075,,,,82.06,54.77,100.0,0.0,81.12,0.5477,66.3,66.3
510,Angelo Stiller,GER,VfB Stuttgart,MF,25,183,1,0,45,0.5,0,0,0,0,0,0,0,0,0,0,,0.0,0.0,,,1,1,,,,,,,,,,,,,0.0,0.0,2.0,2.0,,,,40.5693950177936,11.387900355871883,,87.36654804270462,88.43416370106762,,,,58.4,31.62,0.0,0.0,49.88,0.3162,48.87,48.87
511,Florian Wirtz,GER,Liverpool FC,MF,23,176,4,4,361,4.0,0,3,3,0,0,0,0,0,10,1,10.0,2.49,0.25,0.0,0.0,6,2,,,,,,,,,,,,,0.0,0.7479224376731303,1.4958448753462603,0.4986149584487535,,,,97.50889679715304,84.51957295373666,,75.08896797153025,39.8576512455516,,,,74.89,89.57,10.0,0.0,69.87,0.8957,67.63,67.63
512,Nathaniel Brown,GER,Eintracht Frankfurt,DF,22,176,3,3,282,3.1,1,1,2,1,0,0,0,0,3,2,66.7,0.96,0.64,0.33,0.5,6,2,,,,,,,,,,,,,0.3191489361702128,0.3191489361702128,1.9148936170212765,0.6382978723404256,,,,,,,87.41496598639455,37.07482993197279,,,,62.24,79.16,66.7,0.0,64.38,0.7916,61.04,61.04
513,Leroy Sané,GER,Galatasaray SK,MF,30,183,4,4,326,3.6,1,0,1,1,0,0,0,0,6,2,33.3,1.66,0.55,0.17,0.5,3,2,,,,,,,,,,,,,0.2760736196319018,0.0,0.8282208588957056,0.5521472392638037,,,,40.5693950177936,67.43772241992883,,48.04270462633452,42.34875444839858,,,,48.26,85.11,33.3,0.0,50.45,0.8511,50.14,50.14
514,Nadiem Amiri,GER,1. FSV Mainz 05,MF,29,178,2,0,42,0.5,0,1,1,0,0,0,0,0,2,1,50.0,4.29,2.14,0.0,0.0,1,0,,,,,,,,,,,,,0.0,2.142857142857143,2.142857142857143,0.0,,,,100.0,94.83985765124557,,88.25622775800713,14.23487544483986,,,,74.59,30.55,50.0,0.0,67.73,0.3055,54.3,54.3
516,David Raum,GER,RB Leipzig,DF,28,180,2,1,108,1.2,0,0,0,0,0,0,0,0,1,1,100.0,0.83,0.83,0.0,0.0,1,1,,,,,,,,,,,,,0.0,0.0,0.8333333333333333,0.8333333333333333,,,,,,,53.40136054421769,44.5578231292517,,,,48.98,48.99,100.0,0.0,54.08,0.4899,51.16,51.16
517,Felix Nmecha,GER,Borussia Dortmund,MF,25,190,4,4,270,3.0,1,1,2,1,0,0,0,0,8,3,37.5,2.67,1.0,0.13,0.33,9,2,,,,,,,,,,,,,0.3333333333333333,0.3333333333333333,3.0,0.6666666666666667,,,,88.25622775800713,87.01067615658363,,96.44128113879005,46.44128113879004,,,,79.6,77.46,37.5,0.0,75.18,0.7746,69.14,69.14
518,Malick Thiaw,GER,Newcastle United FC,DF,24,194,2,0,42,0.5,0,0,0,0,0,0,0,0,0,0,,0.0,0.0,,,2,0,,,,,,,,,,,,,0.0,0.0,4.285714285714286,0.0,,,,,,,98.46938775510203,10.034013605442176,,,,54.25,30.55,0.0,0.0,46.46,0.3055,47.77,47.77
520,Deniz Undav,GER,VfB Stuttgart,FW,29,179,4,1,151,1.7,3,2,5,3,0,0,0,0,6,4,66.7,3.58,2.38,0.5,0.75,0,0,,,,,,,,,,,,,1.7880794701986755,1.1920529801324504,0.0,0.0,,,98.83268482490271,98.44357976653696,81.1284046692607,94.55252918287935,,,,,,94.34,57.93,66.7,0.0,87.93,0.5793,71.23,71.23
522,Alidu Seidu,GHA,Stade Rennais FC,DF,26,173,1,0,78,0.9,0,0,0,0,0,0,1,0,0,0,,0.0,0.0,,,1,1,,,,,,,,,,,,,0.0,0.0,1.1538461538461535,1.1538461538461535,,,,,,,68.87755102040816,64.1156462585034,,,,66.5,41.63,0.0,1.0,57.36,0.4163,52.1,51.1
523,Caleb Yirenkyi,GHA,FC Nordsjælland,MF,20,182,4,3,264,2.9,1,0,1,1,0,0,2,0,2,1,50.0,0.68,0.34,0.5,1.0,1,3,,,,,,,,,,,,,0.3409090909090909,0.0,0.3409090909090909,1.0227272727272727,,,,40.5693950177936,33.629893238434164,,28.46975088967972,61.92170818505338,,,,41.49,76.59,50.0,2.0,45.86,0.7659,46.45,44.45
524,Jonas Adjetey,GHA,VfL Wolfsburg,DF,22,188,3,3,225,2.5,0,0,0,0,0,0,0,0,2,1,50.0,0.8,0.4,0.0,0.0,3,1,,,,,,,,,,,,,0.0,0.0,1.2000000000000002,0.4,,,,,,,70.06802721088435,25.34013605442177,,,,47.7,70.71,50.0,0.0,50.23,0.7071,49.68,49.68
525,Thomas Partey,GHA,Villarreal CF,MF,32,185,3,3,270,3.0,0,0,0,0,0,0,0,0,2,0,0.0,0.67,0.0,0.0,,4,6,,,,,,,,,,,,,0.0,0.0,1.3333333333333337,2.0,,,,40.5693950177936,32.91814946619217,,68.50533807829181,88.43416370106762,,,,57.99,77.46,0.0,0.0,54.14,0.7746,52.84,52.84
528,Kwasi Sibo,GHA,Real Oviedo,MF,27,183,4,3,248,2.8,0,0,0,0,0,0,0,0,0,0,,0.0,0.0,,,0,2,,,,,,,,,,,,,0.0,0.0,0.0,0.7258064516129032,,,,40.5693950177936,11.387900355871883,,12.98932384341637,50.0,,,,30.2,74.24,0.0,0.0,31.58,0.7424,35.91,35.91
529,Jordan Ayew,GHA,Leicester City FC,FW,34,182,4,4,300,3.3,0,0,0,0,0,0,0,0,0,0,,0.0,0.0,,,3,1,,,,,,,,,,,,,0.0,0.0,0.9,0.3,,,35.40856031128405,38.715953307393,11.478599221789883,23.151750972762645,,,,,,29.0,81.65,0.0,0.0,31.36,0.8165,34.46,34.46
530,Brandon Thomas-Asante,GHA,Coventry City FC,FW,27,182,2,0,53,0.6,0,0,0,0,0,0,0,0,1,0,0.0,1.7,0.0,0.0,,0,0,,,,,,,,,,,,,0.0,0.0,0.0,0.0,,,35.40856031128405,38.715953307393,46.88715953307393,23.151750972762645,,,,,,36.08,34.32,0.0,0.0,32.3,0.3432,42.76,42.76
531,Antoine Semenyo,GHA,Manchester City FC,MF,26,185,4,4,360,4.0,0,0,0,0,0,0,0,0,6,0,0.0,1.5,0.0,0.0,,2,0,,,,,,,,,,,,,0.0,0.0,0.5,0.0,,,,40.5693950177936,63.52313167259786,,34.16370106761566,14.23487544483986,,,,36.98,89.44,0.0,0.0,38.52,0.8944,39.57,39.57
534,Gideon Mensah,GHA,AJ Auxerre,DF,27,178,4,4,360,4.0,0,0,0,0,0,0,0,0,0,0,,0.0,0.0,,,5,8,,,,,,,,,,,,,0.0,0.0,1.25,2.0,,,,,,,72.95918367346938,88.60544217687075,,,,80.78,89.44,0.0,0.0,73.57,0.8944,70.91,70.91
535,Elisha Owusu,GHA,AJ Auxerre,MF,28,182,3,2,151,1.7,0,0,0,0,0,0,0,0,0,0,,0.0,0.0,,,3,0,,,,,,,,,,,,,0.0,0.0,1.7880794701986755,0.0,,,,40.5693950177936,11.387900355871883,,82.91814946619218,14.23487544483986,,,,38.74,57.93,0.0,0.0,36.78,0.5793,41.67,41.67
536,Benjamin Asare,GHA,Hearts Of Oak SC,GK,33,188,3,2,225,2.5,0,0,0,0,0,0,0,0,0,0,,0.0,0.0,,,0,0,2.0,0.8,10.0,8.0,80.0,2.0,100.0,0.0,0.0,0.0,0.0,,0.0,0.0,0.0,0.0,3.2,0.8,,,,,,,90.56603773584906,67.85714285714286,94.64285714285714,84.77,70.71,100.0,0.0,84.89,0.7071,74.63,74.63
538,Jerome Opoku,GHA,Başakşehir FK,DF,27,197,3,3,270,3.0,0,0,0,0,0,0,0,0,0,0,,0.0,0.0,,,2,1,,,,,,,,,,,,,0.0,0.0,0.6666666666666667,0.3333333333333333,,,,,,,45.06802721088435,22.61904761904762,,,,33.84,77.46,0.0,0.0,34.82,0.7746,37.87,37.87
539,Iñaki Williams,GHA,Athletic Club,FW,31,186,2,2,126,1.4,0,0,0,0,0,0,1,0,3,0,0.0,2.14,0.0,0.0,,0,1,,,,,,,,,,,,,0.0,0.0,0.0,0.7142857142857142,,,35.40856031128405,38.715953307393,58.754863813229576,23.151750972762645,,,,,,38.45,52.92,0.0,1.0,36.05,0.5292,41.79,40.79
542,Kamaldeen Sulemana,GHA,Atalanta Bergamo,FW,24,174,2,2,127,1.4,0,0,0,0,0,0,0,0,1,0,0.0,0.71,0.0,0.0,,2,1,,,,,,,,,,,,,0.0,0.0,1.4173228346456692,0.7086614173228346,,,35.40856031128405,38.715953307393,27.626459143968876,23.151750972762645,,,,,,32.23,53.12,0.0,0.0,31.09,0.5312,39.13,39.13
543,Derrick Luckassen,GHA,Pafos FC,DF,30,188,2,2,180,2.0,1,0,1,1,0,0,0,0,1,1,100.0,0.5,0.5,1.0,1.0,1,0,,,,,,,,,,,,,0.5,0.0,0.5,0.0,,,,,,,38.775510204081634,10.034013605442176,,,,24.4,63.25,100.0,0.0,35.85,0.6325,40.44,40.44
544,Ernest Nuamah,GHA,Olympique Lyonnais,FW,22,178,3,1,89,1.0,0,1,1,0,0,0,0,0,0,0,,0.0,0.0,,,1,0,,,,,,,,,,,,,0.0,1.0112359550561798,1.0112359550561798,0.0,,,35.40856031128405,97.66536964980544,11.478599221789883,23.151750972762645,,,,,,43.74,44.47,0.0,0.0,39.44,0.4447,44.32,44.32
546,Marvin Senaya,GHA,AJ Auxerre,DF,25,181,4,4,278,3.1,0,0,0,0,0,0,0,0,2,0,0.0,0.65,0.0,0.0,,12,6,,,,,,,,,,,,,0.0,0.0,3.884892086330936,1.942446043165468,,,,,,,97.27891156462584,86.73469387755102,,,,92.01,78.6,0.0,0.0,81.47,0.786,74.38,74.38
547,Johny Placide,HAI,SC Bastia,GK,38,181,3,3,270,3.0,0,0,0,0,0,0,1,0,0,0,,0.0,0.0,,,0,0,8.0,2.67,19.0,11.0,57.9,0.0,0.0,0.0,0.0,0.0,0.0,,0.0,0.0,0.0,0.0,3.666666666666667,0.0,,,,,,,43.39622641509434,75.89285714285714,26.785714285714285,48.99,77.46,0.0,1.0,46.94,0.7746,47.6,46.6
548,Carlens Arcus,HAI,Angers SCO,DF,29,180,3,2,146,1.6,0,0,0,0,0,0,1,0,0,0,,0.0,0.0,,,3,3,,,,,,,,,,,,,0.0,0.0,1.8493150684931503,1.8493150684931503,,,,,,,86.39455782312925,85.71428571428571,,,,86.05,56.96,0.0,1.0,74.54,0.5696,63.27,62.27
550,Ricardo Adé,HAI,LDU Quito,DF,36,190,3,3,270,3.0,0,0,0,0,0,0,0,0,4,1,25.0,1.33,0.33,0.0,0.0,2,5,,,,,,,,,,,,,0.0,0.0,0.6666666666666667,1.6666666666666663,,,,,,,45.06802721088435,82.31292517006803,,,,63.69,77.46,25.0,0.0,61.2,0.7746,58.3,58.3
551,Hannes Delcroix,HAI,FC Lugano,DF,27,183,3,3,270,3.0,0,0,0,0,0,0,0,0,0,0,,0.0,0.0,,,3,4,,,,,,,,,,,,,0.0,0.0,1.0,1.3333333333333337,,,,,,,58.67346938775511,71.08843537414967,,,,64.88,77.46,0.0,0.0,59.65,0.7746,57.1,57.1
553,Derrick Etienne,HAI,Toronto FC,FW,29,178,1,0,10,0.1,0,0,0,0,0,0,0,0,0,0,,0.0,0.0,,,0,0,,,,,,,,,,,,,0.0,0.0,0.0,0.0,,,35.40856031128405,38.715953307393,11.478599221789883,23.151750972762645,,,,,,29.0,14.91,0.0,0.0,24.69,0.1491,44.72,44.72
554,Martin Expérience,HAI,AS Nancy,DF,27,178,3,3,270,3.0,0,0,0,0,0,0,0,0,1,0,0.0,0.33,0.0,0.0,,6,4,,,,,,,,,,,,,0.0,0.0,2.0,1.3333333333333337,,,,,,,89.28571428571429,71.08843537414967,,,,80.19,77.46,0.0,0.0,71.9,0.7746,66.59,66.59
555,Duckens Nazon,HAI,Esteghlal Tehran FC,FW,32,181,1,0,24,0.3,0,0,0,0,0,0,1,0,1,1,100.0,3.75,3.75,0.0,0.0,0,0,,,,,,,,,,,,,0.0,0.0,0.0,0.0,,,35.40856031128405,38.715953307393,82.68482490272373,98.44357976653696,,,,,,58.3,23.09,100.0,1.0,58.95,0.2309,50.7,49.7
556,Jean-Ricner Bellegarde,HAI,Wolverhampton Wanderers FC,MF,27,170,3,3,260,2.9,0,0,0,0,0,0,1,0,6,0,0.0,2.08,0.0,0.0,,2,3,,,,,,,,,,,,,0.0,0.0,0.6923076923076923,1.0384615384615383,,,,40.5693950177936,78.46975088967972,,41.281138790035584,62.27758007117438,,,,53.75,76.01,0.0,1.0,50.6,0.7601,50.08,49.08
557,Louicius Deedson,HAI,FC Dallas,FW,25,178,3,1,112,1.2,0,0,0,0,0,0,0,0,2,0,0.0,1.61,0.0,0.0,,0,1,,,,,,,,,,,,,0.0,0.0,0.0,0.8035714285714285,,,35.40856031128405,38.715953307393,43.3852140077821,23.151750972762645,,,,,,35.38,49.89,0.0,0.0,33.29,0.4989,40.78,40.78
561,Ruben Providence,HAI,Almere City FC,FW,24,178,3,3,220,2.4,0,0,0,0,0,0,0,0,4,1,25.0,1.64,0.41,0.0,0.0,2,0,,,,,,,,,,,,,0.0,0.0,0.8181818181818181,0.0,,,35.40856031128405,38.715953307393,44.94163424124514,50.58365758754864,,,,,,41.18,69.92,25.0,0.0,42.43,0.6992,44.18,44.18
562,Lenny Joseph,HAI,Ferencvárosi TC,FW,25,182,3,1,117,1.3,0,0,0,0,0,0,0,0,2,0,0.0,1.54,0.0,0.0,,0,0,,,,,,,,,,,,,0.0,0.0,0.0,0.0,,,35.40856031128405,38.715953307393,41.43968871595331,23.151750972762645,,,,,,34.99,50.99,0.0,0.0,33.09,0.5099,40.51,40.51
564,Wilson Isidor,HAI,Sunderland AFC,FW,25,184,3,2,186,2.1,1,0,1,1,0,0,0,0,5,2,40.0,2.42,0.97,0.2,0.5,1,1,,,,,,,,,,,,,0.4838709677419355,0.0,0.4838709677419355,0.4838709677419355,,,80.54474708171206,38.715953307393,65.36964980544747,67.50972762645915,,,,,,64.45,64.29,40.0,0.0,61.99,0.6429,57.07,57.07
565,Yassin Fortuné,HAI,FC Vizela,FW,27,186,1,0,6,0.1,0,0,0,0,0,0,0,0,0,0,,0.0,0.0,,,0,0,,,,,,,,,,,,,0.0,0.0,0.0,0.0,,,35.40856031128405,38.715953307393,11.478599221789883,23.151750972762645,,,,,,29.0,11.55,0.0,0.0,24.35,0.1155,45.47,45.47
566,Frantzdy Pierrot,HAI,Çaykur Rizespor,FW,31,194,3,2,143,1.6,0,0,0,0,0,0,1,0,3,1,33.3,1.89,0.63,0.0,0.0,0,0,,,,,,,,,,,,,0.0,0.0,0.0,0.0,,,35.40856031128405,38.715953307393,51.55642023346303,57.00389105058365,,,,,,43.78,56.37,33.3,1.0,43.99,0.5637,45.84,44.84
567,Josué Casimir,HAI,AJ Auxerre,FW,24,178,3,2,182,2.0,0,0,0,0,0,0,1,0,1,0,0.0,0.49,0.0,0.0,,0,0,,,,,,,,,,,,,0.0,0.0,0.0,0.0,,,35.40856031128405,38.715953307393,24.5136186770428,23.151750972762645,,,,,,31.61,63.6,0.0,1.0,31.64,0.636,37.68,36.68
568,Jean-Kevin Duverne,HAI,KAA Gent,DF,28,184,2,2,169,1.9,0,1,1,0,0,0,0,0,1,0,0.0,0.53,0.0,0.0,,2,4,,,,,,,,,,,,,0.0,0.5325443786982248,1.0650887573964496,2.130177514792899,,,,,,,65.98639455782312,92.51700680272108,,,,79.25,61.28,0.0,0.0,69.53,0.6128,61.33,61.33
571,Dominique Simon,HAI,FC Tatran Prešov,MF,25,178,2,0,56,0.6,0,0,0,0,0,0,0,0,1,1,100.0,1.61,1.61,0.0,0.0,1,1,,,,,,,,,,,,,0.0,0.0,1.607142857142857,1.607142857142857,,,,40.5693950177936,66.01423487544484,,78.64768683274022,79.35943060498221,,,,64.88,35.28,100.0,0.0,65.43,0.3528,54.41,54.41
573,Alireza Beiranvand,IRN,Tractor Sazi Tabriz FC,GK,33,195,3,3,270,3.0,0,0,0,0,0,0,0,0,0,0,,0.0,0.0,,,0,0,3.0,1.0,18.0,15.0,83.3,1.0,33.3,0.0,0.0,0.0,0.0,,0.0,0.0,0.0,0.0,5.0,0.3333333333333333,,,,,,,94.33962264150944,91.07142857142856,71.42857142857143,87.63,77.46,33.3,0.0,81.18,0.7746,74.12,74.12
574,Saleh Hardani,IRN,Esteghlal Tehran FC,DF,27,176,2,1,90,1.0,0,0,0,0,0,0,0,0,0,0,,0.0,0.0,,,2,2,,,,,,,,,,,,,0.0,0.0,2.0,2.0,,,,,,,89.28571428571429,88.60544217687075,,,,88.95,44.72,0.0,0.0,75.63,0.4472,60.55,60.55
577,Milad Mohammadi,IRN,Persepolis FC,DF,32,175,3,2,205,2.3,0,0,0,0,0,0,0,0,1,1,100.0,0.44,0.44,0.0,0.0,4,2,,,,,,,,,,,,,0.0,0.0,1.7560975609756098,0.8780487804878049,,,,,,,84.01360544217688,46.59863945578231,,,,65.31,67.49,100.0,0.0,68.99,0.6749,62.28,62.28
578,Saeid Ezatolahi,IRN,Shabab Al Ahli Club,MF,29,189,3,3,264,2.9,0,0,0,0,0,0,2,0,6,2,33.3,2.05,0.68,0.0,0.0,5,7,,,,,,,,,,,,,0.0,0.0,1.7045454545454546,2.386363636363636,,,,40.5693950177936,77.58007117437722,,81.31672597864768,93.95017793594306,,,,71.5,76.59,33.3,2.0,68.19,0.7659,63.56,61.56
579,Alireza Jahanbakhsh,IRN,FCV Dender EH,MF,32,180,2,0,46,0.5,0,0,0,0,0,0,0,0,1,0,0.0,1.96,0.0,0.0,,1,0,,,,,,,,,,,,,0.0,0.0,1.9565217391304348,0.0,,,,40.5693950177936,74.73309608540926,,85.58718861209964,14.23487544483986,,,,52.07,31.97,0.0,0.0,44.86,0.3197,47.27,47.27
581,Mehdi Taremi,IRN,Olympiacos FC,FW,33,187,3,3,259,2.9,0,0,0,0,0,1,0,0,5,2,40.0,1.74,0.69,0.0,0.0,2,2,,,,,,,,,,,,,0.0,0.0,0.694980694980695,0.694980694980695,,,35.40856031128405,38.715953307393,48.44357976653696,58.5603112840467,,,,,,43.47,75.87,40.0,0.0,46.36,0.7587,46.81,46.81
582,Mehdi Ghayedi,IRN,Al Nasr SC,FW,27,166,1,0,45,0.5,0,0,0,0,0,0,0,0,1,0,0.0,2.0,0.0,0.0,,0,0,,,,,,,,,,,,,0.0,0.0,0.0,0.0,,,35.40856031128405,38.715953307393,54.474708171206224,23.151750972762645,,,,,,37.6,31.62,0.0,0.0,33.24,0.3162,43.49,43.49
583,Ali Alipour,IRN,Persepolis FC,FW,30,181,1,0,38,0.4,0,0,0,0,0,0,0,0,1,0,0.0,2.37,0.0,0.0,,1,1,,,,,,,,,,,,,0.0,0.0,2.3684210526315788,2.3684210526315788,,,35.40856031128405,38.715953307393,63.81322957198443,23.151750972762645,,,,,,39.46,29.06,0.0,0.0,34.48,0.2906,44.23,44.23
586,Saman Ghoddos,IRN,Al Ittihad Kalba SCC,MF,32,176,3,3,208,2.3,0,0,0,0,0,0,0,0,4,0,0.0,1.73,0.0,0.0,,4,5,,,,,,,,,,,,,0.0,0.0,1.7307692307692308,2.1634615384615388,,,,40.5693950177936,69.7508896797153,,81.85053380782918,91.45907473309607,,,,69.45,67.99,0.0,0.0,62.36,0.6799,57.89,57.89
588,Mehdi Torabi,IRN,Tractor Sazi Tabriz FC,MF,31,185,1,0,25,0.3,0,0,0,0,0,0,0,0,0,0,,0.0,0.0,,,0,1,,,,,,,,,,,,,0.0,0.0,0.0,3.6,,,,40.5693950177936,11.387900355871883,,12.98932384341637,96.97508896797152,,,,41.94,23.57,0.0,0.0,35.91,0.2357,45.45,45.45
590,Amirhossein Hosseinzadeh,IRN,Tractor Sazi Tabriz FC,FW,25,178,2,0,17,0.2,0,0,0,0,0,0,0,0,1,0,0.0,5.29,0.0,0.0,,2,0,,,,,,,,,,,,,0.0,0.0,10.588235294117649,0.0,,,35.40856031128405,38.715953307393,94.3579766536965,23.151750972762645,,,,,,45.57,19.44,0.0,0.0,38.4,0.1944,46.32,46.32
591,Ali Nemati,IRN,Foolad Khuzestan FC,DF,30,182,3,3,270,3.0,0,0,0,0,0,0,1,0,1,0,0.0,0.33,0.0,0.0,,2,0,,,,,,,,,,,,,0.0,0.0,0.6666666666666667,0.0,,,,,,,45.06802721088435,10.034013605442176,,,,27.55,77.46,0.0,1.0,29.79,0.7746,33.97,32.97
593,Mohammad Ghorbani,IRN,Al Wahda SC,MF,24,190,1,1,90,1.0,0,0,0,0,0,0,0,0,2,1,50.0,2.0,1.0,0.0,0.0,2,2,,,,,,,,,,,,,0.0,0.0,2.0,2.0,,,,40.5693950177936,75.80071174377224,,87.36654804270462,88.43416370106762,,,,71.28,44.72,50.0,0.0,66.5,0.4472,56.49,56.49
595,Ramin Rezaeian,IRN,Foolad Khuzestan FC,DF,36,184,3,3,270,3.0,2,1,3,2,0,0,0,0,4,2,50.0,1.33,0.67,0.5,1.0,5,2,,,,,,,,,,,,,0.6666666666666667,0.3333333333333333,1.6666666666666663,0.6666666666666667,,,,,,,82.6530612244898,38.265306122448976,,,,60.46,77.46,50.0,0.0,61.11,0.7746,58.24,58.24
600,Rebin Sulaka,IRQ,Port FC,DF,34,193,2,1,43,0.5,0,0,0,0,0,0,0,1,1,0,0.0,2.09,0.0,0.0,,0,1,,,,,,,,,,,,,0.0,0.0,0.0,2.0930232558139537,,,,,,,11.73469387755102,91.3265306122449,,,,51.53,30.91,0.0,4.0,44.32,0.3091,47.1,43.1
601,Hussein Ali,IRQ,Pogoń Szczecin,DF,24,182,2,2,162,1.8,0,0,0,0,0,0,0,0,1,0,0.0,0.56,0.0,0.0,,2,2,,,,,,,,,,,,,0.0,0.0,1.1111111111111112,1.1111111111111112,,,,,,,67.68707482993197,60.544217687074834,,,,64.12,60.0,0.0,0.0,57.29,0.6,53.71,53.71
602,Zaid Tahseen,IRQ,Pakhtakor Tashkent FK,DF,25,187,2,2,149,1.7,0,0,0,0,0,0,1,0,2,0,0.0,1.21,0.0,0.0,,1,0,,,,,,,,,,,,,0.0,0.0,0.6040268456375839,0.0,,,,,,,43.197278911564624,10.034013605442176,,,,26.62,57.54,0.0,1.0,27.05,0.5754,36.09,35.09
603,Akam Hashim,IRQ,Al Zawra'a SC,DF,27,184,3,3,270,3.0,0,0,0,0,0,0,0,0,1,0,0.0,0.33,0.0,0.0,,1,2,,,,,,,,,,,,,0.0,0.0,0.3333333333333333,0.6666666666666667,,,,,,,29.25170068027211,38.265306122448976,,,,33.76,77.46,0.0,0.0,34.75,0.7746,37.82,37.82
605,Youssef Amyn,IRQ,AEK Larnaca FC,MF,22,172,1,0,31,0.3,0,0,0,0,0,0,0,0,0,0,,0.0,0.0,,,0,0,,,,,,,,,,,,,0.0,0.0,0.0,0.0,,,,40.5693950177936,11.387900355871883,,12.98932384341637,14.23487544483986,,,,21.25,26.25,0.0,0.0,19.63,0.2625,40.85,40.85
606,Ibrahim Bayesh,IRQ,Al Dhafra SCC,MF,26,180,3,3,235,2.6,0,0,0,0,0,0,0,0,1,0,0.0,0.38,0.0,0.0,,4,1,,,,,,,,,,,,,0.0,0.0,1.5319148936170213,0.3829787234042553,,,,40.5693950177936,27.580071174377224,,76.86832740213522,35.94306049822064,,,,45.89,72.26,0.0,0.0,43.94,0.7226,45.18,45.18
608,Mohanad Ali,IRQ,Dibba FC,FW,25,183,1,0,13,0.1,0,0,0,0,0,0,0,0,0,0,,0.0,0.0,,,0,0,,,,,,,,,,,,,0.0,0.0,0.0,0.0,,,35.40856031128405,38.715953307393,11.478599221789883,23.151750972762645,,,,,,29.0,17.0,0.0,0.0,24.9,0.17,44.26,44.26
610,Jalal Hassan,IRQ,Al Zawra'a SC,GK,35,188,2,1,135,1.5,0,0,0,0,0,0,0,0,0,0,,0.0,0.0,,,0,0,8.0,5.33,16.0,8.0,50.0,0.0,0.0,0.0,0.0,0.0,0.0,,0.0,0.0,0.0,0.0,5.333333333333334,0.0,,,,,,,22.641509433962263,94.64285714285714,26.785714285714285,45.28,54.77,0.0,0.0,41.7,0.5477,45.39,45.39
611,Ali Yousif,IRQ,Al Talaba SC,FW,30,180,1,0,33,0.4,0,0,0,0,0,0,0,0,0,0,,0.0,0.0,,,1,0,,,,,,,,,,,,,0.0,0.0,2.7272727272727275,0.0,,,35.40856031128405,38.715953307393,11.478599221789883,23.151750972762645,,,,,,29.0,27.08,0.0,0.0,25.91,0.2708,42.18,42.18
612,Zidane Iqbal,IRQ,FC Utrecht,MF,23,183,3,2,188,2.1,0,0,0,0,0,0,0,0,0,0,,0.0,0.0,,,2,1,,,,,,,,,,,,,0.0,0.0,0.9574468085106382,0.4787234042553191,,,,40.5693950177936,11.387900355871883,,52.66903914590747,39.32384341637011,,,,37.45,64.64,0.0,0.0,36.42,0.6464,40.66,40.66
615,Ali Jasim,IRQ,Al Najmah SC,FW,22,178,2,2,129,1.4,0,0,0,0,0,0,0,0,4,1,25.0,2.79,0.7,0.0,0.0,1,0,,,,,,,,,,,,,0.0,0.0,0.6976744186046512,0.0,,,35.40856031128405,38.715953307393,69.8443579766537,59.53307392996109,,,,,,47.95,53.54,25.0,0.0,46.21,0.5354,47.15,47.15
617,Kevin Yakob,IRQ,Aarhus GF,MF,25,180,1,0,24,0.3,0,0,0,0,0,0,0,0,1,0,0.0,3.75,0.0,0.0,,0,1,,,,,,,,,,,,,0.0,0.0,0.0,3.75,,,,40.5693950177936,93.23843416370109,,12.98932384341637,97.50889679715304,,,,58.44,23.09,0.0,0.0,49.06,0.2309,48.55,48.55
618,Aimar Sher,IRQ,Sarpsborg 08 FF,MF,23,180,1,0,23,0.3,0,0,0,0,0,0,0,0,0,0,,0.0,0.0,,,0,0,,,,,,,,,,,,,0.0,0.0,0.0,0.0,,,,40.5693950177936,11.387900355871883,,12.98932384341637,14.23487544483986,,,,21.25,22.61,0.0,0.0,19.26,0.2261,41.81,41.81
619,Marko Farji,IRQ,Venezia FC,FW,22,185,2,0,54,0.6,0,0,0,0,0,0,0,0,0,0,,0.0,0.0,,,1,1,,,,,,,,,,,,,0.0,0.0,1.6666666666666663,1.6666666666666663,,,35.40856031128405,38.715953307393,11.478599221789883,23.151750972762645,,,,,,29.0,34.64,0.0,0.0,26.66,0.3464,40.76,40.76
620,Ahmed Basil,IRQ,Al Shorta SC,GK,29,184,2,2,135,1.5,0,0,0,0,0,0,0,0,0,0,,0.0,0.0,,,0,0,4.0,2.67,7.0,3.0,42.9,0.0,0.0,0.0,0.0,0.0,0.0,,0.0,0.0,0.0,0.0,2.0,0.0,,,,,,,16.037735849056602,33.035714285714285,26.785714285714285,23.82,54.77,0.0,0.0,24.54,0.5477,35.99,35.99
621,Merchas Doski,IRQ,FC Viktoria Plzeň,DF,26,173,3,3,270,3.0,0,0,0,0,0,0,1,0,1,0,0.0,0.33,0.0,0.0,,9,6,,,,,,,,,,,,,0.0,0.0,3.0,2.0,,,,,,,96.08843537414968,88.60544217687075,,,,92.35,77.46,0.0,1.0,81.62,0.7746,74.12,73.12
623,Mustafa Saadoon,IRQ,Al Shorta SC,DF,25,181,1,0,18,0.2,0,0,0,0,0,0,0,0,0,0,,0.0,0.0,,,1,0,,,,,,,,,,,,,0.0,0.0,5.0,0.0,,,,,,,98.9795918367347,10.034013605442176,,,,54.51,20.0,0.0,0.0,45.61,0.2,47.8,47.8
625,Zion Suzuki,JPN,Parma,GK,23,190,4,4,360,4.0,0,0,0,0,0,0,0,0,0,0,,0.0,0.0,,,0,0,5.0,1.25,17.0,12.0,70.6,1.0,25.0,0.0,0.0,0.0,0.0,,0.0,0.0,0.0,0.0,3.0,0.25,,,,,,,69.81132075471697,64.28571428571429,59.82142857142857,65.66,89.44,25.0,0.0,63.97,0.8944,62.48,62.48
626,Yukinari Sugawara,JPN,SV Werder Bremen,DF,25,179,4,1,148,1.6,0,0,0,0,0,0,0,0,2,2,100.0,1.22,1.22,0.0,0.0,3,0,,,,,,,,,,,,,0.0,0.0,1.8243243243243243,0.0,,,,,,,85.71428571428571,10.034013605442176,,,,47.87,57.35,100.0,0.0,54.03,0.5735,51.61,51.61
627,Shogo Taniguchi,JPN,Sint-Truiden VV,DF,34,185,3,2,232,2.6,0,0,0,0,0,0,1,0,0,0,,0.0,0.0,,,0,1,,,,,,,,,,,,,0.0,0.0,0.0,0.3879310344827586,,,,,,,11.73469387755102,24.489795918367346,,,,18.11,71.8,0.0,1.0,21.67,0.718,29.19,28.19
629,Yūto Nagatomo,JPN,FC Tokyo,DF,39,170,1,0,16,0.2,0,0,0,0,0,0,0,0,0,0,,0.0,0.0,,,0,1,,,,,,,,,,,,,0.0,0.0,0.0,5.625,,,,,,,11.73469387755102,99.31972789115646,,,,55.53,18.86,0.0,0.0,46.31,0.1886,47.96,47.96
631,Ao Tanaka,JPN,Leeds United FC,MF,27,180,3,2,193,2.1,0,0,0,0,0,0,0,0,2,0,0.0,0.93,0.0,0.0,,6,1,,,,,,,,,,,,,0.0,0.0,2.7979274611398965,0.466321243523316,,,,40.5693950177936,41.99288256227758,,95.72953736654804,38.07829181494662,,,,54.02,65.49,0.0,0.0,49.77,0.6549,49.29,49.29
632,Takefusa Kubo,JPN,Real Sociedad,MF,25,173,1,1,74,0.8,0,1,1,0,0,0,0,0,1,0,0.0,1.22,0.0,0.0,,0,1,,,,,,,,,,,,,0.0,1.2162162162162162,0.0,1.2162162162162162,,,,99.644128113879,53.38078291814946,,12.98932384341637,67.43772241992883,,,,60.68,40.55,0.0,0.0,52.6,0.4055,50.1,50.1
633,Keisuke Gotō,JPN,Sint-Truiden VV,FW,21,191,1,0,7,0.1,0,0,0,0,0,0,0,0,0,0,,0.0,0.0,,,1,0,,,,,,,,,,,,,0.0,0.0,12.857142857142856,0.0,,,35.40856031128405,38.715953307393,11.478599221789883,23.151750972762645,,,,,,29.0,12.47,0.0,0.0,24.45,0.1247,45.26,45.26
634,Ritsu Doan,JPN,Eintracht Frankfurt,MF,27,172,4,4,278,3.1,0,1,1,0,0,0,0,0,1,0,0.0,0.32,0.0,0.0,,1,1,,,,,,,,,,,,,0.0,0.3237410071942446,0.3237410071942446,0.3237410071942446,,,,87.54448398576513,24.73309608540925,,27.75800711743772,32.74021352313167,,,,46.33,78.6,0.0,0.0,44.93,0.786,45.67,45.67
635,Daizen Maeda,JPN,Celtic FC,MF,28,173,3,3,244,2.7,1,0,1,1,0,0,0,0,2,1,50.0,0.74,0.37,0.5,1.0,3,2,,,,,,,,,,,,,0.3688524590163934,0.0,1.1065573770491803,0.7377049180327869,,,,40.5693950177936,36.120996441281136,,59.4306049822064,51.245551601423486,,,,47.06,73.64,50.0,0.0,50.01,0.7364,49.59,49.59
637,Keito Nakamura,JPN,Stade Reims,MF,25,180,4,4,307,3.4,1,1,2,1,0,0,0,0,5,2,40.0,1.47,0.59,0.2,0.5,3,1,,,,,,,,,,,,,0.2931596091205212,0.2931596091205212,0.8794788273615635,0.2931596091205212,,,,86.47686832740213,62.09964412811389,,49.46619217081851,31.316725978647685,,,,58.56,82.6,40.0,0.0,59.11,0.826,57.24,57.24
638,Junya Itō,JPN,KRC Genk,MF,33,177,4,2,216,2.4,1,0,1,1,0,0,0,0,3,1,33.3,1.25,0.42,0.33,1.0,2,1,,,,,,,,,,,,,0.4166666666666666,0.0,0.8333333333333333,0.4166666666666666,,,,40.5693950177936,54.27046263345196,,48.39857651245551,37.01067615658363,,,,44.38,69.28,33.3,0.0,45.76,0.6928,46.57,46.57
639,Daichi Kamada,JPN,Crystal Palace FC,MF,29,180,4,4,329,3.7,2,0,2,2,0,0,1,0,3,2,66.7,0.82,0.55,0.67,1.0,3,1,,,,,,,,,,,,,0.547112462006079,0.0,0.8206686930091185,0.2735562310030395,,,,40.5693950177936,38.79003558718861,,47.686832740213525,29.8932384341637,,,,39.32,85.51,66.7,1.0,46.68,0.8551,46.93,45.93
640,Tsuyoshi Watanabe,JPN,Feyenoord Rotterdam,DF,29,184,2,1,90,1.0,0,0,0,0,0,0,0,0,0,0,,0.0,0.0,,,2,0,,,,,,,,,,,,,0.0,0.0,2.0,0.0,,,,,,,89.28571428571429,10.034013605442176,,,,49.66,44.72,0.0,0.0,44.2,0.4472,46.49,46.49
641,Yuito Suzuki,JPN,SC Freiburg,MF,24,175,1,0,12,0.1,0,0,0,0,0,0,0,0,0,0,,0.0,0.0,,,1,0,,,,,,,,,,,,,0.0,0.0,7.5,0.0,,,,40.5693950177936,11.387900355871883,,99.644128113879,14.23487544483986,,,,42.92,16.33,0.0,0.0,35.97,0.1633,46.37,46.37
642,Ayase Ueda,JPN,Feyenoord Rotterdam,FW,27,182,4,4,321,3.6,2,1,3,2,0,0,0,0,9,4,44.4,2.52,1.12,0.22,0.5,1,0,,,,,,,,,,,,,0.5607476635514018,0.2803738317757009,0.2803738317757009,0.0,,,81.32295719844358,83.65758754863813,67.31517509727627,69.64980544747081,,,,,,76.77,84.46,44.4,0.0,74.3,0.8446,70.25,70.25
643,Kōki Ogawa,JPN,NEC Nijmegen,FW,28,186,3,0,42,0.5,0,1,1,0,0,0,0,0,3,0,0.0,6.43,0.0,0.0,,0,0,,,,,,,,,,,,,0.0,2.142857142857143,0.0,0.0,,,35.40856031128405,99.22178988326849,97.0817120622568,23.151750972762645,,,,,,61.25,30.55,0.0,0.0,52.05,0.3055,49.4,49.4
644,Ayumu Seko,JPN,Le Havre AC,DF,26,186,2,1,86,1.0,0,0,0,0,0,0,0,0,0,0,,0.0,0.0,,,1,1,,,,,,,,,,,,,0.0,0.0,1.0465116279069768,1.0465116279069768,,,,,,,65.64625850340136,58.84353741496599,,,,62.24,43.72,0.0,0.0,54.17,0.4372,50.89,50.89
645,Hiroki Ito,JPN,FC Bayern München,DF,27,188,4,4,360,4.0,0,0,0,0,0,0,0,0,1,0,0.0,0.25,0.0,0.0,,2,0,,,,,,,,,,,,,0.0,0.0,0.5,0.0,,,,,,,38.775510204081634,10.034013605442176,,,,24.4,89.44,0.0,0.0,28.47,0.8944,30.57,30.57
646,Takehiro Tomiyasu,JPN,AFC Ajax,DF,27,187,3,2,184,2.0,0,0,0,0,0,0,0,0,1,0,0.0,0.49,0.0,0.0,,1,2,,,,,,,,,,,,,0.0,0.0,0.4891304347826087,0.9782608695652174,,,,,,,36.734693877551024,51.02040816326531,,,,43.88,63.94,0.0,0.0,41.5,0.6394,43.97,43.97
648,Kaishū Sano,JPN,1. FSV Mainz 05,MF,25,176,3,3,270,3.0,1,1,2,1,0,0,1,0,1,1,100.0,0.33,0.33,1.0,1.0,2,4,,,,,,,,,,,,,0.3333333333333333,0.3333333333333333,0.6666666666666667,1.3333333333333337,,,,88.25622775800713,25.26690391459075,,40.0355871886121,70.64056939501779,,,,59.2,77.46,100.0,1.0,65.11,0.7746,61.34,60.34
649,Junnosuke Suzuki,JPN,FC København,DF,22,180,2,0,43,0.5,0,0,0,0,0,0,1,0,0,0,,0.0,0.0,,,0,1,,,,,,,,,,,,,0.0,0.0,0.0,2.0930232558139537,,,,,,,11.73469387755102,91.3265306122449,,,,51.53,30.91,0.0,1.0,44.32,0.3091,47.1,46.1
650,Kento Shiogai,JPN,VfL Wolfsburg,FW,21,180,1,0,7,0.1,0,0,0,0,0,0,0,0,0,0,,0.0,0.0,,,0,0,,,,,,,,,,,,,0.0,0.0,0.0,0.0,,,35.40856031128405,38.715953307393,11.478599221789883,23.151750972762645,,,,,,29.0,12.47,0.0,0.0,24.45,0.1247,45.26,45.26
651,Yazeed Abulaila,JOR,Al Hussein SC,GK,33,188,3,3,270,3.0,0,0,0,0,0,0,0,0,0,0,,0.0,0.0,,,0,0,8.0,2.67,16.0,8.0,50.0,0.0,0.0,2.0,2.0,0.0,0.0,0.0,0.0,0.0,0.0,0.0,2.666666666666667,0.0,,,,,,,22.641509433962263,55.35714285714286,26.785714285714285,33.49,77.46,0.0,0.0,34.54,0.7746,37.99,37.99
653,Abdallah Nasib,JOR,Al Zawra'a SC,DF,32,184,3,3,260,2.9,0,0,0,0,0,0,0,0,0,0,,0.0,0.0,,,3,7,,,,,,,,,,,,,0.0,0.0,1.0384615384615383,2.423076923076924,,,,,,,65.3061224489796,94.89795918367348,,,,80.1,76.01,0.0,0.0,71.68,0.7601,66.08,66.08
656,Amer Jamous,JOR,Al Zawra'a SC,MF,23,177,1,0,15,0.2,0,0,0,0,0,0,0,0,0,0,,0.0,0.0,,,0,0,,,,,,,,,,,,,0.0,0.0,0.0,0.0,,,,40.5693950177936,11.387900355871883,,12.98932384341637,14.23487544483986,,,,21.25,18.26,0.0,0.0,18.83,0.1826,43.0,43.0
659,Ali Olwan,JOR,Al Sailiya SC,FW,26,182,3,3,268,3.0,1,0,1,1,0,0,0,0,6,3,50.0,2.01,1.01,0.17,0.33,0,1,,,,,,,,,,,,,0.335820895522388,0.0,0.0,0.335820895522388,,,77.04280155642024,38.715953307393,55.25291828793775,68.09338521400778,,,,,,61.31,77.17,50.0,0.0,61.77,0.7717,58.68,58.68
674,Ali Azaizeh,JOR,Al Shabab FC,FW,22,178,3,1,54,0.6,0,0,0,0,0,0,0,0,2,0,0.0,3.33,0.0,0.0,,3,0,,,,,,,,,,,,,0.0,0.0,5.0,0.0,,,35.40856031128405,38.715953307393,78.21011673151752,23.151750972762645,,,,,,42.34,34.64,0.0,0.0,37.34,0.3464,44.46,44.46
692,Park Jinseob,KOR,Zhejiang FC,DF,30,183,2,0,32,0.4,0,0,0,0,0,0,0,0,1,1,100.0,2.81,2.81,0.0,0.0,0,0,,,,,,,,,,,,,0.0,0.0,0.0,0.0,,,,,,,11.73469387755102,10.034013605442176,,,,10.88,26.67,100.0,0.0,21.37,0.2667,41.15,41.15
699,Jens Castrop,KOR,Borussia Mönchengladbach,DF,22,178,1,0,45,0.5,0,0,0,0,0,0,0,0,0,0,,0.0,0.0,,,0,0,,,,,,,,,,,,,0.0,0.0,0.0,0.0,,,,,,,11.73469387755102,10.034013605442176,,,,10.88,31.62,0.0,0.0,11.87,0.3162,36.81,36.81
703,Raúl Rangel,MEX,CD Guadalajara,GK,26,190,5,5,437,4.9,0,0,0,0,0,0,0,0,0,0,,0.0,0.0,,,0,0,3.0,0.62,11.0,8.0,72.7,4.0,80.0,1.0,1.0,0.0,0.0,0.0,0.0,0.0,0.0,0.0,1.647597254004577,0.8237986270022883,,,,,,,73.58490566037736,30.35714285714285,96.42857142857144,66.33,98.54,80.0,0.0,70.92,0.9854,70.61,70.61
704,Jorge Sánchez,MEX,PAOK Saloniki,DF,28,176,4,4,348,3.9,0,1,1,0,0,0,1,0,1,1,100.0,0.26,0.26,0.0,0.0,4,5,,,,,,,,,,,,,0.0,0.2586206896551724,1.0344827586206895,1.293103448275862,,,,,,,64.28571428571429,69.04761904761905,,,,66.67,87.94,100.0,1.0,72.13,0.8794,69.26,68.26
705,César Montes,MEX,FC Lokomotiv Moscow,DF,29,191,4,4,314,3.5,0,0,0,0,0,0,0,1,1,1,100.0,0.29,0.29,0.0,0.0,1,2,,,,,,,,,,,,,0.0,0.0,0.286624203821656,0.5732484076433121,,,,,,,26.87074829931973,34.69387755102041,,,,30.78,83.53,100.0,4.0,42.98,0.8353,43.86,39.86
706,Edson Álvarez,MEX,Fenerbahçe SK,DF,28,180,4,2,240,2.7,0,0,0,0,0,0,1,0,2,0,0.0,0.75,0.0,0.0,,6,3,,,,,,,,,,,,,0.0,0.0,2.25,1.125,,,,,,,93.87755102040816,62.58503401360544,,,,78.23,73.03,0.0,1.0,69.89,0.7303,64.08,63.08
707,Johan Vásquez,MEX,Genoa CFC,DF,27,182,4,4,360,4.0,0,0,0,0,0,0,1,0,1,0,0.0,0.25,0.0,0.0,,1,2,,,,,,,,,,,,,0.0,0.0,0.25,0.5,,,,,,,25.68027210884354,30.10204081632653,,,,27.89,89.44,0.0,1.0,31.26,0.8944,33.06,32.06
708,Erik Lira,MEX,CF Cruz Azul,MF,26,172,4,4,345,3.8,0,1,1,0,0,0,0,0,0,0,,0.0,0.0,,,3,2,,,,,,,,,,,,,0.0,0.2608695652173913,0.782608695652174,0.5217391304347826,,,,85.40925266903915,11.387900355871883,,46.263345195729535,41.637010676156585,,,,49.88,87.56,0.0,0.0,48.66,0.8756,48.62,48.62
709,Luis Romo,MEX,CD Guadalajara,MF,31,183,4,4,264,2.9,1,1,2,1,0,0,0,0,3,1,33.3,1.02,0.34,0.33,1.0,4,4,,,,,,,,,,,,,0.3409090909090909,0.3409090909090909,1.3636363636363638,1.3636363636363638,,,,89.32384341637011,47.33096085409253,,69.03914590747331,72.06405693950177,,,,71.54,76.59,33.3,0.0,68.22,0.7659,63.58,63.58
710,Álvaro Fidalgo,MEX,Real Betis,MF,29,175,3,1,96,1.1,1,0,1,1,0,0,0,0,3,2,66.7,2.81,1.87,0.33,0.5,0,1,,,,,,,,,,,,,0.9375,0.0,0.0,0.9375,,,,40.5693950177936,88.61209964412812,,12.98932384341637,58.362989323843415,,,,47.73,46.19,66.7,0.0,49.47,0.4619,48.89,48.89
711,Raúl Jiménez,MEX,Fulham FC,FW,35,188,4,4,317,3.5,3,0,3,2,1,1,0,0,18,7,38.9,5.11,1.99,0.17,0.43,1,0,,,,,,,,,,,,,0.8517350157728707,0.0,0.2839116719242902,0.0,,,90.6614785992218,38.715953307393,93.77431906614784,89.88326848249028,,,,,,78.14,83.93,38.9,0.0,74.8,0.8393,70.53,70.53
712,Alexis Vega,MEX,Deportivo Toluca FC,FW,28,175,1,0,12,0.1,0,0,0,0,0,0,0,0,0,0,,0.0,0.0,,,0,0,,,,,,,,,,,,,0.0,0.0,0.0,0.0,,,35.40856031128405,38.715953307393,11.478599221789883,23.151750972762645,,,,,,29.0,16.33,0.0,0.0,24.83,0.1633,44.41,44.41
713,Santiago Giménez,MEX,AC Milan,FW,25,180,4,0,86,1.0,0,0,0,0,0,0,0,0,2,1,50.0,2.09,1.05,0.0,0.0,0,0,,,,,,,,,,,,,0.0,0.0,0.0,0.0,,,35.40856031128405,38.715953307393,57.39299610894941,69.26070038910505,,,,,,47.4,43.72,50.0,0.0,47.29,0.4372,47.82,47.82
715,Guillermo Ochoa,MEX,AEL Limassol,GK,40,185,1,0,13,0.1,0,0,0,0,0,0,0,0,0,0,,0.0,0.0,,,0,0,0.0,0.0,0.0,0.0,,1.0,,0.0,0.0,0.0,0.0,,0.0,0.0,0.0,0.0,0.0,6.923076923076923,,,,,,,,5.357142857142857,100.0,48.38,17.0,0.0,0.0,40.4,0.17,48.25,48.25
716,Armando González,MEX,CD Guadalajara,FW,23,182,1,0,15,0.2,0,0,0,0,0,0,0,0,0,0,,0.0,0.0,,,0,0,,,,,,,,,,,,,0.0,0.0,0.0,0.0,,,35.40856031128405,38.715953307393,11.478599221789883,23.151750972762645,,,,,,29.0,18.26,0.0,0.0,25.02,0.1826,43.99,43.99
717,Israel Reyes,MEX,Club América,DF,26,181,4,2,202,2.2,0,0,0,0,0,0,0,0,2,0,0.0,0.89,0.0,0.0,,1,3,,,,,,,,,,,,,0.0,0.0,0.4455445544554455,1.3366336633663365,,,,,,,35.714285714285715,72.10884353741497,,,,53.91,67.0,0.0,0.0,49.83,0.67,49.34,49.34
718,Julián Quiñones,MEX,Al Qadsiah FC,FW,29,177,5,5,410,4.6,4,1,5,4,0,0,0,0,14,6,42.9,3.07,1.32,0.29,0.67,0,0,,,,,,,,,,,,,0.8780487804878049,0.2195121951219512,0.0,0.0,,,91.82879377431908,78.98832684824903,75.4863813229572,76.65369649805449,,,,,,82.32,95.45,42.9,0.0,79.69,0.9545,78.26,78.26
719,Orbelín Pineda,MEX,AEK Athens,MF,30,169,2,0,31,0.3,0,0,0,0,0,0,0,0,1,0,0.0,2.9,0.0,0.0,,0,0,,,,,,,,,,,,,0.0,0.0,0.0,0.0,,,,40.5693950177936,89.5017793594306,,12.98932384341637,14.23487544483986,,,,36.88,26.25,0.0,0.0,32.13,0.2625,44.13,44.13
720,Obed Vargas,MEX,Atlético De Madrid,MF,20,175,3,0,66,0.7,0,0,0,0,0,0,0,0,1,1,100.0,1.36,1.36,0.0,0.0,2,1,,,,,,,,,,,,,0.0,0.0,2.7272727272727275,1.3636363636363638,,,,40.5693950177936,58.362989323843415,,95.01779359430606,72.06405693950177,,,,65.61,38.3,100.0,0.0,66.32,0.383,55.26,55.26
721,Gilberto Mora,MEX,Club Tijuana,MF,17,175,4,3,213,2.4,0,0,0,0,0,0,0,0,5,0,0.0,2.11,0.0,0.0,,2,2,,,,,,,,,,,,,0.0,0.0,0.8450704225352113,0.8450704225352113,,,,40.5693950177936,79.7153024911032,,48.754448398576514,56.22775800711744,,,,54.36,68.8,0.0,0.0,50.37,0.688,49.75,49.75
722,Mateo Chávez,MEX,AZ Alkmaar,DF,22,178,1,1,77,0.9,1,0,1,1,0,0,0,0,1,1,100.0,1.17,1.17,1.0,1.0,1,0,,,,,,,,,,,,,1.168831168831169,0.0,1.168831168831169,0.0,,,,,,,69.72789115646259,10.034013605442176,,,,39.88,41.37,100.0,0.0,46.04,0.4137,47.39,47.39
723,César Huerta,MEX,RSC Anderlecht,FW,25,171,1,0,7,0.1,0,0,0,0,0,0,0,0,0,0,,0.0,0.0,,,0,0,,,,,,,,,,,,,0.0,0.0,0.0,0.0,,,35.40856031128405,38.715953307393,11.478599221789883,23.151750972762645,,,,,,29.0,12.47,0.0,0.0,24.45,0.1247,45.26,45.26
725,Jesús Gallardo,MEX,Deportivo Toluca FC,DF,31,174,5,4,373,4.1,0,0,0,0,0,0,0,0,4,0,0.0,0.97,0.0,0.0,,1,7,,,,,,,,,,,,,0.0,0.0,0.2412868632707774,1.6890080428954422,,,,,,,25.170068027210885,83.33333333333334,,,,54.25,91.04,0.0,0.0,52.51,0.9104,52.13,52.13
726,Luis Chávez,MEX,FC Dynamo Moscow,MF,30,178,1,0,25,0.3,0,0,0,0,0,0,0,0,0,0,,0.0,0.0,,,1,0,,,,,,,,,,,,,0.0,0.0,3.6,0.0,,,,40.5693950177936,11.387900355871883,,98.22064056939502,14.23487544483986,,,,42.56,23.57,0.0,0.0,36.41,0.2357,45.57,45.57
727,Roberto Alvarado,MEX,CD Guadalajara,FW,27,176,5,5,428,4.8,0,3,3,0,0,0,0,0,5,0,0.0,1.05,0.0,0.0,,3,2,,,,,,,,,,,,,0.0,0.6308411214953271,0.6308411214953271,0.4205607476635514,,,35.40856031128405,93.3852140077821,31.90661478599221,23.151750972762645,,,,,,46.75,97.52,0.0,0.0,47.15,0.9752,47.18,47.18
728,Brian Gutiérrez,MEX,CD Guadalajara,MF,22,178,4,2,198,2.2,0,0,0,0,0,0,1,0,6,0,0.0,2.73,0.0,0.0,,1,2,,,,,,,,,,,,,0.0,0.0,0.4545454545454546,0.9090909090909092,,,,40.5693950177936,87.90035587188612,,31.672597864768683,57.11743772241993,,,,51.95,66.33,0.0,1.0,48.19,0.6633,48.26,47.26
729,Yassine Bounou,MAR,Al Hilal SC,GK,35,192,6,6,570,6.3,0,0,0,0,0,0,0,0,0,0,,0.0,0.0,,,0,0,6.0,0.95,20.0,14.0,70.0,2.0,33.3,1.0,0.0,1.0,0.0,100.0,0.0,0.0,0.0,0.0,2.210526315789474,0.3157894736842105,,,,,,,66.98113207547169,37.5,67.85714285714286,58.36,100.0,33.3,0.0,60.01,1.0,60.01,60.01
730,Achraf Hakimi,MAR,Paris Saint-Germain,DF,27,180,6,6,570,6.3,1,2,3,1,0,0,1,0,14,4,28.6,2.21,0.63,0.07,0.25,10,5,,,,,,,,,,,,,0.1578947368421052,0.3157894736842105,1.5789473684210529,0.7894736842105263,,,,,,,80.27210884353741,42.17687074829932,,,,61.22,100.0,28.6,1.0,61.84,1.0,61.84,60.84
731,Noussair Mazraoui,MAR,Manchester United FC,DF,28,183,6,5,477,5.3,0,0,0,0,0,0,0,0,0,0,,0.0,0.0,,,8,2,,,,,,,,,,,,,0.0,0.0,1.509433962264151,0.3773584905660377,,,,,,,79.93197278911565,24.149659863945576,,,,52.04,100.0,0.0,0.0,51.63,1.0,51.63,51.63
732,Sofyan Amrabat,MAR,Real Betis,MF,29,185,3,1,147,1.6,0,0,0,0,0,0,0,0,0,0,,0.0,0.0,,,1,2,,,,,,,,,,,,,0.0,0.0,0.6122448979591837,1.2244897959183674,,,,40.5693950177936,11.387900355871883,,38.79003558718861,67.97153024911033,,,,41.14,57.15,0.0,0.0,38.63,0.5715,42.81,42.81
734,Ayyoub Bouaddi,MAR,Lille OSC,MF,18,185,5,5,381,4.2,0,0,0,0,0,0,0,0,3,0,0.0,0.71,0.0,0.0,,3,1,,,,,,,,,,,,,0.0,0.0,0.7086614173228346,0.2362204724409448,,,,40.5693950177936,35.40925266903915,,42.52669039145908,29.181494661921707,,,,37.18,92.01,0.0,0.0,38.95,0.9201,39.7,39.7
735,Chemsdine Talbi,MAR,Sunderland AFC,MF,21,175,5,1,179,2.0,0,1,1,0,0,0,0,0,2,0,0.0,1.01,0.0,0.0,,2,2,,,,,,,,,,,,,0.0,0.5027932960893855,1.005586592178771,1.005586592178771,,,,94.48398576512456,46.619217081850536,,56.22775800711744,61.56583629893239,,,,67.12,63.07,0.0,0.0,60.0,0.6307,55.72,55.72
736,Azzedine Ounahi,MAR,Girona FC,MF,26,182,6,5,435,4.8,2,0,2,2,0,0,1,0,5,3,60.0,1.03,0.62,0.4,0.67,1,1,,,,,,,,,,,,,0.4137931034482758,0.0,0.2068965517241379,0.2068965517241379,,,,40.5693950177936,48.04270462633452,,25.97864768683274,28.825622775800717,,,,35.48,98.32,60.0,1.0,44.22,0.9832,44.29,43.29
737,Soufiane Rahimi,MAR,Al Ain FC,FW,30,180,6,0,163,1.8,2,1,3,2,0,0,0,0,6,4,66.7,3.31,2.21,0.33,0.5,2,0,,,,,,,,,,,,,1.1042944785276074,0.5521472392638037,1.1042944785276074,0.0,,,94.94163424124513,92.60700389105058,77.82101167315176,93.3852140077821,,,,,,90.62,60.18,66.7,0.0,85.19,0.6018,70.47,70.47
738,Brahim Díaz,MAR,Real Madrid C. F.,FW,26,170,6,6,457,5.1,0,4,4,0,0,0,0,0,6,1,16.7,1.18,0.2,0.0,0.0,2,4,,,,,,,,,,,,,0.0,0.787746170678337,0.3938730853391685,0.787746170678337,,,35.40856031128405,96.49805447470816,33.85214007782101,46.30350194552529,,,,,,52.55,100.0,16.7,0.0,53.71,1.0,53.71,53.71
739,Ismael Saibari,MAR,PSV Eindhoven,MF,25,185,5,5,381,4.2,3,0,3,3,0,0,0,0,10,3,30.0,2.36,0.71,0.3,1.0,2,0,,,,,,,,,,,,,0.7086614173228346,0.0,0.4724409448818897,0.0,,,,40.5693950177936,83.27402135231317,,32.38434163701068,14.23487544483986,,,,40.48,92.01,30.0,0.0,44.59,0.9201,44.89,44.89
741,Zakaria El Ouahdi,MAR,KRC Genk,DF,24,171,1,0,17,0.2,0,0,0,0,0,0,0,0,0,0,,0.0,0.0,,,0,0,,,,,,,,,,,,,0.0,0.0,0.0,0.0,,,,,,,11.73469387755102,10.034013605442176,,,,10.88,19.44,0.0,0.0,10.65,0.1944,41.02,41.02
742,Issa Diop,MAR,Fulham FC,DF,29,194,5,5,476,5.3,1,0,1,1,0,0,3,0,1,1,100.0,0.19,0.19,1.0,1.0,1,7,,,,,,,,,,,,,0.1890756302521008,0.0,0.1890756302521008,1.3235294117647058,,,,,,,23.809523809523807,70.06802721088435,,,,46.94,100.0,100.0,3.0,57.55,1.0,57.55,54.55
743,Samir El Mourabet,MAR,RC Strasbourg,MF,20,187,5,0,81,0.9,0,0,0,0,0,0,0,0,0,0,,0.0,0.0,,,1,1,,,,,,,,,,,,,0.0,0.0,1.1111111111111112,1.1111111111111112,,,,40.5693950177936,11.387900355871883,,59.7864768683274,64.05693950177937,,,,45.41,42.43,0.0,0.0,40.57,0.4243,45.08,45.08
744,Gessime Yassine,MAR,RC Strasbourg,MF,20,172,3,0,80,0.9,1,0,1,1,0,0,0,0,2,1,50.0,2.25,1.13,0.5,1.0,2,1,,,,,,,,,,,,,1.125,0.0,2.25,1.125,,,,40.5693950177936,81.85053380782918,,91.45907473309607,64.41281138790036,,,,67.51,42.16,50.0,0.0,63.22,0.4216,54.65,54.65
746,Chadi Riad,MAR,Crystal Palace FC,DF,22,186,4,4,344,3.8,0,1,1,0,0,0,0,0,1,0,0.0,0.26,0.0,0.0,,1,4,,,,,,,,,,,,,0.0,0.2616279069767442,0.2616279069767442,1.0465116279069768,,,,,,,26.53061224489796,58.84353741496599,,,,42.69,87.43,0.0,0.0,42.89,0.8743,43.58,43.58
748,Ayoub El Kaabi,MAR,Olympiacos FC,FW,32,182,1,1,69,0.8,0,0,0,0,0,0,0,0,3,2,66.7,3.91,2.61,0.0,0.0,2,0,,,,,,,,,,,,,0.0,0.0,2.608695652173913,0.0,,,35.40856031128405,38.715953307393,85.21400778210116,96.1089494163424,,,,,,58.34,39.16,66.7,0.0,57.26,0.3916,51.76,51.76
749,Ayoube Amaimouni,MAR,Eintracht Frankfurt,FW,21,179,2,0,18,0.2,0,0,0,0,0,0,0,0,2,1,50.0,10.0,5.0,0.0,0.0,1,0,,,,,,,,,,,,,0.0,0.0,5.0,0.0,,,35.40856031128405,38.715953307393,98.83268482490271,100.0,,,,,,61.84,20.0,50.0,0.0,56.47,0.2,49.88,49.88
751,Bilal El Khannouss,MAR,VfB Stuttgart,MF,22,180,6,6,461,5.1,0,0,0,0,0,0,1,0,6,4,66.7,1.17,0.78,0.0,0.0,7,1,,,,,,,,,,,,,0.0,0.0,1.3665943600867678,0.1952277657266811,,,,40.5693950177936,51.245551601423486,,69.3950177935943,28.46975088967972,,,,46.89,100.0,66.7,1.0,54.18,1.0,54.18,53.18
752,Neil El Aynaoui,MAR,AS Roma,MF,24,185,6,6,562,6.2,0,0,0,0,0,0,0,0,7,2,28.6,1.12,0.32,0.0,0.0,9,8,,,,,,,,,,,,,0.0,0.0,1.4412811387900355,1.281138790035587,,,,40.5693950177936,50.1779359430605,,73.66548042704626,69.57295373665481,,,,58.02,100.0,28.6,0.0,59.27,1.0,59.27,59.27
753,Redouane Halhal,MAR,KV Mechelen,DF,23,189,2,2,180,2.0,0,0,0,0,0,0,1,0,0,0,,0.0,0.0,,,1,1,,,,,,,,,,,,,0.0,0.0,0.5,0.5,,,,,,,38.775510204081634,30.10204081632653,,,,34.44,63.25,0.0,1.0,33.88,0.6325,39.19,38.19
755,Bart Verbruggen,NED,Brighton & Hove Albion FC,GK,23,193,4,4,390,4.3,0,0,0,0,0,0,0,0,0,0,,0.0,0.0,,,0,0,5.0,1.15,21.0,16.0,76.2,0.0,0.0,0.0,0.0,0.0,0.0,,0.0,0.0,0.0,0.0,3.692307692307693,0.0,,,,,,,81.13207547169812,78.57142857142857,26.785714285714285,66.78,93.09,0.0,0.0,62.73,0.9309,61.84,61.84
757,Marten de Roon,NED,Atalanta Bergamo,MF,35,186,1,0,11,0.1,0,0,0,0,0,0,0,0,0,0,,0.0,0.0,,,0,0,,,,,,,,,,,,,0.0,0.0,0.0,0.0,,,,40.5693950177936,11.387900355871883,,12.98932384341637,14.23487544483986,,,,21.25,15.63,0.0,0.0,18.57,0.1563,43.73,43.73
758,Virgil van Dijk,NED,Liverpool FC,DF,34,195,4,4,390,4.3,1,1,2,1,0,0,0,0,2,2,100.0,0.46,0.46,0.5,0.5,1,3,,,,,,,,,,,,,0.2307692307692307,0.2307692307692307,0.2307692307692307,0.6923076923076923,,,,,,,24.65986394557823,40.47619047619048,,,,32.57,93.09,100.0,0.0,45.36,0.9309,45.57,45.57
759,Nathan Aké,NED,Manchester City FC,DF,31,180,3,2,170,1.9,0,0,0,0,0,0,0,0,1,0,0.0,0.53,0.0,0.0,,0,4,,,,,,,,,,,,,0.0,0.0,0.0,2.117647058823529,,,,,,,11.73469387755102,92.17687074829932,,,,51.96,61.46,0.0,0.0,47.71,0.6146,47.96,47.96
761,Justin Kluivert,NED,AFC Bournemouth,MF,27,173,2,0,27,0.3,0,0,0,0,0,0,0,0,0,0,,0.0,0.0,,,0,0,,,,,,,,,,,,,0.0,0.0,0.0,0.0,,,,40.5693950177936,11.387900355871883,,12.98932384341637,14.23487544483986,,,,21.25,24.49,0.0,0.0,19.45,0.2449,41.31,41.31
762,Ryan Gravenberch,NED,Liverpool FC,MF,24,190,4,4,345,3.8,0,2,2,0,0,0,0,0,5,0,0.0,1.3,0.0,0.0,,1,6,,,,,,,,,,,,,0.0,0.5217391304347826,0.2608695652173913,1.565217391304348,,,,95.01779359430606,56.58362989323843,,26.69039145907473,79.00355871886121,,,,66.25,87.56,0.0,0.0,61.75,0.8756,60.09,60.09
763,Wout Weghorst,NED,AFC Ajax,FW,33,197,1,0,50,0.6,0,0,0,0,0,0,0,0,0,0,,0.0,0.0,,,1,0,,,,,,,,,,,,,0.0,0.0,1.8,0.0,,,35.40856031128405,38.715953307393,11.478599221789883,23.151750972762645,,,,,,29.0,33.33,0.0,0.0,26.53,0.3333,41.0,41.0
765,Cody Gakpo,NED,Liverpool FC,FW,27,193,4,4,368,4.1,3,1,4,3,0,0,0,0,10,6,60.0,2.45,1.47,0.3,0.5,1,2,,,,,,,,,,,,,0.733695652173913,0.2445652173913043,0.2445652173913043,0.4891304347826087,,,85.99221789883269,80.1556420233463,66.14785992217898,78.98832684824903,,,,,,79.16,90.43,60.0,0.0,78.37,0.9043,75.49,75.49
768,Tijjani Reijnders,NED,Manchester City FC,MF,27,178,3,3,199,2.2,0,1,1,0,0,0,0,0,4,2,50.0,1.81,0.9,0.0,0.0,0,2,,,,,,,,,,,,,0.0,0.4522613065326633,0.0,0.9045226130653268,,,,92.88256227758008,71.88612099644128,,12.98932384341637,56.58362989323843,,,,59.64,66.5,50.0,0.0,59.36,0.665,55.69,55.69
769,Micky van de Ven,NED,Tottenham Hotspur FC,DF,25,193,3,3,265,2.9,0,0,0,0,0,0,1,0,3,1,33.3,1.02,0.34,0.0,0.0,3,2,,,,,,,,,,,,,0.0,0.0,1.018867924528302,0.6792452830188679,,,,,,,62.925170068027214,39.795918367346935,,,,51.36,76.74,33.3,1.0,52.09,0.7674,51.22,50.22
770,Guus Til,NED,PSV Eindhoven,MF,28,188,1,0,32,0.4,0,0,0,0,0,0,0,0,0,0,,0.0,0.0,,,0,0,,,,,,,,,,,,,0.0,0.0,0.0,0.0,,,,40.5693950177936,11.387900355871883,,12.98932384341637,14.23487544483986,,,,21.25,26.67,0.0,0.0,19.67,0.2667,40.74,40.74
771,Noa Lang,NED,Galatasaray SK,FW,26,176,2,0,8,0.1,0,0,0,0,0,0,0,0,0,0,,0.0,0.0,,,0,0,,,,,,,,,,,,,0.0,0.0,0.0,0.0,,,35.40856031128405,38.715953307393,11.478599221789883,23.151750972762645,,,,,,29.0,13.33,0.0,0.0,24.53,0.1333,45.07,45.07
772,Donyell Malen,NED,AS Roma,FW,27,178,3,3,185,2.1,0,0,0,0,0,0,0,0,4,2,50.0,1.95,0.97,0.0,0.0,0,0,,,,,,,,,,,,,0.0,0.0,0.0,0.0,,,35.40856031128405,38.715953307393,53.30739299610895,67.50972762645915,,,,,,46.24,64.12,50.0,0.0,48.4,0.6412,48.34,48.34
773,Brian Brobbey,NED,Sunderland AFC,FW,24,181,4,3,223,2.5,3,0,3,3,0,0,0,0,4,3,75.0,1.61,1.21,0.75,1.0,1,0,,,,,,,,,,,,,1.2107623318385652,0.0,0.4035874439461883,0.0,,,96.88715953307393,38.715953307393,43.3852140077821,73.92996108949417,,,,,,67.05,70.4,75.0,0.0,68.18,0.704,62.27,62.27
774,Teun Koopmeiners,NED,Juventus FC,MF,28,185,4,0,122,1.4,0,0,0,0,0,0,0,0,2,0,0.0,1.48,0.0,0.0,,1,1,,,,,,,,,,,,,0.0,0.0,0.7377049180327869,0.7377049180327869,,,,40.5693950177936,62.81138790035588,,43.77224199288256,51.245551601423486,,,,48.49,52.07,0.0,0.0,44.0,0.5207,46.11,46.11
775,Frenkie de Jong,NED,FC Barcelona,MF,29,181,4,4,328,3.6,0,0,0,0,0,0,0,0,1,0,0.0,0.27,0.0,0.0,,7,8,,,,,,,,,,,,,0.0,0.0,1.920731707317073,2.1951219512195124,,,,40.5693950177936,23.487544483985765,,84.69750889679716,91.81494661921708,,,,61.0,85.37,0.0,0.0,57.33,0.8537,56.03,56.03
776,Denzel Dumfries,NED,FC Internazionale Milano,DF,30,188,4,4,390,4.3,0,2,2,0,0,0,0,0,5,2,40.0,1.15,0.46,0.0,0.0,6,1,,,,,,,,,,,,,0.0,0.4615384615384615,1.3846153846153846,0.2307692307692307,,,,,,,76.87074829931973,20.068027210884352,,,,48.47,93.09,40.0,0.0,52.09,0.9309,51.83,51.83
778,Crysencio Summerville,NED,West Ham United FC,FW,24,172,4,2,253,2.8,2,2,4,2,0,0,1,0,2,2,100.0,0.71,0.71,1.0,1.0,2,2,,,,,,,,,,,,,0.7114624505928854,0.7114624505928854,0.7114624505928854,0.7114624505928854,,,85.60311284046692,94.55252918287935,27.626459143968876,60.311284046692606,,,,,,71.19,74.98,100.0,1.0,74.45,0.7498,67.89,66.89
779,Jorrel Hato,NED,Chelsea FC,DF,20,182,1,0,35,0.4,0,0,0,0,0,0,0,0,0,0,,0.0,0.0,,,0,0,,,,,,,,,,,,,0.0,0.0,0.0,0.0,,,,,,,11.73469387755102,10.034013605442176,,,,10.88,27.89,0.0,0.0,11.5,0.2789,38.07,38.07
780,Quinten Timber,NED,Olympique Marseille,MF,24,176,2,0,55,0.6,0,0,0,0,0,0,0,0,0,0,,0.0,0.0,,,0,1,,,,,,,,,,,,,0.0,0.0,0.0,1.6363636363636362,,,,40.5693950177936,11.387900355871883,,12.98932384341637,80.6049822064057,,,,37.85,34.96,0.0,0.0,33.77,0.3496,43.29,43.29
781,Max Crocombe,NZL,Millwall FC,GK,32,190,3,3,270,3.0,0,0,0,0,0,0,0,0,0,0,,0.0,0.0,,,0,0,10.0,3.33,21.0,11.0,52.4,0.0,0.0,0.0,0.0,0.0,0.0,,0.0,0.0,0.0,0.0,3.666666666666667,0.0,,,,,,,28.30188679245283,75.89285714285714,26.785714285714285,42.2,77.46,0.0,0.0,41.51,0.7746,43.39,43.39
782,Tim Payne,NZL,Wellington Phoenix FC,DF,32,179,3,3,224,2.5,0,1,1,0,0,0,0,0,1,0,0.0,0.4,0.0,0.0,,3,1,,,,,,,,,,,,,0.0,0.4017857142857142,1.2053571428571428,0.4017857142857142,,,,,,,70.74829931972789,25.850340136054424,,,,48.3,70.55,0.0,0.0,45.69,0.7055,46.48,46.48
783,Francis de Vries,NZL,Auckland FC,DF,31,181,2,0,18,0.2,0,0,0,0,0,0,0,0,0,0,,0.0,0.0,,,0,1,,,,,,,,,,,,,0.0,0.0,0.0,5.0,,,,,,,11.73469387755102,98.9795918367347,,,,55.36,20.0,0.0,0.0,46.29,0.2,47.93,47.93
784,Tyler Bindon,NZL,Sheeld United FC,DF,21,190,3,1,97,1.1,0,0,0,0,0,0,0,0,2,1,50.0,1.86,0.93,0.0,0.0,2,1,,,,,,,,,,,,,0.0,0.0,1.855670103092784,0.9278350515463918,,,,,,,86.73469387755102,49.31972789115646,,,,68.03,46.43,50.0,0.0,64.06,0.4643,55.64,55.64
785,Michael Boxall,NZL,Minnesota United FC,DF,37,191,3,2,207,2.3,0,0,0,0,0,0,0,0,0,0,,0.0,0.0,,,1,2,,,,,,,,,,,,,0.0,0.0,0.4347826086956521,0.8695652173913043,,,,,,,35.034013605442176,46.25850340136054,,,,40.65,67.82,0.0,0.0,39.3,0.6782,42.21,42.21
786,Joe Bell,NZL,Viking Stavanger,MF,27,182,3,3,243,2.7,0,0,0,0,0,0,0,0,1,0,0.0,0.37,0.0,0.0,,2,4,,,,,,,,,,,,,0.0,0.0,0.7407407407407408,1.4814814814814816,,,,40.5693950177936,26.33451957295373,,44.12811387900357,75.08896797153025,,,,47.24,73.48,0.0,0.0,45.14,0.7348,46.01,46.01
788,Marko Stamenic,NZL,Swansea City AFC,MF,24,188,3,3,269,3.0,0,0,0,0,0,0,1,0,3,0,0.0,1.0,0.0,0.0,,1,4,,,,,,,,,,,,,0.0,0.0,0.3345724907063196,1.338289962825279,,,,40.5693950177936,45.55160142348754,,28.11387900355872,71.17437722419929,,,,46.1,77.32,0.0,1.0,44.61,0.7732,45.47,44.47
789,Chris Wood,NZL,Nottingham Forest FC,FW,34,191,3,3,270,3.0,0,2,2,0,0,0,0,0,5,2,40.0,1.67,0.67,0.0,0.0,1,0,,,,,,,,,,,,,0.0,0.6666666666666667,0.3333333333333333,0.0,,,35.40856031128405,93.77431906614784,46.10894941634241,57.78210116731517,,,,,,56.61,77.46,40.0,0.0,57.04,0.7746,55.05,55.05
790,Sarpreet Singh,NZL,Wellington Phoenix FC,MF,27,180,3,3,209,2.3,0,0,0,0,0,0,1,0,4,2,50.0,1.72,0.86,0.0,0.0,1,0,,,,,,,,,,,,,0.0,0.0,0.4306220095693779,0.0,,,,40.5693950177936,69.03914590747331,,31.316725978647685,14.23487544483986,,,,37.37,68.15,50.0,1.0,41.71,0.6815,43.84,42.84
791,Elijah Just,NZL,Motherwell FC,MF,26,176,3,3,264,2.9,3,0,3,3,0,0,1,0,7,5,71.4,2.39,1.7,0.43,0.6,3,2,,,,,,,,,,,,,1.0227272727272727,0.0,1.0227272727272727,0.6818181818181819,,,,40.5693950177936,83.62989323843416,,56.58362989323843,46.97508896797153,,,,54.79,76.59,71.4,1.0,58.63,0.7659,56.23,55.23
793,Liberato Cacace,NZL,Wrexham AFC,DF,25,182,3,3,220,2.4,0,0,0,0,0,0,0,0,1,1,100.0,0.41,0.41,0.0,0.0,2,3,,,,,,,,,,,,,0.0,0.0,0.8181818181818181,1.2272727272727273,,,,,,,51.53061224489795,66.66666666666666,,,,59.1,69.92,100.0,0.0,64.27,0.6992,59.48,59.48
796,Finn Surman,NZL,Portland Timbers,DF,22,190,3,3,270,3.0,1,0,1,1,0,0,0,0,2,1,50.0,0.67,0.33,0.5,1.0,1,4,,,,,,,,,,,,,0.3333333333333333,0.0,0.3333333333333333,1.3333333333333337,,,,,,,29.25170068027211,71.08843537414967,,,,50.17,77.46,50.0,0.0,52.88,0.7746,51.86,51.86
799,Ben Old,NZL,AS Saint-Etienne,MF,23,173,3,0,93,1.0,0,0,0,0,0,0,0,0,0,0,,0.0,0.0,,,0,1,,,,,,,,,,,,,0.0,0.0,0.0,0.967741935483871,,,,40.5693950177936,11.387900355871883,,12.98932384341637,59.7864768683274,,,,32.64,45.46,0.0,0.0,30.66,0.4546,40.33,40.33
800,Callum McCowatt,NZL,Silkeborg IF,MF,27,180,3,2,159,1.8,0,0,0,0,0,0,1,0,4,3,75.0,2.26,1.7,0.0,0.0,1,1,,,,,,,,,,,,,0.0,0.0,0.5660377358490566,0.5660377358490566,,,,40.5693950177936,82.74021352313167,,37.01067615658363,42.88256227758007,,,,48.69,59.44,75.0,1.0,52.4,0.5944,50.78,49.78
801,Jesse Randall,NZL,Auckland FC,FW,23,176,3,0,61,0.7,0,0,0,0,0,0,0,0,1,0,0.0,1.48,0.0,0.0,,0,0,,,,,,,,,,,,,0.0,0.0,0.0,0.0,,,35.40856031128405,38.715953307393,39.29961089494164,23.151750972762645,,,,,,34.56,36.82,0.0,0.0,31.33,0.3682,42.01,42.01
803,Ryan Thomas,NZL,PEC Zwolle,MF,31,176,3,1,83,0.9,0,0,0,0,0,0,0,0,0,0,,0.0,0.0,,,2,0,,,,,,,,,,,,,0.0,0.0,2.168674698795181,0.0,,,,40.5693950177936,11.387900355871883,,89.5017793594306,14.23487544483986,,,,40.38,42.95,0.0,0.0,36.6,0.4295,43.33,43.33
804,Callan Elliot,NZL,Auckland FC,DF,26,177,1,0,13,0.1,0,0,0,0,0,0,0,0,0,0,,0.0,0.0,,,1,0,,,,,,,,,,,,,0.0,0.0,6.923076923076923,0.0,,,,,,,99.65986394557824,10.034013605442176,,,,54.85,17.0,0.0,0.0,45.58,0.17,47.88,47.88
808,Morten Thorsby,NOR,US Cremonese,MF,30,188,1,0,45,0.5,0,0,0,0,0,0,0,0,0,0,,0.0,0.0,,,1,1,,,,,,,,,,,,,0.0,0.0,2.0,2.0,,,,40.5693950177936,11.387900355871883,,87.36654804270462,88.43416370106762,,,,58.4,31.62,0.0,0.0,49.88,0.3162,48.87,48.87
809,Kristoffer Ajer,NOR,Brentford FC,DF,28,198,5,5,480,5.3,0,0,0,0,0,0,1,0,2,1,50.0,0.37,0.19,0.0,0.0,8,4,,,,,,,,,,,,,0.0,0.0,1.5,0.75,,,,,,,79.421768707483,41.83673469387755,,,,60.63,100.0,50.0,1.0,63.5,1.0,63.5,62.5
812,Patrick Berg,NOR,FK Bodø/Glimt,MF,28,178,6,4,445,4.9,0,2,2,0,0,0,1,0,3,0,0.0,0.61,0.0,0.0,,7,2,,,,,,,,,,,,,0.0,0.4044943820224719,1.4157303370786518,0.4044943820224719,,,,91.81494661921708,31.672597864768683,,70.8185053380783,36.65480427046264,,,,60.75,99.44,0.0,1.0,58.54,0.9944,58.49,57.49
814,Sander Berge,NOR,Fulham FC,MF,28,195,5,5,480,5.3,0,0,0,0,0,0,0,0,0,0,,0.0,0.0,,,4,9,,,,,,,,,,,,,0.0,0.0,0.75,1.6875,,,,40.5693950177936,11.387900355871883,,44.48398576512456,81.85053380782918,,,,46.03,100.0,0.0,0.0,46.83,1.0,46.83,46.83
815,Erling Haaland,NOR,Manchester City FC,FW,25,195,5,5,465,5.2,7,0,7,7,0,0,0,0,20,13,65.0,3.87,2.52,0.35,0.54,0,1,,,,,,,,,,,,,1.3548387096774197,0.0,0.0,0.1935483870967742,,,98.44357976653696,38.715953307393,84.43579766536965,95.71984435797664,,,,,,80.17,100.0,65.0,0.0,80.63,1.0,80.63,80.63
819,Egil Selvik,NOR,Watford FC,GK,28,187,1,1,90,1.0,0,0,0,0,0,0,0,0,0,0,,0.0,0.0,,,0,0,4.0,4.0,9.0,5.0,55.6,0.0,0.0,0.0,0.0,0.0,0.0,,0.0,0.0,0.0,0.0,5.0,0.0,,,,,,,34.90566037735849,91.07142857142856,26.785714285714285,49.73,44.72,0.0,0.0,44.25,0.4472,47.35,47.35
820,Fredrik Aursnes,NOR,SL Benfica,MF,30,181,6,3,304,3.4,0,0,0,0,0,0,0,0,2,0,0.0,0.59,0.0,0.0,,8,1,,,,,,,,,,,,,0.0,0.0,2.3684210526315788,0.2960526315789473,,,,40.5693950177936,30.96085409252669,,92.52669039145908,31.672597864768683,,,,49.41,82.19,0.0,0.0,47.75,0.8219,47.86,47.86
824,Kristian Thorstvedt,NOR,US Sassuolo,MF,27,189,2,1,63,0.7,0,0,0,0,0,0,0,0,3,1,33.3,4.29,1.43,0.0,0.0,1,0,,,,,,,,,,,,,0.0,0.0,1.4285714285714284,0.0,,,,40.5693950177936,94.83985765124557,,72.41992882562278,14.23487544483986,,,,52.8,37.42,33.3,0.0,49.31,0.3742,48.74,48.74
825,Thelo Aasgaard,NOR,Rangers FC,MF,24,188,1,1,90,1.0,1,0,1,1,0,0,0,0,2,1,50.0,2.0,1.0,0.5,1.0,1,3,,,,,,,,,,,,,1.0,0.0,1.0,3.0,,,,40.5693950177936,75.80071174377224,,55.16014234875445,96.08540925266904,,,,65.14,44.72,50.0,0.0,61.59,0.4472,54.3,54.3
826,Antonio Nusa,NOR,RB Leipzig,FW,21,183,6,4,318,3.5,1,0,1,1,0,0,1,0,6,2,33.3,1.7,0.57,0.17,0.5,2,2,,,,,,,,,,,,,0.2830188679245283,0.0,0.5660377358490566,0.5660377358490566,,,75.09727626459144,38.715953307393,46.88715953307393,54.08560311284047,,,,,,56.16,84.06,33.3,1.0,56.66,0.8406,55.32,54.32
827,Andreas Schjelderup,NOR,SL Benfica,MF,22,177,6,2,252,2.8,1,3,4,1,0,0,0,0,3,2,66.7,1.07,0.71,0.33,0.5,3,5,,,,,,,,,,,,,0.3571428571428571,1.0714285714285714,1.0714285714285714,1.7857142857142856,,,,99.288256227758,49.11032028469751,,58.718861209964416,83.98576512455516,,,,75.28,74.83,66.7,0.0,74.38,0.7483,67.84,67.84
828,Oscar Bobb,NOR,Fulham FC,MF,22,177,6,1,225,2.5,0,0,0,0,0,0,0,0,4,2,50.0,1.6,0.8,0.0,0.0,3,3,,,,,,,,,,,,,0.0,0.0,1.2000000000000002,1.2000000000000002,,,,40.5693950177936,65.30249110320284,,63.345195729537366,66.54804270462633,,,,57.7,70.71,50.0,0.0,58.23,0.7071,55.35,55.35
830,Sondre Langås,NOR,Derby County FC,DF,25,190,1,0,25,0.3,0,0,0,0,0,0,0,0,0,0,,0.0,0.0,,,0,0,,,,,,,,,,,,,0.0,0.0,0.0,0.0,,,,,,,11.73469387755102,10.034013605442176,,,,10.88,23.57,0.0,0.0,11.06,0.2357,39.56,39.56
831,Henrik Falchener,NOR,Viking Stavanger,DF,23,194,1,1,65,0.7,0,0,0,0,0,0,0,0,0,0,,0.0,0.0,,,0,1,,,,,,,,,,,,,0.0,0.0,0.0,1.3846153846153846,,,,,,,11.73469387755102,73.9795918367347,,,,42.86,38.01,0.0,0.0,38.09,0.3801,44.45,44.45
832,Julian Ryerson,NOR,Borussia Dortmund,FW,28,186,4,4,223,2.5,0,0,0,0,0,0,0,0,0,0,,0.0,0.0,,,8,0,,,,,,,,,,,,,0.0,0.0,3.2286995515695067,0.0,,,35.40856031128405,38.715953307393,11.478599221789883,23.151750972762645,,,,,,29.0,70.4,0.0,0.0,30.24,0.704,35.56,35.56
834,César Blackman,PAN,ŠK Slovan Bratislava,DF,28,174,2,2,178,2.0,0,0,0,0,0,0,1,0,2,1,50.0,1.01,0.51,0.0,0.0,0,1,,,,,,,,,,,,,0.0,0.0,0.0,0.5056179775280899,,,,,,,11.73469387755102,31.63265306122449,,,,21.68,62.89,50.0,1.0,28.64,0.6289,35.95,34.95
835,José Córdoba,PAN,Norwich City FC,DF,25,189,3,3,270,3.0,0,0,0,0,0,0,0,0,0,0,,0.0,0.0,,,3,1,,,,,,,,,,,,,0.0,0.0,1.0,0.3333333333333333,,,,,,,58.67346938775511,22.61904761904762,,,,40.65,77.46,0.0,0.0,40.26,0.7746,42.08,42.08
836,Fidel Escobar,PAN,Deportivo Saprissa,DF,31,184,1,1,90,1.0,0,0,0,0,0,0,0,0,0,0,,0.0,0.0,,,2,1,,,,,,,,,,,,,0.0,0.0,2.0,1.0,,,,,,,89.28571428571429,53.91156462585034,,,,71.6,44.72,0.0,0.0,61.75,0.4472,54.34,54.34
838,Cristian Martínez,PAN,Hapoel Kiryat Shmona FC,MF,29,170,3,3,242,2.7,0,0,0,0,0,0,0,0,1,0,0.0,0.37,0.0,0.0,,4,1,,,,,,,,,,,,,0.0,0.0,1.487603305785124,0.371900826446281,,,,40.5693950177936,26.33451957295373,,74.73309608540926,34.519572953736656,,,,44.75,73.33,0.0,0.0,43.13,0.7333,44.54,44.54
841,Tomás Rodríguez,PAN,Deportivo Saprissa,FW,27,183,2,1,46,0.5,0,0,0,0,0,0,0,0,1,1,100.0,1.96,1.96,0.0,0.0,0,0,,,,,,,,,,,,,0.0,0.0,0.0,0.0,,,35.40856031128405,38.715953307393,53.69649805447471,89.49416342412452,,,,,,50.71,31.97,100.0,0.0,53.77,0.3197,50.0,50.0
842,Ismael Díaz,PAN,Club León,MF,29,184,2,0,37,0.4,0,0,0,0,0,0,0,0,6,2,33.3,14.59,4.86,0.0,0.0,1,0,,,,,,,,,,,,,0.0,0.0,2.4324324324324325,0.0,,,,40.5693950177936,98.93238434163702,,93.23843416370109,14.23487544483986,,,,58.83,28.67,33.3,0.0,53.26,0.2867,49.79,49.79
845,Jiovany Ramos,PAN,Puerto Cabello CF,DF,29,188,2,2,166,1.8,0,0,0,0,0,0,0,0,2,0,0.0,1.08,0.0,0.0,,1,3,,,,,,,,,,,,,0.0,0.0,0.5421686746987953,1.6265060240963856,,,,,,,41.49659863945578,80.78231292517006,,,,61.14,60.74,0.0,0.0,54.99,0.6074,52.38,52.38
846,Carlos Harvey,PAN,Minnesota United FC,DF,26,184,3,3,267,3.0,0,0,0,0,0,0,1,0,5,0,0.0,1.69,0.0,0.0,,3,0,,,,,,,,,,,,,0.0,0.0,1.0112359550561798,0.0,,,,,,,62.07482993197279,10.034013605442176,,,,36.05,77.03,0.0,1.0,36.55,0.7703,39.26,38.26
849,José Fajardo,PAN,CD Universidad Católica,FW,32,184,3,1,155,1.7,0,0,0,0,0,0,1,0,1,0,0.0,0.58,0.0,0.0,,2,0,,,,,,,,,,,,,0.0,0.0,1.1612903225806452,0.0,,,35.40856031128405,38.715953307393,26.07003891050584,23.151750972762645,,,,,,31.92,58.69,0.0,1.0,31.4,0.5869,38.35,37.35
850,Cecilio Waterman,PAN,CD Universidad De Concepción,FW,35,180,2,1,76,0.8,0,0,0,0,0,0,0,0,2,1,50.0,2.37,1.18,0.0,0.0,0,0,,,,,,,,,,,,,0.0,0.0,0.0,0.0,,,35.40856031128405,38.715953307393,63.81322957198443,73.34630350194551,,,,,,49.5,41.1,50.0,0.0,48.71,0.411,48.43,48.43
851,Alberto Quintero,PAN,CD Plaza Amador,MF,38,165,1,0,3,0.0,0,0,0,0,0,0,0,0,0,0,,0.0,0.0,,,0,0,,,,,,,,,,,,,0.0,0.0,0.0,0.0,,,,40.5693950177936,11.387900355871883,,12.98932384341637,14.23487544483986,,,,21.25,8.16,0.0,0.0,17.82,0.0816,45.9,45.9
852,Aníbal Godoy,PAN,San Diego FC,MF,36,184,1,0,1,0.0,0,0,0,0,0,0,0,0,0,0,,0.0,0.0,,,0,0,,,,,,,,,,,,,0.0,0.0,0.0,0.0,,,,40.5693950177936,11.387900355871883,,12.98932384341637,14.23487544483986,,,,21.25,4.71,0.0,0.0,17.47,0.0471,46.94,46.94
854,Orlando Mosquera,PAN,Al Fayha FC,GK,31,191,3,3,270,3.0,0,0,0,0,0,0,0,0,0,0,,0.0,0.0,,,0,0,4.0,1.33,11.0,7.0,63.6,0.0,0.0,0.0,0.0,0.0,0.0,,0.0,0.0,0.0,0.0,2.333333333333333,0.0,,,,,,,52.83018867924528,46.42857142857143,26.785714285714285,44.4,77.46,0.0,0.0,43.26,0.7746,44.75,44.75
856,Azarías Londoño,PAN,CD Universidad Católica,FW,24,185,3,0,56,0.6,0,0,0,0,0,0,0,0,1,0,0.0,1.61,0.0,0.0,,0,1,,,,,,,,,,,,,0.0,0.0,0.0,1.607142857142857,,,35.40856031128405,38.715953307393,43.3852140077821,23.151750972762645,,,,,,35.38,35.28,0.0,0.0,31.83,0.3528,42.44,42.44
858,Jorge Gutiérrez,PAN,Deportivo La Guaira,DF,27,171,1,1,87,1.0,0,0,0,0,0,0,0,0,0,0,,0.0,0.0,,,1,1,,,,,,,,,,,,,0.0,0.0,1.0344827586206895,1.0344827586206895,,,,,,,64.28571428571429,57.6530612244898,,,,60.97,43.97,0.0,0.0,53.17,0.4397,50.47,50.47
861,Omar Alderete,PAR,Sunderland AFC,DF,29,190,4,4,320,3.6,0,0,0,0,0,0,0,0,1,0,0.0,0.28,0.0,0.0,,0,2,,,,,,,,,,,,,0.0,0.0,0.0,0.5625,,,,,,,11.73469387755102,33.6734693877551,,,,22.7,84.33,0.0,0.0,26.6,0.8433,30.0,30.0
863,Fabián Balbuena,PAR,Grêmio FBPA,DF,34,188,1,0,1,0.0,0,0,0,0,0,0,0,0,0,0,,0.0,0.0,,,0,0,,,,,,,,,,,,,0.0,0.0,0.0,0.0,,,,,,,11.73469387755102,10.034013605442176,,,,10.88,4.71,0.0,0.0,9.18,0.0471,46.5,46.5
864,Júnior Alonso,PAR,Atlético Mineiro,DF,33,184,5,4,390,4.3,0,0,0,0,0,0,1,0,3,1,33.3,0.69,0.23,0.0,0.0,9,4,,,,,,,,,,,,,0.0,0.0,2.076923076923077,0.9230769230769232,,,,,,,92.51700680272108,48.63945578231292,,,,70.58,93.09,33.3,1.0,69.1,0.9309,67.67,66.67
865,Ramón Sosa,PAR,SE Palmeiras,MF,26,178,1,0,12,0.1,0,0,0,0,0,0,0,0,0,0,,0.0,0.0,,,0,0,,,,,,,,,,,,,0.0,0.0,0.0,0.0,,,,40.5693950177936,11.387900355871883,,12.98932384341637,14.23487544483986,,,,21.25,16.33,0.0,0.0,18.64,0.1633,43.54,43.54
866,Diego Gómez,PAR,Brighton & Hove Albion FC,MF,23,183,4,4,304,3.4,0,0,0,0,0,0,2,0,6,0,0.0,1.78,0.0,0.0,,6,9,,,,,,,,,,,,,0.0,0.0,1.776315789473684,2.664473684210526,,,,40.5693950177936,71.53024911032028,,82.56227758007117,95.37366548042704,,,,70.96,82.19,0.0,2.0,64.99,0.8219,62.03,60.03
867,Antonio Sanabria,PAR,US Cremonese,FW,30,180,2,1,83,0.9,0,0,0,0,0,0,0,0,0,0,,0.0,0.0,,,2,0,,,,,,,,,,,,,0.0,0.0,2.168674698795181,0.0,,,35.40856031128405,38.715953307393,11.478599221789883,23.151750972762645,,,,,,29.0,42.95,0.0,0.0,27.49,0.4295,39.32,39.32
868,Miguel Almirón,PAR,Atlanta United FC,MF,32,178,4,4,282,3.1,0,0,0,0,0,0,1,1,4,0,0.0,1.28,0.0,0.0,,7,3,,,,,,,,,,,,,0.0,0.0,2.2340425531914896,0.9574468085106382,,,,40.5693950177936,55.51601423487544,,91.10320284697508,59.4306049822064,,,,60.91,79.16,0.0,5.0,56.64,0.7916,54.92,49.92
869,Mauricio,PAR,SE Palmeiras,MF,24,175,4,0,173,1.9,1,0,1,1,0,0,0,0,4,3,75.0,2.08,1.56,0.25,0.33,6,1,,,,,,,,,,,,,0.5202312138728323,0.0,3.1213872832369938,0.5202312138728323,,,,40.5693950177936,78.46975088967972,,96.79715302491104,41.281138790035584,,,,62.38,62.0,75.0,0.0,63.61,0.62,57.83,57.83
870,Orlando Gill,PAR,CA San Lorenzo,GK,26,190,5,5,480,5.3,0,0,0,0,0,0,0,0,0,0,,0.0,0.0,,,0,0,6.0,1.13,29.0,23.0,79.3,2.0,40.0,1.0,1.0,0.0,0.0,0.0,0.0,0.0,0.0,0.0,4.3125,0.375,,,,,,,88.67924528301887,85.71428571428571,75.0,84.37,100.0,40.0,0.0,81.5,1.0,81.5,81.5
871,José Canale,PAR,CA Lanús,DF,29,192,4,1,161,1.8,0,0,0,0,0,0,0,0,0,0,,0.0,0.0,,,6,1,,,,,,,,,,,,,0.0,0.0,3.354037267080745,0.5590062111801242,,,,,,,96.93877551020408,33.33333333333333,,,,65.14,59.81,0.0,0.0,58.09,0.5981,54.17,54.17
872,Andrés Cubas,PAR,Vancouver Whitecaps FC,MF,30,166,5,5,480,5.3,0,0,0,0,0,0,1,0,1,0,0.0,0.19,0.0,0.0,,13,11,,,,,,,,,,,,,0.0,0.0,2.4375,2.0625,,,,40.5693950177936,22.77580071174377,,93.59430604982208,90.39145907473308,,,,62.72,100.0,0.0,1.0,60.18,1.0,60.18,59.18
873,Gustavo Gómez,PAR,SE Palmeiras,DF,33,179,5,5,480,5.3,0,0,0,0,0,0,0,0,2,0,0.0,0.37,0.0,0.0,,3,2,,,,,,,,,,,,,0.0,0.0,0.5625,0.375,,,,,,,42.17687074829932,23.809523809523807,,,,32.99,100.0,0.0,0.0,36.39,1.0,36.39,36.39
874,Damián Bobadilla,PAR,São Paulo FC,MF,24,180,4,2,189,2.1,0,0,0,0,0,0,0,0,0,0,,0.0,0.0,,,3,5,,,,,,,,,,,,,0.0,0.0,1.4285714285714284,2.380952380952381,,,,40.5693950177936,11.387900355871883,,72.41992882562278,93.59430604982208,,,,55.95,64.81,0.0,0.0,51.24,0.6481,50.24,50.24
876,Álex Arce,PAR,CS Independiente Rivadavia,FW,30,188,2,0,53,0.6,0,0,0,0,0,0,1,0,0,0,,0.0,0.0,,,1,0,,,,,,,,,,,,,0.0,0.0,1.6981132075471697,0.0,,,35.40856031128405,38.715953307393,11.478599221789883,23.151750972762645,,,,,,29.0,34.32,0.0,1.0,26.63,0.3432,40.82,39.82
877,Julio Enciso,PAR,RC Strasbourg,FW,22,168,5,5,386,4.3,1,2,3,1,0,0,0,0,8,1,12.5,1.87,0.23,0.13,1.0,5,1,,,,,,,,,,,,,0.233160621761658,0.466321243523316,1.16580310880829,0.233160621761658,,,73.15175097276264,90.27237354085604,50.58365758754864,46.69260700389105,,,,,,67.63,92.62,12.5,0.0,64.61,0.9262,63.4,63.4
878,Braian Ojeda,PAR,Orlando City SC,MF,25,173,1,0,22,0.2,0,0,0,0,0,0,0,0,0,0,,0.0,0.0,,,0,0,,,,,,,,,,,,,0.0,0.0,0.0,0.0,,,,40.5693950177936,11.387900355871883,,12.98932384341637,14.23487544483986,,,,21.25,22.11,0.0,0.0,19.21,0.2211,41.95,41.95
879,Gabriel Ávalos,PAR,CA Independiente,FW,34,185,4,2,141,1.6,0,0,0,0,0,0,0,0,1,0,0.0,0.64,0.0,0.0,,2,0,,,,,,,,,,,,,0.0,0.0,1.2765957446808511,0.0,,,35.40856031128405,38.715953307393,26.848249027237355,23.151750972762645,,,,,,32.07,55.98,0.0,0.0,31.26,0.5598,38.73,38.73
881,Matías Galarza,PAR,Atlanta United FC,MF,24,175,4,4,388,4.3,1,1,2,1,0,0,2,0,2,1,50.0,0.46,0.23,0.5,1.0,11,7,,,,,,,,,,,,,0.2319587628865979,0.2319587628865979,2.551546391752577,1.6237113402061851,,,,83.62989323843416,29.00355871886121,,94.30604982206404,80.0711743772242,,,,74.48,92.86,50.0,2.0,73.87,0.9286,72.05,70.05
882,Gustavo Caballero,PAR,Portsmouth FC,MF,24,189,2,0,96,1.1,0,0,0,0,0,0,0,0,1,1,100.0,0.94,0.94,0.0,0.0,2,0,,,,,,,,,,,,,0.0,0.0,1.875,0.0,,,,40.5693950177936,42.70462633451957,,83.98576512455516,14.23487544483986,,,,45.27,46.19,100.0,0.0,50.83,0.4619,49.52,49.52
883,Isidro Pitta,PAR,Red Bull Bragantino,FW,26,185,1,1,45,0.5,0,0,0,0,0,0,0,0,0,0,,0.0,0.0,,,0,0,,,,,,,,,,,,,0.0,0.0,0.0,0.0,,,35.40856031128405,38.715953307393,11.478599221789883,23.151750972762645,,,,,,29.0,31.62,0.0,0.0,26.36,0.3162,41.31,41.31
884,Alexandro Maidana,PAR,CA Talleres,DF,20,173,2,1,55,0.6,0,0,0,0,0,0,0,0,0,0,,0.0,0.0,,,0,1,,,,,,,,,,,,,0.0,0.0,0.0,1.6363636363636362,,,,,,,11.73469387755102,81.63265306122449,,,,46.68,34.96,0.0,0.0,40.84,0.3496,45.72,45.72
885,Diogo Costa,POR,FC Porto,GK,26,188,5,5,450,5.0,0,0,0,0,0,0,0,0,0,0,,0.0,0.0,,,0,0,3.0,0.6,22.0,19.0,86.4,2.0,40.0,0.0,0.0,0.0,0.0,,0.0,0.0,0.0,0.0,3.8,0.4,,,,,,,98.1132075471698,80.35714285714286,80.35714285714286,88.35,100.0,40.0,0.0,84.68,1.0,84.68,84.68
886,Nélson Semedo,POR,Fenerbahçe SK,DF,32,179,4,0,127,1.4,0,0,0,0,0,0,1,0,0,0,,0.0,0.0,,,0,0,,,,,,,,,,,,,0.0,0.0,0.0,0.0,,,,,,,11.73469387755102,10.034013605442176,,,,10.88,53.12,0.0,1.0,14.02,0.5312,30.11,29.11
887,Rúben Dias,POR,Manchester City FC,DF,29,187,4,4,360,4.0,0,0,0,0,0,0,1,0,0,0,,0.0,0.0,,,3,5,,,,,,,,,,,,,0.0,0.0,0.75,1.25,,,,,,,49.82993197278912,67.51700680272108,,,,58.67,89.44,0.0,1.0,55.88,0.8944,55.09,54.09
888,Tomás Araújo,POR,SL Benfica,DF,24,187,1,1,90,1.0,0,0,0,0,0,0,1,0,0,0,,0.0,0.0,,,0,1,,,,,,,,,,,,,0.0,0.0,0.0,1.0,,,,,,,11.73469387755102,53.91156462585034,,,,32.82,44.72,0.0,1.0,30.73,0.4472,40.47,39.47
889,Diogo Dalot,POR,Manchester United FC,DF,27,184,2,0,65,0.7,0,0,0,0,0,0,0,0,1,0,0.0,1.38,0.0,0.0,,2,0,,,,,,,,,,,,,0.0,0.0,2.769230769230769,0.0,,,,,,,95.23809523809524,10.034013605442176,,,,52.64,38.01,0.0,0.0,45.91,0.3801,47.42,47.42
890,Matheus Nunes,POR,Manchester City FC,MF,27,183,1,0,1,0.0,0,0,0,0,0,0,0,0,0,0,,0.0,0.0,,,0,0,,,,,,,,,,,,,0.0,0.0,0.0,0.0,,,,40.5693950177936,11.387900355871883,,12.98932384341637,14.23487544483986,,,,21.25,4.71,0.0,0.0,17.47,0.0471,46.94,46.94
891,Cristiano Ronaldo,POR,Al Nassr FC,FW,41,185,5,5,440,4.9,3,0,3,2,1,1,0,0,18,9,50.0,3.68,1.84,0.17,0.33,1,1,,,,,,,,,,,,,0.6136363636363636,0.0,0.2045454545454545,0.2045454545454545,,,82.87937743190662,38.715953307393,81.71206225680933,87.15953307392996,,,,,,72.46,98.88,50.0,0.0,72.86,0.9888,72.58,72.58
892,Bruno Fernandes,POR,Manchester United FC,MF,31,183,5,5,422,4.7,0,1,1,0,0,0,0,0,9,3,33.3,1.92,0.64,0.0,0.0,5,0,,,,,,,,,,,,,0.0,0.2132701421800948,1.066350710900474,0.0,,,,83.27402135231317,73.66548042704626,,58.362989323843415,14.23487544483986,,,,57.86,96.84,33.3,0.0,59.31,0.9684,58.96,58.96
893,Gonçalo Ramos,POR,Paris Saint-Germain,FW,24,185,2,0,36,0.4,1,0,1,1,0,0,0,0,2,1,50.0,5.0,2.5,0.5,1.0,0,0,,,,,,,,,,,,,2.5,0.0,0.0,0.0,,,100.0,38.715953307393,93.3852140077821,95.3307392996109,,,,,,82.42,28.28,50.0,0.0,73.77,0.2828,55.45,55.45
894,Bernardo Silva,POR,Manchester City FC,MF,31,173,4,1,97,1.1,0,0,0,0,0,0,2,0,1,0,0.0,0.93,0.0,0.0,,0,1,,,,,,,,,,,,,0.0,0.0,0.0,0.9278350515463918,,,,40.5693950177936,41.99288256227758,,12.98932384341637,58.00711743772242,,,,38.32,46.43,0.0,2.0,35.3,0.4643,42.32,40.32
895,João Félix,POR,Al Nassr FC,FW,26,179,3,3,201,2.2,0,0,0,0,0,0,0,0,6,1,16.7,2.69,0.45,0.0,0.0,4,3,,,,,,,,,,,,,0.0,0.0,1.791044776119403,1.343283582089552,,,35.40856031128405,38.715953307393,67.89883268482491,50.97276264591439,,,,,,45.85,66.83,16.7,0.0,45.03,0.6683,46.09,46.09
897,Renato Veiga,POR,Villarreal CF,DF,22,188,5,5,450,5.0,0,0,0,0,0,0,2,0,2,0,0.0,0.4,0.0,0.0,,1,6,,,,,,,,,,,,,0.0,0.0,0.2,1.2000000000000002,,,,,,,24.149659863945576,65.1360544217687,,,,44.64,100.0,0.0,2.0,45.71,1.0,45.71,43.71
899,João Neves,POR,Paris Saint-Germain,MF,21,171,5,4,390,4.3,1,0,1,1,0,0,0,0,3,1,33.3,0.69,0.23,0.33,1.0,7,4,,,,,,,,,,,,,0.2307692307692307,0.0,1.6153846153846152,0.9230769230769232,,,,40.5693950177936,34.519572953736656,,79.00355871886121,57.65124555160143,,,,53.24,93.09,33.3,0.0,55.23,0.9309,54.76,54.76
900,Francisco Trincão,POR,Sporting CP,FW,26,184,1,0,28,0.3,0,0,0,0,0,0,0,0,1,0,0.0,3.21,0.0,0.0,,1,0,,,,,,,,,,,,,0.0,0.0,3.214285714285714,0.0,,,35.40856031128405,38.715953307393,77.04280155642024,23.151750972762645,,,,,,42.11,24.94,0.0,0.0,36.18,0.2494,45.22,45.22
901,Rafael Leão,POR,AC Milan,FW,27,188,5,1,158,1.8,1,1,2,1,0,0,0,0,4,1,25.0,2.28,0.57,0.25,1.0,0,2,,,,,,,,,,,,,0.569620253164557,0.569620253164557,0.0,1.139240506329114,,,81.71206225680933,92.99610894941634,60.505836575875485,54.08560311284047,,,,,,74.77,59.25,25.0,0.0,68.24,0.5925,60.09,60.09
902,Pedro Neto,POR,Chelsea FC,FW,26,174,5,5,350,3.9,0,1,1,0,0,0,0,0,1,0,0.0,0.26,0.0,0.0,,2,0,,,,,,,,,,,,,0.0,0.2571428571428571,0.5142857142857142,0.0,,,35.40856031128405,81.90661478599222,22.957198443579767,23.151750972762645,,,,,,42.09,88.19,0.0,0.0,42.49,0.8819,43.17,43.17
904,João Cancelo,POR,FC Barcelona,DF,32,173,5,5,312,3.5,0,1,1,0,0,0,0,0,3,0,0.0,0.87,0.0,0.0,,4,5,,,,,,,,,,,,,0.0,0.2884615384615384,1.1538461538461535,1.442307692307692,,,,,,,68.87755102040816,75.51020408163265,,,,72.19,83.27,0.0,0.0,66.08,0.8327,63.11,63.11
905,Rúben Neves,POR,Al Hilal SC,MF,29,183,2,1,55,0.6,0,0,0,0,0,0,0,0,2,0,0.0,3.27,0.0,0.0,,0,0,,,,,,,,,,,,,0.0,0.0,0.0,0.0,,,,40.5693950177936,92.34875444839858,,12.98932384341637,14.23487544483986,,,,37.45,34.96,0.0,0.0,33.45,0.3496,43.17,43.17
907,Vitinha,POR,Paris Saint-Germain,MF,26,170,5,5,376,4.2,0,0,0,0,0,0,0,0,4,0,0.0,0.96,0.0,0.0,,0,2,,,,,,,,,,,,,0.0,0.0,0.0,0.4787234042553191,,,,40.5693950177936,43.41637010676156,,12.98932384341637,39.32384341637011,,,,33.93,91.41,0.0,0.0,36.29,0.9141,37.33,37.33
908,Samu Costa,POR,RCD Mallorca,DF,25,185,1,0,21,0.2,0,0,0,0,0,0,0,0,0,0,,0.0,0.0,,,1,0,,,,,,,,,,,,,0.0,0.0,4.285714285714286,0.0,,,,,,,98.46938775510203,10.034013605442176,,,,54.25,21.6,0.0,0.0,45.56,0.216,47.74,47.74
909,Nuno Mendes,POR,Paris Saint-Germain,DF,23,177,5,5,395,4.4,1,0,1,1,0,0,0,0,3,1,33.3,0.68,0.23,0.33,1.0,6,0,,,,,,,,,,,,,0.2278481012658227,0.0,1.3670886075949369,0.0,,,,,,,76.53061224489795,10.034013605442176,,,,43.28,93.69,33.3,0.0,47.32,0.9369,47.39,47.39
910,Francisco Conceição,POR,Juventus FC,FW,23,166,4,0,126,1.4,0,0,0,0,0,0,0,0,2,0,0.0,1.43,0.0,0.0,,2,0,,,,,,,,,,,,,0.0,0.0,1.4285714285714284,0.0,,,35.40856031128405,38.715953307393,38.52140077821012,23.151750972762645,,,,,,34.41,52.92,0.0,0.0,32.82,0.5292,40.07,40.07
911,Mahmoud Abunada,QAT,Al Rayyan SC,GK,26,185,3,3,270,3.0,0,0,0,0,0,0,1,0,0,0,,0.0,0.0,,,0,0,10.0,3.33,22.0,12.0,54.5,0.0,0.0,1.0,1.0,0.0,0.0,0.0,0.0,0.0,0.0,0.0,4.0,0.0,,,,,,,31.132075471698112,82.14285714285714,26.785714285714285,45.35,77.46,0.0,1.0,44.02,0.7746,45.34,44.34
913,Lucas Mendes,QAT,Al Wakrah SC,DF,35,179,1,0,4,0.0,0,0,0,0,0,0,0,0,0,0,,0.0,0.0,,,0,0,,,,,,,,,,,,,0.0,0.0,0.0,0.0,,,,,,,11.73469387755102,10.034013605442176,,,,10.88,9.43,0.0,0.0,9.65,0.0943,44.7,44.7
914,Issa Laye,QAT,Al Arabi SC,DF,28,178,3,3,270,3.0,0,0,0,0,0,0,0,0,1,0,0.0,0.33,0.0,0.0,,1,1,,,,,,,,,,,,,0.0,0.0,0.3333333333333333,0.3333333333333333,,,,,,,29.25170068027211,22.61904761904762,,,,25.94,77.46,0.0,0.0,28.49,0.7746,32.97,32.97
915,Jassem Gaber,QAT,Al Rayyan SC,DF,24,181,3,3,149,1.7,0,0,0,0,0,0,1,0,0,0,,0.0,0.0,,,2,0,,,,,,,,,,,,,0.0,0.0,1.2080536912751678,0.0,,,,,,,71.25850340136054,10.034013605442176,,,,40.65,57.54,0.0,1.0,38.27,0.5754,42.55,41.55
916,Abdulaziz Hatem,QAT,Al Rayyan SC,MF,36,179,1,0,45,0.5,0,0,0,0,0,0,0,0,0,0,,0.0,0.0,,,0,0,,,,,,,,,,,,,0.0,0.0,0.0,0.0,,,,40.5693950177936,11.387900355871883,,12.98932384341637,14.23487544483986,,,,21.25,31.62,0.0,0.0,20.17,0.3162,39.47,39.47
917,Ahmed Alaaeldin,QAT,Al Rayyan SC,FW,33,179,2,0,43,0.5,0,0,0,0,0,0,0,0,1,1,100.0,2.09,2.09,0.0,0.0,1,0,,,,,,,,,,,,,0.0,0.0,2.0930232558139537,0.0,,,35.40856031128405,38.715953307393,57.39299610894941,91.63424124513618,,,,,,51.88,30.91,100.0,0.0,54.59,0.3091,50.2,50.2
918,Edmilson Junior,QAT,Al Duhail SC,FW,31,180,3,3,210,2.3,0,1,1,0,0,0,0,0,3,2,66.7,1.29,0.86,0.0,0.0,1,0,,,,,,,,,,,,,0.0,0.4285714285714286,0.4285714285714286,0.0,,,35.40856031128405,89.88326848249028,36.18677042801556,65.36964980544747,,,,,,55.18,68.31,66.7,0.0,57.64,0.6831,54.66,54.66
921,Akram Afif,QAT,Al Sadd SC,FW,29,176,3,3,238,2.6,0,0,0,0,0,0,0,0,2,0,0.0,0.76,0.0,0.0,,1,0,,,,,,,,,,,,,0.0,0.0,0.3781512605042016,0.0,,,35.40856031128405,38.715953307393,28.404669260700388,23.151750972762645,,,,,,32.38,72.72,0.0,0.0,33.18,0.7272,37.28,37.28
922,Karim Boudiaf,QAT,Al Duhail SC,MF,35,190,2,1,102,1.1,0,0,0,0,0,0,0,0,1,0,0.0,0.88,0.0,0.0,,0,0,,,,,,,,,,,,,0.0,0.0,0.0,0.0,,,,40.5693950177936,40.5693950177936,,12.98932384341637,14.23487544483986,,,,27.09,47.61,0.0,0.0,26.43,0.4761,37.94,37.94
924,Homam Ahmed,QAT,Cultural Leonesa,DF,26,188,2,2,122,1.4,0,1,1,0,0,0,0,1,1,0,0.0,0.74,0.0,0.0,,1,3,,,,,,,,,,,,,0.0,0.7377049180327869,0.7377049180327869,2.2131147540983607,,,,,,,48.63945578231292,93.19727891156462,,,,70.92,52.07,0.0,4.0,61.94,0.5207,55.42,51.42
925,Yusuf Abdurisag,QAT,Al Wakrah SC,FW,26,171,2,2,98,1.1,0,0,0,0,0,0,0,0,0,0,,0.0,0.0,,,2,1,,,,,,,,,,,,,0.0,0.0,1.8367346938775508,0.9183673469387754,,,35.40856031128405,38.715953307393,11.478599221789883,23.151750972762645,,,,,,29.0,46.67,0.0,0.0,27.87,0.4667,38.73,38.73
926,Boualem Khoukhi,QAT,Al Sadd SC,DF,35,185,3,3,270,3.0,1,0,1,1,0,0,0,0,3,1,33.3,1.0,0.33,0.33,1.0,3,3,,,,,,,,,,,,,0.3333333333333333,0.0,1.0,1.0,,,,,,,58.67346938775511,53.91156462585034,,,,56.29,77.46,33.3,0.0,56.11,0.7746,54.36,54.36
929,Almoez Ali,QAT,Al Duhail SC,FW,29,180,1,0,19,0.2,0,0,0,0,0,0,0,0,1,1,100.0,4.74,4.74,0.0,0.0,0,0,,,,,,,,,,,,,0.0,0.0,0.0,0.0,,,35.40856031128405,38.715953307393,91.43968871595332,99.61089494163424,,,,,,60.28,20.55,100.0,0.0,60.28,0.2055,50.71,50.71
930,Ahmed Fathy,QAT,Al Arabi SC,MF,33,171,3,1,150,1.7,0,0,0,0,0,0,2,0,0,0,,0.0,0.0,,,3,3,,,,,,,,,,,,,0.0,0.0,1.8,1.8,,,,40.5693950177936,11.387900355871883,,83.27402135231317,84.34163701067615,,,,56.35,57.74,0.0,2.0,50.86,0.5774,49.82,47.82
933,Assim Madibo,QAT,Al Wakrah SC,MF,29,168,2,2,131,1.5,0,0,0,0,0,0,0,1,0,0,,0.0,0.0,,,1,4,,,,,,,,,,,,,0.0,0.0,0.6870229007633587,2.748091603053435,,,,40.5693950177936,11.387900355871883,,40.5693950177936,95.72953736654804,,,,48.52,53.95,0.0,4.0,44.21,0.5395,46.14,42.14
936,Mohamed Manai,QAT,Al Shamal SC,FW,23,180,3,0,69,0.8,0,0,0,0,0,0,0,0,0,0,,0.0,0.0,,,0,2,,,,,,,,,,,,,0.0,0.0,0.0,2.608695652173913,,,35.40856031128405,38.715953307393,11.478599221789883,23.151750972762645,,,,,,29.0,39.16,0.0,0.0,27.11,0.3916,39.96,39.96
939,Ali Lajami,KSA,Al Hilal SC,DF,30,177,3,1,149,1.7,0,0,0,0,0,0,0,0,0,0,,0.0,0.0,,,2,3,,,,,,,,,,,,,0.0,0.0,1.2080536912751678,1.8120805369127515,,,,,,,71.25850340136054,85.03401360544217,,,,78.15,57.54,0.0,0.0,68.27,0.5754,59.81,59.81
948,Saud Abdulhamid,KSA,RC Lens,DF,26,172,3,3,269,3.0,0,0,0,0,0,0,1,0,2,0,0.0,0.67,0.0,0.0,,9,2,,,,,,,,,,,,,0.0,0.0,3.011152416356877,0.6691449814126393,,,,,,,96.5986394557823,39.455782312925166,,,,68.03,77.32,0.0,1.0,62.15,0.7732,59.02,58.02
959,Mohamed Kanno,KSA,Al Hilal SC,MF,31,191,3,2,225,2.5,0,0,0,0,0,0,1,0,3,2,66.7,1.2,0.8,0.0,0.0,4,2,,,,,,,,,,,,,0.0,0.0,1.6,0.8,,,,40.5693950177936,52.31316725978648,,78.29181494661923,53.73665480427047,,,,55.64,70.71,66.7,1.0,58.25,0.7071,55.37,54.37
963,Angus Gunn,SCO,Nottingham Forest FC,GK,30,196,3,3,270,3.0,0,0,0,0,0,0,0,0,0,0,,0.0,0.0,,,1,0,4.0,1.33,12.0,8.0,66.7,1.0,33.3,0.0,0.0,0.0,0.0,,0.0,0.0,0.3333333333333333,0.0,2.666666666666667,0.3333333333333333,,,,,,,57.54716981132076,55.35714285714286,71.42857142857143,60.36,77.46,33.3,0.0,59.36,0.7746,57.22,57.22
964,Aaron Hickey,SCO,Brentford FC,DF,24,185,1,1,74,0.8,0,0,0,0,0,0,1,0,0,0,,0.0,0.0,,,0,1,,,,,,,,,,,,,0.0,0.0,0.0,1.2162162162162162,,,,,,,11.73469387755102,65.64625850340136,,,,38.69,40.55,0.0,1.0,35.01,0.4055,42.94,41.94
965,Andy Robertson,SCO,Liverpool FC,DF,32,178,3,3,225,2.5,0,0,0,0,0,0,1,0,0,0,,0.0,0.0,,,1,2,,,,,,,,,,,,,0.0,0.0,0.4,0.8,,,,,,,33.50340136054422,42.68707482993197,,,,38.1,70.71,0.0,1.0,37.55,0.7071,40.71,39.71
966,Scott McTominay,SCO,SSC Napoli,MF,29,193,3,3,270,3.0,0,0,0,0,0,0,0,0,8,3,37.5,2.67,1.0,0.0,0.0,2,0,,,,,,,,,,,,,0.0,0.0,0.6666666666666667,0.0,,,,40.5693950177936,87.01067615658363,,40.0355871886121,14.23487544483986,,,,43.14,77.46,37.5,0.0,46.01,0.7746,46.55,46.55
967,Grant Hanley,SCO,Hibernian FC,DF,34,188,2,2,180,2.0,0,0,0,0,0,0,0,0,0,0,,0.0,0.0,,,2,1,,,,,,,,,,,,,0.0,0.0,1.0,0.5,,,,,,,58.67346938775511,30.10204081632653,,,,44.39,63.25,0.0,0.0,41.83,0.6325,44.23,44.23
968,Kieran Tierney,SCO,Celtic FC,DF,29,180,2,1,104,1.2,0,0,0,0,0,0,0,0,2,0,0.0,1.73,0.0,0.0,,1,2,,,,,,,,,,,,,0.0,0.0,0.8653846153846154,1.7307692307692308,,,,,,,54.421768707483,83.6734693877551,,,,69.05,48.07,0.0,0.0,60.05,0.4807,53.97,53.97
969,John McGinn,SCO,Aston Villa FC,MF,31,178,3,3,259,2.9,1,0,1,1,0,0,0,0,3,1,33.3,1.04,0.35,0.33,1.0,0,0,,,,,,,,,,,,,0.3474903474903475,0.0,0.0,0.0,,,,40.5693950177936,48.57651245551601,,12.98932384341637,14.23487544483986,,,,28.69,75.87,33.3,0.0,33.87,0.7587,37.38,37.38
971,Lyndon Dykes,SCO,Charlton Athletic FC,FW,30,188,2,0,36,0.4,0,0,0,0,0,0,0,0,1,0,0.0,2.5,0.0,0.0,,0,0,,,,,,,,,,,,,0.0,0.0,0.0,0.0,,,35.40856031128405,38.715953307393,66.9260700389105,23.151750972762645,,,,,,40.09,28.28,0.0,0.0,34.9,0.2828,44.46,44.46
972,Ché Adams,SCO,Torino FC,FW,29,175,3,2,145,1.6,0,0,0,0,0,0,0,0,1,1,100.0,0.62,0.62,0.0,0.0,1,0,,,,,,,,,,,,,0.0,0.0,0.6206896551724138,0.0,,,35.40856031128405,38.715953307393,26.4591439688716,56.03112840466926,,,,,,38.57,56.76,100.0,0.0,46.53,0.5676,47.27,47.27
973,Ryan Christie,SCO,AFC Bournemouth,MF,31,178,3,1,95,1.1,0,0,0,0,0,0,1,0,2,0,0.0,1.89,0.0,0.0,,3,2,,,,,,,,,,,,,0.0,0.0,2.8421052631578947,1.894736842105263,,,,40.5693950177936,73.13167259786478,,96.08540925266904,85.40925266903915,,,,72.17,45.95,0.0,1.0,62.33,0.4595,54.8,53.8
975,Jack Hendry,SCO,Al Ettifaq FC,DF,31,192,3,3,270,3.0,0,0,0,0,0,0,0,0,0,0,,0.0,0.0,,,2,0,,,,,,,,,,,,,0.0,0.0,0.6666666666666667,0.0,,,,,,,45.06802721088435,10.034013605442176,,,,27.55,77.46,0.0,0.0,29.79,0.7746,33.97,33.97
976,Ross Stewart,SCO,Southampton FC,FW,29,188,1,0,2,0.0,0,0,0,0,0,0,0,0,0,0,,0.0,0.0,,,0,0,,,,,,,,,,,,,0.0,0.0,0.0,0.0,,,35.40856031128405,38.715953307393,11.478599221789883,23.151750972762645,,,,,,29.0,6.67,0.0,0.0,23.87,0.0667,46.6,46.6
979,Ben Gannon-Doak,SCO,AFC Bournemouth,FW,20,173,3,2,186,2.1,0,0,0,0,0,0,0,0,4,0,0.0,1.94,0.0,0.0,,1,0,,,,,,,,,,,,,0.0,0.0,0.4838709677419355,0.0,,,35.40856031128405,38.715953307393,52.9182879377432,23.151750972762645,,,,,,37.29,64.29,0.0,0.0,36.26,0.6429,40.53,40.53
981,Lewis Ferguson,SCO,Bologna FC,MF,26,181,3,3,270,3.0,0,0,0,0,0,0,0,0,2,1,50.0,0.67,0.33,0.0,0.0,7,4,,,,,,,,,,,,,0.0,0.0,2.333333333333333,1.3333333333333337,,,,40.5693950177936,32.91814946619217,,91.81494661921708,70.64056939501779,,,,59.37,77.46,50.0,0.0,60.24,0.7746,57.57,57.57
982,Lawrence Shankland,SCO,Heart Of Midlothian FC,FW,30,185,2,2,171,1.9,0,0,0,0,0,0,0,0,4,0,0.0,2.11,0.0,0.0,,1,0,,,,,,,,,,,,,0.0,0.0,0.5263157894736842,0.0,,,35.40856031128405,38.715953307393,58.36575875486382,23.151750972762645,,,,,,38.38,61.64,0.0,0.0,36.86,0.6164,41.22,41.22
984,Nathan Patterson,SCO,Everton FC,DF,24,183,3,2,185,2.1,0,0,0,0,0,0,0,0,0,0,,0.0,0.0,,,2,3,,,,,,,,,,,,,0.0,0.0,0.972972972972973,1.4594594594594597,,,,,,,55.78231292517006,75.85034013605441,,,,65.82,64.12,0.0,0.0,59.06,0.6412,55.22,55.22
985,Kenny McLean,SCO,Norwich City FC,MF,34,183,3,1,118,1.3,0,0,0,0,0,0,1,0,1,0,0.0,0.76,0.0,0.0,,1,2,,,,,,,,,,,,,0.0,0.0,0.7627118644067796,1.5254237288135593,,,,40.5693950177936,37.36654804270463,,45.72953736654805,77.40213523131672,,,,50.43,51.21,0.0,1.0,45.46,0.5121,46.89,45.89
986,Anthony Ralston,SCO,Celtic FC,DF,27,178,2,0,11,0.1,0,0,0,0,0,0,0,0,1,1,100.0,8.18,8.18,0.0,0.0,0,0,,,,,,,,,,,,,0.0,0.0,0.0,0.0,,,,,,,11.73469387755102,10.034013605442176,,,,10.88,15.63,100.0,0.0,20.27,0.1563,43.96,43.96
987,Findlay Curtis,SCO,Kilmarnock FC,FW,20,180,2,0,9,0.1,0,0,0,0,0,0,1,0,0,0,,0.0,0.0,,,0,0,,,,,,,,,,,,,0.0,0.0,0.0,0.0,,,35.40856031128405,38.715953307393,11.478599221789883,23.151750972762645,,,,,,29.0,14.14,0.0,1.0,24.61,0.1414,44.89,43.89
988,Scott McKenna,SCO,GNK Dinamo Zagreb,DF,29,189,1,1,90,1.0,0,0,0,0,0,0,0,0,0,0,,0.0,0.0,,,0,0,,,,,,,,,,,,,0.0,0.0,0.0,0.0,,,,,,,11.73469387755102,10.034013605442176,,,,10.88,44.72,0.0,0.0,13.18,0.4472,32.62,32.62
991,Kalidou Koulibaly,SEN,Al Hilal SC,DF,34,186,2,2,161,1.8,0,0,0,0,0,0,0,0,0,0,,0.0,0.0,,,1,2,,,,,,,,,,,,,0.0,0.0,0.5590062111801242,1.1180124223602483,,,,,,,41.83673469387755,61.564625850340136,,,,51.7,59.81,0.0,0.0,47.34,0.5981,47.75,47.75
992,Abdoulaye Seck,SEN,Maccabi Haifa FC,DF,34,192,1,1,57,0.6,0,1,1,0,0,0,1,0,2,0,0.0,3.16,0.0,0.0,,0,0,,,,,,,,,,,,,0.0,1.5789473684210529,0.0,0.0,,,,,,,11.73469387755102,10.034013605442176,,,,10.88,35.59,0.0,1.0,12.27,0.3559,35.51,34.51
994,Pathé Ciss,SEN,Rayo Vallecano,MF,32,186,4,1,184,2.0,0,0,0,0,0,0,0,0,2,1,50.0,0.98,0.49,0.0,0.0,0,0,,,,,,,,,,,,,0.0,0.0,0.0,0.0,,,,40.5693950177936,44.12811387900357,,12.98932384341637,14.23487544483986,,,,27.8,63.94,50.0,0.0,33.64,0.6394,38.96,38.96
995,Assane Diao,SEN,Como,FW,20,185,1,0,10,0.1,0,0,0,0,0,0,0,0,0,0,,0.0,0.0,,,1,0,,,,,,,,,,,,,0.0,0.0,9.0,0.0,,,35.40856031128405,38.715953307393,11.478599221789883,23.151750972762645,,,,,,29.0,14.91,0.0,0.0,24.69,0.1491,44.72,44.72
996,Lamine Camara,SEN,AS Monaco,MF,22,174,4,3,248,2.8,0,1,1,0,0,0,1,0,3,0,0.0,1.09,0.0,0.0,,1,2,,,,,,,,,,,,,0.0,0.3629032258064516,0.3629032258064516,0.7258064516129032,,,,90.39145907473308,49.46619217081851,,29.537366548042705,50.0,,,,56.9,74.24,0.0,1.0,52.94,0.7424,51.77,50.77
997,Bamba Dieng,SEN,FC Lorient,FW,26,178,1,0,8,0.1,0,0,0,0,0,0,0,0,0,0,,0.0,0.0,,,0,0,,,,,,,,,,,,,0.0,0.0,0.0,0.0,,,35.40856031128405,38.715953307393,11.478599221789883,23.151750972762645,,,,,,29.0,13.33,0.0,0.0,24.53,0.1333,45.07,45.07
998,Sadio Mané,SEN,Al Nassr FC,FW,34,175,4,4,362,4.0,0,1,1,0,0,0,0,0,6,3,50.0,1.49,0.75,0.0,0.0,2,3,,,,,,,,,,,,,0.0,0.2486187845303867,0.4972375690607734,0.7458563535911602,,,35.40856031128405,80.93385214007782,39.688715953307394,62.06225680933852,,,,,,52.98,89.69,50.0,0.0,56.35,0.8969,55.51,55.51
999,Nicolas Jackson,SEN,FC Bayern München,FW,24,187,4,2,234,2.6,0,1,1,0,0,0,0,0,7,3,42.9,2.69,1.15,0.0,0.0,2,1,,,,,,,,,,,,,0.0,0.3846153846153846,0.7692307692307693,0.3846153846153846,,,35.40856031128405,87.7431906614786,67.89883268482491,71.01167315175097,,,,,,62.11,72.11,42.9,0.0,61.19,0.7211,57.58,57.58
1001,Iliman Ndiaye,SEN,Everton FC,FW,26,180,3,1,114,1.3,1,2,3,1,0,0,0,0,3,2,66.7,2.37,1.58,0.33,0.5,0,2,,,,,,,,,,,,,0.7894736842105263,1.5789473684210529,0.0,1.5789473684210529,,,88.715953307393,98.83268482490271,63.81322957198443,81.71206225680933,,,,,,84.86,50.33,66.7,0.0,79.59,0.5033,64.02,64.02
1002,Ismail Jakobs,SEN,Galatasaray SK,DF,26,184,3,2,219,2.4,0,0,0,0,0,0,0,0,1,0,0.0,0.41,0.0,0.0,,2,2,,,,,,,,,,,,,0.0,0.0,0.821917808219178,0.821917808219178,,,,,,,52.04081632653062,43.53741496598639,,,,47.79,69.76,0.0,0.0,45.21,0.6976,46.16,46.16
1003,Krépin Diatta,SEN,AS Monaco,DF,27,173,4,4,390,4.3,0,0,0,0,0,0,0,0,1,0,0.0,0.23,0.0,0.0,,10,3,,,,,,,,,,,,,0.0,0.0,2.3076923076923075,0.6923076923076923,,,,,,,94.21768707482994,40.47619047619048,,,,67.35,93.09,0.0,0.0,63.19,0.9309,62.16,62.16
1004,Édouard Mendy,SEN,Al Ahli FC,GK,34,194,2,2,152,1.7,0,0,0,0,0,0,0,0,0,0,,0.0,0.0,,,0,0,6.0,3.55,14.0,8.0,57.1,0.0,0.0,0.0,0.0,0.0,0.0,,0.0,0.0,0.0,0.0,4.7368421052631575,0.0,,,,,,,39.62264150943396,87.5,26.785714285714285,50.78,58.12,0.0,0.0,46.43,0.5812,47.86,47.86
1006,Ismaila Sarr,SEN,Crystal Palace FC,FW,28,185,4,4,364,4.0,4,1,5,4,0,0,0,0,17,6,35.3,4.2,1.48,0.24,0.67,1,2,,,,,,,,,,,,,0.989010989010989,0.2472527472527472,0.2472527472527472,0.4945054945054945,,,94.1634241245136,80.54474708171206,87.54863813229572,79.57198443579766,,,,,,86.52,89.94,35.3,0.0,81.74,0.8994,78.37,78.37
1007,Moussa Niakhaté,SEN,Olympique Lyonnais,DF,30,190,4,4,390,4.3,0,1,1,0,0,0,0,0,1,0,0.0,0.23,0.0,0.0,,1,4,,,,,,,,,,,,,0.0,0.2307692307692307,0.2307692307692307,0.9230769230769232,,,,,,,24.65986394557823,48.63945578231292,,,,36.65,93.09,0.0,0.0,38.63,0.9309,39.3,39.3
1008,Ibrahim Mbaye,SEN,Paris Saint-Germain,FW,18,175,4,1,157,1.7,1,0,1,1,0,0,0,0,4,1,25.0,2.29,0.57,0.25,1.0,0,1,,,,,,,,,,,,,0.5732484076433121,0.0,0.0,0.5732484076433121,,,82.10116731517509,38.715953307393,61.08949416342413,54.08560311284047,,,,,,61.45,59.07,25.0,0.0,57.57,0.5907,53.74,53.74
1009,Habib Diarra,SEN,Sunderland AFC,MF,22,178,3,2,143,1.6,2,0,2,2,0,0,0,0,4,2,50.0,2.52,1.26,0.5,1.0,2,1,,,,,,,,,,,,,1.2587412587412588,0.0,1.2587412587412588,0.6293706293706294,,,,40.5693950177936,85.40925266903915,,64.76868327402136,44.12811387900357,,,,56.48,56.37,50.0,0.0,55.82,0.5637,52.58,52.58
1011,Mory Diaw,SEN,Le Havre AC,GK,32,197,3,2,238,2.6,0,0,0,0,0,0,0,0,0,0,,0.0,0.0,,,0,0,3.0,1.13,7.0,4.0,57.1,1.0,50.0,1.0,1.0,0.0,0.0,0.0,0.0,0.0,0.0,0.0,1.512605042016807,0.3781512605042016,,,,,,,39.62264150943396,26.785714285714285,76.78571428571429,45.06,72.72,50.0,0.0,48.32,0.7272,48.74,48.74
1014,Pape Gueye,SEN,Villarreal CF,MF,27,189,4,3,234,2.6,2,1,3,2,0,0,1,0,8,3,37.5,3.08,1.15,0.25,0.67,1,4,,,,,,,,,,,,,0.7692307692307693,0.3846153846153846,0.3846153846153846,1.5384615384615383,,,,91.10320284697508,91.10320284697508,,30.0711743772242,77.93594306049823,,,,72.55,72.11,37.5,1.0,69.0,0.7211,63.26,62.26
1015,Ronwen Williams,RSA,Mamelodi Sundowns FC,GK,34,184,4,4,360,4.0,0,0,0,0,0,0,0,0,0,0,,0.0,0.0,,,0,1,4.0,1.0,15.0,11.0,73.3,1.0,25.0,0.0,0.0,0.0,0.0,,0.0,0.0,0.0,0.25,2.75,0.25,,,,,,,76.41509433962264,58.92857142857143,59.82142857142857,67.02,89.44,25.0,0.0,65.06,0.8944,63.46,63.46
1018,Teboho Mokoena,RSA,Mamelodi Sundowns FC,MF,29,177,3,3,270,3.0,1,0,1,0,1,1,2,0,4,2,50.0,1.33,0.67,0.25,0.5,3,5,,,,,,,,,,,,,0.3333333333333333,0.0,1.0,1.6666666666666663,,,,40.5693950177936,57.47330960854092,,55.16014234875445,81.31672597864768,,,,57.78,77.46,50.0,2.0,58.97,0.7746,56.59,54.59
1019,Thalente Mbatha,RSA,Orlando Pirates FC,MF,26,179,4,2,260,2.9,0,0,0,0,0,0,1,0,4,1,25.0,1.38,0.35,0.0,0.0,2,5,,,,,,,,,,,,,0.0,0.0,0.6923076923076923,1.7307692307692308,,,,40.5693950177936,58.89679715302491,,41.281138790035584,82.91814946619218,,,,55.0,76.01,25.0,1.0,54.1,0.7601,52.73,51.73
1020,Aubrey Modiba,RSA,Mamelodi Sundowns FC,DF,30,171,4,4,346,3.8,0,0,0,0,0,0,1,0,5,1,20.0,1.3,0.26,0.0,0.0,5,4,,,,,,,,,,,,,0.0,0.0,1.300578034682081,1.0404624277456649,,,,,,,74.14965986394559,58.16326530612245,,,,66.16,87.69,20.0,1.0,63.69,0.8769,61.8,60.8
1021,Oswin Appollis,RSA,Orlando Pirates FC,FW,24,171,4,3,255,2.8,0,0,0,0,0,0,0,0,4,1,25.0,1.41,0.35,0.0,0.0,3,1,,,,,,,,,,,,,0.0,0.0,1.0588235294117647,0.3529411764705882,,,35.40856031128405,38.715953307393,37.7431906614786,48.63813229571984,,,,,,39.35,75.28,25.0,0.0,41.51,0.7528,43.17,43.17
1022,Tshepang Moremi,RSA,Orlando Pirates FC,FW,25,169,2,0,34,0.4,0,1,1,0,0,0,0,0,0,0,,0.0,0.0,,,1,0,,,,,,,,,,,,,0.0,2.647058823529412,2.647058823529412,0.0,,,35.40856031128405,100.0,11.478599221789883,23.151750972762645,,,,,,44.32,27.49,0.0,0.0,38.2,0.2749,45.47,45.47
1023,Lyle Foster,RSA,Burnley FC,FW,25,185,1,1,55,0.6,0,0,0,0,0,0,0,0,1,0,0.0,1.64,0.0,0.0,,0,0,,,,,,,,,,,,,0.0,0.0,0.0,0.0,,,35.40856031128405,38.715953307393,44.94163424124514,23.151750972762645,,,,,,35.69,34.96,0.0,0.0,32.05,0.3496,42.57,42.57
1024,Relebohile Mofokeng,RSA,Orlando Pirates FC,FW,21,168,3,2,169,1.9,0,0,0,0,0,0,0,0,3,1,33.3,1.6,0.53,0.0,0.0,2,0,,,,,,,,,,,,,0.0,0.0,1.0650887573964496,0.0,,,35.40856031128405,38.715953307393,42.4124513618677,52.33463035019456,,,,,,41.02,61.28,33.3,0.0,42.28,0.6128,44.58,44.58
1025,Themba Zwane,RSA,Mamelodi Sundowns FC,MF,36,178,1,0,23,0.3,0,0,0,0,0,0,0,1,0,0,,0.0,0.0,,,0,0,,,,,,,,,,,,,0.0,0.0,0.0,0.0,,,,40.5693950177936,11.387900355871883,,12.98932384341637,14.23487544483986,,,,21.25,22.61,0.0,4.0,19.26,0.2261,41.81,37.81
1026,Thapelo Maseko,RSA,AEL Limassol,FW,22,178,3,3,242,2.7,1,0,1,1,0,0,0,0,8,1,12.5,2.98,0.37,0.13,1.0,1,2,,,,,,,,,,,,,0.371900826446281,0.0,0.371900826446281,0.743801652892562,,,78.98832684824903,38.715953307393,71.98443579766537,49.221789883268485,,,,,,61.57,73.33,12.5,0.0,57.84,0.7333,55.27,55.27
1027,Sphephelo Sithole,RSA,CD Tondela,MF,27,197,3,3,229,2.5,0,0,0,0,0,0,0,1,0,0,,0.0,0.0,,,5,5,,,,,,,,,,,,,0.0,0.0,1.965065502183406,1.965065502183406,,,,40.5693950177936,11.387900355871883,,86.12099644128114,87.18861209964413,,,,57.78,71.34,0.0,4.0,53.35,0.7134,51.93,47.93
1028,Mbekezeli Mbokazi,RSA,Chicago Fire FC,DF,20,177,4,4,360,4.0,0,0,0,0,0,0,0,0,4,1,25.0,1.0,0.25,0.0,0.0,5,4,,,,,,,,,,,,,0.0,0.0,1.25,1.0,,,,,,,72.95918367346938,53.91156462585034,,,,63.44,89.44,25.0,0.0,62.19,0.8944,60.73,60.73
1029,Iqraam Rayners,RSA,Mamelodi Sundowns FC,FW,30,174,4,2,161,1.8,0,0,0,0,0,0,0,0,1,0,0.0,0.56,0.0,0.0,,0,0,,,,,,,,,,,,,0.0,0.0,0.0,0.0,,,35.40856031128405,38.715953307393,25.680933852140075,23.151750972762645,,,,,,31.84,59.81,0.0,0.0,31.45,0.5981,38.19,38.19
1031,Evidence Makgopa,RSA,Orlando Pirates FC,FW,26,183,4,2,215,2.4,0,0,0,0,0,0,0,0,4,3,75.0,1.67,1.26,0.0,0.0,1,1,,,,,,,,,,,,,0.0,0.0,0.4186046511627906,0.4186046511627906,,,35.40856031128405,38.715953307393,46.10894941634241,75.4863813229572,,,,,,46.39,69.12,75.0,0.0,51.52,0.6912,50.51,50.51
1033,Nkosinathi Sibisi,RSA,Orlando Pirates FC,DF,30,172,1,1,90,1.0,0,0,0,0,0,0,1,0,0,0,,0.0,0.0,,,0,1,,,,,,,,,,,,,0.0,0.0,0.0,1.0,,,,,,,11.73469387755102,53.91156462585034,,,,32.82,44.72,0.0,1.0,30.73,0.4472,40.47,39.47
1034,Khuliso Mudau,RSA,Mamelodi Sundowns FC,DF,31,179,4,4,360,4.0,0,0,0,0,0,0,0,0,0,0,,0.0,0.0,,,8,11,,,,,,,,,,,,,0.0,0.0,2.0,2.75,,,,,,,89.28571428571429,96.25850340136054,,,,92.77,89.44,0.0,0.0,83.16,0.8944,79.49,79.49
1035,Ime Okon,RSA,Hannover 96,DF,22,187,4,4,360,4.0,0,0,0,0,0,0,0,0,1,0,0.0,0.25,0.0,0.0,,2,5,,,,,,,,,,,,,0.0,0.0,0.5,1.25,,,,,,,38.775510204081634,67.51700680272108,,,,53.15,89.44,0.0,0.0,51.46,0.8944,51.13,51.13
1037,Jayden Adams,RSA,Mamelodi Sundowns FC,MF,25,177,3,2,116,1.3,0,0,0,0,0,0,0,0,0,0,,0.0,0.0,,,0,2,,,,,,,,,,,,,0.0,0.0,0.0,1.5517241379310345,,,,40.5693950177936,11.387900355871883,,12.98932384341637,78.46975088967972,,,,37.31,50.77,0.0,0.0,34.93,0.5077,41.56,41.56
1039,Kamogelo Sebelebele,RSA,Orlando Pirates FC,FW,23,166,1,0,7,0.1,0,0,0,0,0,0,0,0,0,0,,0.0,0.0,,,0,0,,,,,,,,,,,,,0.0,0.0,0.0,0.0,,,35.40856031128405,38.715953307393,11.478599221789883,23.151750972762645,,,,,,29.0,12.47,0.0,0.0,24.45,0.1247,45.26,45.26
1042,Marc Pubill,ESP,Atlético De Madrid,DF,22,191,1,0,1,0.0,0,0,0,0,0,0,0,0,0,0,,0.0,0.0,,,0,0,,,,,,,,,,,,,0.0,0.0,0.0,0.0,,,,,,,11.73469387755102,10.034013605442176,,,,10.88,4.71,0.0,0.0,9.18,0.0471,46.5,46.5
1044,Eric García,ESP,FC Barcelona,DF,25,183,1,0,22,0.2,0,0,0,0,0,0,0,0,0,0,,0.0,0.0,,,0,1,,,,,,,,,,,,,0.0,0.0,0.0,4.090909090909091,,,,,,,11.73469387755102,98.29931972789116,,,,55.02,22.11,0.0,0.0,46.22,0.2211,47.88,47.88
1045,Marcos Llorente,ESP,Atlético De Madrid,DF,31,183,3,2,187,2.1,0,1,1,0,0,0,0,0,0,0,,0.0,0.0,,,6,1,,,,,,,,,,,,,0.0,0.481283422459893,2.8877005347593587,0.481283422459893,,,,,,,95.578231292517,28.57142857142857,,,,62.07,64.46,0.0,0.0,56.11,0.6446,53.35,53.35
1046,Mikel Merino,ESP,Arsenal FC,MF,29,188,8,1,199,2.2,2,0,2,2,0,0,0,0,5,3,60.0,2.26,1.36,0.4,0.67,2,3,,,,,,,,,,,,,0.9045226130653268,0.0,0.9045226130653268,1.3567839195979898,,,,40.5693950177936,82.74021352313167,,50.5338078291815,71.53024911032028,,,,59.23,66.5,60.0,0.0,60.04,0.665,56.14,56.14
1047,Ferran Torres,ESP,FC Barcelona,FW,26,183,8,1,288,3.2,1,1,2,1,0,0,1,0,14,4,28.6,4.37,1.25,0.07,0.25,0,0,,,,,,,,,,,,,0.3125,0.3125,0.0,0.0,,,75.4863813229572,85.01945525291829,89.10505836575877,74.90272373540856,,,,,,80.48,80.0,28.6,1.0,75.24,0.8,69.84,68.84
1049,Gavi,ESP,FC Barcelona,MF,21,173,2,1,76,0.8,0,0,0,0,0,0,0,0,1,0,0.0,1.18,0.0,0.0,,2,1,,,,,,,,,,,,,0.0,0.0,2.3684210526315788,1.1842105263157894,,,,40.5693950177936,51.77935943060498,,92.52669039145908,66.01423487544484,,,,62.16,41.1,0.0,0.0,53.84,0.411,50.63,50.63
1050,Dani Olmo,ESP,FC Barcelona,FW,28,179,8,6,491,5.5,0,2,2,0,0,0,0,0,13,2,15.4,2.38,0.37,0.0,0.0,5,1,,,,,,,,,,,,,0.0,0.3665987780040733,0.9164969450101832,0.1832993890020366,,,35.40856031128405,87.15953307392996,64.98054474708171,49.221789883268485,,,,,,57.02,100.0,15.4,0.0,57.16,1.0,57.16,57.16
1051,Yéremy Pino,ESP,Crystal Palace FC,FW,23,174,2,0,70,0.8,0,0,0,0,0,0,0,0,0,0,,0.0,0.0,,,0,0,,,,,,,,,,,,,0.0,0.0,0.0,0.0,,,35.40856031128405,38.715953307393,11.478599221789883,23.151750972762645,,,,,,29.0,39.44,0.0,0.0,27.14,0.3944,39.91,39.91
1052,Pedro Porro,ESP,Tottenham Hotspur FC,DF,26,173,6,6,563,6.3,2,0,2,2,0,0,0,0,7,3,42.9,1.12,0.48,0.29,0.67,11,8,,,,,,,,,,,,,0.3197158081705151,0.0,1.7584369449378332,1.2788632326820604,,,,,,,84.35374149659864,68.70748299319727,,,,76.53,100.0,42.9,0.0,75.51,1.0,75.51,75.51
1054,Aymeric Laporte,ESP,Athletic Club,DF,32,191,8,8,727,8.1,0,1,1,0,0,0,1,0,5,2,40.0,0.62,0.25,0.0,0.0,3,14,,,,,,,,,,,,,0.0,0.123796423658872,0.3713892709766161,1.7331499312242091,,,,,,,31.63265306122449,84.01360544217688,,,,57.82,100.0,40.0,1.0,60.26,1.0,60.26,59.26
1055,Álex Baena,ESP,Atlético De Madrid,MF,24,172,7,7,481,5.3,1,1,2,1,0,0,1,0,12,5,41.7,2.25,0.94,0.08,0.2,5,2,,,,,,,,,,,,,0.1871101871101871,0.1871101871101871,0.9355509355509356,0.3742203742203742,,,,82.91814946619218,81.85053380782918,,51.60142348754449,35.231316725978644,,,,62.95,100.0,41.7,1.0,64.53,1.0,64.53,63.53
1056,Rodri,ESP,Manchester City FC,MF,29,190,8,8,724,8.0,0,0,0,0,0,0,0,0,7,0,0.0,0.87,0.0,0.0,,20,3,,,,,,,,,,,,,0.0,0.0,2.4861878453038675,0.3729281767955801,,,,40.5693950177936,40.2135231316726,,93.95017793594306,34.87544483985765,,,,52.42,100.0,0.0,0.0,51.94,1.0,51.94,51.94
1057,Nico Williams,ESP,Athletic Club,FW,23,181,6,0,113,1.3,0,1,1,0,0,0,0,0,4,2,50.0,3.19,1.59,0.0,0.0,1,1,,,,,,,,,,,,,0.0,0.7964601769911505,0.7964601769911505,0.7964601769911505,,,35.40856031128405,96.88715953307393,76.65369649805449,82.10116731517509,,,,,,68.37,50.11,50.0,0.0,64.7,0.5011,56.48,56.48
1058,Martín Zubimendi,ESP,Arsenal FC,MF,27,181,1,0,22,0.2,0,0,0,0,0,0,0,0,0,0,,0.0,0.0,,,0,1,,,,,,,,,,,,,0.0,0.0,0.0,4.090909090909091,,,,40.5693950177936,11.387900355871883,,12.98932384341637,98.04270462633453,,,,42.21,22.11,0.0,0.0,35.98,0.2211,45.65,45.65
1059,Lamine Yamal,ESP,FC Barcelona,FW,18,183,8,7,614,6.8,1,0,1,1,0,0,0,0,27,12,44.4,3.96,1.76,0.04,0.08,9,2,,,,,,,,,,,,,0.1465798045602606,0.0,1.3192182410423452,0.2931596091205212,,,70.8171206225681,38.715953307393,85.60311284046692,84.63035019455253,,,,,,68.51,100.0,44.4,0.0,69.25,1.0,69.25,69.25
1060,Pedri,ESP,FC Barcelona,MF,23,174,8,5,499,5.5,0,0,0,0,0,0,1,0,5,2,40.0,0.9,0.36,0.0,0.0,8,10,,,,,,,,,,,,,0.0,0.0,1.442885771543086,1.8036072144288573,,,,40.5693950177936,40.92526690391459,,74.02135231316726,84.69750889679716,,,,60.04,100.0,40.0,1.0,62.03,1.0,62.03,61.03
1061,Mikel Oyarzabal,ESP,Real Sociedad,FW,29,181,8,8,601,6.7,5,1,6,4,1,1,0,0,23,12,52.2,3.44,1.8,0.22,0.42,5,1,,,,,,,,,,,,,0.7487520798668885,0.1497504159733777,0.7487520798668885,0.1497504159733777,,,86.38132295719845,77.82101167315176,79.37743190661479,86.18677042801556,,,,,,82.8,100.0,52.2,0.0,81.46,1.0,81.46,81.46
1062,Pau Cubarsí,ESP,FC Barcelona,DF,19,183,8,8,750,8.3,0,0,0,0,0,0,1,0,4,2,50.0,0.48,0.24,0.0,0.0,4,4,,,,,,,,,,,,,0.0,0.0,0.48,0.48,,,,,,,36.224489795918366,28.2312925170068,,,,32.23,100.0,50.0,1.0,40.78,1.0,40.78,39.78
1063,Unai Simón,ESP,Athletic Club,GK,29,190,8,8,750,8.3,0,0,0,0,0,0,0,0,0,0,,0.0,0.0,,,0,0,1.0,0.12,11.0,9.0,90.9,7.0,87.5,0.0,0.0,0.0,0.0,,0.0,0.0,0.0,0.0,1.08,0.8400000000000001,,,,,,,100.0,14.285714285714285,98.21428571428572,73.84,100.0,87.5,0.0,77.82,1.0,77.82,77.82
1064,Marc Cucurella,ESP,Chelsea FC,DF,27,173,8,8,750,8.3,0,2,2,0,0,0,1,0,5,3,60.0,0.6,0.36,0.0,0.0,4,7,,,,,,,,,,,,,0.0,0.24,0.48,0.8400000000000001,,,,,,,36.224489795918366,44.89795918367347,,,,40.56,100.0,60.0,1.0,48.45,1.0,48.45,47.45
1066,Borja Iglesias,ESP,RC Celta Vigo,FW,33,187,1,0,1,0.0,0,0,0,0,0,0,0,0,0,0,,0.0,0.0,,,0,0,,,,,,,,,,,,,0.0,0.0,0.0,0.0,,,35.40856031128405,38.715953307393,11.478599221789883,23.151750972762645,,,,,,29.0,4.71,0.0,0.0,23.67,0.0471,47.07,47.07
1067,Jacob Widell Zetterström,SWE,Derby County FC,GK,27,197,2,2,180,2.0,0,0,0,0,0,0,0,0,0,0,,0.0,0.0,,,0,0,4.0,2.0,15.0,11.0,73.3,0.0,0.0,0.0,0.0,0.0,0.0,,0.0,0.0,0.0,0.0,5.5,0.0,,,,,,,76.41509433962264,96.42857142857144,26.785714285714285,70.01,63.25,0.0,0.0,62.33,0.6325,57.75,57.75
1068,Gustaf Lagerbielke,SWE,SC Braga,DF,26,193,4,4,360,4.0,0,0,0,0,0,0,0,0,3,1,33.3,0.75,0.25,0.0,0.0,5,5,,,,,,,,,,,,,0.0,0.0,1.25,1.25,,,,,,,72.95918367346938,67.51700680272108,,,,70.24,89.44,33.3,0.0,68.46,0.8944,66.34,66.34
1069,Victor Lindelöf,SWE,Aston Villa FC,DF,31,187,4,4,356,4.0,0,0,0,0,0,0,0,0,2,0,0.0,0.51,0.0,0.0,,1,4,,,,,,,,,,,,,0.0,0.0,0.2528089887640449,1.0112359550561798,,,,,,,26.190476190476197,56.63265306122449,,,,41.41,88.94,0.0,0.0,42.02,0.8894,42.72,42.72
1070,Isak Hien,SWE,Atalanta Bergamo,DF,27,191,3,3,216,2.4,0,0,0,0,0,0,1,0,0,0,,0.0,0.0,,,3,1,,,,,,,,,,,,,0.0,0.0,1.25,0.4166666666666666,,,,,,,72.95918367346938,26.53061224489796,,,,49.74,69.28,0.0,1.0,46.72,0.6928,47.22,46.22
1071,Gabriel Gudmundsson,SWE,Leeds United FC,DF,27,181,4,4,330,3.7,0,0,0,0,0,0,1,0,0,0,,0.0,0.0,,,3,5,,,,,,,,,,,,,0.0,0.0,0.8181818181818181,1.3636363636363638,,,,,,,51.53061224489795,73.29931972789116,,,,62.41,85.63,0.0,1.0,58.5,0.8563,57.04,56.04
1073,Lucas Bergvall,SWE,Tottenham Hotspur FC,MF,20,187,4,1,181,2.0,0,1,1,0,0,0,1,0,2,0,0.0,0.99,0.0,0.0,,2,2,,,,,,,,,,,,,0.0,0.4972375690607734,0.9944751381215468,0.9944751381215468,,,,93.95017793594306,44.48398576512456,,54.092526690391466,60.67615658362989,,,,65.77,63.42,0.0,1.0,58.96,0.6342,55.1,54.1
1074,Daniel Svensson,SWE,Borussia Dortmund,DF,24,183,3,1,98,1.1,0,0,0,0,0,0,0,0,1,0,0.0,0.92,0.0,0.0,,2,1,,,,,,,,,,,,,0.0,0.0,1.8367346938775508,0.9183673469387754,,,,,,,86.05442176870748,47.95918367346938,,,,67.01,46.67,0.0,0.0,58.27,0.4667,52.98,52.98
1075,Alexander Isak,SWE,Liverpool FC,FW,26,190,4,4,357,4.0,1,3,4,1,0,0,0,0,8,6,75.0,2.02,1.51,0.13,0.17,2,0,,,,,,,,,,,,,0.2521008403361344,0.7563025210084033,0.5042016806722689,0.0,,,74.70817120622569,95.71984435797664,55.6420233463035,80.54474708171206,,,,,,77.32,89.07,75.0,0.0,78.26,0.8907,74.98,74.98
1076,Benjamin Nygren,SWE,Celtic FC,MF,24,187,4,2,130,1.4,0,0,0,0,0,0,0,0,1,0,0.0,0.69,0.0,0.0,,0,0,,,,,,,,,,,,,0.0,0.0,0.0,0.0,,,,40.5693950177936,34.519572953736656,,12.98932384341637,14.23487544483986,,,,25.88,53.75,0.0,0.0,26.08,0.5375,36.4,36.4
1077,Anthony Elanga,SWE,Newcastle United FC,FW,24,178,4,2,217,2.4,2,0,2,2,0,0,0,0,3,3,100.0,1.24,1.24,0.67,0.67,0,2,,,,,,,,,,,,,0.8294930875576036,0.0,0.0,0.8294930875576036,,,90.27237354085604,38.715953307393,35.019455252918284,74.31906614785993,,,,,,63.14,69.44,100.0,0.0,67.46,0.6944,61.58,61.58
1079,Ken Sema,SWE,Pafos FC,MF,32,180,1,0,16,0.2,0,0,0,0,0,0,0,0,1,0,0.0,5.63,0.0,0.0,,1,0,,,,,,,,,,,,,0.0,0.0,5.625,0.0,,,,40.5693950177936,97.68683274021352,,99.11032028469752,14.23487544483986,,,,60.04,18.86,0.0,0.0,49.92,0.1886,48.69,48.69
1081,Carl Starfelt,SWE,RC Celta Vigo,DF,31,185,1,0,4,0.0,0,0,0,0,0,0,0,0,0,0,,0.0,0.0,,,0,0,,,,,,,,,,,,,0.0,0.0,0.0,0.0,,,,,,,11.73469387755102,10.034013605442176,,,,10.88,9.43,0.0,0.0,9.65,0.0943,44.7,44.7
1082,Jesper Karlström,SWE,Udinese,MF,30,182,2,2,138,1.5,0,0,0,0,0,0,0,0,1,0,0.0,0.65,0.0,0.0,,3,1,,,,,,,,,,,,,0.0,0.0,1.9565217391304348,0.6521739130434783,,,,40.5693950177936,32.028469750889684,,85.58718861209964,45.19572953736655,,,,51.27,55.38,0.0,0.0,46.56,0.5538,47.38,47.38
1083,Viktor Gyökeres,SWE,Arsenal FC,FW,28,189,4,4,360,4.0,1,2,3,1,0,0,1,0,12,6,50.0,3.0,1.5,0.08,0.17,1,0,,,,,,,,,,,,,0.25,0.5,0.25,0.0,,,73.92996108949417,91.43968871595332,72.76264591439688,80.1556420233463,,,,,,79.32,89.44,50.0,1.0,77.4,0.8944,74.32,73.32
1084,Yasin Ayari,SWE,Brighton & Hove Albion FC,MF,22,172,4,4,339,3.8,2,0,2,2,0,0,1,0,7,3,42.9,1.86,0.8,0.29,0.67,4,3,,,,,,,,,,,,,0.5309734513274336,0.0,1.0619469026548671,0.7964601769911505,,,,40.5693950177936,72.59786476868328,,58.00711743772242,53.38078291814946,,,,54.54,86.79,42.9,1.0,56.6,0.8679,55.52,54.52
1085,Mattias Svanberg,SWE,VfL Wolfsburg,MF,27,186,2,0,16,0.2,1,0,1,1,0,0,0,0,3,2,66.7,16.88,11.25,0.33,0.5,1,1,,,,,,,,,,,,,5.625,0.0,5.625,5.625,,,,40.5693950177936,99.288256227758,,99.11032028469752,99.288256227758,,,,81.63,18.86,66.7,0.0,73.86,0.1886,53.2,53.2
1087,Alexander Bernhardsson,SWE,Holstein Kiel,DF,27,184,3,3,217,2.4,0,0,0,0,0,0,0,0,1,1,100.0,0.41,0.41,0.0,0.0,2,2,,,,,,,,,,,,,0.0,0.0,0.8294930875576036,0.8294930875576036,,,,,,,53.06122448979592,44.21768707482993,,,,48.64,69.44,100.0,0.0,55.86,0.6944,53.56,53.56
1088,Besfort Zeneli,SWE,Royale Union Saint-Gilloise,MF,23,187,2,0,60,0.7,0,0,0,0,0,0,0,0,1,1,100.0,1.5,1.5,0.0,0.0,0,1,,,,,,,,,,,,,0.0,0.0,0.0,1.5,,,,40.5693950177936,63.52313167259786,,12.98932384341637,75.80071174377224,,,,47.07,36.51,100.0,0.0,51.31,0.3651,49.46,49.46
1089,Kristoffer Nordfeldt,SWE,AIK Stockholm,GK,36,190,2,2,180,2.0,0,0,0,0,0,0,0,0,0,0,,0.0,0.0,,,0,0,6.0,3.0,9.0,3.0,33.3,0.0,0.0,0.0,0.0,0.0,0.0,,0.0,0.0,0.0,0.0,1.5,0.0,,,,,,,9.433962264150944,23.214285714285715,26.785714285714285,17.91,63.25,0.0,0.0,20.65,0.6325,31.38,31.38
1090,Elliot Stroud,SWE,Mjällby AIF,DF,23,185,4,2,166,1.8,0,0,0,0,0,0,0,0,1,0,0.0,0.54,0.0,0.0,,0,3,,,,,,,,,,,,,0.0,0.0,0.0,1.6265060240963856,,,,,,,11.73469387755102,80.78231292517006,,,,46.26,60.74,0.0,0.0,43.08,0.6074,45.15,45.15
1091,Gustaf Nilsson,SWE,Club Brugge,FW,29,197,1,0,2,0.0,0,0,0,0,0,0,0,0,1,0,0.0,45.0,0.0,0.0,,0,0,,,,,,,,,,,,,0.0,0.0,0.0,0.0,,,35.40856031128405,38.715953307393,100.0,23.151750972762645,,,,,,46.7,6.67,0.0,0.0,38.03,0.0667,47.55,47.55
1092,Taha Ali,SWE,Malmö FF,FW,27,174,2,0,37,0.4,0,0,0,0,0,0,0,0,0,0,,0.0,0.0,,,0,0,,,,,,,,,,,,,0.0,0.0,0.0,0.0,,,35.40856031128405,38.715953307393,11.478599221789883,23.151750972762645,,,,,,29.0,28.67,0.0,0.0,26.07,0.2867,41.87,41.87
1093,Gregor Kobel,SUI,Borussia Dortmund,GK,28,196,6,6,600,6.7,0,0,0,0,0,0,0,0,0,0,,0.0,0.0,,,0,0,6.0,0.9,26.0,20.0,76.9,2.0,33.3,0.0,0.0,0.0,0.0,,0.0,0.0,0.0,0.0,3.0,0.3,,,,,,,83.01886792452831,64.28571428571429,66.07142857142857,73.16,100.0,33.3,0.0,71.86,1.0,71.86,71.86
1094,Miro Muheim,SUI,Hamburger SV,DF,28,182,3,0,87,1.0,0,0,0,0,0,0,1,0,0,0,,0.0,0.0,,,1,2,,,,,,,,,,,,,0.0,0.0,1.0344827586206895,2.0689655172413794,,,,,,,64.28571428571429,90.81632653061224,,,,77.55,43.97,0.0,1.0,66.44,0.4397,56.3,55.3
1095,Silvan Widmer,SUI,1. FSV Mainz 05,DF,33,183,5,1,175,1.9,0,0,0,0,0,0,0,0,0,0,,0.0,0.0,,,4,1,,,,,,,,,,,,,0.0,0.0,2.057142857142857,0.5142857142857142,,,,,,,92.17687074829932,31.97278911564626,,,,62.07,62.36,0.0,0.0,55.9,0.6236,53.05,53.05
1096,Nico Elvedi,SUI,Borussia Mönchengladbach,DF,29,189,6,6,600,6.7,0,0,0,0,0,0,1,0,3,0,0.0,0.45,0.0,0.0,,2,6,,,,,,,,,,,,,0.0,0.0,0.3,0.9,,,,,,,27.2108843537415,47.44897959183674,,,,37.33,100.0,0.0,1.0,39.86,1.0,39.86,38.86
1097,Manuel Akanji,SUI,FC Internazionale Milano,DF,30,188,6,6,600,6.7,0,0,0,0,0,0,0,0,1,1,100.0,0.15,0.15,0.0,0.0,9,6,,,,,,,,,,,,,0.0,0.0,1.35,0.9,,,,,,,76.19047619047619,47.44897959183674,,,,61.82,100.0,100.0,0.0,69.46,1.0,69.46,69.46
1098,Denis Zakaria,SUI,AS Monaco,MF,29,189,4,4,357,4.0,0,0,0,0,0,0,2,0,5,2,40.0,1.26,0.5,0.0,0.0,5,9,,,,,,,,,,,,,0.0,0.0,1.2605042016806722,2.26890756302521,,,,40.5693950177936,54.804270462633454,,65.12455516014235,92.17081850533808,,,,62.46,89.07,40.0,2.0,62.87,0.8907,61.29,59.29
1099,Breel Embolo,SUI,Stade Rennais FC,FW,29,184,6,6,501,5.6,2,2,4,1,1,1,2,1,10,5,50.0,1.8,0.9,0.2,0.4,0,2,,,,,,,,,,,,,0.3592814371257484,0.3592814371257484,0.0,0.3592814371257484,,,78.59922178988327,86.7704280155642,49.0272373540856,66.14785992217898,,,,,,72.24,100.0,50.0,6.0,72.79,1.0,72.79,66.79
1100,Remo Freuler,SUI,Bologna FC,MF,34,181,6,6,592,6.6,0,0,0,0,0,0,0,0,2,1,50.0,0.3,0.15,0.0,0.0,5,8,,,,,,,,,,,,,0.0,0.0,0.7601351351351352,1.2162162162162162,,,,40.5693950177936,24.19928825622776,,45.19572953736655,67.43772241992883,,,,45.17,100.0,50.0,0.0,51.14,1.0,51.14,51.14
1101,Johan Manzambi,SUI,SC Freiburg,MF,20,182,4,2,199,2.2,3,2,5,3,0,0,0,0,6,3,50.0,2.71,1.36,0.5,1.0,0,0,,,,,,,,,,,,,1.3567839195979898,0.9045226130653268,0.0,0.0,,,,98.22064056939502,87.54448398576513,,12.98932384341637,14.23487544483986,,,,53.78,66.5,50.0,0.0,54.67,0.665,52.57,52.57
1102,Granit Xhaka,SUI,Sunderland AFC,MF,33,183,6,6,600,6.7,1,0,1,0,1,1,2,0,9,2,22.2,1.35,0.3,0.11,0.5,4,4,,,,,,,,,,,,,0.15,0.0,0.6000000000000001,0.6000000000000001,,,,40.5693950177936,58.00711743772242,,38.07829181494662,43.77224199288256,,,,44.23,100.0,22.2,2.0,47.61,1.0,47.61,45.61
1103,Dan Ndoye,SUI,Nottingham Forest FC,FW,25,184,6,5,406,4.5,2,0,2,2,0,0,0,0,16,8,50.0,3.55,1.77,0.13,0.25,5,4,,,,,,,,,,,,,0.4433497536945813,0.0,1.1083743842364533,0.8866995073891626,,,80.1556420233463,38.715953307393,80.35019455252919,85.21400778210116,,,,,,70.85,94.99,50.0,0.0,71.18,0.9499,70.02,70.02
1105,Ricardo Rodríguez,SUI,Real Betis,DF,33,182,6,6,517,5.7,0,1,1,0,0,0,0,0,1,0,0.0,0.17,0.0,0.0,,7,4,,,,,,,,,,,,,0.0,0.1740812379110251,1.218568665377176,0.6963249516441006,,,,,,,72.10884353741497,41.156462585034014,,,,56.63,100.0,0.0,0.0,55.31,1.0,55.31,55.31
1106,Ardon Jashari,SUI,AC Milan,MF,23,181,3,1,72,0.8,0,0,0,0,0,0,0,0,2,0,0.0,2.5,0.0,0.0,,0,0,,,,,,,,,,,,,0.0,0.0,0.0,0.0,,,,40.5693950177936,85.05338078291815,,12.98932384341637,14.23487544483986,,,,35.99,40.0,0.0,0.0,32.79,0.4,42.15,42.15
1107,Djibril Sow,SUI,Sevilla FC,MF,29,183,4,2,253,2.8,0,0,0,0,0,0,0,0,2,1,50.0,0.71,0.36,0.0,0.0,1,2,,,,,,,,,,,,,0.0,0.0,0.3557312252964427,0.7114624505928854,,,,40.5693950177936,35.40925266903915,,28.825622775800717,49.11032028469751,,,,38.74,74.98,50.0,0.0,43.49,0.7498,44.72,44.72
1108,Christian Fassnacht,SUI,BSC Young Boys,FW,32,185,1,0,6,0.1,0,0,0,0,0,0,0,0,0,0,,0.0,0.0,,,1,0,,,,,,,,,,,,,0.0,0.0,15.0,0.0,,,35.40856031128405,38.715953307393,11.478599221789883,23.151750972762645,,,,,,29.0,11.55,0.0,0.0,24.35,0.1155,45.47,45.47
1109,Ruben Vargas,SUI,Sevilla FC,FW,27,179,6,3,284,3.2,2,1,3,2,0,0,0,0,6,4,66.7,1.9,1.27,0.33,0.5,2,2,,,,,,,,,,,,,0.6338028169014085,0.3169014084507042,0.6338028169014085,0.6338028169014085,,,84.04669260700389,85.60311284046692,52.14007782101168,75.87548638132296,,,,,,76.42,79.44,66.7,0.0,75.75,0.7944,70.09,70.09
1111,Noah Okafor,SUI,Leeds United FC,FW,26,185,1,0,20,0.2,0,0,0,0,0,0,0,0,1,0,0.0,4.5,0.0,0.0,,1,0,,,,,,,,,,,,,0.0,0.0,4.5,0.0,,,35.40856031128405,38.715953307393,90.07782101167317,23.151750972762645,,,,,,44.72,21.08,0.0,0.0,37.88,0.2108,46.05,46.05
1112,Michel Aebischer,SUI,Pisa SC,MF,29,183,4,2,156,1.7,0,0,0,0,0,0,0,0,2,1,50.0,1.15,0.58,0.0,0.0,1,0,,,,,,,,,,,,,0.0,0.0,0.5769230769230769,0.0,,,,40.5693950177936,50.88967971530249,,37.36654804270463,14.23487544483986,,,,35.25,58.88,50.0,0.0,39.09,0.5888,42.92,42.92
1114,Fabian Rieder,SUI,FC Augsburg,MF,24,181,5,3,302,3.4,0,0,0,0,0,0,0,0,7,2,28.6,2.09,0.6,0.0,0.0,3,1,,,,,,,,,,,,,0.0,0.0,0.8940397350993378,0.2980132450331126,,,,40.5693950177936,79.1814946619217,,49.8220640569395,32.028469750889684,,,,48.47,81.92,28.6,0.0,49.83,0.8192,49.57,49.57
1115,Zeki Amdouni,SUI,Burnley FC,FW,25,183,4,0,73,0.8,0,0,0,0,0,0,0,0,1,0,0.0,1.23,0.0,0.0,,1,0,,,,,,,,,,,,,0.0,0.0,1.2328767123287672,0.0,,,35.40856031128405,38.715953307393,34.63035019455253,23.151750972762645,,,,,,33.63,40.28,0.0,0.0,30.93,0.4028,41.26,41.26
1117,Luca Jaquez,SUI,VfB Stuttgart,DF,23,187,2,1,78,0.9,0,0,0,0,0,0,0,0,0,0,,0.0,0.0,,,0,1,,,,,,,,,,,,,0.0,0.0,0.0,1.1538461538461535,,,,,,,11.73469387755102,64.1156462585034,,,,37.93,41.63,0.0,0.0,34.5,0.4163,42.58,42.58
1118,Cedric Itten,SUI,Fortuna Düsseldorf,FW,29,190,3,0,42,0.5,0,0,0,0,0,0,0,0,0,0,,0.0,0.0,,,0,0,,,,,,,,,,,,,0.0,0.0,0.0,0.0,,,35.40856031128405,38.715953307393,11.478599221789883,23.151750972762645,,,,,,29.0,30.55,0.0,0.0,26.25,0.3055,41.52,41.52
1119,Mouhib Chamakh,TUN,Club Africain,GK,24,189,1,1,90,1.0,0,0,0,0,0,0,0,0,0,0,,0.0,0.0,,,0,0,5.0,5.0,6.0,1.0,16.7,0.0,0.0,0.0,0.0,0.0,0.0,,0.0,0.0,0.0,0.0,1.0,0.0,,,,,,,5.660377358490567,11.607142857142858,26.785714285714285,12.73,44.72,0.0,0.0,14.65,0.4472,34.11,34.11
1120,Ali Abdi,TUN,OGC Nice,DF,32,177,3,3,269,3.0,0,0,0,0,0,0,0,0,1,0,0.0,0.33,0.0,0.0,,8,4,,,,,,,,,,,,,0.0,0.0,2.6765799256505574,1.338289962825279,,,,,,,94.89795918367348,72.44897959183673,,,,83.67,77.32,0.0,0.0,74.67,0.7732,68.7,68.7
1121,Montassar Talbi,TUN,FC Lorient,DF,28,190,3,3,270,3.0,0,0,0,0,0,0,0,0,1,0,0.0,0.33,0.0,0.0,,2,5,,,,,,,,,,,,,0.0,0.0,0.6666666666666667,1.6666666666666663,,,,,,,45.06802721088435,82.31292517006803,,,,63.69,77.46,0.0,0.0,58.7,0.7746,56.36,56.36
1122,Omar Rekik,TUN,NK Maribor,DF,24,188,2,2,180,2.0,1,0,1,1,0,0,0,0,1,1,100.0,0.5,0.5,1.0,1.0,2,3,,,,,,,,,,,,,0.5,0.0,1.0,1.5,,,,,,,58.67346938775511,77.04081632653062,,,,67.86,63.25,100.0,0.0,70.61,0.6325,62.43,62.43
1124,Dylan Bronn,TUN,Servette FC,DF,30,186,1,1,45,0.5,0,0,0,0,0,0,0,0,0,0,,0.0,0.0,,,0,1,,,,,,,,,,,,,0.0,0.0,0.0,2.0,,,,,,,11.73469387755102,88.60544217687075,,,,50.17,31.62,0.0,0.0,43.3,0.3162,46.75,46.75
1125,Elias Achouri,TUN,FC København,FW,27,187,3,0,43,0.5,0,0,0,0,0,0,0,0,3,1,33.3,6.28,2.09,0.0,0.0,2,0,,,,,,,,,,,,,0.0,0.0,4.186046511627907,0.0,,,35.40856031128405,38.715953307393,96.49805447470816,91.63424124513618,,,,,,59.7,30.91,33.3,0.0,54.18,0.3091,50.07,50.07
1126,Elias Saad,TUN,Hannover 96,FW,26,185,2,2,116,1.3,0,0,0,0,0,0,0,0,1,0,0.0,0.78,0.0,0.0,,1,0,,,,,,,,,,,,,0.0,0.0,0.7758620689655172,0.0,,,35.40856031128405,38.715953307393,29.18287937743191,23.151750972762645,,,,,,32.54,50.77,0.0,0.0,31.11,0.5077,39.54,39.54
1127,Hazem Mastouri,TUN,FC Dynamo Makhachkala,FW,28,191,1,1,89,1.0,1,0,1,1,0,0,0,0,3,2,66.7,3.03,2.02,0.33,0.5,0,1,,,,,,,,,,,,,1.0112359550561798,0.0,0.0,1.0112359550561798,,,94.55252918287935,38.715953307393,73.92996108949417,90.85603112840468,,,,,,75.73,44.47,66.7,0.0,71.7,0.4447,58.67,58.67
1128,Hannibal Mejbri,TUN,Burnley FC,MF,23,177,3,3,270,3.0,0,2,2,0,0,0,0,0,3,1,33.3,1.0,0.33,0.0,0.0,4,1,,,,,,,,,,,,,0.0,0.6666666666666667,1.3333333333333337,0.3333333333333333,,,,96.79715302491104,45.55160142348754,,68.50533807829181,33.27402135231316,,,,63.59,77.46,33.3,0.0,61.95,0.7746,58.9,58.9
1129,Ismaël Gharbi,TUN,FC Augsburg,MF,22,180,3,1,127,1.4,0,0,0,0,0,0,0,0,3,0,0.0,2.13,0.0,0.0,,1,1,,,,,,,,,,,,,0.0,0.0,0.7086614173228346,0.7086614173228346,,,,40.5693950177936,80.2491103202847,,42.52669039145908,48.754448398576514,,,,51.04,53.12,0.0,0.0,46.15,0.5312,47.2,47.2
1130,Mortadha Ben Ouanes,TUN,Kasımpaşa SK,DF,31,188,1,0,23,0.3,0,0,0,0,0,0,0,0,0,0,,0.0,0.0,,,0,0,,,,,,,,,,,,,0.0,0.0,0.0,0.0,,,,,,,11.73469387755102,10.034013605442176,,,,10.88,22.61,0.0,0.0,10.97,0.2261,39.9,39.9
1131,Rani Khedira,TUN,1. FC Union Berlin,MF,32,188,3,2,149,1.7,0,0,0,0,0,0,1,0,1,0,0.0,0.6,0.0,0.0,,1,2,,,,,,,,,,,,,0.0,0.0,0.6040268456375839,1.2080536912751678,,,,40.5693950177936,31.316725978647685,,38.43416370106761,66.90391459074732,,,,44.77,57.54,0.0,1.0,41.57,0.5754,44.47,43.47
1134,Aymen Dahmen,TUN,CS Sfaxien,GK,29,188,2,2,180,2.0,0,0,0,0,0,0,0,0,0,0,,0.0,0.0,,,0,0,7.0,3.5,12.0,5.0,41.7,0.0,0.0,0.0,0.0,0.0,0.0,,0.0,0.0,0.0,0.0,2.5,0.0,,,,,,,13.20754716981132,50.0,26.785714285714285,27.64,63.25,0.0,0.0,28.44,0.6325,36.31,36.31
1135,Ellyes Skhiri,TUN,Eintracht Frankfurt,MF,31,185,3,3,250,2.8,0,0,0,0,0,0,0,0,0,0,,0.0,0.0,,,1,2,,,,,,,,,,,,,0.0,0.0,0.36,0.72,,,,40.5693950177936,11.387900355871883,,29.181494661921707,49.46619217081851,,,,34.11,74.54,0.0,0.0,34.74,0.7454,38.22,38.22
1137,Firas Chaouat,TUN,Club Africain,FW,30,185,3,0,49,0.5,0,0,0,0,0,0,0,0,0,0,,0.0,0.0,,,0,0,,,,,,,,,,,,,0.0,0.0,0.0,0.0,,,35.40856031128405,38.715953307393,11.478599221789883,23.151750972762645,,,,,,29.0,33.0,0.0,0.0,26.5,0.33,41.06,41.06
1138,Yan Valery,TUN,BSC Young Boys,DF,27,181,3,3,251,2.8,0,0,0,0,0,0,0,0,0,0,,0.0,0.0,,,1,4,,,,,,,,,,,,,0.0,0.0,0.3585657370517928,1.4342629482071714,,,,,,,31.29251700680272,75.17006802721087,,,,53.23,74.68,0.0,0.0,50.05,0.7468,49.62,49.62
1144,Sebastian Tounekti,TUN,Celtic FC,MF,23,182,3,1,84,0.9,0,0,0,0,0,0,0,0,0,0,,0.0,0.0,,,0,0,,,,,,,,,,,,,0.0,0.0,0.0,0.0,,,,40.5693950177936,11.387900355871883,,12.98932384341637,14.23487544483986,,,,21.25,43.2,0.0,0.0,21.32,0.432,36.7,36.7
1146,Zeki Çelik,TUR,AS Roma,DF,29,180,2,2,163,1.8,0,0,0,0,0,0,0,0,1,1,100.0,0.55,0.55,0.0,0.0,3,1,,,,,,,,,,,,,0.0,0.0,1.6564417177914113,0.5521472392638037,,,,,,,81.97278911564626,32.82312925170068,,,,57.4,60.18,100.0,0.0,61.94,0.6018,56.53,56.53
1147,Merih Demiral,TUR,Al Ahli FC,DF,28,190,2,2,180,2.0,0,0,0,0,0,0,0,0,6,2,33.3,3.0,1.0,0.0,0.0,1,1,,,,,,,,,,,,,0.0,0.0,0.5,0.5,,,,,,,38.775510204081634,30.10204081632653,,,,34.44,63.25,33.3,0.0,37.21,0.6325,41.3,41.3
1148,Çağlar Söyüncü,TUR,Fenerbahçe SK,DF,30,185,1,0,7,0.1,0,0,0,0,0,0,0,0,0,0,,0.0,0.0,,,0,0,,,,,,,,,,,,,0.0,0.0,0.0,0.0,,,,,,,11.73469387755102,10.034013605442176,,,,10.88,12.47,0.0,0.0,9.95,0.1247,43.56,43.56
1149,Salih Özcan,TUR,Borussia Dortmund,MF,28,182,2,1,100,1.1,0,0,0,0,0,0,0,0,0,0,,0.0,0.0,,,1,4,,,,,,,,,,,,,0.0,0.0,0.9,3.6,,,,40.5693950177936,11.387900355871883,,50.1779359430605,96.97508896797152,,,,51.24,47.14,0.0,0.0,45.7,0.4714,47.13,47.13
1150,Orkun Kökçü,TUR,Beşiktaş JK,MF,25,175,3,2,153,1.7,0,1,1,0,0,0,0,0,3,0,0.0,1.76,0.0,0.0,,1,0,,,,,,,,,,,,,0.0,0.5882352941176471,0.5882352941176471,0.0,,,,96.08540925266904,70.8185053380783,,37.72241992882562,14.23487544483986,,,,55.98,58.31,0.0,0.0,50.61,0.5831,49.69,49.69
1151,Kerem Aktürkoğlu,TUR,Fenerbahçe SK,FW,27,172,2,2,129,1.4,0,0,0,0,0,0,0,0,3,1,33.3,2.09,0.7,0.0,0.0,1,0,,,,,,,,,,,,,0.0,0.0,0.6976744186046512,0.0,,,35.40856031128405,38.715953307393,57.39299610894941,59.53307392996109,,,,,,45.46,53.54,33.3,0.0,45.05,0.5354,46.53,46.53
1152,Arda Güler,TUR,Real Madrid C. F.,FW,21,175,3,3,270,3.0,1,0,1,1,0,0,0,0,12,4,33.3,4.0,1.33,0.08,0.25,3,2,,,,,,,,,,,,,0.3333333333333333,0.0,1.0,0.6666666666666667,,,76.26459143968872,38.715953307393,86.18677042801556,77.04280155642024,,,,,,69.02,77.46,33.3,0.0,66.29,0.7746,62.22,62.22
1153,Deniz Gül,TUR,FC Porto,FW,21,192,2,0,37,0.4,0,0,0,0,0,0,0,0,2,1,50.0,4.86,2.43,0.0,0.0,0,0,,,,,,,,,,,,,0.0,0.0,0.0,0.0,,,35.40856031128405,38.715953307393,92.60700389105058,94.94163424124513,,,,,,59.58,28.67,50.0,0.0,55.53,0.2867,50.32,50.32
1154,Hakan Çalhanoğlu,TUR,FC Internazionale Milano,MF,32,178,2,2,180,2.0,0,0,0,0,0,0,0,0,11,2,18.2,5.5,1.0,0.0,0.0,3,1,,,,,,,,,,,,,0.0,0.0,1.5,0.5,,,,40.5693950177936,97.15302491103202,,75.80071174377224,40.5693950177936,,,,60.69,63.25,18.2,0.0,56.7,0.6325,53.65,53.65
1159,Ozan Kabak,TUR,TSG Hoffenheim,DF,26,187,1,1,90,1.0,0,0,0,0,0,0,0,0,0,0,,0.0,0.0,,,2,0,,,,,,,,,,,,,0.0,0.0,2.0,0.0,,,,,,,89.28571428571429,10.034013605442176,,,,49.66,44.72,0.0,0.0,44.2,0.4472,46.49,46.49
1160,İsmail Yüksek,TUR,Fenerbahçe SK,MF,27,183,2,2,139,1.5,0,0,0,0,0,0,0,0,5,0,0.0,3.24,0.0,0.0,,5,2,,,,,,,,,,,,,0.0,0.0,3.237410071942446,1.2949640287769786,,,,40.5693950177936,91.81494661921708,,97.15302491103202,70.1067615658363,,,,72.35,55.58,0.0,0.0,63.44,0.5558,56.76,56.76
1162,Mert Müldür,TUR,Fenerbahçe SK,DF,27,184,3,1,101,1.1,0,0,0,0,0,0,0,0,3,0,0.0,2.67,0.0,0.0,,2,1,,,,,,,,,,,,,0.0,0.0,1.7821782178217822,0.8910891089108911,,,,,,,85.03401360544217,46.93877551020408,,,,65.99,47.38,0.0,0.0,57.53,0.4738,52.7,52.7
1163,Yunus Akgün,TUR,Galatasaray SK,FW,25,173,2,1,88,1.0,0,0,0,0,0,0,1,0,0,0,,0.0,0.0,,,0,0,,,,,,,,,,,,,0.0,0.0,0.0,0.0,,,35.40856031128405,38.715953307393,11.478599221789883,23.151750972762645,,,,,,29.0,44.22,0.0,1.0,27.62,0.4422,39.12,38.12
1164,Ferdi Kadioglu,TUR,Brighton & Hove Albion FC,DF,26,174,2,2,159,1.8,0,0,0,0,0,0,0,0,1,0,0.0,0.57,0.0,0.0,,2,1,,,,,,,,,,,,,0.0,0.0,1.1320754716981132,0.5660377358490566,,,,,,,68.36734693877551,34.01360544217687,,,,51.19,59.44,0.0,0.0,46.9,0.5944,47.48,47.48
1166,Kaan Ayhan,TUR,Galatasaray SK,MF,31,185,1,0,3,0.0,1,0,1,1,0,0,0,0,1,1,100.0,30.0,30.0,1.0,1.0,0,0,,,,,,,,,,,,,30.0,0.0,0.0,0.0,,,,40.5693950177936,100.0,,12.98932384341637,14.23487544483986,,,,38.98,8.16,100.0,0.0,42.0,0.0816,47.88,47.88
1170,Can Uzun,TUR,Eintracht Frankfurt,FW,20,186,2,0,38,0.4,0,1,1,0,0,0,0,0,4,1,25.0,9.47,2.37,0.0,0.0,0,0,,,,,,,,,,,,,0.0,2.3684210526315788,0.0,0.0,,,35.40856031128405,99.61089494163424,98.44357976653696,94.1634241245136,,,,,,75.82,29.06,25.0,0.0,66.06,0.2906,53.41,53.41
1171,Sergio Rochet,URU,SC Internacional,GK,33,189,1,0,45,0.5,0,0,0,0,0,0,0,0,0,0,,0.0,0.0,,,0,0,0.0,0.0,0.0,0.0,,0.0,,0.0,0.0,0.0,0.0,,0.0,0.0,0.0,0.0,0.0,0.0,,,,,,,,5.357142857142857,26.785714285714285,15.1,31.62,0.0,0.0,15.24,0.3162,38.91,38.91
1173,Sebastián Cáceres,URU,Club América,DF,26,180,3,3,270,3.0,0,0,0,0,0,0,0,0,3,0,0.0,1.0,0.0,0.0,,1,2,,,,,,,,,,,,,0.0,0.0,0.3333333333333333,0.6666666666666667,,,,,,,29.25170068027211,38.265306122448976,,,,33.76,77.46,0.0,0.0,34.75,0.7746,37.82,37.82
1175,Manuel Ugarte,URU,Manchester United FC,MF,25,182,3,3,184,2.0,0,0,0,0,0,0,0,0,3,1,33.3,1.47,0.49,0.0,0.0,1,3,,,,,,,,,,,,,0.0,0.0,0.4891304347826087,1.467391304347826,,,,40.5693950177936,62.09964412811389,,33.096085409252666,74.73309608540926,,,,51.55,63.94,33.3,0.0,50.96,0.6394,50.04,50.04
1176,Rodrigo Bentancur,URU,Tottenham Hotspur FC,MF,28,187,3,3,270,3.0,0,0,0,0,0,0,1,0,4,0,0.0,1.33,0.0,0.0,,5,7,,,,,,,,,,,,,0.0,0.0,1.6666666666666663,2.333333333333333,,,,40.5693950177936,57.47330960854092,,79.8932384341637,93.23843416370109,,,,66.95,77.46,0.0,1.0,61.3,0.7746,58.4,57.4
1177,Nicolás De La Cruz,URU,CR Flamengo,MF,29,167,3,0,86,1.0,0,0,0,0,0,0,1,0,4,2,50.0,4.19,2.09,0.0,0.0,1,2,,,,,,,,,,,,,0.0,0.0,1.0465116279069768,2.0930232558139537,,,,40.5693950177936,94.30604982206404,,57.65124555160143,90.74733096085409,,,,68.13,43.72,50.0,1.0,63.88,0.4372,55.16,54.16
1178,Federico Valverde,URU,Real Madrid C. F.,MF,27,182,3,3,236,2.6,0,0,0,0,0,0,0,0,10,2,20.0,3.81,0.76,0.0,0.0,2,3,,,,,,,,,,,,,0.0,0.0,0.7627118644067796,1.1440677966101696,,,,40.5693950177936,93.59430604982208,,45.72953736654805,65.48042704626334,,,,58.69,72.42,20.0,0.0,56.2,0.7242,54.04,54.04
1179,Darwin Núñez,URU,Al Hilal SC,FW,26,185,3,2,156,1.7,0,0,0,0,0,0,0,0,2,0,0.0,1.15,0.0,0.0,,1,2,,,,,,,,,,,,,0.0,0.0,0.5769230769230769,1.1538461538461535,,,35.40856031128405,38.715953307393,33.07392996108949,23.151750972762645,,,,,,33.32,58.88,0.0,0.0,32.54,0.5888,38.99,38.99
1183,Guillermo Varela,URU,CR Flamengo,DF,33,174,3,3,270,3.0,0,0,0,0,0,0,1,0,2,0,0.0,0.67,0.0,0.0,,1,7,,,,,,,,,,,,,0.0,0.0,0.3333333333333333,2.333333333333333,,,,,,,29.25170068027211,93.70748299319727,,,,61.48,77.46,0.0,1.0,56.93,0.7746,54.99,53.99
1184,Agustín Canobbio,URU,Fluminense FC,MF,27,176,3,2,224,2.5,1,0,1,1,0,0,0,1,4,1,25.0,1.61,0.4,0.25,1.0,3,2,,,,,,,,,,,,,0.4017857142857142,0.0,1.2053571428571428,0.8035714285714285,,,,40.5693950177936,66.01423487544484,,63.70106761565836,54.27046263345196,,,,54.87,70.55,25.0,4.0,53.45,0.7055,51.96,47.96
1186,Mathías Olivera,URU,SSC Napoli,DF,28,174,3,3,270,3.0,0,0,0,0,0,0,1,0,1,0,0.0,0.33,0.0,0.0,,4,2,,,,,,,,,,,,,0.0,0.0,1.3333333333333337,0.6666666666666667,,,,,,,75.51020408163265,38.265306122448976,,,,56.89,77.46,0.0,1.0,53.26,0.7746,52.15,51.15
1187,Matías Viña,URU,CA River Plate,DF,28,180,1,1,45,0.5,0,0,0,0,0,0,0,0,0,0,,0.0,0.0,,,0,0,,,,,,,,,,,,,0.0,0.0,0.0,0.0,,,,,,,11.73469387755102,10.034013605442176,,,,10.88,31.62,0.0,0.0,11.87,0.3162,36.81,36.81
1188,Brian Rodríguez,URU,Club América,FW,26,175,3,0,41,0.5,0,0,0,0,0,0,0,0,3,1,33.3,6.59,2.2,0.0,0.0,0,0,,,,,,,,,,,,,0.0,0.0,0.0,0.0,,,35.40856031128405,38.715953307393,97.66536964980544,92.99610894941634,,,,,,60.2,30.18,33.3,0.0,54.51,0.3018,50.13,50.13
1189,Rodrigo Aguirre,URU,Tigres UANL,FW,31,182,1,0,1,0.0,0,0,0,0,0,0,0,0,0,0,,0.0,0.0,,,0,0,,,,,,,,,,,,,0.0,0.0,0.0,0.0,,,35.40856031128405,38.715953307393,11.478599221789883,23.151750972762645,,,,,,29.0,4.71,0.0,0.0,23.67,0.0471,47.07,47.07
1190,Maxi Araújo,URU,Sporting CP,MF,26,176,3,3,250,2.8,2,1,3,2,0,0,0,0,4,3,75.0,1.44,1.08,0.5,0.67,0,0,,,,,,,,,,,,,0.72,0.36,0.0,0.0,,,,90.0355871886121,61.03202846975088,,12.98932384341637,14.23487544483986,,,,46.02,74.54,75.0,0.0,51.77,0.7454,50.91,50.91
1191,Federico Viñas,URU,Real Oviedo,FW,27,181,3,2,192,2.1,0,0,0,0,0,0,0,0,6,3,50.0,2.81,1.41,0.0,0.0,2,1,,,,,,,,,,,,,0.0,0.0,0.9375,0.46875,,,35.40856031128405,38.715953307393,70.42801556420234,78.21011673151752,,,,,,51.8,65.32,50.0,0.0,52.97,0.6532,51.33,51.33
1193,Fernando Muslera,URU,Estudiantes LP,GK,39,190,3,3,225,2.5,0,0,0,0,0,0,0,0,0,0,,0.0,0.0,,,0,0,4.0,1.6,8.0,4.0,50.0,0.0,0.0,0.0,0.0,0.0,0.0,,0.0,0.0,0.0,0.0,1.6,0.0,,,,,,,22.641509433962263,28.57142857142857,26.785714285714285,25.46,70.71,0.0,0.0,27.44,0.7071,34.0,34.0
1197,Matt Turner,USA,New England Revolution,GK,31,190,1,1,90,1.0,0,0,0,0,0,0,0,0,0,0,,0.0,0.0,,,0,0,3.0,3.0,3.0,0.0,0.0,0.0,0.0,0.0,0.0,0.0,0.0,,0.0,0.0,0.0,0.0,0.0,0.0,,,,,,,2.8301886792452837,5.357142857142857,26.785714285714285,9.58,44.72,0.0,0.0,12.13,0.4472,32.98,32.98
1198,Sergiño Dest,USA,PSV Eindhoven,DF,25,173,5,4,297,3.3,0,0,0,0,0,0,0,0,3,1,33.3,0.91,0.3,0.0,0.0,1,5,,,,,,,,,,,,,0.0,0.0,0.303030303030303,1.5151515151515151,,,,,,,27.55102040816326,78.2312925170068,,,,52.89,81.24,33.3,0.0,53.77,0.8124,52.75,52.75
1199,Chris Richards,USA,Crystal Palace FC,DF,26,189,4,4,360,4.0,0,0,0,0,0,0,1,0,1,0,0.0,0.25,0.0,0.0,,3,4,,,,,,,,,,,,,0.0,0.0,0.75,1.0,,,,,,,49.82993197278912,53.91156462585034,,,,51.87,89.44,0.0,1.0,50.44,0.8944,50.22,49.22
1200,Tyler Adams,USA,AFC Bournemouth,MF,27,175,4,4,341,3.8,0,0,0,0,0,0,1,0,0,0,,0.0,0.0,,,5,8,,,,,,,,,,,,,0.0,0.0,1.3196480938416424,2.1114369501466275,,,,40.5693950177936,11.387900355871883,,67.43772241992883,91.10320284697508,,,,54.08,87.05,0.0,1.0,51.97,0.8705,51.51,50.51
1201,Antonee Robinson,USA,Fulham FC,DF,28,183,4,4,348,3.9,0,0,0,0,0,0,1,0,0,0,,0.0,0.0,,,4,6,,,,,,,,,,,,,0.0,0.0,1.0344827586206895,1.5517241379310345,,,,,,,64.28571428571429,78.91156462585033,,,,71.6,87.94,0.0,1.0,66.07,0.8794,63.93,62.93
1202,Auston Trusty,USA,Celtic FC,DF,27,190,2,1,101,1.1,1,0,1,1,0,0,0,0,3,2,66.7,2.67,1.78,0.33,0.5,1,4,,,,,,,,,,,,,0.8910891089108911,0.0,0.8910891089108911,3.5643564356435644,,,,,,,54.761904761904766,97.61904761904762,,,,76.19,47.38,66.7,0.0,72.36,0.4738,59.72,59.72
1204,Weston McKennie,USA,Juventus FC,MF,27,180,5,5,443,4.9,0,0,0,0,0,0,1,0,5,1,20.0,1.02,0.2,0.0,0.0,7,7,,,,,,,,,,,,,0.0,0.0,1.4221218961625284,1.4221218961625284,,,,40.5693950177936,47.33096085409253,,71.53024911032028,72.95373665480427,,,,57.76,99.22,20.0,1.0,58.13,0.9922,58.05,57.05
1205,Ricardo Pepi,USA,PSV Eindhoven,FW,23,185,5,2,204,2.3,0,0,0,0,0,0,0,0,5,0,0.0,2.21,0.0,0.0,,1,1,,,,,,,,,,,,,0.0,0.0,0.4411764705882353,0.4411764705882353,,,35.40856031128405,38.715953307393,59.53307392996109,23.151750972762645,,,,,,38.61,67.33,0.0,0.0,37.62,0.6733,41.09,41.09
1206,Christian Pulisic,USA,AC Milan,FW,27,177,4,3,223,2.5,0,1,1,0,0,0,0,0,4,2,50.0,1.61,0.81,0.0,0.0,1,0,,,,,,,,,,,,,0.0,0.4035874439461883,0.4035874439461883,0.0,,,35.40856031128405,88.91050583657587,43.3852140077821,63.81322957198443,,,,,,56.06,70.4,50.0,0.0,56.89,0.704,54.32,54.32
1207,Brenden Aaronson,USA,Leeds United FC,FW,25,177,1,1,76,0.8,0,0,0,0,0,0,0,0,3,1,33.3,3.55,1.18,0.0,0.0,1,0,,,,,,,,,,,,,0.0,0.0,1.1842105263157894,0.0,,,35.40856031128405,38.715953307393,80.35019455252919,73.34630350194551,,,,,,52.81,41.1,33.3,0.0,49.69,0.411,48.83,48.83
1208,Miles Robinson,USA,FC Cincinnatti,DF,29,187,1,1,90,1.0,0,0,0,0,0,0,0,0,1,0,0.0,1.0,0.0,0.0,,1,1,,,,,,,,,,,,,0.0,0.0,1.0,1.0,,,,,,,58.67346938775511,53.91156462585034,,,,56.29,44.72,0.0,0.0,49.51,0.4472,48.86,48.86
1209,Tim Ream,USA,Charlotte FC,DF,38,186,4,4,360,4.0,0,0,0,0,0,0,0,0,0,0,,0.0,0.0,,,1,6,,,,,,,,,,,,,0.0,0.0,0.25,1.5,,,,,,,25.68027210884354,77.04081632653062,,,,51.36,89.44,0.0,0.0,50.03,0.8944,49.85,49.85
1210,Sebastian Berhalter,USA,Vancouver Whitecaps FC,MF,25,175,5,1,187,2.1,1,1,2,1,0,0,1,0,3,1,33.3,1.44,0.48,0.33,1.0,0,3,,,,,,,,,,,,,0.481283422459893,0.481283422459893,0.0,1.4438502673796794,,,,93.59430604982208,61.03202846975088,,12.98932384341637,74.37722419928826,,,,62.13,64.46,33.3,1.0,59.48,0.6446,55.54,54.54
1212,Alex Freeman,USA,Villarreal CF,DF,21,188,5,4,374,4.2,1,1,2,1,0,0,0,0,4,1,25.0,0.96,0.24,0.25,1.0,6,7,,,,,,,,,,,,,0.2406417112299465,0.2406417112299465,1.4438502673796794,1.6844919786096255,,,,,,,77.89115646258503,82.99319727891157,,,,80.44,91.17,25.0,0.0,75.97,0.9117,73.53,73.53
1213,Malik Tillman,USA,Bayer 04 Leverkusen,MF,24,187,5,4,356,4.0,2,1,3,2,0,0,1,0,8,4,50.0,2.02,1.01,0.25,0.5,7,5,,,,,,,,,,,,,0.5056179775280899,0.2528089887640449,1.7696629213483146,1.2640449438202246,,,,85.05338078291815,77.22419928825623,,82.20640569395017,68.68327402135232,,,,78.68,88.94,50.0,1.0,76.84,0.8894,73.7,72.7
1214,Max Arfsten,USA,Columbus Crew,DF,25,185,1,0,1,0.0,0,0,0,0,0,0,0,0,0,0,,0.0,0.0,,,0,0,,,,,,,,,,,,,0.0,0.0,0.0,0.0,,,,,,,11.73469387755102,10.034013605442176,,,,10.88,4.71,0.0,0.0,9.18,0.0471,46.5,46.5
1215,Haji Wright,USA,Coventry City FC,FW,28,191,2,0,2,0.0,0,0,0,0,0,0,0,0,0,0,,0.0,0.0,,,0,0,,,,,,,,,,,,,0.0,0.0,0.0,0.0,,,35.40856031128405,38.715953307393,11.478599221789883,23.151750972762645,,,,,,29.0,6.67,0.0,0.0,23.87,0.0667,46.6,46.6
1216,Folarin Balogun,USA,AS Monaco,FW,24,179,4,4,312,3.5,3,0,3,3,0,0,1,1,14,5,35.7,4.04,1.44,0.21,0.6,0,1,,,,,,,,,,,,,0.8653846153846154,0.0,0.0,0.2884615384615384,,,91.05058365758757,38.715953307393,87.15953307392996,78.59922178988327,,,,,,74.7,83.27,35.7,5.0,71.66,0.8327,67.74,62.74
1217,Timothy Weah,USA,Olympique Marseille,FW,26,183,2,1,76,0.8,0,0,0,0,0,0,0,0,2,0,0.0,2.37,0.0,0.0,,0,0,,,,,,,,,,,,,0.0,0.0,0.0,0.0,,,35.40856031128405,38.715953307393,63.81322957198443,23.151750972762645,,,,,,39.46,41.1,0.0,0.0,35.68,0.411,43.07,43.07
1218,Mark McKenzie,USA,Toulouse FC,DF,27,186,1,1,90,1.0,0,0,0,0,0,0,0,0,0,0,,0.0,0.0,,,1,1,,,,,,,,,,,,,0.0,0.0,1.0,1.0,,,,,,,58.67346938775511,53.91156462585034,,,,56.29,44.72,0.0,0.0,49.51,0.4472,48.86,48.86
1219,Joe Scally,USA,Borussia Mönchengladbach,DF,23,184,2,1,87,1.0,0,0,0,0,0,0,0,0,0,0,,0.0,0.0,,,1,1,,,,,,,,,,,,,0.0,0.0,1.0344827586206895,1.0344827586206895,,,,,,,64.28571428571429,57.6530612244898,,,,60.97,43.97,0.0,0.0,53.17,0.4397,50.47,50.47
1220,Matt Freese,USA,New York City FC,GK,27,198,4,4,360,4.0,0,0,0,0,0,0,0,0,0,0,,0.0,0.0,,,0,0,5.0,1.25,13.0,8.0,61.5,2.0,50.0,0.0,0.0,0.0,0.0,,0.0,0.0,0.0,0.0,2.0,0.5,,,,,,,50.943396226415096,33.035714285714285,89.28571428571429,55.16,89.44,50.0,0.0,58.07,0.8944,57.2,57.2
1223,Utkir Yusupov,UZB,PFC Navbahor Namangan,GK,35,185,1,1,90,1.0,0,0,0,0,0,0,0,0,0,0,,0.0,0.0,,,0,0,3.0,3.0,4.0,1.0,25.0,0.0,0.0,0.0,0.0,0.0,0.0,,0.0,0.0,0.0,0.0,1.0,0.0,,,,,,,7.547169811320755,11.607142857142858,26.785714285714285,13.57,44.72,0.0,0.0,15.33,0.4472,34.41,34.41
1224,Abdukodir Khusanov,UZB,Manchester City FC,DF,22,186,3,3,270,3.0,0,0,0,0,0,0,2,0,0,0,,0.0,0.0,,,3,5,,,,,,,,,,,,,0.0,0.0,1.0,1.6666666666666663,,,,,,,58.67346938775511,82.31292517006803,,,,70.49,77.46,0.0,2.0,64.14,0.7746,60.58,58.58
1225,Khojiakbar Alijonov,UZB,Pakhtakor Tashkent FK,DF,29,180,2,1,135,1.5,0,0,0,0,0,0,0,0,0,0,,0.0,0.0,,,2,5,,,,,,,,,,,,,0.0,0.0,1.3333333333333337,3.333333333333333,,,,,,,75.51020408163265,97.27891156462584,,,,86.39,54.77,0.0,0.0,74.59,0.5477,62.72,62.72
1226,Farrukh Sayfiev,UZB,FK Neftchi Farg'ona,DF,35,183,1,0,45,0.5,0,0,0,0,0,0,0,0,0,0,,0.0,0.0,,,0,0,,,,,,,,,,,,,0.0,0.0,0.0,0.0,,,,,,,11.73469387755102,10.034013605442176,,,,10.88,31.62,0.0,0.0,11.87,0.3162,36.81,36.81
1227,Rustam Ashurmatov,UZB,Esteghlal Tehran FC,DF,29,186,3,3,256,2.8,0,0,0,0,0,0,0,0,0,0,,0.0,0.0,,,2,7,,,,,,,,,,,,,0.0,0.0,0.703125,2.4609375,,,,,,,47.27891156462585,95.23809523809524,,,,71.26,75.42,0.0,0.0,64.55,0.7542,60.57,60.57
1228,Akmal Mozgovoy,UZB,Pakhtakor Tashkent FK,MF,27,180,3,2,216,2.4,0,1,1,0,0,0,0,0,1,0,0.0,0.42,0.0,0.0,,0,2,,,,,,,,,,,,,0.0,0.4166666666666666,0.0,0.8333333333333333,,,,92.17081850533808,28.46975088967972,,12.98932384341637,55.87188612099644,,,,50.56,69.28,0.0,0.0,47.38,0.6928,47.69,47.69
1229,Otabek Shukurov,UZB,Baniyas Club,MF,29,183,3,3,237,2.6,0,0,0,0,0,0,0,0,2,0,0.0,0.76,0.0,0.0,,2,0,,,,,,,,,,,,,0.0,0.0,0.7594936708860759,0.0,,,,40.5693950177936,37.36654804270463,,44.83985765124555,14.23487544483986,,,,34.41,72.57,0.0,0.0,34.79,0.7257,38.52,38.52
1230,Jamshid Iskanderov,UZB,FK Neftchi Farg'ona,MF,32,171,1,0,9,0.1,0,0,0,0,0,0,0,0,0,0,,0.0,0.0,,,0,0,,,,,,,,,,,,,0.0,0.0,0.0,0.0,,,,40.5693950177936,11.387900355871883,,12.98932384341637,14.23487544483986,,,,21.25,14.14,0.0,0.0,18.42,0.1414,44.16,44.16
1233,Oston Urunov,UZB,Persepolis FC,MF,25,181,2,1,63,0.7,0,0,0,0,0,0,0,0,0,0,,0.0,0.0,,,0,1,,,,,,,,,,,,,0.0,0.0,0.0,1.4285714285714284,,,,40.5693950177936,11.387900355871883,,12.98932384341637,73.66548042704626,,,,36.11,37.42,0.0,0.0,32.63,0.3742,42.5,42.5
1234,Abduvohid Nematov,UZB,Nasaf Qarshi FC,GK,25,182,2,2,180,2.0,0,0,0,0,0,0,0,0,0,0,,0.0,0.0,,,0,0,8.0,4.0,13.0,5.0,38.5,0.0,0.0,1.0,1.0,0.0,0.0,0.0,0.0,0.0,0.0,0.0,2.5,0.0,,,,,,,11.320754716981131,50.0,26.785714285714285,26.79,63.25,0.0,0.0,27.76,0.6325,35.88,35.88
1235,Sherzod Nasrullaev,UZB,Pakhtakor Tashkent FK,DF,27,183,3,3,180,2.0,0,0,0,0,0,0,1,0,1,1,100.0,0.5,0.5,0.0,0.0,2,2,,,,,,,,,,,,,0.0,0.0,1.0,1.0,,,,,,,58.67346938775511,53.91156462585034,,,,56.29,63.25,100.0,1.0,61.36,0.6325,56.58,55.58
1236,Eldor Shomurodov,UZB,Başakşehir FK,FW,30,190,3,3,269,3.0,1,0,1,1,0,0,0,0,4,2,50.0,1.34,0.67,0.25,0.5,4,0,,,,,,,,,,,,,0.3345724907063196,0.0,1.338289962825279,0.0,,,76.65369649805449,38.715953307393,36.964980544747085,57.78210116731517,,,,,,55.46,77.32,50.0,0.0,57.1,0.7732,55.09,55.09
1239,Dostonbek Khamdamov,UZB,Pakhtakor Tashkent FK,MF,29,178,2,1,103,1.1,0,0,0,0,0,0,0,0,2,0,0.0,1.75,0.0,0.0,,4,2,,,,,,,,,,,,,0.0,0.0,3.495145631067961,1.7475728155339805,,,,40.5693950177936,70.46263345195729,,97.50889679715304,83.27402135231317,,,,71.46,47.84,0.0,0.0,61.95,0.4784,54.88,54.88
1240,Abdulla Abdullaev,UZB,Dibba FC,DF,28,181,2,2,180,2.0,0,0,0,0,0,0,0,0,0,0,,0.0,0.0,,,2,3,,,,,,,,,,,,,0.0,0.0,1.0,1.5,,,,,,,58.67346938775511,77.04081632653062,,,,67.86,63.25,0.0,0.0,60.61,0.6325,56.1,56.1
1242,Azizbek Amonov,UZB,FK Dinamo Samarkand,FW,28,181,1,0,14,0.2,0,0,0,0,0,0,0,0,1,0,0.0,6.43,0.0,0.0,,0,0,,,,,,,,,,,,,0.0,0.0,0.0,0.0,,,35.40856031128405,38.715953307393,97.0817120622568,23.151750972762645,,,,,,46.12,17.64,0.0,0.0,38.66,0.1764,46.54,46.54
1243,Igor Sergeev,UZB,Persepolis FC,FW,33,185,3,0,28,0.3,0,0,0,0,0,0,0,0,0,0,,0.0,0.0,,,0,0,,,,,,,,,,,,,0.0,0.0,0.0,0.0,,,35.40856031128405,38.715953307393,11.478599221789883,23.151750972762645,,,,,,29.0,24.94,0.0,0.0,25.69,0.2494,42.61,42.61
1245,Sherzod Esanov,UZB,FK Buxoro,MF,23,190,1,0,1,0.0,0,0,0,0,0,0,0,0,0,0,,0.0,0.0,,,0,1,,,,,,,,,,,,,0.0,0.0,0.0,90.0,,,,40.5693950177936,11.387900355871883,,12.98932384341637,100.0,,,,42.7,4.71,0.0,0.0,34.63,0.0471,47.75,47.75
1248,Jakhongir Urozov,UZB,FK Dinamo Samarkand,DF,22,190,2,1,95,1.1,0,0,0,0,0,0,0,0,0,0,,0.0,0.0,,,0,1,,,,,,,,,,,,,0.0,0.0,0.0,0.9473684210526316,,,,,,,11.73469387755102,50.17006802721088,,,,30.95,45.95,0.0,0.0,29.36,0.4595,39.62,39.62
