player_id,player_name,national_team,nationality,club,position,age,height_cm,is_matched,fbref_name,matches,starts,minutes,90s,goals,assists,goals_assists,goals_minus_pk,penalties,penalties_attempted,yellow_cards,red_cards,shots,shots_on_target,tackles_won,interceptions,goals_against,ga90,shots_on_target_against,saves,save_pct,clean_sheets,clean_sheet_pct,position_group,goals_p90,assists_p90,g_plus_a,g_plus_a_p90,shots_p90,shots_on_target_p90,shot_accuracy_pct,tackles_won_p90,interceptions_p90,overall_rating
1,MASTIL Melvin,ALG,Algeria,FC Stade Nyonnais,GK,26,194,0,Not in FBref,0,0,0,0.0,0,0,0,0,0,0,0,0,0,0,0,0,0.0,0.0,0.0,0.0,0.0,0.0,0.0,GK,0.0,0.0,0,0.0,0.0,0.0,0.0,0.0,0.0,65.0
2,MANDI Aissa,ALG,Algeria,Lille OSC,DF,34,184,1,Aïssa Mandi,4,4,360,4.0,0,0,0,0,0,0,0,0,0,0,3,4,0.0,0.0,0.0,0.0,0.0,0.0,0.0,DF,0.0,0.0,0,0.0,0.0,0.0,0.0,0.75,1.0,75.4
3,ABADA Achref,ALG,Algeria,USM Alger,DF,26,185,0,Not in FBref,0,0,0,0.0,0,0,0,0,0,0,0,0,0,0,0,0,0.0,0.0,0.0,0.0,0.0,0.0,0.0,DF,0.0,0.0,0,0.0,0.0,0.0,0.0,0.0,0.0,65.0
4,TOUGAI Mohamed Amine,ALG,Algeria,Espérance De Tunisie,DF,26,186,1,Amine Gouiri,4,3,251,2.8,1,0,1,1,0,0,0,0,3,2,1,0,0.0,0.0,0.0,0.0,0.0,0.0,0.0,DF,0.36,0.0,1,0.36,1.07,0.71,66.7,0.36,0.0,72.6
5,BELAID Zineddine,ALG,Algeria,JS Kabylie,DF,27,186,1,Zineddine Belaïd,2,0,25,0.3,0,0,0,0,0,0,0,0,0,0,0,0,0.0,0.0,0.0,0.0,0.0,0.0,0.0,DF,0.0,0.0,0,0.0,0.0,0.0,0.0,0.0,0.0,65.4
6,ZERROUKI Ramiz,ALG,Algeria,FC Twente,MF,28,183,1,Ramiz Zerrouki,3,2,111,1.2,0,0,0,0,0,0,1,0,0,0,1,2,0.0,0.0,0.0,0.0,0.0,0.0,0.0,MF,0.0,0.0,0,0.0,0.0,0.0,0.0,0.83,1.67,69.6
7,MAHREZ Riyad,ALG,Algeria,Al Ahli FC,FW,35,179,1,Riyad Mahrez,4,3,262,2.9,2,1,3,2,0,0,0,0,6,3,2,1,0.0,0.0,0.0,0.0,0.0,0.0,0.0,FW,0.69,0.34,3,1.03,2.07,1.03,50.0,0.69,0.34,76.7
8,AOUAR Houssem,ALG,Algeria,Al Ittihad,MF,27,175,1,Houssem Aouar,3,2,173,1.9,0,2,2,0,0,0,0,0,3,1,1,0,0.0,0.0,0.0,0.0,0.0,0.0,0.0,MF,0.0,1.05,2,1.05,1.58,0.53,33.3,0.53,0.0,73.9
9,GOUIRI Amine,ALG,Algeria,Olympique Marseille,FW,26,180,1,Amine Gouiri,4,3,251,2.8,1,0,1,1,0,0,0,0,3,2,1,0,0.0,0.0,0.0,0.0,0.0,0.0,0.0,FW,0.36,0.0,1,0.36,1.07,0.71,66.7,0.36,0.0,74.3
10,CHAIBI Fares,ALG,Algeria,Eintracht Frankfurt,MF,23,183,1,Fares Chaïbi,4,4,360,4.0,0,0,0,0,0,0,1,0,9,3,5,3,0.0,0.0,0.0,0.0,0.0,0.0,0.0,MF,0.0,0.0,0,0.0,2.25,0.75,33.3,1.25,0.75,73.0
11,HADJ MOUSSA Anis,ALG,Algeria,Feyenoord Rotterdam,FW,24,176,1,Anis Hadj Moussa,3,1,98,1.1,0,0,0,0,0,0,0,0,2,0,0,1,0.0,0.0,0.0,0.0,0.0,0.0,0.0,FW,0.0,0.0,0,0.0,1.82,0.0,0.0,0.0,0.91,66.6
12,BENBOUALI Nadhir,ALG,Algeria,Györi ETO FC,FW,26,190,1,Nadhir Benbouali,1,0,45,0.5,1,0,1,1,0,0,0,0,2,2,1,0,0.0,0.0,0.0,0.0,0.0,0.0,0.0,FW,2.0,0.0,1,2.0,4.0,4.0,100.0,2.0,0.0,75.8
13,HADJAM Jaouen,ALG,Algeria,BSC Young Boys,DF,23,185,1,Jaouen Hadjam,3,1,109,1.2,0,0,0,0,0,0,0,0,1,0,1,1,0.0,0.0,0.0,0.0,0.0,0.0,0.0,DF,0.0,0.0,0,0.0,0.83,0.0,0.0,0.83,0.83,71.0
14,BOUDAOUI Hicham,ALG,Algeria,OGC Nice,MF,26,175,1,Hicham Boudaoui,3,2,128,1.4,0,0,0,0,0,0,1,0,0,0,1,2,0.0,0.0,0.0,0.0,0.0,0.0,0.0,MF,0.0,0.0,0,0.0,0.0,0.0,0.0,0.71,1.43,69.3
15,AIT-NOURI Rayan,ALG,Algeria,Manchester City FC,DF,25,180,1,Rayan Aït-Nouri,4,3,284,3.2,0,0,0,0,0,0,0,0,1,0,13,5,0.0,0.0,0.0,0.0,0.0,0.0,0.0,DF,0.0,0.0,0,0.0,0.31,0.0,0.0,4.06,1.56,83.6
16,BENBOT Oussama,ALG,Algeria,USM Alger,GK,31,188,1,Oussama Benbot,1,1,90,1.0,0,0,0,0,0,0,0,0,0,0,0,0,3.0,3.0,3.0,0.0,0.0,0.0,0.0,GK,0.0,0.0,0,0.0,0.0,0.0,0.0,0.0,0.0,62.0
17,BELGHALI Rafik,ALG,Algeria,Hellas Verona FC,DF,24,180,1,Rafik Belghali,4,4,331,3.7,1,0,1,1,0,0,0,0,3,1,3,1,0.0,0.0,0.0,0.0,0.0,0.0,0.0,DF,0.27,0.0,1,0.27,0.81,0.27,33.3,0.81,0.27,75.7
18,AMOURA Mohamed,ALG,Algeria,VfL Wolfsburg,FW,26,170,1,Mohamed Amoura,1,0,27,0.3,0,0,0,0,0,0,0,0,0,0,0,0,0.0,0.0,0.0,0.0,0.0,0.0,0.0,FW,0.0,0.0,0,0.0,0.0,0.0,0.0,0.0,0.0,65.4
19,BENTALEB Nabil,ALG,Algeria,Lille OSC,MF,31,189,1,Nabil Bentaleb,4,3,285,3.2,0,0,0,0,0,0,0,0,1,0,4,3,0.0,0.0,0.0,0.0,0.0,0.0,0.0,MF,0.0,0.0,0,0.0,0.31,0.0,0.0,1.25,0.94,73.0
20,BOULBINA Adil,ALG,Algeria,Al Duhail SC,FW,23,183,1,Adil Boulbina,2,0,19,0.2,0,0,0,0,0,0,0,0,0,0,0,0,0.0,0.0,0.0,0.0,0.0,0.0,0.0,FW,0.0,0.0,0,0.0,0.0,0.0,0.0,0.0,0.0,65.3
21,BENSEBAINI Ramy,ALG,Algeria,Borussia Dortmund,DF,31,187,1,Ramy Bensebaini,4,4,360,4.0,0,0,0,0,0,0,0,0,2,0,6,7,0.0,0.0,0.0,0.0,0.0,0.0,0.0,DF,0.0,0.0,0,0.0,0.5,0.0,0.0,1.5,1.75,79.1
22,MAZA Ibrahim,ALG,Algeria,Bayer 04 Leverkusen,MF,20,180,1,Ibrahim Maza,4,4,351,3.9,0,0,0,0,0,0,0,0,11,3,2,0,0.0,0.0,0.0,0.0,0.0,0.0,0.0,MF,0.0,0.0,0,0.0,2.82,0.77,27.3,0.51,0.0,71.6
23,ZIDANE Luca,ALG,Algeria,Granada CF,GK,28,183,1,Luca Zidane,3,3,270,3.0,0,0,0,0,0,0,0,0,0,0,0,0,6.0,2.0,14.0,8.0,57.1,0.0,0.0,GK,0.0,0.0,0,0.0,0.0,0.0,0.0,0.0,0.0,71.1
24,TITRAOUI Yassine,ALG,Algeria,Sporting Charleroi,MF,22,180,0,Not in FBref,0,0,0,0.0,0,0,0,0,0,0,0,0,0,0,0,0,0.0,0.0,0.0,0.0,0.0,0.0,0.0,MF,0.0,0.0,0,0.0,0.0,0.0,0.0,0.0,0.0,65.0
25,GHEDJEMIS Fares,ALG,Algeria,Frosinone,FW,23,183,1,Farés Ghedjemis,1,0,1,0.0,0,0,0,0,0,0,0,0,0,0,0,0,0.0,0.0,0.0,0.0,0.0,0.0,0.0,FW,0.0,0.0,0,0.0,0.0,0.0,0.0,0.0,0.0,65.0
26,CHERGUI Samir,ALG,Algeria,Paris FC,DF,27,185,1,Samir Chergui,1,0,20,0.2,0,0,0,0,0,0,0,0,0,0,0,0,0.0,0.0,0.0,0.0,0.0,0.0,0.0,DF,0.0,0.0,0,0.0,0.0,0.0,0.0,0.0,0.0,65.3
27,MUSSO Juan,ARG,Argentina,Atlético De Madrid,GK,32,193,0,Not in FBref,0,0,0,0.0,0,0,0,0,0,0,0,0,0,0,0,0,0.0,0.0,0.0,0.0,0.0,0.0,0.0,GK,0.0,0.0,0,0.0,0.0,0.0,0.0,0.0,0.0,65.0
28,BALERDI Leonardo,ARG,Argentina,Olympique Marseille,DF,27,188,0,Not in FBref,0,0,0,0.0,0,0,0,0,0,0,0,0,0,0,0,0,0.0,0.0,0.0,0.0,0.0,0.0,0.0,DF,0.0,0.0,0,0.0,0.0,0.0,0.0,0.0,0.0,65.0
29,TAGLIAFICO Nicolas,ARG,Argentina,Olympique Lyonnais,DF,33,172,1,Nicolás Tagliafico,7,5,476,5.3,0,0,0,0,0,0,0,0,0,0,4,6,0.0,0.0,0.0,0.0,0.0,0.0,0.0,DF,0.0,0.0,0,0.0,0.0,0.0,0.0,0.75,1.13,75.7
30,MONTIEL Gonzalo,ARG,Argentina,CA River Plate,DF,29,175,1,Gonzalo Montiel,6,2,192,2.1,0,1,1,0,0,0,1,0,1,0,3,3,0.0,0.0,0.0,0.0,0.0,0.0,0.0,DF,0.0,0.48,1,0.48,0.48,0.0,0.0,1.43,1.43,76.8
31,PAREDES Leandro,ARG,Argentina,CA Boca Juniors,MF,31,182,1,Leandro Paredes,7,4,473,5.3,0,0,0,0,0,0,2,0,4,1,6,5,0.0,0.0,0.0,0.0,0.0,0.0,0.0,MF,0.0,0.0,0,0.0,0.75,0.19,25.0,1.13,0.94,72.1
32,MARTINEZ Lisandro,ARG,Argentina,Manchester United FC,DF,28,175,1,Lisandro Martínez,7,7,624,6.9,1,1,2,1,0,0,2,0,4,2,7,6,0.0,0.0,0.0,0.0,0.0,0.0,0.0,DF,0.14,0.14,2,0.29,0.58,0.29,50.0,1.01,0.87,78.7
33,DE PAUL Rodrigo,ARG,Argentina,Inter Miami CF,MF,32,178,1,Rodrigo De Paul,7,6,491,5.5,0,1,1,0,0,0,1,0,2,1,4,6,0.0,0.0,0.0,0.0,0.0,0.0,0.0,MF,0.0,0.18,1,0.18,0.36,0.18,50.0,0.73,1.09,73.6
34,BARCO Valentin,ARG,Argentina,RC Strasbourg,MF,21,172,1,Valentín Barco,1,0,20,0.2,0,0,0,0,0,0,0,0,0,0,0,0,0.0,0.0,0.0,0.0,0.0,0.0,0.0,MF,0.0,0.0,0,0.0,0.0,0.0,0.0,0.0,0.0,65.3
35,ALVAREZ Julian,ARG,Argentina,Atlético De Madrid,FW,26,170,1,Julián Álvarez,8,5,602,6.7,1,0,1,1,0,0,0,0,11,5,4,3,0.0,0.0,0.0,0.0,0.0,0.0,0.0,FW,0.15,0.0,1,0.15,1.64,0.75,45.5,0.6,0.45,74.0
36,MESSI Lionel,ARG,Argentina,Inter Miami CF,FW,38,170,1,Lionel Messi,8,7,740,8.2,8,4,12,8,0,2,0,0,35,18,10,0,0.0,0.0,0.0,0.0,0.0,0.0,0.0,FW,0.98,0.49,12,1.46,4.27,2.2,51.4,1.22,0.0,80.4
37,LO CELSO Giovani,ARG,Argentina,Real Betis,MF,30,177,1,Giovani Lo Celso,1,1,59,0.7,1,0,1,1,0,0,0,0,1,1,0,1,0.0,0.0,0.0,0.0,0.0,0.0,0.0,MF,1.43,0.0,1,1.43,1.43,1.43,100.0,0.0,1.43,71.5
38,RULLI Geronimo,ARG,Argentina,Olympique Marseille,GK,34,189,0,Not in FBref,0,0,0,0.0,0,0,0,0,0,0,0,0,0,0,0,0,0.0,0.0,0.0,0.0,0.0,0.0,0.0,GK,0.0,0.0,0,0.0,0.0,0.0,0.0,0.0,0.0,65.0
39,ROMERO Cristian,ARG,Argentina,Tottenham Hotspur FC,DF,28,185,1,Cristian Romero,7,7,608,6.8,1,0,1,1,0,0,2,0,3,1,10,11,0.0,0.0,0.0,0.0,0.0,0.0,0.0,DF,0.15,0.0,1,0.15,0.44,0.15,33.3,1.47,1.62,79.2
40,PALACIOS Exequiel,ARG,Argentina,Bayer 04 Leverkusen,MF,27,177,1,Exequiel Palacios,1,1,90,1.0,0,0,0,0,0,0,0,0,0,0,0,5,0.0,0.0,0.0,0.0,0.0,0.0,0.0,MF,0.0,0.0,0,0.0,0.0,0.0,0.0,0.0,5.0,72.5
41,GONZALEZ Nico,ARG,Argentina,Atlético De Madrid,MF,28,180,1,Nicolás González,7,1,259,2.9,0,1,1,0,0,0,0,0,7,1,3,1,0.0,0.0,0.0,0.0,0.0,0.0,0.0,MF,0.0,0.34,1,0.34,2.41,0.34,14.3,1.03,0.34,73.1
42,ALMADA Thiago,ARG,Argentina,Atlético De Madrid,FW,25,171,1,Thiago Almada,5,3,241,2.7,0,0,0,0,0,0,1,0,5,2,4,0,0.0,0.0,0.0,0.0,0.0,0.0,0.0,FW,0.0,0.0,0,0.0,1.85,0.74,40.0,1.48,0.0,70.0
43,SIMEONE Giuliano,ARG,Argentina,Atlético De Madrid,FW,23,174,1,Giuliano Simeone,3,2,192,2.1,0,0,0,0,0,0,0,0,1,0,3,1,0.0,0.0,0.0,0.0,0.0,0.0,0.0,FW,0.0,0.0,0,0.0,0.48,0.0,0.0,1.43,0.48,68.2
44,PAZ Nico,ARG,Argentina,Como,FW,21,185,1,Nicolás Paz,2,1,71,0.8,0,0,0,0,0,0,0,0,1,0,2,0,0.0,0.0,0.0,0.0,0.0,0.0,0.0,FW,0.0,0.0,0,0.0,1.25,0.0,0.0,2.5,0.0,66.2
45,OTAMENDI Nicolas,ARG,Argentina,SL Benfica,DF,38,182,1,Nicolás Otamendi,7,1,247,2.7,0,0,0,0,0,0,0,0,1,0,2,6,0.0,0.0,0.0,0.0,0.0,0.0,0.0,DF,0.0,0.0,0,0.0,0.37,0.0,0.0,0.74,2.22,76.5
46,MAC ALLISTER Alexis,ARG,Argentina,Liverpool FC,MF,27,176,1,Alexis Mac Allister,8,7,750,8.3,1,1,2,1,0,0,1,0,13,4,12,9,0.0,0.0,0.0,0.0,0.0,0.0,0.0,MF,0.12,0.12,2,0.24,1.57,0.48,30.8,1.45,1.08,74.9
47,LOPEZ Jose Manuel,ARG,Argentina,SE Palmeiras,FW,25,190,1,Flaco López,2,0,20,0.2,0,1,1,0,0,0,1,0,1,0,1,0,0.0,0.0,0.0,0.0,0.0,0.0,0.0,FW,0.0,5.0,1,5.0,5.0,0.0,0.0,5.0,0.0,68.3
48,MARTINEZ Lautaro,ARG,Argentina,FC Internazionale Milano,FW,28,175,1,Lautaro Martínez,7,4,310,3.4,3,1,4,2,1,1,1,0,10,4,1,1,0.0,0.0,0.0,0.0,0.0,0.0,0.0,FW,0.88,0.29,4,1.18,2.94,1.18,40.0,0.29,0.29,76.8
49,MARTINEZ Emiliano,ARG,Argentina,Aston Villa FC,GK,33,195,1,Emiliano Martínez,8,8,810,9.0,0,0,0,0,0,0,0,0,0,0,0,0,8.0,0.89,28.0,20.0,71.4,2.0,25.0,GK,0.0,0.0,0,0.0,0.0,0.0,0.0,0.0,0.0,81.4
50,FERNANDEZ Enzo,ARG,Argentina,Chelsea FC,MF,25,178,1,Enzo Fernández,7,7,659,7.3,2,0,2,2,0,0,2,1,12,4,7,6,0.0,0.0,0.0,0.0,0.0,0.0,0.0,MF,0.27,0.0,2,0.27,1.64,0.55,33.3,0.96,0.82,69.8
51,MEDINA Facundo,ARG,Argentina,Olympique Marseille,DF,27,184,1,Facundo Medina,5,3,308,3.4,0,1,1,0,0,0,1,0,0,0,7,2,0.0,0.0,0.0,0.0,0.0,0.0,0.0,DF,0.0,0.29,1,0.29,0.0,0.0,0.0,2.06,0.59,78.3
52,MOLINA Nahuel,ARG,Argentina,Atlético De Madrid,DF,28,179,1,Nahuel Molina,7,5,528,5.9,0,0,0,0,0,0,0,0,1,0,3,8,0.0,0.0,0.0,0.0,0.0,0.0,0.0,DF,0.0,0.0,0,0.0,0.17,0.0,0.0,0.51,1.36,75.7
53,RYAN Mathew,AUS,Australia,Levante UD,GK,34,184,1,Mathew Ryan,1,0,2,0.0,0,0,0,0,0,0,0,0,0,0,0,0,0.0,0.0,0.0,0.0,0.0,0.0,0.0,GK,0.0,0.0,0,0.0,0.0,0.0,0.0,0.0,0.0,65.0
54,DEGENEK Milos,AUS,Australia,APOEL FC,DF,32,187,0,Not in FBref,0,0,0,0.0,0,0,0,0,0,0,0,0,0,0,0,0,0.0,0.0,0.0,0.0,0.0,0.0,0.0,DF,0.0,0.0,0,0.0,0.0,0.0,0.0,0.0,0.0,65.0
55,CIRCATI Alessandro,AUS,Australia,Parma,DF,22,191,1,Alessandro Circati,4,4,390,4.3,0,0,0,0,0,0,1,0,3,0,7,2,0.0,0.0,0.0,0.0,0.0,0.0,0.0,DF,0.0,0.0,0,0.0,0.7,0.0,0.0,1.63,0.47,75.2
56,ITALIANO Jacob,AUS,Australia,Grazer AK,DF,24,177,1,Jacob Italiano,2,2,163,1.8,0,0,0,0,0,0,1,0,1,0,2,1,0.0,0.0,0.0,0.0,0.0,0.0,0.0,DF,0.0,0.0,0,0.0,0.56,0.0,0.0,1.11,0.56,70.9
57,BOS Jordan,AUS,Australia,Feyenoord Rotterdam,DF,23,180,1,Jordy Bos,4,4,308,3.4,0,0,0,0,0,0,1,0,5,2,3,3,0.0,0.0,0.0,0.0,0.0,0.0,0.0,DF,0.0,0.0,0,0.0,1.47,0.59,40.0,0.88,0.88,73.5
58,GERIA Jason,AUS,Australia,Albirex Niigata,DF,33,181,1,Jason Geria,2,0,62,0.7,0,0,0,0,0,0,0,0,0,0,1,2,0.0,0.0,0.0,0.0,0.0,0.0,0.0,DF,0.0,0.0,0,0.0,0.0,0.0,0.0,1.43,2.86,73.5
59,LECKIE Mathew,AUS,Australia,Melbourne City FC,FW,35,181,1,Mathew Leckie,1,1,60,0.7,0,0,0,0,0,0,0,0,1,0,0,0,0.0,0.0,0.0,0.0,0.0,0.0,0.0,FW,0.0,0.0,0,0.0,1.43,0.0,0.0,0.0,0.0,66.0
60,METCALFE Connor,AUS,Australia,FC St. Pauli,MF,26,183,1,Connor Metcalfe,4,3,315,3.5,1,0,1,1,0,0,0,0,5,2,5,2,0.0,0.0,0.0,0.0,0.0,0.0,0.0,MF,0.29,0.0,1,0.29,1.43,0.57,40.0,1.43,0.57,74.4
61,TOURE Mohamed,AUS,Australia,Norwich City FC,FW,22,186,1,Mo Touré,3,2,165,1.8,0,0,0,0,0,0,0,0,4,1,1,0,0.0,0.0,0.0,0.0,0.0,0.0,0.0,FW,0.0,0.0,0,0.0,2.22,0.56,25.0,0.56,0.0,69.0
62,HRUSTIC Ajdin,AUS,Australia,SC Heracles Almelo,FW,29,180,1,Ajdin Hrustic,2,0,80,0.9,0,0,0,0,0,0,0,0,3,0,0,0,0.0,0.0,0.0,0.0,0.0,0.0,0.0,FW,0.0,0.0,0,0.0,3.33,0.0,0.0,0.0,0.0,66.3
63,MABIL Awer,AUS,Australia,CD Castellón,FW,30,178,1,Awer Mabil,1,0,30,0.3,0,0,0,0,0,0,0,0,1,0,0,0,0.0,0.0,0.0,0.0,0.0,0.0,0.0,FW,0.0,0.0,0,0.0,3.33,0.0,0.0,0.0,0.0,65.5
64,IZZO Paul,AUS,Australia,Randers FC,GK,31,184,1,Paul Okon-Engstler,4,2,197,2.2,0,1,1,0,0,0,0,0,0,0,2,5,0.0,0.0,0.0,0.0,0.0,0.0,0.0,GK,0.0,0.45,1,0.45,0.0,0.0,0.0,0.91,2.27,68.3
65,ONEILL Aiden,AUS,Australia,New York City FC,MF,27,180,1,Aiden O'Neill,4,4,360,4.0,0,0,0,0,0,0,0,0,2,0,2,2,0.0,0.0,0.0,0.0,0.0,0.0,0.0,MF,0.0,0.0,0,0.0,0.5,0.0,0.0,0.5,0.5,72.5
66,DEVLIN Cameron,AUS,Australia,Heart Of Midlothian FC,MF,28,170,0,Not in FBref,0,0,0,0.0,0,0,0,0,0,0,0,0,0,0,0,0,0.0,0.0,0.0,0.0,0.0,0.0,0.0,MF,0.0,0.0,0,0.0,0.0,0.0,0.0,0.0,0.0,65.0
67,TREWIN Kai,AUS,Australia,New York City FC,DF,25,183,1,Kai Trewin,1,0,75,0.8,0,0,0,0,0,0,0,0,1,0,0,2,0.0,0.0,0.0,0.0,0.0,0.0,0.0,DF,0.0,0.0,0,0.0,1.25,0.0,0.0,0.0,2.5,71.2
68,BEHICH Aziz,AUS,Australia,Melbourne City FC,DF,35,170,1,Aziz Behich,3,2,217,2.4,0,0,0,0,0,0,0,0,1,1,4,1,0.0,0.0,0.0,0.0,0.0,0.0,0.0,DF,0.0,0.0,0,0.0,0.42,0.42,100.0,1.67,0.42,73.8
69,IRANKUNDA Nestory,AUS,Australia,Watford FC,FW,20,165,1,Nestory Irankunda,4,3,261,2.9,1,0,1,1,0,0,0,0,6,2,0,1,0.0,0.0,0.0,0.0,0.0,0.0,0.0,FW,0.34,0.0,1,0.34,2.07,0.69,33.3,0.0,0.34,72.7
70,BEACH Patrick,AUS,Australia,Melbourne City FC,GK,22,189,1,Patrick Beach,4,4,388,4.3,0,0,0,0,0,0,0,0,0,0,0,0,3.0,0.7,17.0,14.0,82.4,2.0,50.0,GK,0.0,0.0,0,0.0,0.0,0.0,0.0,0.0,0.0,82.5
71,SOUTTAR Harry,AUS,Australia,Leicester City FC,DF,27,198,1,Harry Souttar,4,4,390,4.3,0,0,0,0,0,0,1,0,1,1,0,4,0.0,0.0,0.0,0.0,0.0,0.0,0.0,DF,0.0,0.0,0,0.0,0.23,0.23,100.0,0.0,0.93,72.3
72,VOLPATO Cristian,AUS,Australia,US Sassuolo,FW,22,187,1,Cristian Volpato,3,2,160,1.8,0,0,0,0,0,0,0,0,4,1,1,0,0.0,0.0,0.0,0.0,0.0,0.0,0.0,FW,0.0,0.0,0,0.0,2.22,0.56,25.0,0.56,0.0,68.9
73,BURGESS Cameron,AUS,Australia,Swansea City AFC,DF,30,194,1,Cameron Burgess,2,2,135,1.5,0,0,0,0,0,0,0,0,0,0,1,1,0.0,0.0,0.0,0.0,0.0,0.0,0.0,DF,0.0,0.0,0,0.0,0.0,0.0,0.0,0.67,0.67,70.6
74,IRVINE Jackson,AUS,Australia,FC St. Pauli,MF,33,189,1,Jackson Irvine,4,2,223,2.5,0,0,0,0,0,0,1,0,3,1,1,1,0.0,0.0,0.0,0.0,0.0,0.0,0.0,MF,0.0,0.0,0,0.0,1.2,0.4,33.3,0.4,0.4,68.9
75,VELUPILLAY Nishan,AUS,Australia,Melbourne Victory FC,FW,25,181,1,Nishan Velupillay,2,1,75,0.8,0,0,0,0,0,0,0,0,0,0,1,0,0.0,0.0,0.0,0.0,0.0,0.0,0.0,FW,0.0,0.0,0,0.0,0.0,0.0,0.0,1.25,0.0,66.2
76,OKON-ENGSTLER Paul,AUS,Australia,Sydney FC,MF,21,185,1,Paul Okon-Engstler,4,2,197,2.2,0,1,1,0,0,0,0,0,0,0,2,5,0.0,0.0,0.0,0.0,0.0,0.0,0.0,MF,0.0,0.45,1,0.45,0.0,0.0,0.0,0.91,2.27,75.3
77,HERRINGTON Lucas,AUS,Australia,Colorado Rapids,DF,18,193,1,Lucas Herrington,2,2,210,2.3,0,0,0,0,0,0,0,0,0,0,1,2,0.0,0.0,0.0,0.0,0.0,0.0,0.0,DF,0.0,0.0,0,0.0,0.0,0.0,0.0,0.43,0.87,71.8
78,YENGI Tete,AUS,Australia,FC Machida Zelvia,FW,25,197,1,Tete Yengi,2,0,24,0.3,0,0,0,0,0,0,0,0,1,1,2,0,0.0,0.0,0.0,0.0,0.0,0.0,0.0,FW,0.0,0.0,0,0.0,3.33,3.33,100.0,6.67,0.0,70.4
79,SCHLAGER Alexander,AUT,Austria,FC Red Bull Salzburg,GK,30,188,1,Alexander Schlager,4,4,360,4.0,0,0,0,0,0,0,0,0,0,0,0,0,9.0,2.25,22.0,13.0,59.1,0.0,0.0,GK,0.0,0.0,0,0.0,0.0,0.0,0.0,0.0,0.0,72.4
80,AFFENGRUBER David,AUT,Austria,Elche CF,DF,25,185,1,David Alaba,4,4,275,3.1,0,1,1,0,0,0,0,0,2,0,1,4,0.0,0.0,0.0,0.0,0.0,0.0,0.0,DF,0.0,0.32,1,0.32,0.65,0.0,0.0,0.32,1.29,76.1
81,DANSO Kevin,AUT,Austria,Tottenham Hotspur FC,DF,27,190,1,Kevin Danso,4,2,241,2.7,0,0,0,0,0,0,0,0,1,0,1,0,0.0,0.0,0.0,0.0,0.0,0.0,0.0,DF,0.0,0.0,0,0.0,0.37,0.0,0.0,0.37,0.0,69.9
82,SCHLAGER Xaver,AUT,Austria,RB Leipzig,MF,28,174,1,Xaver Schlager,4,4,238,2.6,0,1,1,0,0,0,0,0,1,0,3,7,0.0,0.0,0.0,0.0,0.0,0.0,0.0,MF,0.0,0.38,1,0.38,0.38,0.0,0.0,1.15,2.69,76.7
83,POSCH Stefan,AUT,Austria,1. FSV Mainz 05,DF,29,188,1,Stefan Posch,4,4,331,3.7,0,0,0,0,0,0,2,0,3,0,4,10,0.0,0.0,0.0,0.0,0.0,0.0,0.0,DF,0.0,0.0,0,0.0,0.81,0.0,0.0,1.08,2.7,78.0
84,SEIWALD Nicolas,AUT,Austria,RB Leipzig,MF,25,179,1,Nicolas Seiwald,4,4,315,3.5,0,0,0,0,0,0,0,0,3,0,5,4,0.0,0.0,0.0,0.0,0.0,0.0,0.0,MF,0.0,0.0,0,0.0,0.86,0.0,0.0,1.43,1.14,74.1
85,ARNAUTOVIC Marko,AUT,Austria,FK Crvena Zvezda,FW,37,192,1,Marko Arnautović,4,1,144,1.6,2,0,2,1,1,1,1,0,3,3,0,0,0.0,0.0,0.0,0.0,0.0,0.0,0.0,FW,1.25,0.0,2,1.25,1.88,1.88,100.0,0.0,0.0,77.6
86,ALABA David,AUT,Austria,Real Madrid C. F.,DF,33,180,1,David Alaba,4,4,275,3.1,0,1,1,0,0,0,0,0,2,0,1,4,0.0,0.0,0.0,0.0,0.0,0.0,0.0,DF,0.0,0.32,1,0.32,0.65,0.0,0.0,0.32,1.29,76.1
87,SABITZER Marcel,AUT,Austria,Borussia Dortmund,MF,32,178,1,Marcel Sabitzer,4,4,360,4.0,1,0,1,1,0,0,1,0,5,2,2,6,0.0,0.0,0.0,0.0,0.0,0.0,0.0,MF,0.25,0.0,1,0.25,1.25,0.5,40.0,0.5,1.5,74.0
88,GRILLITSCH Florian,AUT,Austria,SC Braga,MF,30,186,1,Florian Grillitsch,2,0,90,1.0,0,0,0,0,0,0,0,0,0,0,1,0,0.0,0.0,0.0,0.0,0.0,0.0,0.0,MF,0.0,0.0,0,0.0,0.0,0.0,0.0,1.0,0.0,68.0
89,GREGORITSCH Michael,AUT,Austria,FC Augsburg,FW,32,193,1,Michael Gregoritsch,3,2,188,2.1,0,1,1,0,0,0,0,0,1,0,0,0,0.0,0.0,0.0,0.0,0.0,0.0,0.0,FW,0.0,0.48,1,0.48,0.48,0.0,0.0,0.0,0.0,70.0
90,WIEGELE Florian,AUT,Austria,FC Viktoria Plzeň,GK,25,205,0,Not in FBref,0,0,0,0.0,0,0,0,0,0,0,0,0,0,0,0,0,0.0,0.0,0.0,0.0,0.0,0.0,0.0,GK,0.0,0.0,0,0.0,0.0,0.0,0.0,0.0,0.0,65.0
91,PENTZ Patrick,AUT,Austria,Brøndby IF,GK,29,183,0,Not in FBref,0,0,0,0.0,0,0,0,0,0,0,0,0,0,0,0,0,0.0,0.0,0.0,0.0,0.0,0.0,0.0,GK,0.0,0.0,0,0.0,0.0,0.0,0.0,0.0,0.0,65.0
92,KALAJDZIC Sasa,AUT,Austria,LASK Linz,FW,28,200,1,Saša Kalajdžić,3,1,77,0.9,1,0,1,1,0,0,0,0,4,1,0,0,0.0,0.0,0.0,0.0,0.0,0.0,0.0,FW,1.11,0.0,1,1.11,4.44,1.11,25.0,0.0,0.0,72.5
93,LIENHART Philipp,AUT,Austria,SC Freiburg,DF,29,189,1,Philipp Lienhart,2,2,180,2.0,0,0,0,0,0,0,0,0,1,0,1,1,0.0,0.0,0.0,0.0,0.0,0.0,0.0,DF,0.0,0.0,0,0.0,0.5,0.0,0.0,0.5,0.5,70.5
94,MWENE Phillip,AUT,Austria,1. FSV Mainz 05,DF,32,170,1,Phillipp Mwene,2,2,147,1.6,0,0,0,0,0,0,0,0,1,0,0,3,0.0,0.0,0.0,0.0,0.0,0.0,0.0,DF,0.0,0.0,0,0.0,0.62,0.0,0.0,0.0,1.88,72.1
95,CHUKWUEMEKA Carney,AUT,Austria,Borussia Dortmund,MF,22,187,1,Carney Chukwuemeka,3,0,83,0.9,0,0,0,0,0,0,0,0,2,1,0,0,0.0,0.0,0.0,0.0,0.0,0.0,0.0,MF,0.0,0.0,0,0.0,2.22,1.11,50.0,0.0,0.0,66.4
96,SCHMID Romano,AUT,Austria,SV Werder Bremen,MF,26,168,1,Romano Schmid,4,4,263,2.9,1,0,1,1,0,0,0,0,2,1,4,0,0.0,0.0,0.0,0.0,0.0,0.0,0.0,MF,0.34,0.0,1,0.34,0.69,0.34,50.0,1.38,0.0,72.8
97,BAUMGARTNER Christoph,AUT,Austria,RB Leipzig,MF,26,180,0,Not in FBref,0,0,0,0.0,0,0,0,0,0,0,0,0,0,0,0,0,0.0,0.0,0.0,0.0,0.0,0.0,0.0,MF,0.0,0.0,0,0.0,0.0,0.0,0.0,0.0,0.0,65.0
98,LAIMER Konrad,AUT,Austria,FC Bayern München,MF,29,180,1,Konrad Laimer,4,4,360,4.0,0,1,1,0,0,0,1,0,1,0,6,2,0.0,0.0,0.0,0.0,0.0,0.0,0.0,MF,0.0,0.25,1,0.25,0.25,0.0,0.0,1.5,0.5,74.2
99,WIMMER Patrick,AUT,Austria,VfL Wolfsburg,FW,25,182,1,Patrick Wimmer,2,0,21,0.2,0,0,0,0,0,0,0,0,1,0,0,2,0.0,0.0,0.0,0.0,0.0,0.0,0.0,FW,0.0,0.0,0,0.0,5.0,0.0,0.0,0.0,10.0,65.4
100,PRASS Alexander,AUT,Austria,TSG Hoffenheim,MF,25,180,1,Alexander Prass,2,0,29,0.3,0,0,0,0,0,0,0,0,0,0,0,0,0.0,0.0,0.0,0.0,0.0,0.0,0.0,MF,0.0,0.0,0,0.0,0.0,0.0,0.0,0.0,0.0,65.5
101,FRIEDL Marco,AUT,Austria,SV Werder Bremen,DF,28,187,1,Marco Friedl,1,0,24,0.3,0,0,0,0,0,0,0,0,0,0,0,0,0.0,0.0,0.0,0.0,0.0,0.0,0.0,DF,0.0,0.0,0,0.0,0.0,0.0,0.0,0.0,0.0,65.4
102,WANNER Paul,AUT,Austria,PSV Eindhoven,MF,20,185,1,Paul Wanner,4,2,234,2.6,0,0,0,0,0,0,0,0,1,0,1,2,0.0,0.0,0.0,0.0,0.0,0.0,0.0,MF,0.0,0.0,0,0.0,0.38,0.0,0.0,0.38,0.77,70.6
103,SVOBODA Michael,AUT,Austria,Venezia FC,DF,27,195,0,Not in FBref,0,0,0,0.0,0,0,0,0,0,0,0,0,0,0,0,0,0.0,0.0,0.0,0.0,0.0,0.0,0.0,DF,0.0,0.0,0,0.0,0.0,0.0,0.0,0.0,0.0,65.0
104,SCHOEPF Alessandro,AUT,Austria,Wolfsberger AC,MF,32,178,0,Not in FBref,0,0,0,0.0,0,0,0,0,0,0,0,0,0,0,0,0,0.0,0.0,0.0,0.0,0.0,0.0,0.0,MF,0.0,0.0,0,0.0,0.0,0.0,0.0,0.0,0.0,65.0
105,COURTOIS Thibaut,BEL,Belgium,Real Madrid C. F.,GK,34,199,1,Thibaut Courtois,6,6,550,6.1,0,0,0,0,0,0,0,0,0,0,0,0,6.0,0.98,20.0,14.0,70.0,1.0,16.7,GK,0.0,0.0,0,0.0,0.0,0.0,0.0,0.0,0.0,78.1
106,DEBAST Zeno,BEL,Belgium,Sporting CP,DF,22,189,0,Not in FBref,0,0,0,0.0,0,0,0,0,0,0,0,0,0,0,0,0,0.0,0.0,0.0,0.0,0.0,0.0,0.0,DF,0.0,0.0,0,0.0,0.0,0.0,0.0,0.0,0.0,65.0
107,THEATE Arthur,BEL,Belgium,Eintracht Frankfurt,DF,26,185,1,Arthur Theate,3,2,228,2.5,0,0,0,0,0,0,0,0,5,1,0,3,0.0,0.0,0.0,0.0,0.0,0.0,0.0,DF,0.0,0.0,0,0.0,2.0,0.4,20.0,0.0,1.2,71.8
108,MECHELE Brandon,BEL,Belgium,Club Brugge,DF,33,190,1,Brandon Mechele,6,6,570,6.3,0,0,0,0,0,0,1,0,5,1,4,4,0.0,0.0,0.0,0.0,0.0,0.0,0.0,DF,0.0,0.0,0,0.0,0.79,0.16,20.0,0.63,0.63,73.2
109,DE CUYPER Maxim,BEL,Belgium,Brighton & Hove Albion FC,DF,25,182,1,Maxim De Cuyper,6,5,442,4.9,0,0,0,0,0,0,1,0,10,6,2,6,0.0,0.0,0.0,0.0,0.0,0.0,0.0,DF,0.0,0.0,0,0.0,2.04,1.22,60.0,0.41,1.22,74.1
110,WITSEL Axel,BEL,Belgium,Girona FC,MF,37,186,1,Axel Witsel,2,0,33,0.4,0,0,0,0,0,0,1,0,0,0,0,0,0.0,0.0,0.0,0.0,0.0,0.0,0.0,MF,0.0,0.0,0,0.0,0.0,0.0,0.0,0.0,0.0,64.6
111,DE BRUYNE Kevin,BEL,Belgium,SSC Napoli,MF,34,181,1,Kevin De Bruyne,5,5,382,4.2,1,0,1,1,0,0,1,0,20,5,2,0,0.0,0.0,0.0,0.0,0.0,0.0,0.0,MF,0.24,0.0,1,0.24,4.76,1.19,25.0,0.48,0.0,71.7
112,TIELEMANS Youri,BEL,Belgium,Aston Villa FC,MF,29,176,1,Youri Tielemans,5,5,474,5.3,2,0,2,1,1,1,0,0,11,3,6,2,0.0,0.0,0.0,0.0,0.0,0.0,0.0,MF,0.38,0.0,2,0.38,2.08,0.57,27.3,1.13,0.38,74.8
113,LUKAKU Romelu,BEL,Belgium,SSC Napoli,FW,33,190,1,Romelu Lukaku,6,1,233,2.6,3,1,4,3,0,0,1,0,6,3,0,0,0.0,0.0,0.0,0.0,0.0,0.0,0.0,FW,1.15,0.38,4,1.54,2.31,1.15,50.0,0.0,0.0,77.7
114,TROSSARD Leandro,BEL,Belgium,Arsenal FC,FW,31,172,1,Leandro Trossard,6,6,506,5.6,2,2,4,2,0,0,0,0,17,3,1,4,0.0,0.0,0.0,0.0,0.0,0.0,0.0,FW,0.36,0.36,4,0.71,3.04,0.54,17.6,0.18,0.71,75.1
115,DOKU Jeremy,BEL,Belgium,Manchester City FC,FW,24,173,1,Jeremy Doku,5,4,309,3.4,0,0,0,0,0,0,0,0,3,1,1,3,0.0,0.0,0.0,0.0,0.0,0.0,0.0,FW,0.0,0.0,0,0.0,0.88,0.29,33.3,0.29,0.88,71.8
116,LAMMENS Senne,BEL,Belgium,Manchester United FC,GK,23,193,1,Senne Lammens,1,0,20,0.2,0,0,0,0,0,0,0,0,0,0,0,0,1.0,4.5,3.0,2.0,66.7,0.0,0.0,GK,0.0,0.0,0,0.0,0.0,0.0,0.0,0.0,0.0,63.9
117,PENDERS Mike,BEL,Belgium,RC Strasbourg,GK,20,200,0,Not in FBref,0,0,0,0.0,0,0,0,0,0,0,0,0,0,0,0,0,0.0,0.0,0.0,0.0,0.0,0.0,0.0,GK,0.0,0.0,0,0.0,0.0,0.0,0.0,0.0,0.0,65.0
118,LUKEBAKIO Dodi,BEL,Belgium,SL Benfica,FW,28,184,1,Dodi Lukebakio,3,1,164,1.8,0,0,0,0,0,0,0,0,7,1,1,0,0.0,0.0,0.0,0.0,0.0,0.0,0.0,FW,0.0,0.0,0,0.0,3.89,0.56,14.3,0.56,0.0,68.4
119,MEUNIER Thomas,BEL,Belgium,Lille OSC,DF,34,190,1,Thomas Meunier,3,2,190,2.1,0,1,1,0,0,0,0,0,2,1,2,2,0.0,0.0,0.0,0.0,0.0,0.0,0.0,DF,0.0,0.48,1,0.48,0.95,0.48,50.0,0.95,0.95,75.4
120,DE WINTER Koni,BEL,Belgium,AC Milan,DF,23,191,0,Not in FBref,0,0,0,0.0,0,0,0,0,0,0,0,0,0,0,0,0,0.0,0.0,0.0,0.0,0.0,0.0,0.0,DF,0.0,0.0,0,0.0,0.0,0.0,0.0,0.0,0.0,65.0
121,DE KETELAERE Charles,BEL,Belgium,Atalanta Bergamo,FW,25,192,1,Charles De Ketelaere,5,5,350,3.9,3,1,4,3,0,0,0,0,6,5,4,5,0.0,0.0,0.0,0.0,0.0,0.0,0.0,FW,0.77,0.26,4,1.03,1.54,1.28,83.3,1.03,1.28,79.9
122,SEYS Joaquin,BEL,Belgium,Club Brugge,DF,21,178,1,Joaquin Seys,1,0,30,0.3,0,0,0,0,0,0,0,0,0,0,1,0,0.0,0.0,0.0,0.0,0.0,0.0,0.0,DF,0.0,0.0,0,0.0,0.0,0.0,0.0,3.33,0.0,68.0
123,MOREIRA Diego,BEL,Belgium,RC Strasbourg,MF,21,179,1,Diego Moreira,1,0,58,0.6,0,0,0,0,0,0,0,0,0,0,1,1,0.0,0.0,0.0,0.0,0.0,0.0,0.0,MF,0.0,0.0,0,0.0,0.0,0.0,0.0,1.67,1.67,69.0
124,VANAKEN Hans,BEL,Belgium,Club Brugge,MF,33,195,1,Hans Vanaken,6,3,319,3.5,1,2,3,1,0,0,0,0,5,1,1,1,0.0,0.0,0.0,0.0,0.0,0.0,0.0,MF,0.29,0.57,3,0.86,1.43,0.29,20.0,0.29,0.29,75.2
125,CASTAGNE Timothy,BEL,Belgium,Fulham FC,DF,30,185,1,Timothy Castagne,6,5,478,5.3,0,1,1,0,0,0,1,0,3,1,7,8,0.0,0.0,0.0,0.0,0.0,0.0,0.0,DF,0.0,0.19,1,0.19,0.57,0.19,33.3,1.32,1.51,79.6
126,SAELEMAEKERS Alexis,BEL,Belgium,AC Milan,MF,26,180,1,Alexis Saelemaekers,4,1,83,0.9,1,0,1,1,0,0,0,0,4,1,2,0,0.0,0.0,0.0,0.0,0.0,0.0,0.0,MF,1.11,0.0,1,1.11,4.44,1.11,25.0,2.22,0.0,73.4
127,RASKIN Nicolas,BEL,Belgium,Rangers FC,MF,25,178,1,Nicolas Raskin,6,3,341,3.8,0,2,2,0,0,0,0,0,2,1,5,2,0.0,0.0,0.0,0.0,0.0,0.0,0.0,MF,0.0,0.53,2,0.53,0.53,0.26,50.0,1.32,0.53,76.1
128,ONANA Amadou,BEL,Belgium,Aston Villa FC,MF,24,192,1,Amadou Onana,4,2,106,1.2,0,0,0,0,0,0,0,0,2,0,2,2,0.0,0.0,0.0,0.0,0.0,0.0,0.0,MF,0.0,0.0,0,0.0,1.67,0.0,0.0,1.67,1.67,71.8
129,NGOY Nathan,BEL,Belgium,Lille OSC,DF,23,183,1,Nathan Ngoy,4,4,335,3.7,0,0,0,0,0,0,0,1,1,0,4,7,0.0,0.0,0.0,0.0,0.0,0.0,0.0,DF,0.0,0.0,0,0.0,0.27,0.0,0.0,1.08,1.89,75.0
130,FERNANDEZ-PARDO Matias,BEL,Belgium,Lille OSC,FW,21,188,1,Matias Fernandez-Pardo,3,0,44,0.5,0,0,0,0,0,0,0,0,3,0,1,0,0.0,0.0,0.0,0.0,0.0,0.0,0.0,FW,0.0,0.0,0,0.0,6.0,0.0,0.0,2.0,0.0,65.7
131,VASILJ Nikola,BIH,Bosnia And Herzegovina,FC St. Pauli,GK,30,193,1,Nikola Vasilj,4,4,360,4.0,0,0,0,0,0,0,0,0,0,0,0,0,8.0,2.0,14.0,6.0,42.9,0.0,0.0,GK,0.0,0.0,0,0.0,0.0,0.0,0.0,0.0,0.0,71.4
132,MUJAKIC Nihad,BIH,Bosnia And Herzegovina,Gaziantep FK,DF,28,189,0,Not in FBref,0,0,0,0.0,0,0,0,0,0,0,0,0,0,0,0,0,0.0,0.0,0.0,0.0,0.0,0.0,0.0,DF,0.0,0.0,0,0.0,0.0,0.0,0.0,0.0,0.0,65.0
133,HADZIKADUNIC Dennis,BIH,Bosnia And Herzegovina,UC Sampdoria,DF,27,191,1,Dennis Hadžikadunić,1,0,27,0.3,0,1,1,0,0,0,0,0,0,0,2,0,0.0,0.0,0.0,0.0,0.0,0.0,0.0,DF,0.0,3.33,1,3.33,0.0,0.0,0.0,6.67,0.0,73.0
134,MUHAREMOVIC Tarik,BIH,Bosnia And Herzegovina,US Sassuolo,DF,23,192,1,Tarik Muharemovic,3,3,259,2.9,0,0,0,0,0,0,0,1,1,0,1,8,0.0,0.0,0.0,0.0,0.0,0.0,0.0,DF,0.0,0.0,0,0.0,0.34,0.0,0.0,0.34,2.76,74.1
135,KOLASINAC Sead,BIH,Bosnia And Herzegovina,Atalanta Bergamo,DF,32,183,1,Sead Kolašinac,4,4,337,3.7,0,1,1,0,0,0,0,0,0,0,6,2,0.0,0.0,0.0,0.0,0.0,0.0,0.0,DF,0.0,0.27,1,0.27,0.0,0.0,0.0,1.62,0.54,78.5
136,TAHIROVIC Benjamin,BIH,Bosnia And Herzegovina,Brøndby IF,MF,23,191,1,Benjamin Tahirovic,4,2,237,2.6,0,0,0,0,0,0,0,0,1,0,4,4,0.0,0.0,0.0,0.0,0.0,0.0,0.0,MF,0.0,0.0,0,0.0,0.38,0.0,0.0,1.54,1.54,73.6
137,DEDIC Amar,BIH,Bosnia And Herzegovina,SL Benfica,DF,23,180,1,Amar Dedić,3,3,270,3.0,0,0,0,0,0,0,1,0,2,1,7,1,0.0,0.0,0.0,0.0,0.0,0.0,0.0,DF,0.0,0.0,0,0.0,0.67,0.33,50.0,2.33,0.33,75.2
138,GIGOVIC Armin,BIH,Bosnia And Herzegovina,BSC Young Boys,MF,24,187,1,Armin Gigovic,2,1,79,0.9,0,0,0,0,0,0,0,0,0,0,1,2,0.0,0.0,0.0,0.0,0.0,0.0,0.0,MF,0.0,0.0,0,0.0,0.0,0.0,0.0,1.11,2.22,70.8
139,BAZDAR Samed,BIH,Bosnia And Herzegovina,Jagiellonia Białystok,FW,22,189,1,Samed Baždar,1,0,29,0.3,0,0,0,0,0,0,0,0,0,0,0,0,0.0,0.0,0.0,0.0,0.0,0.0,0.0,FW,0.0,0.0,0,0.0,0.0,0.0,0.0,0.0,0.0,65.5
140,DEMIROVIC Ermedin,BIH,Bosnia And Herzegovina,VfB Stuttgart,FW,28,185,1,Ermedin Demirović,4,4,354,3.9,0,0,0,0,0,0,1,0,4,4,1,1,0.0,0.0,0.0,0.0,0.0,0.0,0.0,FW,0.0,0.0,0,0.0,1.03,1.03,100.0,0.26,0.26,74.9
141,DZEKO Edin,BIH,Bosnia And Herzegovina,FC Schalke 04,FW,40,192,1,Edin Džeko,3,3,176,2.0,0,0,0,0,0,0,1,0,3,0,0,1,0.0,0.0,0.0,0.0,0.0,0.0,0.0,FW,0.0,0.0,0,0.0,1.5,0.0,0.0,0.0,0.5,66.9
142,JURKAS Mladen,BIH,Bosnia And Herzegovina,FK Borac Banja Luka,GK,18,193,0,Not in FBref,0,0,0,0.0,0,0,0,0,0,0,0,0,0,0,0,0,0.0,0.0,0.0,0.0,0.0,0.0,0.0,GK,0.0,0.0,0,0.0,0.0,0.0,0.0,0.0,0.0,65.0
143,BASIC Ivan,BIH,Bosnia And Herzegovina,FC Astana,MF,24,178,1,Ivan Bašić,3,2,179,2.0,0,1,1,0,0,0,0,0,4,0,1,3,0.0,0.0,0.0,0.0,0.0,0.0,0.0,MF,0.0,0.5,1,0.5,2.0,0.0,0.0,0.5,1.5,73.5
144,SUNJIC Ivan,BIH,Bosnia And Herzegovina,Pafos FC,MF,29,183,1,Ivan Šunjić,4,3,196,2.2,0,0,0,0,0,0,0,0,1,1,3,0,0.0,0.0,0.0,0.0,0.0,0.0,0.0,MF,0.0,0.0,0,0.0,0.45,0.45,100.0,1.36,0.0,70.3
145,MEMIC Amar,BIH,Bosnia And Herzegovina,FC Viktoria Plzeň,MF,25,176,1,Amar Memić,4,2,224,2.5,0,0,0,0,0,0,0,0,3,1,2,2,0.0,0.0,0.0,0.0,0.0,0.0,0.0,MF,0.0,0.0,0,0.0,1.2,0.4,33.3,0.8,0.8,71.1
146,HADZIAHMETOVIC Amir,BIH,Bosnia And Herzegovina,Hull City FC,MF,29,179,1,Amir Hadžiahmetović,1,0,6,0.1,0,0,0,0,0,0,0,0,0,0,0,0,0.0,0.0,0.0,0.0,0.0,0.0,0.0,MF,0.0,0.0,0,0.0,0.0,0.0,0.0,0.0,0.0,65.1
147,BURNIC Dzenis,BIH,Bosnia And Herzegovina,Karlsruher SC,MF,28,182,1,Dženis Burnić,2,0,16,0.2,0,0,0,0,0,0,0,0,1,0,0,0,0.0,0.0,0.0,0.0,0.0,0.0,0.0,MF,0.0,0.0,0,0.0,5.0,0.0,0.0,0.0,0.0,65.3
148,KATIC Nikola,BIH,Bosnia And Herzegovina,FC Schalke 04,DF,29,194,1,Nikola Katić,4,4,317,3.5,0,0,0,0,0,0,1,0,2,0,6,5,0.0,0.0,0.0,0.0,0.0,0.0,0.0,DF,0.0,0.0,0,0.0,0.57,0.0,0.0,1.71,1.43,77.1
149,ALAJBEGOVIC Kerim,BIH,Bosnia And Herzegovina,FC Red Bull Salzburg,FW,18,186,1,Kerim Alajbegović,4,3,277,3.1,1,0,1,1,0,0,0,0,4,1,0,2,0.0,0.0,0.0,0.0,0.0,0.0,0.0,FW,0.32,0.0,1,0.32,1.29,0.32,25.0,0.0,0.65,72.5
150,BAJRAKTAREVIC Esmir,BIH,Bosnia And Herzegovina,PSV Eindhoven,FW,21,175,1,Esmir Bajraktarevic,4,2,230,2.6,0,0,0,0,0,0,0,0,3,2,0,3,0.0,0.0,0.0,0.0,0.0,0.0,0.0,FW,0.0,0.0,0,0.0,1.15,0.77,66.7,0.0,1.15,72.2
151,RADELJIC Stjepan,BIH,Bosnia And Herzegovina,HNK Rijeka,DF,28,201,1,Stjepan Radeljić,2,2,180,2.0,0,0,0,0,0,0,1,0,1,0,1,0,0.0,0.0,0.0,0.0,0.0,0.0,0.0,DF,0.0,0.0,0,0.0,0.5,0.0,0.0,0.5,0.0,68.2
152,ZLOMISLIC Martin,BIH,Bosnia And Herzegovina,HNK Rijeka,GK,27,189,0,Not in FBref,0,0,0,0.0,0,0,0,0,0,0,0,0,0,0,0,0,0.0,0.0,0.0,0.0,0.0,0.0,0.0,GK,0.0,0.0,0,0.0,0.0,0.0,0.0,0.0,0.0,65.0
153,TABAKOVIC Haris,BIH,Bosnia And Herzegovina,Borussia Mönchengladbach,FW,31,196,1,Haris Tabaković,1,0,16,0.2,0,0,0,0,0,0,0,0,0,0,0,0,0.0,0.0,0.0,0.0,0.0,0.0,0.0,FW,0.0,0.0,0,0.0,0.0,0.0,0.0,0.0,0.0,65.3
154,CELIK Nidal,BIH,Bosnia And Herzegovina,RC Lens,DF,19,192,0,Not in FBref,0,0,0,0.0,0,0,0,0,0,0,0,0,0,0,0,0,0.0,0.0,0.0,0.0,0.0,0.0,0.0,DF,0.0,0.0,0,0.0,0.0,0.0,0.0,0.0,0.0,65.0
155,LUKIC Jovo,BIH,Bosnia And Herzegovina,Universitatea Cluj,FW,27,190,1,Jovo Lukić,2,1,67,0.7,1,0,1,1,0,0,1,0,3,2,1,0,0.0,0.0,0.0,0.0,0.0,0.0,0.0,FW,1.43,0.0,1,1.43,4.29,2.86,66.7,1.43,0.0,73.5
156,MAHMIC Ermin,BIH,Bosnia And Herzegovina,FC Slovan Liberec,MF,21,182,1,Ermin Mahmić,3,0,68,0.8,2,0,2,2,0,0,1,0,4,2,1,0,0.0,0.0,0.0,0.0,0.0,0.0,0.0,MF,2.5,0.0,2,2.5,5.0,2.5,50.0,1.25,0.0,74.6
157,ALISSON,BRA,Brazil,Liverpool FC,GK,33,193,1,Alisson,5,5,450,5.0,0,0,0,0,0,0,0,0,0,0,0,0,4.0,0.8,18.0,14.0,77.8,2.0,40.0,GK,0.0,0.0,0,0.0,0.0,0.0,0.0,0.0,0.0,82.0
158,EDERSON SILVA,BRA,Brazil,Atalanta Bergamo,MF,26,184,1,Éderson Silva,2,0,22,0.2,0,0,0,0,0,0,0,0,2,0,0,1,0.0,0.0,0.0,0.0,0.0,0.0,0.0,MF,0.0,0.0,0,0.0,10.0,0.0,0.0,0.0,5.0,66.9
159,GABRIEL MAGALHAES,BRA,Brazil,Arsenal FC,DF,28,190,1,Gabriel Magalhães,5,5,450,5.0,0,1,1,0,0,0,0,0,1,0,2,4,0.0,0.0,0.0,0.0,0.0,0.0,0.0,DF,0.0,0.2,1,0.2,0.2,0.0,0.0,0.4,0.8,76.5
160,MARQUINHOS,BRA,Brazil,Paris Saint-Germain,DF,32,183,1,Marquinhos,5,5,450,5.0,0,0,0,0,0,0,0,0,2,0,2,3,0.0,0.0,0.0,0.0,0.0,0.0,0.0,DF,0.0,0.0,0,0.0,0.4,0.0,0.0,0.4,0.6,73.5
161,CASEMIRO,BRA,Brazil,Manchester United FC,MF,34,185,1,Casemiro,5,5,379,4.2,1,0,1,1,0,0,2,0,4,2,5,6,0.0,0.0,0.0,0.0,0.0,0.0,0.0,MF,0.24,0.0,1,0.24,0.95,0.48,50.0,1.19,1.43,73.9
162,ALEX SANDRO,BRA,Brazil,CR Flamengo,DF,35,180,1,Alex Sandro,1,0,9,0.1,0,0,0,0,0,0,0,0,0,0,0,0,0.0,0.0,0.0,0.0,0.0,0.0,0.0,DF,0.0,0.0,0,0.0,0.0,0.0,0.0,0.0,0.0,65.2
163,VINICIUS JUNIOR,BRA,Brazil,Real Madrid C. F.,FW,25,176,1,Vinicius Júnior,5,5,440,4.9,4,1,5,4,0,0,0,0,17,11,1,1,0.0,0.0,0.0,0.0,0.0,0.0,0.0,FW,0.82,0.2,5,1.02,3.47,2.24,64.7,0.2,0.2,79.1
164,BRUNO GUIMARAES,BRA,Brazil,Newcastle United FC,MF,28,182,1,Bruno Guimarães,5,5,416,4.6,0,4,4,0,0,1,0,0,8,2,6,2,0.0,0.0,0.0,0.0,0.0,0.0,0.0,MF,0.0,0.87,4,0.87,1.74,0.43,25.0,1.3,0.43,78.0
165,MATHEUS CUNHA,BRA,Brazil,Manchester United FC,FW,27,183,1,Matheus Cunha,5,4,290,3.2,3,0,3,3,0,0,0,0,11,5,3,3,0.0,0.0,0.0,0.0,0.0,0.0,0.0,FW,0.94,0.0,3,0.94,3.44,1.56,45.5,0.94,0.94,76.8
166,NEYMAR JR,BRA,Brazil,Santos FC,FW,34,175,1,Neymar,2,0,39,0.4,1,0,1,0,1,1,1,0,3,2,0,0,0.0,0.0,0.0,0.0,0.0,0.0,0.0,FW,2.5,0.0,1,2.5,7.5,5.0,66.7,0.0,0.0,73.0
167,RAPHINHA,BRA,Brazil,FC Barcelona,FW,29,176,1,Raphinha,2,2,129,1.4,0,0,0,0,0,0,0,0,3,2,0,0,0.0,0.0,0.0,0.0,0.0,0.0,0.0,FW,0.0,0.0,0,0.0,2.14,1.43,66.7,0.0,0.0,70.5
168,WEVERTON,BRA,Brazil,Grêmio FBPA,GK,38,189,0,Not in FBref,0,0,0,0.0,0,0,0,0,0,0,0,0,0,0,0,0,0.0,0.0,0.0,0.0,0.0,0.0,0.0,GK,0.0,0.0,0,0.0,0.0,0.0,0.0,0.0,0.0,65.0
169,DANILO,BRA,Brazil,CR Flamengo,DF,34,184,1,Danilo,5,4,405,4.5,0,0,0,0,0,0,2,0,1,0,2,7,0.0,0.0,0.0,0.0,0.0,0.0,0.0,DF,0.0,0.0,0,0.0,0.22,0.0,0.0,0.44,1.56,74.0
170,BREMER,BRA,Brazil,Juventus FC,DF,29,188,0,Not in FBref,0,0,0,0.0,0,0,0,0,0,0,0,0,0,0,0,0,0.0,0.0,0.0,0.0,0.0,0.0,0.0,DF,0.0,0.0,0,0.0,0.0,0.0,0.0,0.0,0.0,65.0
171,LEO PEREIRA,BRA,Brazil,CR Flamengo,DF,30,189,0,Not in FBref,0,0,0,0.0,0,0,0,0,0,0,0,0,0,0,0,0,0.0,0.0,0.0,0.0,0.0,0.0,0.0,DF,0.0,0.0,0,0.0,0.0,0.0,0.0,0.0,0.0,65.0
172,DOUGLAS SANTOS,BRA,Brazil,FC Zenit St. Petersburg,DF,32,173,1,Douglas Santos,5,5,441,4.9,0,0,0,0,0,0,1,0,2,0,10,6,0.0,0.0,0.0,0.0,0.0,0.0,0.0,DF,0.0,0.0,0,0.0,0.41,0.0,0.0,2.04,1.22,78.2
173,FABINHO,BRA,Brazil,Al Ittihad,MF,32,188,1,Fabinho,3,0,71,0.8,0,0,0,0,0,0,1,0,1,0,1,2,0.0,0.0,0.0,0.0,0.0,0.0,0.0,MF,0.0,0.0,0,0.0,1.25,0.0,0.0,1.25,2.5,69.7
174,DANILO SANTOS,BRA,Brazil,Botafogo,MF,25,177,1,Danilo Santos,4,0,46,0.5,0,0,0,0,0,0,0,0,2,1,2,1,0.0,0.0,0.0,0.0,0.0,0.0,0.0,MF,0.0,0.0,0,0.0,4.0,2.0,50.0,4.0,2.0,70.3
175,ENDRICK,BRA,Brazil,Olympique Lyonnais,FW,19,172,1,Endrick,4,0,114,1.3,0,0,0,0,0,0,0,0,3,0,1,1,0.0,0.0,0.0,0.0,0.0,0.0,0.0,FW,0.0,0.0,0,0.0,2.31,0.0,0.0,0.77,0.77,66.9
176,LUCAS PAQUETA,BRA,Brazil,CR Flamengo,MF,28,183,1,Lucas Paquetá,4,4,233,2.6,0,1,1,0,0,0,0,0,5,1,4,5,0.0,0.0,0.0,0.0,0.0,0.0,0.0,MF,0.0,0.38,1,0.38,1.92,0.38,20.0,1.54,1.92,76.0
177,LUIZ HENRIQUE,BRA,Brazil,FC Zenit St. Petersburg,FW,25,182,1,Luiz Henrique,1,0,29,0.3,0,0,0,0,0,0,0,0,0,0,0,0,0.0,0.0,0.0,0.0,0.0,0.0,0.0,FW,0.0,0.0,0,0.0,0.0,0.0,0.0,0.0,0.0,65.5
178,GABRIEL MARTINELLI,BRA,Brazil,Arsenal FC,FW,24,178,1,Gabriel Martinelli,4,1,143,1.6,1,0,1,1,0,0,0,0,2,1,0,2,0.0,0.0,0.0,0.0,0.0,0.0,0.0,FW,0.62,0.0,1,0.62,1.25,0.62,50.0,0.0,1.25,73.0
179,EDERSON,BRA,Brazil,Fenerbahçe SK,GK,32,188,1,Éderson Silva,2,0,22,0.2,0,0,0,0,0,0,0,0,2,0,0,1,0.0,0.0,0.0,0.0,0.0,0.0,0.0,GK,0.0,0.0,0,0.0,10.0,0.0,0.0,0.0,5.0,65.4
180,ROGER IBANEZ,BRA,Brazil,Al Ahli FC,DF,27,186,1,Roger Ibanez,1,1,45,0.5,0,0,0,0,0,0,1,0,0,0,2,1,0.0,0.0,0.0,0.0,0.0,0.0,0.0,DF,0.0,0.0,0,0.0,0.0,0.0,0.0,4.0,2.0,72.2
181,IGOR THIAGO,BRA,Brazil,Brentford FC,FW,24,190,1,Igor Thiago,1,1,61,0.7,0,0,0,0,0,0,0,0,2,1,1,0,0.0,0.0,0.0,0.0,0.0,0.0,0.0,FW,0.0,0.0,0,0.0,2.86,1.43,50.0,1.43,0.0,68.5
182,RAYAN,BRA,Brazil,AFC Bournemouth,FW,19,187,1,Rayan,4,3,288,3.2,0,1,1,0,0,0,0,0,5,2,4,3,0.0,0.0,0.0,0.0,0.0,0.0,0.0,FW,0.0,0.31,1,0.31,1.56,0.62,40.0,1.25,0.94,73.0
183,VOZINHA,CPV,Cabo Verde,GD Chaves,GK,40,189,1,Vozinha,4,4,390,4.3,0,0,0,0,0,0,0,0,0,0,0,0,5.0,1.15,23.0,18.0,78.3,2.0,50.0,GK,0.0,0.0,0,0.0,0.0,0.0,0.0,0.0,0.0,81.5
184,STOPIRA,CPV,Cabo Verde,SCU Torreense,DF,38,178,0,Not in FBref,0,0,0,0.0,0,0,0,0,0,0,0,0,0,0,0,0,0.0,0.0,0.0,0.0,0.0,0.0,0.0,DF,0.0,0.0,0,0.0,0.0,0.0,0.0,0.0,0.0,65.0
185,DINEY BORGES,CPV,Cabo Verde,Al Bataeh Club,DF,31,185,1,Diney,4,4,390,4.3,0,0,0,0,0,0,1,0,4,2,7,4,0.0,0.0,0.0,0.0,0.0,0.0,0.0,DF,0.0,0.0,0,0.0,0.93,0.47,50.0,1.63,0.93,76.4
186,PICO LOPES,CPV,Cabo Verde,Shamrock Rovers FC,DF,33,186,1,Pico,4,4,390,4.3,0,0,0,0,0,0,0,0,2,0,5,7,0.0,0.0,0.0,0.0,0.0,0.0,0.0,DF,0.0,0.0,0,0.0,0.47,0.0,0.0,1.16,1.63,78.0
187,LOGAN COSTA,CPV,Cabo Verde,Villarreal CF,DF,25,190,0,Not in FBref,0,0,0,0.0,0,0,0,0,0,0,0,0,0,0,0,0,0.0,0.0,0.0,0.0,0.0,0.0,0.0,DF,0.0,0.0,0,0.0,0.0,0.0,0.0,0.0,0.0,65.0
188,KEVIN PINA,CPV,Cabo Verde,FC Krasnodar,MF,29,177,1,Kevin Pina,4,4,349,3.9,1,0,1,1,0,0,1,0,5,1,7,3,0.0,0.0,0.0,0.0,0.0,0.0,0.0,MF,0.26,0.0,1,0.26,1.28,0.26,20.0,1.79,0.77,74.7
189,JOVANE CABRAL,CPV,Cabo Verde,CF Estrela Da Amadora,MF,27,174,1,Jovane Cabral,2,2,139,1.5,0,0,0,0,0,0,0,0,2,0,3,1,0.0,0.0,0.0,0.0,0.0,0.0,0.0,MF,0.0,0.0,0,0.0,1.33,0.0,0.0,2.0,0.67,71.3
190,JOAO PAULO,CPV,Cabo Verde,FC FCSB,MF,28,180,1,João Paulo Fernandes,2,1,105,1.2,0,0,0,0,0,0,0,0,2,0,1,6,0.0,0.0,0.0,0.0,0.0,0.0,0.0,MF,0.0,0.0,0,0.0,1.67,0.0,0.0,0.83,5.0,74.0
191,GILSON BENCHIMOL,CPV,Cabo Verde,FC Akron Tolyatti,FW,24,187,1,Gilson Benchimol,2,1,78,0.9,0,0,0,0,0,0,0,0,0,0,0,0,0.0,0.0,0.0,0.0,0.0,0.0,0.0,FW,0.0,0.0,0,0.0,0.0,0.0,0.0,0.0,0.0,66.3
192,JAMIRO MONTEIRO,CPV,Cabo Verde,PEC Zwolle,MF,32,175,1,Jamiro Monteiro,4,3,281,3.1,0,0,0,0,0,0,0,0,5,1,4,4,0.0,0.0,0.0,0.0,0.0,0.0,0.0,MF,0.0,0.0,0,0.0,1.61,0.32,20.0,1.29,1.29,73.6
193,GARRY RODRIGUES,CPV,Cabo Verde,Apollon Limassol,MF,35,173,1,Garry Rodrigues,2,1,76,0.8,0,0,0,0,0,0,0,0,1,0,2,1,0.0,0.0,0.0,0.0,0.0,0.0,0.0,MF,0.0,0.0,0,0.0,1.25,0.0,0.0,2.5,1.25,70.8
194,MARCIO ROSA,CPV,Cabo Verde,PFC Montana,GK,29,186,0,Not in FBref,0,0,0,0.0,0,0,0,0,0,0,0,0,0,0,0,0,0.0,0.0,0.0,0.0,0.0,0.0,0.0,GK,0.0,0.0,0,0.0,0.0,0.0,0.0,0.0,0.0,65.0
195,SIDNY LOPES CABRAL,CPV,Cabo Verde,SL Benfica,DF,23,176,1,Sidny Lopes Cabral,3,3,285,3.2,1,0,1,1,0,0,2,0,4,2,2,4,0.0,0.0,0.0,0.0,0.0,0.0,0.0,DF,0.31,0.0,1,0.31,1.25,0.62,50.0,0.62,1.25,74.9
196,DEROY DUARTE,CPV,Cabo Verde,PFC Ludogorets Razgrad,MF,26,177,1,Deroy Duarte,4,2,264,2.9,1,0,1,1,0,0,0,0,3,2,5,6,0.0,0.0,0.0,0.0,0.0,0.0,0.0,MF,0.34,0.0,1,0.34,1.03,0.69,66.7,1.72,2.07,76.5
197,LAROS DUARTE,CPV,Cabo Verde,Puskás Akadémia FC,MF,29,180,1,Laros Duarte,4,2,166,1.8,0,0,0,0,0,0,0,0,3,3,1,2,0.0,0.0,0.0,0.0,0.0,0.0,0.0,MF,0.0,0.0,0,0.0,1.67,1.67,100.0,0.56,1.11,70.3
198,YANNICK SEMEDO,CPV,Cabo Verde,SC Farense,MF,30,176,1,Yannick,2,0,32,0.4,0,1,1,0,0,0,0,0,1,0,1,2,0.0,0.0,0.0,0.0,0.0,0.0,0.0,MF,0.0,2.5,1,2.5,2.5,0.0,0.0,2.5,5.0,75.0
199,WILLY SEMEDO,CPV,Cabo Verde,AC Omonia,MF,32,185,1,Willy Semedo,3,1,131,1.5,0,0,0,0,0,0,0,0,3,0,0,3,0.0,0.0,0.0,0.0,0.0,0.0,0.0,MF,0.0,0.0,0,0.0,2.0,0.0,0.0,0.0,2.0,70.2
200,TELMO ARCANJO,CPV,Cabo Verde,Vitória SC,MF,24,180,1,Telmo Arcanjo,2,1,57,0.6,0,0,0,0,0,0,0,0,0,0,0,0,0.0,0.0,0.0,0.0,0.0,0.0,0.0,MF,0.0,0.0,0,0.0,0.0,0.0,0.0,0.0,0.0,66.0
201,DAILON LIVRAMENTO,CPV,Cabo Verde,Casa Pia AC,FW,25,185,1,Dailon Livramento,3,2,174,1.9,0,0,0,0,0,0,0,0,1,0,0,0,0.0,0.0,0.0,0.0,0.0,0.0,0.0,FW,0.0,0.0,0,0.0,0.53,0.0,0.0,0.0,0.0,67.9
202,RYAN MENDES,CPV,Cabo Verde,Iğdır FK,FW,36,178,1,Ryan Mendes,4,4,330,3.7,0,1,1,0,0,0,0,0,6,0,2,5,0.0,0.0,0.0,0.0,0.0,0.0,0.0,FW,0.0,0.27,1,0.27,1.62,0.0,0.0,0.54,1.35,71.6
203,NUNO DA COSTA,CPV,Cabo Verde,Başakşehir FK,MF,35,182,1,Nuno da Costa,4,1,159,1.8,0,0,0,0,0,0,0,0,1,0,2,1,0.0,0.0,0.0,0.0,0.0,0.0,0.0,MF,0.0,0.0,0,0.0,0.56,0.0,0.0,1.11,0.56,70.2
204,STEVEN MOREIRA,CPV,Cabo Verde,Columbus Crew,DF,31,178,1,Steven Moreira,4,3,301,3.3,0,0,0,0,0,0,0,0,2,0,3,2,0.0,0.0,0.0,0.0,0.0,0.0,0.0,DF,0.0,0.0,0,0.0,0.61,0.0,0.0,0.91,0.61,73.8
205,CJ DOS SANTOS,CPV,Cabo Verde,San Diego FC,GK,25,189,0,Not in FBref,0,0,0,0.0,0,0,0,0,0,0,0,0,0,0,0,0,0.0,0.0,0.0,0.0,0.0,0.0,0.0,GK,0.0,0.0,0,0.0,0.0,0.0,0.0,0.0,0.0,65.0
206,WAGNER PINA,CPV,Cabo Verde,Trabzonspor,DF,23,180,1,Wagner Pina,1,1,89,1.0,0,0,0,0,0,0,1,0,1,0,0,1,0.0,0.0,0.0,0.0,0.0,0.0,0.0,DF,0.0,0.0,0,0.0,1.0,0.0,0.0,0.0,1.0,68.0
207,KELVIN PIRES,CPV,Cabo Verde,SJK,DF,26,193,0,Not in FBref,0,0,0,0.0,0,0,0,0,0,0,0,0,0,0,0,0,0.0,0.0,0.0,0.0,0.0,0.0,0.0,DF,0.0,0.0,0,0.0,0.0,0.0,0.0,0.0,0.0,65.0
208,HELIO VARELA,CPV,Cabo Verde,Maccabi Tel-Aviv FC,MF,24,176,1,Hélio Varela,3,0,104,1.2,1,0,1,1,0,0,0,0,3,1,0,0,0.0,0.0,0.0,0.0,0.0,0.0,0.0,MF,0.83,0.0,1,0.83,2.5,0.83,33.3,0.0,0.0,70.1
209,ST. CLAIR Dayne,CAN,Canada,Inter Miami CF,GK,29,191,0,Not in FBref,0,0,0,0.0,0,0,0,0,0,0,0,0,0,0,0,0,0.0,0.0,0.0,0.0,0.0,0.0,0.0,GK,0.0,0.0,0,0.0,0.0,0.0,0.0,0.0,0.0,65.0
210,JOHNSTON Alistair,CAN,Canada,Celtic FC,DF,27,180,1,Alistair Johnston,5,5,450,5.0,0,0,0,0,0,0,1,0,5,2,2,6,0.0,0.0,0.0,0.0,0.0,0.0,0.0,DF,0.0,0.0,0,0.0,1.0,0.4,40.0,0.4,1.2,74.0
211,JONES Alfie,CAN,Canada,Middlesbrough FC,DF,28,191,0,Not in FBref,0,0,0,0.0,0,0,0,0,0,0,0,0,0,0,0,0,0.0,0.0,0.0,0.0,0.0,0.0,0.0,DF,0.0,0.0,0,0.0,0.0,0.0,0.0,0.0,0.0,65.0
212,DE FOUGEROLLES Luc,CAN,Canada,FCV Dender EH,DF,20,183,1,Luc De Fougerolles,5,4,372,4.1,0,0,0,0,0,0,2,0,3,1,6,2,0.0,0.0,0.0,0.0,0.0,0.0,0.0,DF,0.0,0.0,0,0.0,0.73,0.24,33.3,1.46,0.49,73.9
213,WATERMAN Joel,CAN,Canada,Chicago Fire FC,DF,30,185,0,Not in FBref,0,0,0,0.0,0,0,0,0,0,0,0,0,0,0,0,0,0.0,0.0,0.0,0.0,0.0,0.0,0.0,DF,0.0,0.0,0,0.0,0.0,0.0,0.0,0.0,0.0,65.0
214,CHOINIERE Mathieu,CAN,Canada,LAFC,MF,27,173,1,Mathieu Choinière,1,1,57,0.6,0,0,0,0,0,0,0,0,0,0,1,2,0.0,0.0,0.0,0.0,0.0,0.0,0.0,MF,0.0,0.0,0,0.0,0.0,0.0,0.0,1.67,3.33,70.4
215,EUSTAQUIO Stephen,CAN,Canada,LAFC,MF,29,175,1,Stephen Eustáquio,5,4,392,4.4,1,0,1,1,0,0,0,0,4,1,5,3,0.0,0.0,0.0,0.0,0.0,0.0,0.0,MF,0.23,0.0,1,0.23,0.91,0.23,25.0,1.14,0.68,74.6
216,KONE Ismael,CAN,Canada,US Sassuolo,MF,23,188,1,Ismaël Koné,2,2,146,1.6,0,0,0,0,0,0,0,0,2,0,2,3,0.0,0.0,0.0,0.0,0.0,0.0,0.0,MF,0.0,0.0,0,0.0,1.25,0.0,0.0,1.25,1.88,72.1
217,LARIN Cyle,CAN,Canada,Southampton FC,FW,31,188,1,Cyle Larin,4,2,190,2.1,2,0,2,2,0,0,2,0,9,4,0,0,0.0,0.0,0.0,0.0,0.0,0.0,0.0,FW,0.95,0.0,2,0.95,4.29,1.9,44.4,0.0,0.0,73.1
218,DAVID Jonathan,CAN,Canada,Juventus FC,FW,26,175,1,Jonathan David,5,5,420,4.7,3,0,3,3,0,0,1,0,18,8,1,3,0.0,0.0,0.0,0.0,0.0,0.0,0.0,FW,0.64,0.0,3,0.64,3.83,1.7,44.4,0.21,0.64,75.4
219,MILLAR Liam,CAN,Canada,Hull City FC,MF,26,176,1,Liam Millar,3,2,162,1.8,0,0,0,0,0,0,1,0,1,0,4,0,0.0,0.0,0.0,0.0,0.0,0.0,0.0,MF,0.0,0.0,0,0.0,0.56,0.0,0.0,2.22,0.0,70.0
220,OLUWASEYI Tani,CAN,Canada,Villarreal CF,FW,26,187,1,Tani Oluwaseyi,5,3,259,2.9,0,0,0,0,0,0,0,0,8,4,3,0,0.0,0.0,0.0,0.0,0.0,0.0,0.0,FW,0.0,0.0,0,0.0,2.76,1.38,50.0,1.03,0.0,71.8
221,CORNELIUS Derek,CAN,Canada,Rangers FC,DF,28,186,1,Derek Cornelius,4,4,315,3.5,0,0,0,0,0,0,1,0,5,1,3,2,0.0,0.0,0.0,0.0,0.0,0.0,0.0,DF,0.0,0.0,0,0.0,1.43,0.29,20.0,0.86,0.57,72.8
222,SHAFFELBURG Jacob,CAN,Canada,LAFC,MF,26,181,1,Jacob Shaffelburg,5,0,92,1.0,0,0,0,0,0,0,0,0,3,0,1,2,0.0,0.0,0.0,0.0,0.0,0.0,0.0,MF,0.0,0.0,0,0.0,3.0,0.0,0.0,1.0,2.0,71.0
223,BOMBITO Moise,CAN,Canada,OGC Nice,DF,26,190,1,Moïse Bombito,3,2,193,2.1,0,0,0,0,0,0,0,0,1,1,0,1,0.0,0.0,0.0,0.0,0.0,0.0,0.0,DF,0.0,0.0,0,0.0,0.48,0.48,100.0,0.0,0.48,69.4
224,CREPEAU Maxime,CAN,Canada,Orlando City SC,GK,32,185,1,Maxime Crépeau,5,5,450,5.0,0,0,0,0,0,0,0,0,0,0,1,0,6.0,1.2,12.0,6.0,50.0,2.0,40.0,GK,0.0,0.0,0,0.0,0.0,0.0,0.0,0.2,0.0,79.2
225,BUCHANAN Tajon,CAN,Canada,Villarreal CF,FW,27,183,1,Tajon Buchanan,5,5,376,4.2,0,0,0,0,0,0,0,0,6,3,5,1,0.0,0.0,0.0,0.0,0.0,0.0,0.0,FW,0.0,0.0,0,0.0,1.43,0.71,50.0,1.19,0.24,73.5
226,GOODMAN Owen,CAN,Canada,Barnsley,GK,22,193,0,Not in FBref,0,0,0,0.0,0,0,0,0,0,0,0,0,0,0,0,0,0.0,0.0,0.0,0.0,0.0,0.0,0.0,GK,0.0,0.0,0,0.0,0.0,0.0,0.0,0.0,0.0,65.0
227,DAVIES Alphonso,CAN,Canada,FC Bayern München,DF,25,183,1,Alphonso Davies,1,0,16,0.2,0,0,0,0,0,0,0,0,0,0,0,0,0.0,0.0,0.0,0.0,0.0,0.0,0.0,DF,0.0,0.0,0,0.0,0.0,0.0,0.0,0.0,0.0,65.3
228,AHMED Ali,CAN,Canada,Norwich City FC,FW,25,180,1,Ali Ahmed,4,3,234,2.6,0,0,0,0,0,0,0,0,2,1,2,3,0.0,0.0,0.0,0.0,0.0,0.0,0.0,FW,0.0,0.0,0,0.0,0.77,0.38,50.0,0.77,1.15,71.4
229,OSORIO Jonathan,CAN,Canada,Toronto FC,MF,33,175,1,Jonathan Osorio,2,0,5,0.1,0,0,0,0,0,0,0,0,1,0,0,1,0.0,0.0,0.0,0.0,0.0,0.0,0.0,MF,0.0,0.0,0,0.0,10.0,0.0,0.0,0.0,10.0,66.6
230,LARYEA Richie,CAN,Canada,Toronto FC,DF,31,175,1,Richie Laryea,5,5,429,4.8,0,0,0,0,0,0,1,0,2,1,9,2,0.0,0.0,0.0,0.0,0.0,0.0,0.0,DF,0.0,0.0,0,0.0,0.42,0.21,50.0,1.88,0.42,75.7
231,SIGUR Niko,CAN,Canada,HNK Hajduk Split,DF,22,178,1,Niko Sigur,3,1,126,1.4,0,0,0,0,0,0,1,0,1,0,1,0,0.0,0.0,0.0,0.0,0.0,0.0,0.0,DF,0.0,0.0,0,0.0,0.71,0.0,0.0,0.71,0.0,67.9
232,DAVID Promise,CAN,Canada,Royale Union Saint-Gilloise,FW,24,195,1,Promise David,4,0,80,0.9,1,1,2,1,0,0,0,0,5,3,1,1,0.0,0.0,0.0,0.0,0.0,0.0,0.0,FW,1.11,1.11,2,2.22,5.56,3.33,60.0,1.11,1.11,78.3
233,SALIBA Nathan,CAN,Canada,RSC Anderlecht,MF,22,174,1,Nathan Saliba,3,2,182,2.0,1,2,3,1,0,0,1,0,3,1,4,4,0.0,0.0,0.0,0.0,0.0,0.0,0.0,MF,0.5,1.0,3,1.5,1.5,0.5,33.3,2.0,2.0,80.0
234,FLORES Marcelo,CAN,Canada,Tigres UANL,MF,22,164,0,Not in FBref,0,0,0,0.0,0,0,0,0,0,0,0,0,0,0,0,0,0.0,0.0,0.0,0.0,0.0,0.0,0.0,MF,0.0,0.0,0,0.0,0.0,0.0,0.0,0.0,0.0,65.0
235,OSPINA David,COL,Colombia,Atlético Nacional,GK,37,183,0,Not in FBref,0,0,0,0.0,0,0,0,0,0,0,0,0,0,0,0,0,0.0,0.0,0.0,0.0,0.0,0.0,0.0,GK,0.0,0.0,0,0.0,0.0,0.0,0.0,0.0,0.0,65.0
236,MUNOZ Daniel,COL,Colombia,Crystal Palace FC,DF,30,180,1,Daniel Muñoz,5,4,394,4.4,2,0,2,2,0,0,0,0,3,2,3,7,0.0,0.0,0.0,0.0,0.0,0.0,0.0,DF,0.45,0.0,2,0.45,0.68,0.45,66.7,0.68,1.59,81.7
237,LUCUMI Jhon,COL,Colombia,Bologna FC,DF,27,187,1,Jhon Lucumí,5,5,478,5.3,0,0,0,0,0,0,1,0,2,0,2,5,0.0,0.0,0.0,0.0,0.0,0.0,0.0,DF,0.0,0.0,0,0.0,0.38,0.0,0.0,0.38,0.94,73.3
238,ARIAS Santiago,COL,Colombia,CA Independiente,DF,34,177,1,Santiago Arias,1,1,86,1.0,0,0,0,0,0,0,0,0,0,0,2,1,0.0,0.0,0.0,0.0,0.0,0.0,0.0,DF,0.0,0.0,0,0.0,0.0,0.0,0.0,2.0,1.0,73.9
239,CASTANO Kevin,COL,Colombia,CA River Plate,MF,25,179,1,Kevin Castaño,2,0,16,0.2,0,0,0,0,0,0,0,0,0,0,0,0,0.0,0.0,0.0,0.0,0.0,0.0,0.0,MF,0.0,0.0,0,0.0,0.0,0.0,0.0,0.0,0.0,65.3
240,RIOS Richard,COL,Colombia,SL Benfica,MF,26,185,1,Richard Ríos,5,0,140,1.6,0,0,0,0,0,0,1,0,5,1,2,1,0.0,0.0,0.0,0.0,0.0,0.0,0.0,MF,0.0,0.0,0,0.0,3.12,0.62,20.0,1.25,0.62,69.1
241,DIAZ Luis,COL,Colombia,FC Bayern München,FW,29,179,1,Luis Díaz,5,5,478,5.3,1,1,2,1,0,0,0,0,19,6,0,1,0.0,0.0,0.0,0.0,0.0,0.0,0.0,FW,0.19,0.19,2,0.38,3.58,1.13,31.6,0.0,0.19,74.3
242,CARRASCAL Jorge,COL,Colombia,CR Flamengo,MF,28,180,0,Not in FBref,0,0,0,0.0,0,0,0,0,0,0,0,0,0,0,0,0,0.0,0.0,0.0,0.0,0.0,0.0,0.0,MF,0.0,0.0,0,0.0,0.0,0.0,0.0,0.0,0.0,65.0
243,CORDOBA Jhon,COL,Colombia,FC Krasnodar,FW,33,186,1,Jhon Córdoba,3,2,99,1.1,0,0,0,0,0,0,0,0,2,1,0,0,0.0,0.0,0.0,0.0,0.0,0.0,0.0,FW,0.0,0.0,0,0.0,1.82,0.91,50.0,0.0,0.0,69.2
244,RODRIGUEZ James,COL,Colombia,Minnesota United FC,MF,34,181,1,James Rodríguez,5,5,313,3.5,0,0,0,0,0,0,0,0,6,3,1,1,0.0,0.0,0.0,0.0,0.0,0.0,0.0,MF,0.0,0.0,0,0.0,1.71,0.86,50.0,0.29,0.29,71.1
245,ARIAS Jhon,COL,Colombia,SE Palmeiras,MF,28,168,1,Jhon Arias,5,5,377,4.2,1,0,1,1,0,0,1,0,9,4,9,2,0.0,0.0,0.0,0.0,0.0,0.0,0.0,MF,0.24,0.0,1,0.24,2.14,0.95,44.4,2.14,0.48,74.9
246,VARGAS Camilo,COL,Colombia,Atlas FC,GK,37,183,1,Camilo Vargas,5,5,480,5.3,0,0,0,0,0,0,0,0,0,0,0,0,1.0,0.19,7.0,6.0,85.7,4.0,80.0,GK,0.0,0.0,0,0.0,0.0,0.0,0.0,0.0,0.0,89.6
247,MINA Yerry,COL,Colombia,Cagliari,DF,31,195,1,Yerry Mina,1,0,2,0.0,0,0,0,0,0,0,0,0,0,0,0,0,0.0,0.0,0.0,0.0,0.0,0.0,0.0,DF,0.0,0.0,0,0.0,0.0,0.0,0.0,0.0,0.0,65.0
248,PUERTA Gustavo,COL,Colombia,Racing Santander,DF,22,173,1,Gustavo Puerta,5,5,469,5.2,0,1,1,0,0,0,1,0,14,5,3,3,0.0,0.0,0.0,0.0,0.0,0.0,0.0,DF,0.0,0.19,1,0.19,2.69,0.96,35.7,0.58,0.58,75.4
249,PORTILLA Juan,COL,Colombia,Athletico Paranaense,MF,27,181,0,Not in FBref,0,0,0,0.0,0,0,0,0,0,0,0,0,0,0,0,0,0.0,0.0,0.0,0.0,0.0,0.0,0.0,MF,0.0,0.0,0,0.0,0.0,0.0,0.0,0.0,0.0,65.0
250,LERMA Jefferson,COL,Colombia,Crystal Palace FC,MF,31,180,1,Jefferson Lerma,5,5,410,4.6,0,0,0,0,0,0,1,0,5,1,1,5,0.0,0.0,0.0,0.0,0.0,0.0,0.0,MF,0.0,0.0,0,0.0,1.09,0.22,20.0,0.22,1.09,72.0
251,MOJICA Johan,COL,Colombia,RCD Mallorca,DF,33,184,1,Johan Mojica,4,4,390,4.3,0,0,0,0,0,0,1,0,3,2,3,3,0.0,0.0,0.0,0.0,0.0,0.0,0.0,DF,0.0,0.0,0,0.0,0.7,0.47,66.7,0.7,0.7,73.5
252,DITTA Willer,COL,Colombia,CF Cruz Azul,DF,28,179,0,Not in FBref,0,0,0,0.0,0,0,0,0,0,0,0,0,0,0,0,0,0.0,0.0,0.0,0.0,0.0,0.0,0.0,DF,0.0,0.0,0,0.0,0.0,0.0,0.0,0.0,0.0,65.0
253,HERNANDEZ Cucho,COL,Colombia,Real Betis,FW,27,176,1,Cucho,2,0,50,0.6,0,1,1,0,0,0,0,0,1,0,0,0,0.0,0.0,0.0,0.0,0.0,0.0,0.0,FW,0.0,1.67,1,1.67,1.67,0.0,0.0,0.0,0.0,69.8
254,QUINTERO Juan,COL,Colombia,CA River Plate,MF,33,167,1,Juan Quintero,4,0,121,1.3,0,1,1,0,0,0,0,0,4,0,0,0,0.0,0.0,0.0,0.0,0.0,0.0,0.0,MF,0.0,0.77,1,0.77,3.08,0.0,0.0,0.0,0.0,70.9
255,CAMPAZ Jaminton,COL,Colombia,CA Rosario Central,FW,26,166,1,Jaminton Campaz,3,0,75,0.8,1,0,1,1,0,0,0,0,6,3,1,0,0.0,0.0,0.0,0.0,0.0,0.0,0.0,FW,1.25,0.0,1,1.25,7.5,3.75,50.0,1.25,0.0,73.8
256,MACHADO Deiver,COL,Colombia,FC Nantes,DF,32,173,1,Deiver Machado,1,1,90,1.0,0,0,0,0,0,0,0,0,0,0,0,2,0.0,0.0,0.0,0.0,0.0,0.0,0.0,DF,0.0,0.0,0,0.0,0.0,0.0,0.0,0.0,2.0,71.5
257,SANCHEZ Davinson,COL,Colombia,Galatasaray SK,DF,29,188,1,Davinson Sánchez,5,5,480,5.3,0,0,0,0,0,0,1,0,6,2,2,6,0.0,0.0,0.0,0.0,0.0,0.0,0.0,DF,0.0,0.0,0,0.0,1.13,0.38,33.3,0.38,1.13,73.8
258,MONTERO Alvaro,COL,Colombia,CA Vélez Sarsfield,GK,31,201,0,Not in FBref,0,0,0,0.0,0,0,0,0,0,0,0,0,0,0,0,0,0.0,0.0,0.0,0.0,0.0,0.0,0.0,GK,0.0,0.0,0,0.0,0.0,0.0,0.0,0.0,0.0,65.0
259,SUAREZ Luis,COL,Colombia,Sporting CP,FW,28,179,1,Luis Suárez,5,3,331,3.7,0,1,1,0,0,0,1,0,9,0,4,0,0.0,0.0,0.0,0.0,0.0,0.0,0.0,FW,0.0,0.27,1,0.27,2.43,0.0,0.0,1.08,0.0,70.6
260,GOMEZ Andres,COL,Colombia,CR Vasco Da Gama,FW,23,170,1,Andrés Gómez,1,0,1,0.0,0,0,0,0,0,0,0,0,0,0,0,1,0.0,0.0,0.0,0.0,0.0,0.0,0.0,FW,0.0,0.0,0,0.0,0.0,0.0,0.0,0.0,10.0,65.0
261,MPASI Lionel,COD,Congo DR,Le Havre AC,GK,31,182,1,Lionel Mpasi,4,4,360,4.0,0,0,0,0,0,0,0,0,0,0,0,0,5.0,1.25,19.0,14.0,73.7,0.0,0.0,GK,0.0,0.0,0,0.0,0.0,0.0,0.0,0.0,0.0,75.0
262,WAN-BISSAKA Aaron,COD,Congo DR,West Ham United FC,DF,28,183,1,Aaron Wan-Bissaka,4,4,354,3.9,0,0,0,0,0,0,0,0,0,0,4,7,0.0,0.0,0.0,0.0,0.0,0.0,0.0,DF,0.0,0.0,0,0.0,0.0,0.0,0.0,1.03,1.79,78.0
263,KAPUADI Steve,COD,Congo DR,Widzew Łódź,DF,28,196,1,Steve Kapuadi,2,2,180,2.0,0,0,0,0,0,0,0,0,1,0,1,1,0.0,0.0,0.0,0.0,0.0,0.0,0.0,DF,0.0,0.0,0,0.0,0.5,0.0,0.0,0.5,0.5,70.5
264,TUANZEBE Axel,COD,Congo DR,Burnley FC,DF,28,188,1,Axel Tuanzebe,4,4,360,4.0,0,0,0,0,0,0,0,0,0,0,2,1,0.0,0.0,0.0,0.0,0.0,0.0,0.0,DF,0.0,0.0,0,0.0,0.0,0.0,0.0,0.5,0.25,72.9
265,BATUBINSIKA Dylan,COD,Congo DR,AEL FC,DF,30,185,0,Not in FBref,0,0,0,0.0,0,0,0,0,0,0,0,0,0,0,0,0,0.0,0.0,0.0,0.0,0.0,0.0,0.0,DF,0.0,0.0,0,0.0,0.0,0.0,0.0,0.0,0.0,65.0
266,MUKAU Ngalayel,COD,Congo DR,Lille OSC,MF,21,186,1,Ngal'Ayel Mukau,4,3,195,2.2,0,0,0,0,0,0,0,0,1,0,2,3,0.0,0.0,0.0,0.0,0.0,0.0,0.0,MF,0.0,0.0,0,0.0,0.45,0.0,0.0,0.91,1.36,71.7
267,MBUKU Nathanael,COD,Congo DR,Montpellier HSC,MF,24,170,1,Nathanaël Mbuku,3,2,143,1.6,0,0,0,0,0,0,1,0,3,2,3,0,0.0,0.0,0.0,0.0,0.0,0.0,0.0,MF,0.0,0.0,0,0.0,1.88,1.25,66.7,1.88,0.0,69.2
268,MOUTOUSSAMY Samuel,COD,Congo DR,Atromitos FC,MF,29,176,1,Samuel Moutoussamy,4,4,330,3.7,0,0,0,0,0,0,1,0,3,0,8,1,0.0,0.0,0.0,0.0,0.0,0.0,0.0,MF,0.0,0.0,0,0.0,0.81,0.0,0.0,2.16,0.27,73.1
269,CIPENGA Brian,COD,Congo DR,CD Castellón,FW,28,172,1,Brian Cipenga,2,2,146,1.6,1,0,1,1,0,0,0,0,6,1,2,0,0.0,0.0,0.0,0.0,0.0,0.0,0.0,FW,0.62,0.0,1,0.62,3.75,0.62,16.7,1.25,0.0,71.4
270,BONGONDA Theo,COD,Congo DR,FC Spartak Moscow,MF,30,176,1,Theo Bongonda,2,0,34,0.4,0,0,0,0,0,0,0,0,1,0,0,1,0.0,0.0,0.0,0.0,0.0,0.0,0.0,MF,0.0,0.0,0,0.0,2.5,0.0,0.0,0.0,2.5,67.1
271,KAKUTA Gael,COD,Congo DR,AEL FC,FW,34,174,0,Not in FBref,0,0,0,0.0,0,0,0,0,0,0,0,0,0,0,0,0,0.0,0.0,0.0,0.0,0.0,0.0,0.0,FW,0.0,0.0,0,0.0,0.0,0.0,0.0,0.0,0.0,65.0
272,KAYEMBE Joris,COD,Congo DR,KRC Genk,DF,31,180,1,Joris Kayembe,4,0,45,0.5,0,0,0,0,0,0,0,0,1,0,4,4,0.0,0.0,0.0,0.0,0.0,0.0,0.0,DF,0.0,0.0,0,0.0,2.0,0.0,0.0,8.0,8.0,85.8
273,ELIA Meschack,COD,Congo DR,Alanyaspor,FW,28,173,1,Meschak Elia,2,0,46,0.5,0,1,1,0,0,0,0,0,2,1,0,1,0.0,0.0,0.0,0.0,0.0,0.0,0.0,FW,0.0,2.0,1,2.0,4.0,2.0,50.0,0.0,2.0,72.3
274,SADIKI Noah,COD,Congo DR,Sunderland AFC,MF,21,165,1,Noah Sadiki,4,2,259,2.9,0,0,0,0,0,0,2,0,0,0,4,2,0.0,0.0,0.0,0.0,0.0,0.0,0.0,MF,0.0,0.0,0,0.0,0.0,0.0,0.0,1.38,0.69,70.4
275,TSHIBOLA Aaron,COD,Congo DR,Kilmarnock FC,MF,31,184,0,Not in FBref,0,0,0,0.0,0,0,0,0,0,0,0,0,0,0,0,0,0.0,0.0,0.0,0.0,0.0,0.0,0.0,MF,0.0,0.0,0,0.0,0.0,0.0,0.0,0.0,0.0,65.0
276,FAYULU Timothy,COD,Congo DR,FC Noah,GK,26,192,0,Not in FBref,0,0,0,0.0,0,0,0,0,0,0,0,0,0,0,0,0,0.0,0.0,0.0,0.0,0.0,0.0,0.0,GK,0.0,0.0,0,0.0,0.0,0.0,0.0,0.0,0.0,65.0
277,BAKAMBU Cedric,COD,Congo DR,Real Betis,FW,35,182,1,Cédric Bakambu,3,3,190,2.1,0,0,0,0,0,0,0,0,3,0,0,0,0.0,0.0,0.0,0.0,0.0,0.0,0.0,FW,0.0,0.0,0,0.0,1.43,0.0,0.0,0.0,0.0,68.2
278,PICKEL Charles,COD,Congo DR,RCD Espanyol,MF,29,187,1,Charles Pickel,2,0,35,0.4,0,0,0,0,0,0,1,0,1,0,0,0,0.0,0.0,0.0,0.0,0.0,0.0,0.0,MF,0.0,0.0,0,0.0,2.5,0.0,0.0,0.0,0.0,64.6
279,MAYELE Fiston,COD,Congo DR,Pyramids FC,FW,31,185,1,Fiston Mayele,2,0,42,0.5,1,0,1,1,0,0,0,0,5,1,0,0,0.0,0.0,0.0,0.0,0.0,0.0,0.0,FW,2.0,0.0,1,2.0,10.0,2.0,20.0,0.0,0.0,71.7
280,WISSA Yoane,COD,Congo DR,Newcastle United FC,FW,29,176,1,Yoane Wissa,4,4,360,4.0,3,0,3,2,1,1,0,0,11,3,1,0,0.0,0.0,0.0,0.0,0.0,0.0,0.0,FW,0.75,0.0,3,0.75,2.75,0.75,27.3,0.25,0.0,76.1
281,EPOLO Matthieu,COD,Congo DR,Standard Liège,GK,21,183,0,Not in FBref,0,0,0,0.0,0,0,0,0,0,0,0,0,0,0,0,0,0.0,0.0,0.0,0.0,0.0,0.0,0.0,GK,0.0,0.0,0,0.0,0.0,0.0,0.0,0.0,0.0,65.0
282,MBEMBA Chancel,COD,Congo DR,Lille OSC,DF,31,182,1,Chancel Mbemba,4,4,360,4.0,0,1,1,0,0,0,1,0,1,0,3,1,0.0,0.0,0.0,0.0,0.0,0.0,0.0,DF,0.0,0.25,1,0.25,0.25,0.0,0.0,0.75,0.25,75.0
283,BANZA Simon,COD,Congo DR,Al Jazira,FW,29,189,1,Simon Banza,2,0,40,0.4,0,0,0,0,0,0,0,0,0,0,1,0,0.0,0.0,0.0,0.0,0.0,0.0,0.0,FW,0.0,0.0,0,0.0,0.0,0.0,0.0,2.5,0.0,65.7
284,KALULU Gedeon,COD,Congo DR,Aris Limassol FC,DF,28,178,1,Gédéon Kalulu,1,0,6,0.1,0,0,0,0,0,0,0,0,0,0,0,0,0.0,0.0,0.0,0.0,0.0,0.0,0.0,DF,0.0,0.0,0,0.0,0.0,0.0,0.0,0.0,0.0,65.1
285,KAYEMBE Edo,COD,Congo DR,Watford FC,MF,28,183,1,Edo Kayembe,3,2,160,1.8,0,0,0,0,0,0,0,0,2,1,1,0,0.0,0.0,0.0,0.0,0.0,0.0,0.0,MF,0.0,0.0,0,0.0,1.11,0.56,50.0,0.56,0.0,68.5
286,MASUAKU Arthur,COD,Congo DR,RC Lens,DF,32,179,1,Arthur Masuaku,4,4,315,3.5,0,1,1,0,0,0,0,0,0,0,5,0,0.0,0.0,0.0,0.0,0.0,0.0,0.0,DF,0.0,0.29,1,0.29,0.0,0.0,0.0,1.43,0.0,76.3
287,FOFANA Yahia,CIV,Côte D'Ivoire,Çaykur Rizespor,GK,25,194,1,Yahia Fofana,4,4,360,4.0,0,0,0,0,0,0,0,0,0,0,0,0,4.0,1.0,13.0,9.0,69.2,2.0,50.0,GK,0.0,0.0,0,0.0,0.0,0.0,0.0,0.0,0.0,81.0
288,DIOMANDE Ousmane,CIV,Côte D'Ivoire,Sporting CP,DF,22,190,1,Ousmane Diomande,1,1,90,1.0,0,0,0,0,0,0,0,0,0,0,0,1,0.0,0.0,0.0,0.0,0.0,0.0,0.0,DF,0.0,0.0,0,0.0,0.0,0.0,0.0,0.0,1.0,69.0
289,KONAN Ghislain,CIV,Côte D'Ivoire,Gil Vicente FC,DF,30,176,1,Ghislain Konan,3,3,269,3.0,0,0,0,0,0,0,0,0,4,0,3,0,0.0,0.0,0.0,0.0,0.0,0.0,0.0,DF,0.0,0.0,0,0.0,1.33,0.0,0.0,1.0,0.0,72.0
290,SERI Jean Michael,CIV,Côte D'Ivoire,NK Maribor,MF,34,168,1,Jean Seri,1,0,14,0.2,0,0,0,0,0,0,0,0,0,0,1,0,0.0,0.0,0.0,0.0,0.0,0.0,0.0,MF,0.0,0.0,0,0.0,0.0,0.0,0.0,5.0,0.0,66.7
291,SINGO Wilfried,CIV,Côte D'Ivoire,Galatasaray SK,DF,25,182,1,Wilfried Singo,2,2,171,1.9,0,1,1,0,0,0,0,0,2,0,0,4,0.0,0.0,0.0,0.0,0.0,0.0,0.0,DF,0.0,0.53,1,0.53,1.05,0.0,0.0,0.0,2.11,75.6
292,FOFANA Seko,CIV,Côte D'Ivoire,FC Porto,MF,31,185,1,Seko Fofana,2,1,92,1.0,0,0,0,0,0,0,1,0,5,1,0,2,0.0,0.0,0.0,0.0,0.0,0.0,0.0,MF,0.0,0.0,0,0.0,5.0,1.0,20.0,0.0,2.0,68.5
293,KOSSOUNOU Odilon,CIV,Côte D'Ivoire,Atalanta Bergamo,DF,25,191,1,Odilon Kossounou,4,3,272,3.0,0,0,0,0,0,0,0,0,0,0,3,3,0.0,0.0,0.0,0.0,0.0,0.0,0.0,DF,0.0,0.0,0,0.0,0.0,0.0,0.0,1.0,1.0,74.5
294,KESSIE Franck,CIV,Côte D'Ivoire,Al Ahli FC,MF,29,183,1,Franck Kessié,4,4,346,3.8,1,0,1,1,0,0,1,0,4,2,4,0,0.0,0.0,0.0,0.0,0.0,0.0,0.0,MF,0.26,0.0,1,0.26,1.05,0.53,50.0,1.05,0.0,72.4
295,BONNY Ange-Yoan,CIV,Côte D'Ivoire,FC Internazionale Milano,FW,22,189,1,Ange-Yoan Bonny,4,3,234,2.6,0,0,0,0,0,0,0,0,1,1,2,1,0.0,0.0,0.0,0.0,0.0,0.0,0.0,FW,0.0,0.0,0,0.0,0.38,0.38,100.0,0.77,0.38,73.9
296,ADINGRA Simon,CIV,Côte D'Ivoire,AS Monaco,FW,24,175,1,Simon Adingra,1,0,16,0.2,0,0,0,0,0,0,0,0,0,0,0,0,0.0,0.0,0.0,0.0,0.0,0.0,0.0,FW,0.0,0.0,0,0.0,0.0,0.0,0.0,0.0,0.0,65.3
297,DIOMANDE Yan,CIV,Côte D'Ivoire,RB Leipzig,FW,19,180,1,Yan Diomandé,4,4,329,3.7,0,1,1,0,0,0,0,0,4,0,6,4,0.0,0.0,0.0,0.0,0.0,0.0,0.0,FW,0.0,0.27,1,0.27,1.08,0.0,0.0,1.62,1.08,71.6
298,WAHI Elye,CIV,Côte D'Ivoire,OGC Nice,FW,23,181,1,Elye Wahi,3,1,110,1.2,0,0,0,0,0,0,0,0,3,2,1,0,0.0,0.0,0.0,0.0,0.0,0.0,0.0,FW,0.0,0.0,0,0.0,2.5,1.67,66.7,0.83,0.0,70.2
299,OPERI Christopher,CIV,Côte D'Ivoire,Başakşehir FK,DF,29,183,1,Christopher Opéri,1,1,90,1.0,0,0,0,0,0,0,0,0,0,0,2,1,0.0,0.0,0.0,0.0,0.0,0.0,0.0,DF,0.0,0.0,0,0.0,0.0,0.0,0.0,2.0,1.0,74.0
300,DIAKITE Oumar,CIV,Côte D'Ivoire,Cercle Brugge,FW,22,182,1,Oumar Diakité,2,0,28,0.3,0,0,0,0,0,0,0,0,0,0,1,0,0.0,0.0,0.0,0.0,0.0,0.0,0.0,FW,0.0,0.0,0,0.0,0.0,0.0,0.0,3.33,0.0,65.5
301,DIALLO Amad,CIV,Côte D'Ivoire,Manchester United FC,FW,23,173,1,Amad Diallo,4,2,185,2.1,2,0,2,2,0,0,0,0,8,4,4,2,0.0,0.0,0.0,0.0,0.0,0.0,0.0,FW,0.95,0.0,2,0.95,3.81,1.9,50.0,1.9,0.95,75.3
302,KONE Mohamed,CIV,Côte D'Ivoire,Sporting Charleroi,GK,24,186,0,Not in FBref,0,0,0,0.0,0,0,0,0,0,0,0,0,0,0,0,0,0.0,0.0,0.0,0.0,0.0,0.0,0.0,GK,0.0,0.0,0,0.0,0.0,0.0,0.0,0.0,0.0,65.0
303,DOUE Guela,CIV,Côte D'Ivoire,RC Strasbourg,DF,23,187,1,Guéla Doué,4,3,277,3.1,0,0,0,0,0,0,1,0,1,0,5,3,0.0,0.0,0.0,0.0,0.0,0.0,0.0,DF,0.0,0.0,0,0.0,0.32,0.0,0.0,1.61,0.97,75.1
304,SANGARE Ibrahim,CIV,Côte D'Ivoire,Nottingham Forest FC,MF,28,191,1,Ibrahim Sangaré,4,3,268,3.0,0,1,1,0,0,0,0,0,1,0,5,6,0.0,0.0,0.0,0.0,0.0,0.0,0.0,MF,0.0,0.33,1,0.33,0.33,0.0,0.0,1.67,2.0,76.6
305,PEPE Nicolas,CIV,Côte D'Ivoire,Villarreal CF,FW,31,183,1,Nicolas Pépé,4,3,234,2.6,2,1,3,2,0,0,1,0,6,3,0,3,0.0,0.0,0.0,0.0,0.0,0.0,0.0,FW,0.77,0.38,3,1.15,2.31,1.15,50.0,0.0,1.15,75.8
306,AGBADOU Emmanuel,CIV,Côte D'Ivoire,Beşiktaş JK,DF,28,185,1,Emmanuel Agbadou,3,3,270,3.0,0,0,0,0,0,0,0,0,3,1,6,4,0.0,0.0,0.0,0.0,0.0,0.0,0.0,DF,0.0,0.0,0,0.0,1.0,0.33,33.3,2.0,1.33,77.8
307,NDICKA Evan,CIV,Côte D'Ivoire,AS Roma,DF,26,192,0,Not in FBref,0,0,0,0.0,0,0,0,0,0,0,0,0,0,0,0,0,0.0,0.0,0.0,0.0,0.0,0.0,0.0,DF,0.0,0.0,0,0.0,0.0,0.0,0.0,0.0,0.0,65.0
308,GUESSAND Evann,CIV,Côte D'Ivoire,Crystal Palace FC,FW,24,188,1,Evann Guessand,2,0,17,0.2,0,0,0,0,0,0,0,0,1,0,0,0,0.0,0.0,0.0,0.0,0.0,0.0,0.0,FW,0.0,0.0,0,0.0,5.0,0.0,0.0,0.0,0.0,65.3
309,LAFONT Alban,CIV,Côte D'Ivoire,Panathinaikos FC,GK,27,196,0,Not in FBref,0,0,0,0.0,0,0,0,0,0,0,0,0,0,0,0,0,0.0,0.0,0.0,0.0,0.0,0.0,0.0,GK,0.0,0.0,0,0.0,0.0,0.0,0.0,0.0,0.0,65.0
310,TOURE Bazoumana,CIV,Côte D'Ivoire,TSG Hoffenheim,FW,20,178,1,Bazoumana Touré,3,1,80,0.9,0,0,0,0,0,0,0,0,0,0,1,0,0.0,0.0,0.0,0.0,0.0,0.0,0.0,FW,0.0,0.0,0,0.0,0.0,0.0,0.0,1.11,0.0,66.3
311,GUIAGON Parfait,CIV,Côte D'Ivoire,Sporting Charleroi,MF,25,165,0,Not in FBref,0,0,0,0.0,0,0,0,0,0,0,0,0,0,0,0,0,0.0,0.0,0.0,0.0,0.0,0.0,0.0,MF,0.0,0.0,0,0.0,0.0,0.0,0.0,0.0,0.0,65.0
312,OULAI Christ Inao,CIV,Côte D'Ivoire,Trabzonspor,MF,20,173,1,Christ Inao Oulaï,4,2,208,2.3,0,0,0,0,0,0,0,0,2,0,4,6,0.0,0.0,0.0,0.0,0.0,0.0,0.0,MF,0.0,0.0,0,0.0,0.87,0.0,0.0,1.74,2.61,75.0
313,LIVAKOVIC Dominik,CRO,Croatia,GNK Dinamo Zagreb,GK,31,188,1,Dominik Livaković,4,4,360,4.0,0,0,0,0,0,0,0,0,0,0,0,0,7.0,1.75,17.0,10.0,58.8,1.0,25.0,GK,0.0,0.0,0,0.0,0.0,0.0,0.0,0.0,0.0,76.1
314,STANISIC Josip,CRO,Croatia,FC Bayern München,DF,26,186,1,Josip Stanišić,4,4,360,4.0,0,1,1,0,0,0,0,0,0,0,2,5,0.0,0.0,0.0,0.0,0.0,0.0,0.0,DF,0.0,0.25,1,0.25,0.0,0.0,0.0,0.5,1.25,77.9
315,PONGRACIC Marin,CRO,Croatia,ACF Fiorentina,DF,28,193,1,Marin Pongračić,3,3,270,3.0,0,0,0,0,0,0,0,0,1,0,3,0,0.0,0.0,0.0,0.0,0.0,0.0,0.0,DF,0.0,0.0,0,0.0,0.33,0.0,0.0,1.0,0.0,72.0
316,GVARDIOL Josko,CRO,Croatia,Manchester City FC,DF,24,185,1,Joško Gvardiol,4,2,139,1.5,0,0,0,0,0,0,0,0,1,0,2,2,0.0,0.0,0.0,0.0,0.0,0.0,0.0,DF,0.0,0.0,0,0.0,0.67,0.0,0.0,1.33,1.33,74.0
317,CALETA-CAR Duje,CRO,Croatia,Real Sociedad,DF,29,193,0,Not in FBref,0,0,0,0.0,0,0,0,0,0,0,0,0,0,0,0,0,0.0,0.0,0.0,0.0,0.0,0.0,0.0,DF,0.0,0.0,0,0.0,0.0,0.0,0.0,0.0,0.0,65.0
318,SUTALO Josip,CRO,Croatia,AFC Ajax,DF,26,185,1,Josip Šutalo,4,4,360,4.0,0,0,0,0,0,0,0,0,1,0,4,6,0.0,0.0,0.0,0.0,0.0,0.0,0.0,DF,0.0,0.0,0,0.0,0.25,0.0,0.0,1.0,1.5,77.2
319,MORO Nikola,CRO,Croatia,Bologna FC,MF,28,183,0,Not in FBref,0,0,0,0.0,0,0,0,0,0,0,0,0,0,0,0,0,0.0,0.0,0.0,0.0,0.0,0.0,0.0,MF,0.0,0.0,0,0.0,0.0,0.0,0.0,0.0,0.0,65.0
320,KOVACIC Mateo,CRO,Croatia,Manchester City FC,MF,32,178,1,Mateo Kovačić,4,3,270,3.0,0,1,1,0,0,0,0,0,5,4,3,2,0.0,0.0,0.0,0.0,0.0,0.0,0.0,MF,0.0,0.33,1,0.33,1.67,1.33,80.0,1.0,0.67,73.7
321,KRAMARIC Andrej,CRO,Croatia,TSG Hoffenheim,FW,34,177,1,Andrej Kramarić,3,0,59,0.7,0,0,0,0,0,0,0,0,1,0,1,0,0.0,0.0,0.0,0.0,0.0,0.0,0.0,FW,0.0,0.0,0,0.0,1.43,0.0,0.0,1.43,0.0,66.0
322,MODRIC Luka,CRO,Croatia,AC Milan,MF,40,172,1,Luka Modrić,4,4,317,3.5,0,1,1,0,0,0,1,0,1,0,3,0,0.0,0.0,0.0,0.0,0.0,0.0,0.0,MF,0.0,0.29,1,0.29,0.29,0.0,0.0,0.86,0.0,72.0
323,BUDIMIR Ante,CRO,Croatia,CA Osasuna,FW,34,190,1,Ante Budimir,3,2,155,1.7,1,0,1,1,0,0,0,0,3,1,1,0,0.0,0.0,0.0,0.0,0.0,0.0,0.0,FW,0.59,0.0,1,0.59,1.76,0.59,33.3,0.59,0.0,72.2
324,PANDUR Ivor,CRO,Croatia,Hull City FC,GK,26,187,0,Not in FBref,0,0,0,0.0,0,0,0,0,0,0,0,0,0,0,0,0,0.0,0.0,0.0,0.0,0.0,0.0,0.0,GK,0.0,0.0,0,0.0,0.0,0.0,0.0,0.0,0.0,65.0
325,VLASIC Nikola,CRO,Croatia,Torino FC,MF,28,179,1,Nikola Vlašić,3,2,189,2.1,1,0,1,1,0,0,0,0,3,1,2,1,0.0,0.0,0.0,0.0,0.0,0.0,0.0,MF,0.48,0.0,1,0.48,1.43,0.48,33.3,0.95,0.48,72.2
326,PERISIC Ivan,CRO,Croatia,PSV Eindhoven,FW,37,186,1,Ivan Perišić,4,4,360,4.0,1,1,2,1,0,0,2,0,2,2,4,4,0.0,0.0,0.0,0.0,0.0,0.0,0.0,FW,0.25,0.25,2,0.5,0.5,0.5,100.0,1.0,1.0,76.2
327,PASALIC Mario,CRO,Croatia,Atalanta Bergamo,MF,31,188,1,Mario Pašalić,4,1,123,1.4,0,0,0,0,0,0,0,0,4,1,1,1,0.0,0.0,0.0,0.0,0.0,0.0,0.0,MF,0.0,0.0,0,0.0,2.86,0.71,25.0,0.71,0.71,69.2
328,BATURINA Martin,CRO,Croatia,Como,MF,23,172,1,Martin Baturina,4,4,321,3.6,1,0,1,1,0,0,0,0,3,1,2,1,0.0,0.0,0.0,0.0,0.0,0.0,0.0,MF,0.28,0.0,1,0.28,0.83,0.28,33.3,0.56,0.28,72.7
329,SUCIC Petar,CRO,Croatia,FC Internazionale Milano,MF,22,183,1,Petar Sučić,4,3,289,3.2,1,1,2,1,0,0,1,0,3,2,2,1,0.0,0.0,0.0,0.0,0.0,0.0,0.0,MF,0.31,0.31,2,0.62,0.94,0.62,66.7,0.62,0.31,73.0
330,JAKIC Kristijan,CRO,Croatia,FC Augsburg,DF,29,181,0,Not in FBref,0,0,0,0.0,0,0,0,0,0,0,0,0,0,0,0,0,0.0,0.0,0.0,0.0,0.0,0.0,0.0,DF,0.0,0.0,0,0.0,0.0,0.0,0.0,0.0,0.0,65.0
331,FRUK Toni,CRO,Croatia,HNK Rijeka,MF,25,177,0,Not in FBref,0,0,0,0.0,0,0,0,0,0,0,0,0,0,0,0,0,0.0,0.0,0.0,0.0,0.0,0.0,0.0,MF,0.0,0.0,0,0.0,0.0,0.0,0.0,0.0,0.0,65.0
332,MATANOVIC Igor,CRO,Croatia,SC Freiburg,FW,23,194,1,Igor Matanović,3,0,95,1.1,0,0,0,0,0,0,0,0,4,2,0,0,0.0,0.0,0.0,0.0,0.0,0.0,0.0,FW,0.0,0.0,0,0.0,3.64,1.82,50.0,0.0,0.0,69.1
333,SUCIC Luka,CRO,Croatia,Real Sociedad,MF,23,185,1,Luka Sučić,1,0,19,0.2,0,0,0,0,0,0,0,0,1,0,0,0,0.0,0.0,0.0,0.0,0.0,0.0,0.0,MF,0.0,0.0,0,0.0,5.0,0.0,0.0,0.0,0.0,65.3
334,VUSKOVIC Luka,CRO,Croatia,Hamburger SV,DF,19,193,1,Luka Vušković,1,1,65,0.7,0,0,0,0,0,0,0,0,0,0,0,1,0.0,0.0,0.0,0.0,0.0,0.0,0.0,DF,0.0,0.0,0,0.0,0.0,0.0,0.0,0.0,1.43,68.6
335,KOTARSKI Dominik,CRO,Croatia,FC København,GK,26,190,0,Not in FBref,0,0,0,0.0,0,0,0,0,0,0,0,0,0,0,0,0,0.0,0.0,0.0,0.0,0.0,0.0,0.0,GK,0.0,0.0,0,0.0,0.0,0.0,0.0,0.0,0.0,65.0
336,PASALIC Marco,CRO,Croatia,Orlando City SC,FW,25,177,1,Marco Pašalić,3,1,99,1.1,0,0,0,0,0,0,0,0,3,2,2,1,0.0,0.0,0.0,0.0,0.0,0.0,0.0,FW,0.0,0.0,0,0.0,2.73,1.82,66.7,1.82,0.91,70.0
337,ERLIC Martin,CRO,Croatia,FC Midtjylland,DF,28,192,0,Not in FBref,0,0,0,0.0,0,0,0,0,0,0,0,0,0,0,0,0,0.0,0.0,0.0,0.0,0.0,0.0,0.0,DF,0.0,0.0,0,0.0,0.0,0.0,0.0,0.0,0.0,65.0
338,MUSA Petar,CRO,Croatia,FC Dallas,FW,28,190,1,Petar Musa,2,2,110,1.2,1,0,1,1,0,0,0,0,1,1,0,0,0.0,0.0,0.0,0.0,0.0,0.0,0.0,FW,0.83,0.0,1,0.83,0.83,0.83,100.0,0.0,0.0,76.0
339,ROOM Eloy,CUW,Curaçao,Miami FC,GK,37,190,1,Eloy Room,3,3,270,3.0,0,0,0,0,0,0,0,0,0,0,0,0,9.0,3.0,29.0,20.0,69.0,1.0,33.3,GK,0.0,0.0,0,0.0,0.0,0.0,0.0,0.0,0.0,73.5
340,SAMBO Shurandy,CUW,Curaçao,Sparta Rotterdam,DF,24,174,1,Shurandy Sambo,1,0,1,0.0,0,0,0,0,0,0,0,0,0,0,0,1,0.0,0.0,0.0,0.0,0.0,0.0,0.0,DF,0.0,0.0,0,0.0,0.0,0.0,0.0,0.0,10.0,67.5
341,GAARI Jurien,CUW,Curaçao,Abha Club,DF,32,183,1,Juriën Gaari,2,2,166,1.8,0,0,0,0,0,0,1,0,2,0,2,2,0.0,0.0,0.0,0.0,0.0,0.0,0.0,DF,0.0,0.0,0,0.0,1.11,0.0,0.0,1.11,1.11,72.3
342,VAN EIJMA Roshon,CUW,Curaçao,RKC Waalwijk,DF,28,186,1,Roshon van Eijma,1,0,15,0.2,0,0,0,0,0,0,0,0,0,0,0,0,0.0,0.0,0.0,0.0,0.0,0.0,0.0,DF,0.0,0.0,0,0.0,0.0,0.0,0.0,0.0,0.0,65.2
343,FLORANUS Sherel,CUW,Curaçao,PEC Zwolle,DF,27,181,1,Sherel Floranus,3,3,270,3.0,0,0,0,0,0,0,0,0,2,0,6,4,0.0,0.0,0.0,0.0,0.0,0.0,0.0,DF,0.0,0.0,0,0.0,0.67,0.0,0.0,2.0,1.33,77.8
344,ROEMERATOE Godfried,CUW,Curaçao,RKC Waalwijk,MF,26,178,1,Godfried Roemeratoe,1,0,7,0.1,0,0,0,0,0,0,0,0,0,0,0,0,0.0,0.0,0.0,0.0,0.0,0.0,0.0,MF,0.0,0.0,0,0.0,0.0,0.0,0.0,0.0,0.0,65.1
345,BACUNA Juninho,CUW,Curaçao,FC Volendam,MF,28,178,1,Juninho Bacuna,3,3,254,2.8,0,0,0,0,0,0,2,0,5,1,4,5,0.0,0.0,0.0,0.0,0.0,0.0,0.0,MF,0.0,0.0,0,0.0,1.79,0.36,20.0,1.43,1.79,72.1
346,COMENENCIA Livano,CUW,Curaçao,FC Zürich,MF,22,185,1,Livano Comenencia,3,3,233,2.6,1,0,1,1,0,0,1,0,5,2,1,11,0.0,0.0,0.0,0.0,0.0,0.0,0.0,MF,0.38,0.0,1,0.38,1.92,0.77,40.0,0.38,4.23,76.0
347,LOCADIA Juergen,CUW,Curaçao,Miami FC,FW,32,193,1,Jürgen Locadia,3,3,235,2.6,0,0,0,0,0,0,0,0,1,0,0,1,0.0,0.0,0.0,0.0,0.0,0.0,0.0,FW,0.0,0.0,0,0.0,0.38,0.0,0.0,0.0,0.38,68.9
348,BACUNA Leandro,CUW,Curaçao,Iğdır FK,MF,34,180,1,Leandro Bacuna,3,3,270,3.0,0,0,0,0,0,0,1,0,6,1,3,0,0.0,0.0,0.0,0.0,0.0,0.0,0.0,MF,0.0,0.0,0,0.0,2.0,0.33,16.7,1.0,0.0,70.0
349,ANTONISSE Jeremy,CUW,Curaçao,AE Kifisia FC,FW,24,164,1,Jeremy Antonisse,2,0,75,0.8,0,0,0,0,0,0,0,0,1,0,1,0,0.0,0.0,0.0,0.0,0.0,0.0,0.0,FW,0.0,0.0,0,0.0,1.25,0.0,0.0,1.25,0.0,66.2
350,HANSEN Sontje,CUW,Curaçao,Middlesbrough FC,FW,24,176,1,Sontje Hansen,1,1,45,0.5,0,0,0,0,0,0,0,0,1,1,0,0,0.0,0.0,0.0,0.0,0.0,0.0,0.0,FW,0.0,0.0,0,0.0,2.0,2.0,100.0,0.0,0.0,70.8
351,NOSLIN Tyrese,CUW,Curaçao,SC Telstar,FW,23,182,1,Tyrese Noslin,1,0,14,0.2,0,0,0,0,0,0,0,0,0,0,0,0,0.0,0.0,0.0,0.0,0.0,0.0,0.0,FW,0.0,0.0,0,0.0,0.0,0.0,0.0,0.0,0.0,65.2
352,GORRE Kenji,CUW,Curaçao,Maccabi Haifa FC,FW,31,174,1,Kenji Gorré,1,0,16,0.2,0,0,0,0,0,0,0,0,0,0,0,0,0.0,0.0,0.0,0.0,0.0,0.0,0.0,FW,0.0,0.0,0,0.0,0.0,0.0,0.0,0.0,0.0,65.3
353,MARTHA Arjany,CUW,Curaçao,Rotherham United FC,MF,22,180,0,Not in FBref,0,0,0,0.0,0,0,0,0,0,0,0,0,0,0,0,0,0.0,0.0,0.0,0.0,0.0,0.0,0.0,MF,0.0,0.0,0,0.0,0.0,0.0,0.0,0.0,0.0,65.0
354,MARGARITHA Jearl,CUW,Curaçao,SK Beveren,FW,26,181,1,Jearl Margaritha,2,0,41,0.5,0,0,0,0,0,0,0,0,1,0,0,0,0.0,0.0,0.0,0.0,0.0,0.0,0.0,FW,0.0,0.0,0,0.0,2.0,0.0,0.0,0.0,0.0,65.7
355,KUWAS Brandley,CUW,Curaçao,FC Volendam,FW,33,181,1,Brandley Kuwas,1,0,1,0.0,0,0,0,0,0,0,0,0,0,0,0,0,0.0,0.0,0.0,0.0,0.0,0.0,0.0,FW,0.0,0.0,0,0.0,0.0,0.0,0.0,0.0,0.0,65.0
356,OBISPO Armando,CUW,Curaçao,PSV Eindhoven,DF,27,185,1,Armando Obispo,3,3,270,3.0,0,0,0,0,0,0,0,0,0,0,1,7,0.0,0.0,0.0,0.0,0.0,0.0,0.0,DF,0.0,0.0,0,0.0,0.0,0.0,0.0,0.33,2.33,76.2
357,KASTANEER Gervane,CUW,Curaçao,Terengganu FC,FW,30,189,1,Gervane Kastaneer,3,0,30,0.3,0,0,0,0,0,0,2,0,1,0,0,0,0.0,0.0,0.0,0.0,0.0,0.0,0.0,FW,0.0,0.0,0,0.0,3.33,0.0,0.0,0.0,0.0,63.5
358,BRENET Joshua,CUW,Curaçao,Kayserispor,DF,32,181,1,Joshua Brenet,2,2,179,2.0,0,0,0,0,0,0,0,0,0,0,4,1,0.0,0.0,0.0,0.0,0.0,0.0,0.0,DF,0.0,0.0,0,0.0,0.0,0.0,0.0,2.0,0.5,74.2
359,CHONG Tahith,CUW,Curaçao,Sheeld United FC,MF,26,185,1,Tahith Chong,3,3,247,2.7,0,0,0,0,0,0,0,0,4,2,0,1,0.0,0.0,0.0,0.0,0.0,0.0,0.0,MF,0.0,0.0,0,0.0,1.48,0.74,50.0,0.0,0.37,69.7
360,FELIDA Kevin,CUW,Curaçao,FC Den Bosch,MF,26,174,0,Not in FBref,0,0,0,0.0,0,0,0,0,0,0,0,0,0,0,0,0,0.0,0.0,0.0,0.0,0.0,0.0,0.0,MF,0.0,0.0,0,0.0,0.0,0.0,0.0,0.0,0.0,65.0
361,BAZOER Riechedly,CUW,Curaçao,Konyaspor,DF,29,184,1,Riechedly Bazoer,1,1,90,1.0,0,0,0,0,0,0,0,0,0,0,1,1,0.0,0.0,0.0,0.0,0.0,0.0,0.0,DF,0.0,0.0,0,0.0,0.0,0.0,0.0,1.0,1.0,71.5
362,FONVILLE Deveron,CUW,Curaçao,NEC Nijmegen,DF,23,188,1,Deveron Fonville,3,3,241,2.7,0,0,0,0,0,0,0,0,0,0,3,5,0.0,0.0,0.0,0.0,0.0,0.0,0.0,DF,0.0,0.0,0,0.0,0.0,0.0,0.0,1.11,1.85,76.4
363,BODAK Tyrick,CUW,Curaçao,SC Telstar,GK,24,190,0,Not in FBref,0,0,0,0.0,0,0,0,0,0,0,0,0,0,0,0,0,0.0,0.0,0.0,0.0,0.0,0.0,0.0,GK,0.0,0.0,0,0.0,0.0,0.0,0.0,0.0,0.0,65.0
364,DOORNBUSCH Trevor,CUW,Curaçao,VVV Venlo,GK,26,188,0,Not in FBref,0,0,0,0.0,0,0,0,0,0,0,0,0,0,0,0,0,0.0,0.0,0.0,0.0,0.0,0.0,0.0,GK,0.0,0.0,0,0.0,0.0,0.0,0.0,0.0,0.0,65.0
365,KOVAR Matej,CZE,Czechia,PSV Eindhoven,GK,26,196,1,Matej Kovar,3,3,270,3.0,0,0,0,0,0,0,0,0,0,0,0,0,6.0,2.0,15.0,9.0,60.0,0.0,0.0,GK,0.0,0.0,0,0.0,0.0,0.0,0.0,0.0,0.0,71.3
366,ZIMA David,CZE,Czechia,SK Slavia Praha,DF,25,190,1,David Zima,1,0,13,0.1,0,0,0,0,0,0,0,0,0,0,0,0,0.0,0.0,0.0,0.0,0.0,0.0,0.0,DF,0.0,0.0,0,0.0,0.0,0.0,0.0,0.0,0.0,65.2
367,HOLES Tomas,CZE,Czechia,SK Slavia Praha,DF,33,180,1,Tomáš Holeš,2,2,153,1.7,0,0,0,0,0,0,0,0,0,0,3,4,0.0,0.0,0.0,0.0,0.0,0.0,0.0,DF,0.0,0.0,0,0.0,0.0,0.0,0.0,1.76,2.35,77.8
368,HRANAC Robin,CZE,Czechia,TSG Hoffenheim,DF,26,189,1,Robin Hranáč,3,3,270,3.0,0,0,0,0,0,0,0,0,0,0,0,1,0.0,0.0,0.0,0.0,0.0,0.0,0.0,DF,0.0,0.0,0,0.0,0.0,0.0,0.0,0.0,0.33,70.3
369,COUFAL Vladimir,CZE,Czechia,TSG Hoffenheim,DF,33,175,1,Vladimír Coufal,3,3,270,3.0,0,1,1,0,0,0,0,0,1,0,1,2,0.0,0.0,0.0,0.0,0.0,0.0,0.0,DF,0.0,0.33,1,0.33,0.33,0.0,0.0,0.33,0.67,74.5
370,CHALOUPEK Stepan,CZE,Czechia,SK Slavia Praha,DF,23,188,1,Štěpán Chaloupek,1,1,90,1.0,0,0,0,0,0,0,0,0,0,0,0,2,0.0,0.0,0.0,0.0,0.0,0.0,0.0,DF,0.0,0.0,0,0.0,0.0,0.0,0.0,0.0,2.0,71.5
371,KREJCI Ladislav,CZE,Czechia,Wolverhampton Wanderers FC,DF,27,191,1,Ladislav Krejčí,3,3,270,3.0,1,0,1,1,0,0,1,0,5,1,3,1,0.0,0.0,0.0,0.0,0.0,0.0,0.0,DF,0.33,0.0,1,0.33,1.67,0.33,20.0,1.0,0.33,74.3
372,DARIDA Vladimir,CZE,Czechia,FC Hradec Králové,MF,35,172,1,Vladimír Darida,1,1,54,0.6,0,0,0,0,0,0,0,0,1,0,0,1,0.0,0.0,0.0,0.0,0.0,0.0,0.0,MF,0.0,0.0,0,0.0,1.67,0.0,0.0,0.0,1.67,67.4
373,HLOZEK Adam,CZE,Czechia,TSG Hoffenheim,FW,23,188,1,Adam Hložek,3,2,156,1.7,0,0,0,0,0,0,0,0,3,1,1,1,0.0,0.0,0.0,0.0,0.0,0.0,0.0,FW,0.0,0.0,0,0.0,1.76,0.59,33.3,0.59,0.59,69.3
374,SCHICK Patrik,CZE,Czechia,Bayer 04 Leverkusen,FW,30,191,1,Patrik Schick,3,2,180,2.0,0,0,0,0,0,0,0,0,2,1,0,0,0.0,0.0,0.0,0.0,0.0,0.0,0.0,FW,0.0,0.0,0,0.0,1.0,0.5,50.0,0.0,0.0,70.5
375,KUCHTA Jan,CZE,Czechia,AC Sparta Praha,FW,29,185,0,Not in FBref,0,0,0,0.0,0,0,0,0,0,0,0,0,0,0,0,0,0.0,0.0,0.0,0.0,0.0,0.0,0.0,FW,0.0,0.0,0,0.0,0.0,0.0,0.0,0.0,0.0,65.0
376,CERV Lukas,CZE,Czechia,FC Viktoria Plzeň,MF,25,182,1,Lukáš Červ,2,2,163,1.8,0,0,0,0,0,0,0,0,3,2,3,0,0.0,0.0,0.0,0.0,0.0,0.0,0.0,MF,0.0,0.0,0,0.0,1.67,1.11,66.7,1.67,0.0,70.2
377,CHYTIL Mojmir,CZE,Czechia,SK Slavia Praha,FW,27,187,1,Mojmír Chytil,1,0,7,0.1,0,0,0,0,0,0,0,0,0,0,0,0,0.0,0.0,0.0,0.0,0.0,0.0,0.0,FW,0.0,0.0,0,0.0,0.0,0.0,0.0,0.0,0.0,65.1
378,JURASEK David,CZE,Czechia,SK Slavia Praha,DF,25,183,0,Not in FBref,0,0,0,0.0,0,0,0,0,0,0,0,0,0,0,0,0,0.0,0.0,0.0,0.0,0.0,0.0,0.0,DF,0.0,0.0,0,0.0,0.0,0.0,0.0,0.0,0.0,65.0
379,SULC Pavel,CZE,Czechia,Olympique Lyonnais,FW,25,177,1,Pavel Šulc,3,2,189,2.1,0,0,0,0,0,0,0,0,2,0,2,0,0.0,0.0,0.0,0.0,0.0,0.0,0.0,FW,0.0,0.0,0,0.0,0.95,0.0,0.0,0.95,0.0,68.2
380,STANEK Jindrich,CZE,Czechia,SK Slavia Praha,GK,30,192,0,Not in FBref,0,0,0,0.0,0,0,0,0,0,0,0,0,0,0,0,0,0.0,0.0,0.0,0.0,0.0,0.0,0.0,GK,0.0,0.0,0,0.0,0.0,0.0,0.0,0.0,0.0,65.0
381,PROVOD Lukas,CZE,Czechia,SK Slavia Praha,MF,29,191,1,Lukáš Provod,3,1,122,1.4,0,0,0,0,0,0,0,0,1,0,3,1,0.0,0.0,0.0,0.0,0.0,0.0,0.0,MF,0.0,0.0,0,0.0,0.71,0.0,0.0,2.14,0.71,71.3
382,SADILEK Michal,CZE,Czechia,SK Slavia Praha,MF,27,169,1,Michal Sadílek,3,2,183,2.0,1,0,1,1,0,0,0,0,7,3,2,2,0.0,0.0,0.0,0.0,0.0,0.0,0.0,MF,0.5,0.0,1,0.5,3.5,1.5,42.9,1.0,1.0,73.0
383,CHORY Tomas,CZE,Czechia,SK Slavia Praha,FW,31,199,1,Tomáš Chorý,2,0,31,0.3,0,0,0,0,0,0,0,0,0,0,0,0,0.0,0.0,0.0,0.0,0.0,0.0,0.0,FW,0.0,0.0,0,0.0,0.0,0.0,0.0,0.0,0.0,65.5
384,ZELENY Jaroslav,CZE,Czechia,AC Sparta Praha,DF,33,190,1,Jaroslav Zelený,2,1,126,1.4,0,0,0,0,0,0,0,0,1,0,0,0,0.0,0.0,0.0,0.0,0.0,0.0,0.0,DF,0.0,0.0,0,0.0,0.71,0.0,0.0,0.0,0.0,67.1
385,DOUDERA David,CZE,Czechia,SK Slavia Praha,DF,28,175,1,David Douděra,1,1,90,1.0,0,0,0,0,0,0,0,0,4,0,0,1,0.0,0.0,0.0,0.0,0.0,0.0,0.0,DF,0.0,0.0,0,0.0,4.0,0.0,0.0,0.0,1.0,69.0
386,SOUCEK Tomas,CZE,Czechia,West Ham United FC,MF,31,192,1,Tomáš Souček,3,1,137,1.5,0,0,0,0,0,0,0,0,1,0,0,1,0.0,0.0,0.0,0.0,0.0,0.0,0.0,MF,0.0,0.0,0,0.0,0.67,0.0,0.0,0.0,0.67,68.3
387,HORNICEK Lukas,CZE,Czechia,SC Braga,GK,23,198,0,Not in FBref,0,0,0,0.0,0,0,0,0,0,0,0,0,0,0,0,0,0.0,0.0,0.0,0.0,0.0,0.0,0.0,GK,0.0,0.0,0,0.0,0.0,0.0,0.0,0.0,0.0,65.0
388,SOJKA Alexandr,CZE,Czechia,FC Viktoria Plzeň,MF,23,188,1,Alexandr Sojka,3,2,141,1.6,0,1,1,0,0,0,0,0,0,0,1,2,0.0,0.0,0.0,0.0,0.0,0.0,0.0,MF,0.0,0.62,1,0.62,0.0,0.0,0.0,0.62,1.25,73.3
389,SOCHUREK Hugo,CZE,Czechia,AC Sparta Praha,MF,18,183,0,Not in FBref,0,0,0,0.0,0,0,0,0,0,0,0,0,0,0,0,0,0.0,0.0,0.0,0.0,0.0,0.0,0.0,MF,0.0,0.0,0,0.0,0.0,0.0,0.0,0.0,0.0,65.0
390,VISINSKY Denis,CZE,Czechia,FC Viktoria Plzeň,FW,23,178,1,Denis Višinský,1,1,55,0.6,0,0,0,0,0,0,0,0,3,0,0,0,0.0,0.0,0.0,0.0,0.0,0.0,0.0,FW,0.0,0.0,0,0.0,5.0,0.0,0.0,0.0,0.0,65.9
391,GALINDEZ Hernan,ECU,Ecuador,CA Huracán,GK,39,189,1,Hernán Galíndez,4,4,360,4.0,0,0,0,0,0,0,0,0,0,0,0,0,4.0,1.0,13.0,9.0,69.2,1.0,25.0,GK,0.0,0.0,0,0.0,0.0,0.0,0.0,0.0,0.0,78.0
392,TORRES Felix,ECU,Ecuador,SC Internacional,DF,29,187,1,Félix Torres Caicedo,1,0,6,0.1,0,0,0,0,0,0,0,0,0,0,0,0,0.0,0.0,0.0,0.0,0.0,0.0,0.0,DF,0.0,0.0,0,0.0,0.0,0.0,0.0,0.0,0.0,65.1
393,HINCAPIE Piero,ECU,Ecuador,Arsenal FC,DF,24,183,1,Piero Hincapié,4,4,339,3.8,0,0,0,0,0,0,1,1,3,0,5,4,0.0,0.0,0.0,0.0,0.0,0.0,0.0,DF,0.0,0.0,0,0.0,0.79,0.0,0.0,1.32,1.05,72.6
394,ORDONEZ Joel,ECU,Ecuador,Club Brugge,DF,22,188,1,Joel Ordóñez,3,3,225,2.5,0,0,0,0,0,0,0,0,2,0,5,1,0.0,0.0,0.0,0.0,0.0,0.0,0.0,DF,0.0,0.0,0,0.0,0.8,0.0,0.0,2.0,0.4,74.8
395,ALCIVAR Jordy,ECU,Ecuador,Independiente Del Valle,MF,26,168,1,Jordy Alcivar,1,1,45,0.5,0,0,0,0,0,0,1,0,1,0,1,0,0.0,0.0,0.0,0.0,0.0,0.0,0.0,MF,0.0,0.0,0,0.0,2.0,0.0,0.0,2.0,0.0,66.2
396,PACHO Willian,ECU,Ecuador,Paris Saint-Germain,DF,24,188,1,Willian Pacho,4,4,360,4.0,0,0,0,0,0,0,0,0,1,1,2,8,0.0,0.0,0.0,0.0,0.0,0.0,0.0,DF,0.0,0.0,0,0.0,0.25,0.25,100.0,0.5,2.0,77.2
397,ESTUPINAN Pervis,ECU,Ecuador,AC Milan,DF,28,175,1,Pervis Estupiñán,2,1,89,1.0,0,0,0,0,0,0,0,0,0,0,1,0,0.0,0.0,0.0,0.0,0.0,0.0,0.0,DF,0.0,0.0,0,0.0,0.0,0.0,0.0,1.0,0.0,69.0
398,VALENCIA Anthony,ECU,Ecuador,Royal Antwerp FC,MF,22,173,0,Not in FBref,0,0,0,0.0,0,0,0,0,0,0,0,0,0,0,0,0,0.0,0.0,0.0,0.0,0.0,0.0,0.0,MF,0.0,0.0,0,0.0,0.0,0.0,0.0,0.0,0.0,65.0
399,YEBOAH John,ECU,Ecuador,Venezia FC,FW,25,170,1,John Yeboah,4,4,311,3.5,0,0,0,0,0,0,0,0,8,3,3,3,0.0,0.0,0.0,0.0,0.0,0.0,0.0,FW,0.0,0.0,0,0.0,2.29,0.86,37.5,0.86,0.86,72.1
400,PAEZ Kendry,ECU,Ecuador,CA River Plate,MF,19,178,1,Kendry Páez,1,0,12,0.1,0,0,0,0,0,0,1,0,0,0,0,0,0.0,0.0,0.0,0.0,0.0,0.0,0.0,MF,0.0,0.0,0,0.0,0.0,0.0,0.0,0.0,0.0,64.2
401,RODRIGUEZ Kevin,ECU,Ecuador,Royale Union Saint-Gilloise,FW,26,190,1,Kevin Rodríguez,4,0,118,1.3,0,1,1,0,0,0,0,0,6,1,1,0,0.0,0.0,0.0,0.0,0.0,0.0,0.0,FW,0.0,0.77,1,0.77,4.62,0.77,16.7,0.77,0.0,70.9
402,RAMIREZ Moises,ECU,Ecuador,AE Kifisia FC,GK,25,185,0,Not in FBref,0,0,0,0.0,0,0,0,0,0,0,0,0,0,0,0,0,0.0,0.0,0.0,0.0,0.0,0.0,0.0,GK,0.0,0.0,0,0.0,0.0,0.0,0.0,0.0,0.0,65.0
403,VALENCIA Enner,ECU,Ecuador,CF Pachuca,FW,36,177,1,Enner Valencia,4,4,287,3.2,0,0,0,0,0,0,0,0,10,6,1,0,0.0,0.0,0.0,0.0,0.0,0.0,0.0,FW,0.0,0.0,0,0.0,3.12,1.88,60.0,0.31,0.0,72.8
404,MINDA Alan,ECU,Ecuador,Atlético Mineiro,MF,23,174,1,Alan Minda,1,1,55,0.6,0,0,0,0,0,0,0,0,2,0,0,1,0.0,0.0,0.0,0.0,0.0,0.0,0.0,MF,0.0,0.0,0,0.0,3.33,0.0,0.0,0.0,1.67,67.4
405,VITE Pedro,ECU,Ecuador,Pumas UNAM,MF,24,172,1,Pedro Vite,4,4,360,4.0,0,1,1,0,0,0,0,0,4,1,11,5,0.0,0.0,0.0,0.0,0.0,0.0,0.0,MF,0.0,0.25,1,0.25,1.0,0.25,25.0,2.75,1.25,78.2
406,CAICEDO Jordy,ECU,Ecuador,CA Huracán,FW,28,186,1,Jordy Caicedo,3,0,20,0.2,0,0,0,0,0,0,0,0,1,0,0,0,0.0,0.0,0.0,0.0,0.0,0.0,0.0,FW,0.0,0.0,0,0.0,5.0,0.0,0.0,0.0,0.0,65.3
407,PRECIADO Angelo,ECU,Ecuador,Atlético Mineiro,DF,28,174,1,Ángelo Preciado,4,0,109,1.2,0,0,0,0,0,0,0,0,0,0,1,3,0.0,0.0,0.0,0.0,0.0,0.0,0.0,DF,0.0,0.0,0,0.0,0.0,0.0,0.0,0.83,2.5,75.1
408,CASTILLO Denil,ECU,Ecuador,FC Midtjylland,MF,22,189,0,Not in FBref,0,0,0,0.0,0,0,0,0,0,0,0,0,0,0,0,0,0.0,0.0,0.0,0.0,0.0,0.0,0.0,MF,0.0,0.0,0,0.0,0.0,0.0,0.0,0.0,0.0,65.0
409,PLATA Gonzalo,ECU,Ecuador,CR Flamengo,FW,25,178,1,Gonzalo Plata,4,4,360,4.0,1,0,1,1,0,0,1,0,8,5,5,2,0.0,0.0,0.0,0.0,0.0,0.0,0.0,FW,0.25,0.0,1,0.25,2.0,1.25,62.5,1.25,0.5,74.4
410,ANGULO Nilson,ECU,Ecuador,Sunderland AFC,FW,22,184,1,Nilson Angulo,4,2,218,2.4,1,0,1,1,0,0,0,0,2,2,1,2,0.0,0.0,0.0,0.0,0.0,0.0,0.0,FW,0.42,0.0,1,0.42,0.83,0.83,100.0,0.42,0.83,75.7
411,FRANCO Alan,ECU,Ecuador,Atlético Mineiro,MF,27,175,1,Alan Franco,4,4,251,2.8,0,0,0,0,0,0,2,0,0,0,6,4,0.0,0.0,0.0,0.0,0.0,0.0,0.0,MF,0.0,0.0,0,0.0,0.0,0.0,0.0,2.14,1.43,72.5
412,VALLE Gonzalo,ECU,Ecuador,LDU Quito,GK,30,186,0,Not in FBref,0,0,0,0.0,0,0,0,0,0,0,0,0,0,0,0,0,0.0,0.0,0.0,0.0,0.0,0.0,0.0,GK,0.0,0.0,0,0.0,0.0,0.0,0.0,0.0,0.0,65.0
413,CAICEDO Moises,ECU,Ecuador,Chelsea FC,MF,24,178,1,Moisés Caicedo,4,4,360,4.0,0,0,0,0,0,0,1,0,4,1,6,4,0.0,0.0,0.0,0.0,0.0,0.0,0.0,MF,0.0,0.0,0,0.0,1.0,0.25,25.0,1.5,1.0,73.8
414,AREVALO Jeremy,ECU,Ecuador,VfB Stuttgart,FW,21,182,0,Not in FBref,0,0,0,0.0,0,0,0,0,0,0,0,0,0,0,0,0,0.0,0.0,0.0,0.0,0.0,0.0,0.0,FW,0.0,0.0,0,0.0,0.0,0.0,0.0,0.0,0.0,65.0
415,POROZO Jackson,ECU,Ecuador,Club Tijuana,DF,25,192,1,Jackson Porozo,1,0,29,0.3,0,0,0,0,0,0,1,0,0,0,0,0,0.0,0.0,0.0,0.0,0.0,0.0,0.0,DF,0.0,0.0,0,0.0,0.0,0.0,0.0,0.0,0.0,64.5
416,MEDINA Yaimar,ECU,Ecuador,KRC Genk,DF,21,173,1,Yaimar Medina,1,0,45,0.5,0,0,0,0,0,0,0,0,1,0,0,1,0.0,0.0,0.0,0.0,0.0,0.0,0.0,DF,0.0,0.0,0,0.0,2.0,0.0,0.0,0.0,2.0,68.2
417,MOHAMED ELSHENAWY,EGY,Egypt,Al Ahly FC,GK,37,191,1,Mohamed Hany,5,5,480,5.3,0,1,1,0,0,0,0,0,4,0,9,6,0.0,0.0,0.0,0.0,0.0,0.0,0.0,GK,0.0,0.19,1,0.19,0.75,0.0,0.0,1.7,1.13,71.0
418,YASSER IBRAHIM,EGY,Egypt,Al Ahly FC,DF,33,185,1,Yasser Ibrahim,5,4,467,5.2,1,0,1,1,0,0,2,0,1,1,6,3,0.0,0.0,0.0,0.0,0.0,0.0,0.0,DF,0.19,0.0,1,0.19,0.19,0.19,100.0,1.15,0.58,75.8
419,MOHAMED HANY,EGY,Egypt,Al Ahly FC,DF,30,175,1,Mohamed Hany,5,5,480,5.3,0,1,1,0,0,0,0,0,4,0,9,6,0.0,0.0,0.0,0.0,0.0,0.0,0.0,DF,0.0,0.19,1,0.19,0.75,0.0,0.0,1.7,1.13,80.6
420,HOSSAM ABDELMAGUID,EGY,Egypt,Zamalek SC,DF,25,193,1,Hossam Abdelmaguid,2,0,59,0.7,0,0,0,0,0,0,0,0,0,0,0,1,0.0,0.0,0.0,0.0,0.0,0.0,0.0,DF,0.0,0.0,0,0.0,0.0,0.0,0.0,0.0,1.43,68.5
421,RAMY RABIA,EGY,Egypt,Al Ain FC,DF,33,183,1,Ramy Rabia,5,3,372,4.1,0,0,0,0,0,0,0,0,1,1,5,3,0.0,0.0,0.0,0.0,0.0,0.0,0.0,DF,0.0,0.0,0,0.0,0.24,0.24,100.0,1.22,0.73,75.9
422,MOHAMED ABDELMONEIM,EGY,Egypt,OGC Nice,DF,27,184,1,Mohamed Abdelmonem,2,1,14,0.2,0,0,0,0,0,0,0,0,0,0,0,0,0.0,0.0,0.0,0.0,0.0,0.0,0.0,DF,0.0,0.0,0,0.0,0.0,0.0,0.0,0.0,0.0,65.2
423,TREZEGUET,EGY,Egypt,Al Ahly FC,FW,31,181,1,Trézéguet,4,1,164,1.8,1,1,2,1,0,0,0,0,8,3,0,1,0.0,0.0,0.0,0.0,0.0,0.0,0.0,FW,0.56,0.56,2,1.11,4.44,1.67,37.5,0.0,0.56,74.6
424,EMAM ASHOUR,EGY,Egypt,Al Ahly FC,MF,28,180,1,Emam Ashour,5,5,362,4.0,2,0,2,2,0,0,0,0,10,2,2,4,0.0,0.0,0.0,0.0,0.0,0.0,0.0,MF,0.5,0.0,2,0.5,2.5,0.5,20.0,0.5,1.0,75.2
425,HAMZA ABDELKARIM,EGY,Egypt,FC Barcelona,FW,18,182,1,Hamza Abdelkarim,4,0,60,0.7,0,0,0,0,0,0,0,0,0,0,0,0,0.0,0.0,0.0,0.0,0.0,0.0,0.0,FW,0.0,0.0,0,0.0,0.0,0.0,0.0,0.0,0.0,66.0
426,MOHAMED SALAH,EGY,Egypt,Liverpool FC,FW,33,175,1,Mohamed Salah,5,5,425,4.7,1,2,3,1,0,0,0,0,9,4,0,2,0.0,0.0,0.0,0.0,0.0,0.0,0.0,FW,0.21,0.43,3,0.64,1.91,0.85,44.4,0.0,0.43,76.0
427,MOSTAFA ZICO,EGY,Egypt,Pyramids FC,MF,29,179,1,Mostafa Ziko,5,5,370,4.1,2,1,3,2,0,0,0,0,8,3,4,2,0.0,0.0,0.0,0.0,0.0,0.0,0.0,MF,0.49,0.24,3,0.73,1.95,0.73,37.5,0.98,0.49,76.4
428,HAISSEM HASSAN,EGY,Egypt,Real Oviedo,FW,24,175,1,Haissem Hassan,2,1,126,1.4,0,1,1,0,0,0,2,0,1,0,1,0,0.0,0.0,0.0,0.0,0.0,0.0,0.0,FW,0.0,0.71,1,0.71,0.71,0.0,0.0,0.71,0.0,68.0
429,AHMED FATOUH,EGY,Egypt,Zamalek SC,DF,28,177,1,Ahmed Fatouh,3,3,267,3.0,0,0,0,0,0,0,1,0,1,1,5,4,0.0,0.0,0.0,0.0,0.0,0.0,0.0,DF,0.0,0.0,0,0.0,0.33,0.33,100.0,1.67,1.33,76.0
430,HAMDY FATHY,EGY,Egypt,Al Wakrah SC,MF,31,183,1,Hamdy Fathy,4,3,238,2.6,0,0,0,0,0,0,1,0,0,0,3,2,0.0,0.0,0.0,0.0,0.0,0.0,0.0,MF,0.0,0.0,0,0.0,0.0,0.0,0.0,1.15,0.77,70.9
431,KARIM HAFEZ,EGY,Egypt,Pyramids FC,DF,30,174,1,Karim Hafez,3,2,172,1.9,0,1,1,0,0,0,0,0,1,0,1,3,0.0,0.0,0.0,0.0,0.0,0.0,0.0,DF,0.0,0.53,1,0.53,0.53,0.0,0.0,0.53,1.58,75.6
432,MAHDY SOLIMAN,EGY,Egypt,Zamalek SC,GK,39,189,0,Not in FBref,0,0,0,0.0,0,0,0,0,0,0,0,0,0,0,0,0,0.0,0.0,0.0,0.0,0.0,0.0,0.0,GK,0.0,0.0,0,0.0,0.0,0.0,0.0,0.0,0.0,65.0
433,MOHANAD LASHIN,EGY,Egypt,Pyramids FC,MF,30,186,1,Mohanad Lasheen,4,4,359,4.0,0,0,0,0,0,0,2,0,2,0,11,8,0.0,0.0,0.0,0.0,0.0,0.0,0.0,MF,0.0,0.0,0,0.0,0.5,0.0,0.0,2.75,2.0,76.1
434,NABIL DONGA,EGY,Egypt,Al Najmah SC,MF,30,179,0,Not in FBref,0,0,0,0.0,0,0,0,0,0,0,0,0,0,0,0,0,0.0,0.0,0.0,0.0,0.0,0.0,0.0,MF,0.0,0.0,0,0.0,0.0,0.0,0.0,0.0,0.0,65.0
435,MARAWAN ATTIA,EGY,Egypt,Al Ahly FC,MF,27,176,1,Marwan Attia,5,4,434,4.8,0,1,1,0,0,0,2,0,4,0,3,3,0.0,0.0,0.0,0.0,0.0,0.0,0.0,MF,0.0,0.21,1,0.21,0.83,0.0,0.0,0.62,0.62,71.9
436,IBRAHIM ADEL,EGY,Egypt,FC Nordsjælland,FW,25,178,1,Ibrahim Adel,1,0,3,0.0,0,0,0,0,0,0,0,0,0,0,0,0,0.0,0.0,0.0,0.0,0.0,0.0,0.0,FW,0.0,0.0,0,0.0,0.0,0.0,0.0,0.0,0.0,65.0
437,MAHMOUD SABER,EGY,Egypt,ZED FC,MF,24,170,1,Mahmoud Saber,2,1,46,0.5,1,0,1,1,0,0,1,0,3,1,0,0,0.0,0.0,0.0,0.0,0.0,0.0,0.0,MF,2.0,0.0,1,2.0,6.0,2.0,33.3,0.0,0.0,68.8
438,OMAR MARMOUSH,EGY,Egypt,Manchester City FC,FW,27,180,1,Omar Marmoush,5,3,326,3.6,0,0,0,0,0,0,0,0,11,1,3,2,0.0,0.0,0.0,0.0,0.0,0.0,0.0,FW,0.0,0.0,0,0.0,3.06,0.28,9.1,0.83,0.56,70.9
439,MOSTAFA SHOUBIR,EGY,Egypt,Al Ahly FC,GK,26,195,1,Mostafa Shobeir,5,5,480,5.3,0,0,0,0,0,0,1,0,0,0,0,0,7.0,1.31,19.0,12.0,63.2,0.0,0.0,GK,0.0,0.0,0,0.0,0.0,0.0,0.0,0.0,0.0,73.1
440,TAREK ALAA,EGY,Egypt,ZED FC,DF,24,178,0,Not in FBref,0,0,0,0.0,0,0,0,0,0,0,0,0,0,0,0,0,0.0,0.0,0.0,0.0,0.0,0.0,0.0,DF,0.0,0.0,0,0.0,0.0,0.0,0.0,0.0,0.0,65.0
441,ZIZO,EGY,Egypt,Al Ahly FC,FW,30,175,1,Zizo,4,0,56,0.6,0,0,0,0,0,0,0,0,3,1,1,0,0.0,0.0,0.0,0.0,0.0,0.0,0.0,FW,0.0,0.0,0,0.0,5.0,1.67,33.3,1.67,0.0,67.6
442,MOHAMED ALAA,EGY,Egypt,El Gouna FC,GK,27,188,1,Mohamed Salah,5,5,425,4.7,1,2,3,1,0,0,0,0,9,4,0,2,0.0,0.0,0.0,0.0,0.0,0.0,0.0,GK,0.21,0.43,3,0.64,1.91,0.85,44.4,0.0,0.43,71.0
443,PICKFORD Jordan,ENG,England,Everton FC,GK,32,185,1,Jordan Pickford,7,7,660,7.3,0,0,0,0,0,0,0,0,0,0,0,0,8.0,1.09,23.0,15.0,65.2,2.0,28.6,GK,0.0,0.0,0,0.0,0.0,0.0,0.0,0.0,0.0,80.6
444,KONSA Ezri,ENG,England,Aston Villa FC,DF,28,180,1,Ezri Konsa,8,7,647,7.2,1,0,1,1,0,0,0,0,3,2,5,8,0.0,0.0,0.0,0.0,0.0,0.0,0.0,DF,0.14,0.0,1,0.14,0.42,0.28,66.7,0.69,1.11,78.0
445,OREILLY Nico,ENG,England,Manchester City FC,DF,21,177,1,Nico O'Reilly,7,5,461,5.1,0,0,0,0,0,0,1,0,7,1,3,5,0.0,0.0,0.0,0.0,0.0,0.0,0.0,DF,0.0,0.0,0,0.0,1.37,0.2,14.3,0.59,0.98,73.9
446,RICE Declan,ENG,England,Arsenal FC,MF,27,185,1,Declan Rice,7,7,557,6.2,1,2,3,1,0,0,2,0,6,3,3,5,0.0,0.0,0.0,0.0,0.0,0.0,0.0,MF,0.16,0.32,3,0.48,0.97,0.48,50.0,0.48,0.81,73.2
447,STONES John,ENG,England,Manchester City FC,DF,32,188,1,John Stones,5,3,330,3.7,0,0,0,0,0,0,0,0,1,0,0,0,0.0,0.0,0.0,0.0,0.0,0.0,0.0,DF,0.0,0.0,0,0.0,0.27,0.0,0.0,0.0,0.0,70.5
448,GUEHI Marc,ENG,England,Manchester City FC,DF,25,183,1,Marc Guéhi,8,7,663,7.4,0,0,0,0,0,0,1,0,1,0,1,6,0.0,0.0,0.0,0.0,0.0,0.0,0.0,DF,0.0,0.0,0,0.0,0.14,0.0,0.0,0.14,0.81,72.4
449,SAKA Bukayo,ENG,England,Arsenal FC,FW,24,178,1,Bukayo Saka,7,3,358,4.0,3,3,6,2,1,1,0,0,13,7,7,1,0.0,0.0,0.0,0.0,0.0,0.0,0.0,FW,0.75,0.75,6,1.5,3.25,1.75,53.8,1.75,0.25,80.4
450,ANDERSON Elliot,ENG,England,Nottingham Forest FC,MF,23,179,1,Elliot Anderson,8,7,632,7.0,0,1,1,0,0,0,1,0,7,1,18,8,0.0,0.0,0.0,0.0,0.0,0.0,0.0,MF,0.0,0.14,1,0.14,1.0,0.14,14.3,2.57,1.14,76.3
451,KANE Harry,ENG,England,FC Bayern München,FW,32,190,1,Harry Kane,7,7,652,7.2,6,1,7,4,2,2,0,0,23,12,3,1,0.0,0.0,0.0,0.0,0.0,0.0,0.0,FW,0.83,0.14,7,0.97,3.19,1.67,52.2,0.42,0.14,78.3
452,BELLINGHAM Jude,ENG,England,Real Madrid C. F.,MF,22,183,1,Jude Bellingham,8,7,614,6.8,7,1,8,7,0,0,1,0,19,13,10,3,0.0,0.0,0.0,0.0,0.0,0.0,0.0,MF,1.03,0.15,8,1.18,2.79,1.91,68.4,1.47,0.44,77.7
453,RASHFORD Marcus,ENG,England,FC Barcelona,FW,28,180,1,Marcus Rashford,6,3,223,2.5,1,1,2,1,0,0,0,0,12,5,2,0,0.0,0.0,0.0,0.0,0.0,0.0,0.0,FW,0.4,0.4,2,0.8,4.8,2.0,41.7,0.8,0.0,74.4
454,LIVRAMENTO Tino,ENG,England,Newcastle United FC,DF,23,182,0,Not in FBref,0,0,0,0.0,0,0,0,0,0,0,0,0,0,0,0,0,0.0,0.0,0.0,0.0,0.0,0.0,0.0,DF,0.0,0.0,0,0.0,0.0,0.0,0.0,0.0,0.0,65.0
455,HENDERSON Dean,ENG,England,Crystal Palace FC,GK,29,188,1,Dean Henderson,1,1,90,1.0,0,0,0,0,0,0,0,0,0,0,0,1,4.0,4.0,9.0,5.0,55.6,0.0,0.0,GK,0.0,0.0,0,0.0,0.0,0.0,0.0,0.0,1.0,64.9
456,HENDERSON Jordan,ENG,England,Brentford FC,MF,35,183,1,Jordan Henderson,1,0,7,0.1,0,0,0,0,0,0,1,0,0,0,1,0,0.0,0.0,0.0,0.0,0.0,0.0,0.0,MF,0.0,0.0,0,0.0,0.0,0.0,0.0,10.0,0.0,65.6
457,BURN Dan,ENG,England,Newcastle United FC,DF,34,201,1,Dan Burn,3,0,35,0.4,0,0,0,0,0,0,0,0,0,0,0,0,0.0,0.0,0.0,0.0,0.0,0.0,0.0,DF,0.0,0.0,0,0.0,0.0,0.0,0.0,0.0,0.0,65.6
458,MAINOO Kobbie,ENG,England,Manchester United FC,MF,21,183,0,Not in FBref,0,0,0,0.0,0,0,0,0,0,0,0,0,0,0,0,0,0.0,0.0,0.0,0.0,0.0,0.0,0.0,MF,0.0,0.0,0,0.0,0.0,0.0,0.0,0.0,0.0,65.0
459,ROGERS Morgan,ENG,England,Aston Villa FC,MF,23,187,1,Morgan Rogers,7,3,339,3.8,0,1,1,0,0,0,0,0,3,1,3,0,0.0,0.0,0.0,0.0,0.0,0.0,0.0,MF,0.0,0.26,1,0.26,0.79,0.26,33.3,0.79,0.0,73.2
460,GORDON Anthony,ENG,England,Newcastle United FC,FW,25,182,1,Anthony Gordon,6,5,396,4.4,1,3,4,1,0,0,0,0,6,4,3,3,0.0,0.0,0.0,0.0,0.0,0.0,0.0,FW,0.23,0.68,4,0.91,1.36,0.91,66.7,0.68,0.68,78.2
461,WATKINS Ollie,ENG,England,Aston Villa FC,FW,30,180,1,Ollie Watkins,2,0,52,0.6,0,0,0,0,0,0,0,0,1,0,1,0,0.0,0.0,0.0,0.0,0.0,0.0,0.0,FW,0.0,0.0,0,0.0,1.67,0.0,0.0,1.67,0.0,65.9
462,MADUEKE Noni,ENG,England,Arsenal FC,FW,24,182,1,Noni Madueke,5,4,286,3.2,0,0,0,0,0,0,0,0,6,1,4,2,0.0,0.0,0.0,0.0,0.0,0.0,0.0,FW,0.0,0.0,0,0.0,1.88,0.31,16.7,1.25,0.62,70.6
463,EZE Eberechi,ENG,England,Arsenal FC,MF,27,178,1,Eberechi Eze,5,1,211,2.3,0,1,1,0,0,0,0,0,5,0,0,0,0.0,0.0,0.0,0.0,0.0,0.0,0.0,MF,0.0,0.43,1,0.43,2.17,0.0,0.0,0.0,0.0,70.7
464,TONEY Ivan,ENG,England,Al Ahli FC,FW,30,185,1,Ivan Toney,2,1,79,0.9,0,0,0,0,0,0,0,0,2,1,0,0,0.0,0.0,0.0,0.0,0.0,0.0,0.0,FW,0.0,0.0,0,0.0,2.22,1.11,50.0,0.0,0.0,68.8
465,TRAFFORD James,ENG,England,Manchester City FC,GK,23,197,0,Not in FBref,0,0,0,0.0,0,0,0,0,0,0,0,0,0,0,0,0,0.0,0.0,0.0,0.0,0.0,0.0,0.0,GK,0.0,0.0,0,0.0,0.0,0.0,0.0,0.0,0.0,65.0
466,JAMES Reece,ENG,England,Chelsea FC,DF,26,180,1,Reece James,5,3,319,3.5,0,0,0,0,0,0,0,0,1,0,3,3,0.0,0.0,0.0,0.0,0.0,0.0,0.0,DF,0.0,0.0,0,0.0,0.29,0.0,0.0,0.86,0.86,74.6
467,SPENCE Djed,ENG,England,Tottenham Hotspur FC,DF,25,184,1,Djed Spence,8,4,404,4.5,0,0,0,0,0,0,0,0,2,2,10,5,0.0,0.0,0.0,0.0,0.0,0.0,0.0,DF,0.0,0.0,0,0.0,0.44,0.44,100.0,2.22,1.11,79.3
468,QUANSAH Jarell,ENG,England,Bayer 04 Leverkusen,DF,23,190,1,Jarell Quansah,3,3,197,2.2,0,0,0,0,0,0,1,1,0,0,0,0,0.0,0.0,0.0,0.0,0.0,0.0,0.0,DF,0.0,0.0,0,0.0,0.0,0.0,0.0,0.0,0.0,64.3
469,SAMBA Brice,FRA,France,Stade Rennais FC,GK,32,187,0,Not in FBref,0,0,0,0.0,0,0,0,0,0,0,0,0,0,0,0,0,0.0,0.0,0.0,0.0,0.0,0.0,0.0,GK,0.0,0.0,0,0.0,0.0,0.0,0.0,0.0,0.0,65.0
470,GUSTO Malo,FRA,France,Chelsea FC,DF,23,179,1,Malo Gusto,5,1,121,1.3,0,0,0,0,0,0,0,0,0,0,3,2,0.0,0.0,0.0,0.0,0.0,0.0,0.0,DF,0.0,0.0,0,0.0,0.0,0.0,0.0,2.31,1.54,76.6
471,DIGNE Lucas,FRA,France,Aston Villa FC,DF,32,178,1,Lucas Digne,6,5,463,5.1,0,0,0,0,0,0,0,0,2,1,3,2,0.0,0.0,0.0,0.0,0.0,0.0,0.0,DF,0.0,0.0,0,0.0,0.39,0.2,50.0,0.59,0.39,73.5
472,UPAMECANO Dayot,FRA,France,FC Bayern München,DF,27,186,1,Dayot Upamecano,8,7,660,7.3,0,1,1,0,0,0,0,0,4,2,12,15,0.0,0.0,0.0,0.0,0.0,0.0,0.0,DF,0.0,0.14,1,0.14,0.55,0.27,50.0,1.64,2.05,82.7
473,KOUNDE Jules,FRA,France,FC Barcelona,DF,27,178,1,Jules Koundé,8,7,599,6.7,0,0,0,0,0,0,0,0,2,0,8,3,0.0,0.0,0.0,0.0,0.0,0.0,0.0,DF,0.0,0.0,0,0.0,0.3,0.0,0.0,1.19,0.45,75.1
474,KONE Manu,FRA,France,AS Roma,MF,25,185,1,Manu Koné,5,4,385,4.3,0,0,0,0,0,0,1,0,6,2,5,3,0.0,0.0,0.0,0.0,0.0,0.0,0.0,MF,0.0,0.0,0,0.0,1.4,0.47,33.3,1.16,0.7,72.8
475,DEMBELE Ousmane,FRA,France,Paris Saint-Germain,FW,29,179,1,Ousmane Dembélé,8,7,592,6.6,6,2,8,6,0,0,0,0,20,10,2,0,0.0,0.0,0.0,0.0,0.0,0.0,0.0,FW,0.91,0.3,8,1.21,3.03,1.52,50.0,0.3,0.0,79.3
476,TCHOUAMENI Aurelien,FRA,France,Real Madrid C. F.,MF,26,188,1,Aurélien Tchouaméni,4,4,360,4.0,0,1,1,0,0,0,1,0,3,0,14,6,0.0,0.0,0.0,0.0,0.0,0.0,0.0,MF,0.0,0.25,1,0.25,0.75,0.0,0.0,3.5,1.5,78.8
477,THURAM Marcus,FRA,France,FC Internazionale Milano,FW,28,192,1,Marcus Thuram,1,0,1,0.0,0,0,0,0,0,0,0,0,0,0,0,0,0.0,0.0,0.0,0.0,0.0,0.0,0.0,FW,0.0,0.0,0,0.0,0.0,0.0,0.0,0.0,0.0,65.0
478,MBAPPE Kylian,FRA,France,Real Madrid C. F.,FW,27,180,1,Kylian Mbappé,8,8,695,7.7,10,4,14,9,1,2,1,0,41,23,1,0,0.0,0.0,0.0,0.0,0.0,0.0,0.0,FW,1.3,0.52,14,1.82,5.32,2.99,56.1,0.13,0.0,81.4
479,OLISE Michael,FRA,France,FC Bayern München,FW,24,184,1,Michael Olise,8,8,646,7.2,0,7,7,0,0,0,1,0,20,5,8,3,0.0,0.0,0.0,0.0,0.0,0.0,0.0,FW,0.0,0.97,7,0.97,2.78,0.69,25.0,1.11,0.42,75.1
480,BARCOLA Bradley,FRA,France,Paris Saint-Germain,FW,23,187,1,Bradley Barcola,8,4,384,4.3,3,1,4,3,0,0,1,0,10,5,4,1,0.0,0.0,0.0,0.0,0.0,0.0,0.0,FW,0.7,0.23,4,0.93,2.33,1.16,50.0,0.93,0.23,76.9
481,KANTE Ngolo,FRA,France,Fenerbahçe SK,MF,35,171,0,Not in FBref,0,0,0,0.0,0,0,0,0,0,0,0,0,0,0,0,0,0.0,0.0,0.0,0.0,0.0,0.0,0.0,MF,0.0,0.0,0,0.0,0.0,0.0,0.0,0.0,0.0,65.0
482,RABIOT Adrien,FRA,France,AC Milan,MF,31,191,1,Adrien Rabiot,7,7,585,6.5,0,1,1,0,0,0,1,0,9,1,7,11,0.0,0.0,0.0,0.0,0.0,0.0,0.0,MF,0.0,0.15,1,0.15,1.38,0.15,11.1,1.08,1.69,74.9
483,KONATE Ibrahima,FRA,France,Liverpool FC,DF,27,194,1,Ibrahima Konaté,2,1,60,0.7,0,0,0,0,0,0,0,0,0,0,0,3,0.0,0.0,0.0,0.0,0.0,0.0,0.0,DF,0.0,0.0,0,0.0,0.0,0.0,0.0,0.0,4.29,73.5
484,MAIGNAN Mike,FRA,France,AC Milan,GK,30,191,1,Mike Maignan,8,8,720,8.0,0,0,0,0,0,0,0,0,0,0,0,0,10.0,1.25,22.0,12.0,54.5,4.0,50.0,GK,0.0,0.0,0,0.0,0.0,0.0,0.0,0.0,0.0,85.5
485,SALIBA William,FRA,France,Arsenal FC,DF,25,192,1,William Saliba,6,6,479,5.3,0,0,0,0,0,0,0,0,1,0,0,6,0.0,0.0,0.0,0.0,0.0,0.0,0.0,DF,0.0,0.0,0,0.0,0.19,0.0,0.0,0.0,1.13,73.8
486,ZAIRE-EMERY Warren,FRA,France,Paris Saint-Germain,MF,20,176,1,Warren Zaïre-Emery,2,1,110,1.2,0,0,0,0,0,0,0,0,1,0,0,1,0.0,0.0,0.0,0.0,0.0,0.0,0.0,MF,0.0,0.0,0,0.0,0.83,0.0,0.0,0.0,0.83,68.1
487,HERNANDEZ Theo,FRA,France,Al Hilal SC,DF,28,184,1,Theo Hernández,5,3,257,2.9,0,0,0,0,0,0,0,0,3,0,1,3,0.0,0.0,0.0,0.0,0.0,0.0,0.0,DF,0.0,0.0,0,0.0,1.03,0.0,0.0,0.34,1.03,72.7
488,DOUE Desire,FRA,France,Paris Saint-Germain,FW,21,182,1,Désiré Doué,8,4,400,4.4,1,1,2,1,0,0,0,0,13,8,6,2,0.0,0.0,0.0,0.0,0.0,0.0,0.0,FW,0.23,0.23,2,0.45,2.95,1.82,61.5,1.36,0.45,76.1
489,HERNANDEZ Lucas,FRA,France,Paris Saint-Germain,DF,30,184,0,Not in FBref,0,0,0,0.0,0,0,0,0,0,0,0,0,0,0,0,0,0.0,0.0,0.0,0.0,0.0,0.0,0.0,DF,0.0,0.0,0,0.0,0.0,0.0,0.0,0.0,0.0,65.0
490,MATETA Jean-Philippe,FRA,France,Crystal Palace FC,FW,28,192,1,Jean-Philippe Mateta,3,0,24,0.3,0,0,0,0,0,0,0,0,3,1,0,0,0.0,0.0,0.0,0.0,0.0,0.0,0.0,FW,0.0,0.0,0,0.0,10.0,3.33,33.3,0.0,0.0,67.1
491,RISSER Robin,FRA,France,RC Lens,GK,21,193,0,Not in FBref,0,0,0,0.0,0,0,0,0,0,0,0,0,0,0,0,0,0.0,0.0,0.0,0.0,0.0,0.0,0.0,GK,0.0,0.0,0,0.0,0.0,0.0,0.0,0.0,0.0,65.0
492,CHERKI Rayan,FRA,France,Manchester City FC,MF,22,180,1,Rayan Cherki,7,1,130,1.4,0,0,0,0,0,0,0,0,1,1,1,1,0.0,0.0,0.0,0.0,0.0,0.0,0.0,MF,0.0,0.0,0,0.0,0.71,0.71,100.0,0.71,0.71,69.3
493,AKLIOUCHE Maghnes,FRA,France,AS Monaco,MF,24,183,1,Maghnes Akliouche,1,0,8,0.1,0,0,0,0,0,0,0,0,0,0,0,0,0.0,0.0,0.0,0.0,0.0,0.0,0.0,MF,0.0,0.0,0,0.0,0.0,0.0,0.0,0.0,0.0,65.1
494,LACROIX Maxence,FRA,France,Crystal Palace FC,DF,26,192,1,Maxence Lacroix,3,2,241,2.7,0,0,0,0,0,0,0,0,0,0,2,3,0.0,0.0,0.0,0.0,0.0,0.0,0.0,DF,0.0,0.0,0,0.0,0.0,0.0,0.0,0.74,1.11,73.6
495,NEUER Manuel,GER,Germany,FC Bayern München,GK,40,193,1,Manuel Neuer,4,4,390,4.3,0,0,0,0,0,0,0,0,0,0,0,0,5.0,1.15,10.0,5.0,50.0,0.0,0.0,GK,0.0,0.0,0,0.0,0.0,0.0,0.0,0.0,0.0,73.3
496,RUEDIGER Antonio,GER,Germany,Real Madrid C. F.,DF,33,190,1,Antonio Rüdiger,4,2,262,2.9,0,0,0,0,0,0,0,0,1,0,0,0,0.0,0.0,0.0,0.0,0.0,0.0,0.0,DF,0.0,0.0,0,0.0,0.34,0.0,0.0,0.0,0.0,69.4
497,ANTON Waldemar,GER,Germany,Borussia Dortmund,DF,29,189,1,Waldemar Anton,2,0,50,0.6,0,0,0,0,0,0,0,0,1,1,1,2,0.0,0.0,0.0,0.0,0.0,0.0,0.0,DF,0.0,0.0,0,0.0,1.67,1.67,100.0,1.67,3.33,73.3
498,TAH Jonathan,GER,Germany,FC Bayern München,DF,30,195,1,Jonathan Tah,4,4,372,4.1,0,0,0,0,0,0,0,0,1,1,3,1,0.0,0.0,0.0,0.0,0.0,0.0,0.0,DF,0.0,0.0,0,0.0,0.24,0.24,100.0,0.73,0.24,73.4
499,PAVLOVIC Aleksandar,GER,Germany,FC Bayern München,MF,22,188,1,Aleksandar Pavlovic,4,4,272,3.0,0,0,0,0,0,0,1,0,4,1,3,2,0.0,0.0,0.0,0.0,0.0,0.0,0.0,MF,0.0,0.0,0,0.0,1.33,0.33,25.0,1.0,0.67,71.0
500,KIMMICH Joshua,GER,Germany,FC Bayern München,DF,31,177,1,Joshua Kimmich,4,4,351,3.9,0,2,2,0,0,0,0,0,5,1,4,4,0.0,0.0,0.0,0.0,0.0,0.0,0.0,DF,0.0,0.51,2,0.51,1.28,0.26,20.0,1.03,1.03,81.0
501,HAVERTZ Kai,GER,Germany,Arsenal FC,FW,27,190,1,Kai Havertz,4,4,353,3.9,3,0,3,2,1,1,1,0,12,7,2,1,0.0,0.0,0.0,0.0,0.0,0.0,0.0,FW,0.77,0.0,3,0.77,3.08,1.79,58.3,0.51,0.26,76.6
502,GORETZKA Leon,GER,Germany,FC Bayern München,MF,31,189,1,Leon Goretzka,3,0,99,1.1,0,0,0,0,0,0,0,0,2,0,1,1,0.0,0.0,0.0,0.0,0.0,0.0,0.0,MF,0.0,0.0,0,0.0,1.82,0.0,0.0,0.91,0.91,69.4
503,LEWELING Jamie,GER,Germany,VfB Stuttgart,MF,25,185,1,Jamie Leweling,1,0,31,0.3,0,0,0,0,0,0,0,0,1,0,0,0,0.0,0.0,0.0,0.0,0.0,0.0,0.0,MF,0.0,0.0,0,0.0,3.33,0.0,0.0,0.0,0.0,65.5
504,MUSIALA Jamal,GER,Germany,FC Bayern München,MF,23,180,1,Jamal Musiala,4,3,270,3.0,1,0,1,1,0,0,1,0,6,1,5,1,0.0,0.0,0.0,0.0,0.0,0.0,0.0,MF,0.33,0.0,1,0.33,2.0,0.33,16.7,1.67,0.33,72.8
505,WOLTEMADE Nick,GER,Germany,Newcastle United FC,FW,24,198,1,Nick Woltemade,1,0,33,0.4,0,0,0,0,0,0,0,0,2,0,1,0,0.0,0.0,0.0,0.0,0.0,0.0,0.0,FW,0.0,0.0,0,0.0,5.0,0.0,0.0,2.5,0.0,65.6
506,BAUMANN Oliver,GER,Germany,TSG Hoffenheim,GK,36,187,0,Not in FBref,0,0,0,0.0,0,0,0,0,0,0,0,0,0,0,0,0,0.0,0.0,0.0,0.0,0.0,0.0,0.0,GK,0.0,0.0,0,0.0,0.0,0.0,0.0,0.0,0.0,65.0
507,GROSS Pascal,GER,Germany,Brighton & Hove Albion FC,MF,34,181,1,Pascal Groß,1,0,18,0.2,0,0,0,0,0,0,0,0,1,0,2,0,0.0,0.0,0.0,0.0,0.0,0.0,0.0,MF,0.0,0.0,0,0.0,5.0,0.0,0.0,10.0,0.0,68.3
508,BEIER Maximilian,GER,Germany,Borussia Dortmund,FW,23,185,1,Maximilian Beier,1,0,27,0.3,0,0,0,0,0,0,0,0,0,0,0,0,0.0,0.0,0.0,0.0,0.0,0.0,0.0,FW,0.0,0.0,0,0.0,0.0,0.0,0.0,0.0,0.0,65.4
509,SCHLOTTERBECK Nico,GER,Germany,Borussia Dortmund,DF,26,191,1,Nico Schlotterbeck,2,2,135,1.5,1,0,1,1,0,0,0,0,2,2,2,3,0.0,0.0,0.0,0.0,0.0,0.0,0.0,DF,0.67,0.0,1,0.67,1.33,1.33,100.0,1.33,2.0,78.1
510,STILLER Angelo,GER,Germany,VfB Stuttgart,MF,25,183,1,Angelo Stiller,1,0,45,0.5,0,0,0,0,0,0,0,0,0,0,1,1,0.0,0.0,0.0,0.0,0.0,0.0,0.0,MF,0.0,0.0,0,0.0,0.0,0.0,0.0,2.0,2.0,68.8
511,WIRTZ Florian,GER,Germany,Liverpool FC,MF,23,176,1,Florian Wirtz,4,4,361,4.0,0,3,3,0,0,0,0,0,10,1,6,2,0.0,0.0,0.0,0.0,0.0,0.0,0.0,MF,0.0,0.75,3,0.75,2.5,0.25,10.0,1.5,0.5,77.8
512,BROWN Nathaniel,GER,Germany,Eintracht Frankfurt,DF,22,176,1,Nathaniel Brown,3,3,282,3.1,1,1,2,1,0,0,0,0,3,2,6,2,0.0,0.0,0.0,0.0,0.0,0.0,0.0,DF,0.32,0.32,2,0.65,0.97,0.65,66.7,1.94,0.65,81.2
513,SANE Leroy,GER,Germany,Galatasaray SK,MF,30,183,1,Leroy Sané,4,4,326,3.6,1,0,1,1,0,0,0,0,6,2,3,2,0.0,0.0,0.0,0.0,0.0,0.0,0.0,MF,0.28,0.0,1,0.28,1.67,0.56,33.3,0.83,0.56,73.6
514,AMIRI Nadiem,GER,Germany,1. FSV Mainz 05,MF,29,178,1,Nadiem Amiri,2,0,42,0.5,0,1,1,0,0,0,0,0,2,1,1,0,0.0,0.0,0.0,0.0,0.0,0.0,0.0,MF,0.0,2.0,1,2.0,4.0,2.0,50.0,2.0,0.0,72.2
515,NUEBEL Alexander,GER,Germany,VfB Stuttgart,GK,29,193,0,Not in FBref,0,0,0,0.0,0,0,0,0,0,0,0,0,0,0,0,0,0.0,0.0,0.0,0.0,0.0,0.0,0.0,GK,0.0,0.0,0,0.0,0.0,0.0,0.0,0.0,0.0,65.0
516,RAUM David,GER,Germany,RB Leipzig,DF,28,180,1,David Raum,2,1,108,1.2,0,0,0,0,0,0,0,0,1,1,1,1,0.0,0.0,0.0,0.0,0.0,0.0,0.0,DF,0.0,0.0,0,0.0,0.83,0.83,100.0,0.83,0.83,71.0
517,NMECHA Felix,GER,Germany,Borussia Dortmund,MF,25,190,1,Felix Nmecha,4,4,270,3.0,1,1,2,1,0,0,0,0,8,3,9,2,0.0,0.0,0.0,0.0,0.0,0.0,0.0,MF,0.33,0.33,2,0.67,2.67,1.0,37.5,3.0,0.67,78.0
518,THIAW Malick,GER,Germany,Newcastle United FC,DF,24,194,1,Malick Thiaw,2,0,42,0.5,0,0,0,0,0,0,0,0,0,0,2,0,0.0,0.0,0.0,0.0,0.0,0.0,0.0,DF,0.0,0.0,0,0.0,0.0,0.0,0.0,4.0,0.0,70.7
519,OUEDRAOGO Assan,GER,Germany,RB Leipzig,MF,20,191,0,Not in FBref,0,0,0,0.0,0,0,0,0,0,0,0,0,0,0,0,0,0.0,0.0,0.0,0.0,0.0,0.0,0.0,MF,0.0,0.0,0,0.0,0.0,0.0,0.0,0.0,0.0,65.0
520,UNDAV Deniz,GER,Germany,VfB Stuttgart,FW,29,179,1,Deniz Undav,4,1,151,1.7,3,2,5,3,0,0,0,0,6,4,0,0,0.0,0.0,0.0,0.0,0.0,0.0,0.0,FW,1.76,1.18,5,2.94,3.53,2.35,66.7,0.0,0.0,84.4
521,ZIGI Lawrence Ati,GHA,Ghana,FC St. Gallen,GK,29,188,1,Lawrence Ati-Zigi,2,2,135,1.5,0,0,0,0,0,0,0,0,0,0,0,0,1.0,0.67,9.0,8.0,88.9,1.0,50.0,GK,0.0,0.0,0,0.0,0.0,0.0,0.0,0.0,0.0,76.4
522,SEIDU Alidu,GHA,Ghana,Stade Rennais FC,DF,26,173,1,Alidu Seidu,1,0,78,0.9,0,0,0,0,0,0,1,0,0,0,1,1,0.0,0.0,0.0,0.0,0.0,0.0,0.0,DF,0.0,0.0,0,0.0,0.0,0.0,0.0,1.11,1.11,70.3
523,YIRENKYI Caleb,GHA,Ghana,FC Nordsjælland,MF,20,182,1,Caleb Yirenkyi,4,3,264,2.9,1,0,1,1,0,0,2,0,2,1,1,3,0.0,0.0,0.0,0.0,0.0,0.0,0.0,MF,0.34,0.0,1,0.34,0.69,0.34,50.0,0.34,1.03,70.8
524,ADJETEY Jonas,GHA,Ghana,VfL Wolfsburg,DF,22,188,1,Jonas Adjetey,3,3,225,2.5,0,0,0,0,0,0,0,0,2,1,3,1,0.0,0.0,0.0,0.0,0.0,0.0,0.0,DF,0.0,0.0,0,0.0,0.8,0.4,50.0,1.2,0.4,72.8
525,PARTEY Thomas,GHA,Ghana,Villarreal CF,MF,32,185,1,Thomas Partey,3,3,270,3.0,0,0,0,0,0,0,0,0,2,0,4,6,0.0,0.0,0.0,0.0,0.0,0.0,0.0,MF,0.0,0.0,0,0.0,0.67,0.0,0.0,1.33,2.0,74.5
526,MUMIN Abdul,GHA,Ghana,Rayo Vallecano,DF,28,188,1,Abdul Fatawu Issahaku,4,0,132,1.5,0,0,0,0,0,0,1,0,3,0,0,0,0.0,0.0,0.0,0.0,0.0,0.0,0.0,DF,0.0,0.0,0,0.0,2.0,0.0,0.0,0.0,0.0,66.2
527,FATAWU Abdul,GHA,Ghana,Leicester City FC,FW,22,177,1,Abdul Fatawu Issahaku,4,0,132,1.5,0,0,0,0,0,0,1,0,3,0,0,0,0.0,0.0,0.0,0.0,0.0,0.0,0.0,FW,0.0,0.0,0,0.0,2.0,0.0,0.0,0.0,0.0,66.2
528,SIBO Kwasi,GHA,Ghana,Real Oviedo,MF,27,183,1,Kwasi Sibo,4,3,248,2.8,0,0,0,0,0,0,0,0,0,0,0,2,0.0,0.0,0.0,0.0,0.0,0.0,0.0,MF,0.0,0.0,0,0.0,0.0,0.0,0.0,0.0,0.71,70.2
529,AYEW Jordan,GHA,Ghana,Leicester City FC,FW,34,182,1,Jordan Ayew,4,4,300,3.3,0,0,0,0,0,0,0,0,0,0,3,1,0.0,0.0,0.0,0.0,0.0,0.0,0.0,FW,0.0,0.0,0,0.0,0.0,0.0,0.0,0.91,0.3,70.0
530,THOMAS-ASANTE Brandon,GHA,Ghana,Coventry City FC,FW,27,182,1,Brandon Thomas-Asante,2,0,53,0.6,0,0,0,0,0,0,0,0,1,0,0,0,0.0,0.0,0.0,0.0,0.0,0.0,0.0,FW,0.0,0.0,0,0.0,1.67,0.0,0.0,0.0,0.0,65.9
531,SEMENYO Antoine,GHA,Ghana,Manchester City FC,MF,26,185,1,Antoine Semenyo,4,4,360,4.0,0,0,0,0,0,0,0,0,6,0,2,0,0.0,0.0,0.0,0.0,0.0,0.0,0.0,MF,0.0,0.0,0,0.0,1.5,0.0,0.0,0.5,0.0,71.8
532,ANANG Joseph,GHA,Ghana,St Patrick's Athletic FC,GK,26,190,0,Not in FBref,0,0,0,0.0,0,0,0,0,0,0,0,0,0,0,0,0,0.0,0.0,0.0,0.0,0.0,0.0,0.0,GK,0.0,0.0,0,0.0,0.0,0.0,0.0,0.0,0.0,65.0
533,BAAH Christopher Bonsu,GHA,Ghana,Al Qadsiah FC,FW,21,172,0,Not in FBref,0,0,0,0.0,0,0,0,0,0,0,0,0,0,0,0,0,0.0,0.0,0.0,0.0,0.0,0.0,0.0,FW,0.0,0.0,0,0.0,0.0,0.0,0.0,0.0,0.0,65.0
534,MENSAH Gideon,GHA,Ghana,AJ Auxerre,DF,27,178,1,Gideon Mensah,4,4,360,4.0,0,0,0,0,0,0,0,0,0,0,5,8,0.0,0.0,0.0,0.0,0.0,0.0,0.0,DF,0.0,0.0,0,0.0,0.0,0.0,0.0,1.25,2.0,79.1
535,OWUSU Elisha,GHA,Ghana,AJ Auxerre,MF,28,182,1,Elisha Owusu,3,2,151,1.7,0,0,0,0,0,0,0,0,0,0,3,0,0.0,0.0,0.0,0.0,0.0,0.0,0.0,MF,0.0,0.0,0,0.0,0.0,0.0,0.0,1.76,0.0,70.2
536,ASARE Benjamin,GHA,Ghana,Hearts Of Oak SC,GK,33,188,1,Benjamin Asare,3,2,225,2.5,0,0,0,0,0,0,0,0,0,0,0,0,2.0,0.8,10.0,8.0,80.0,2.0,100.0,GK,0.0,0.0,0,0.0,0.0,0.0,0.0,0.0,0.0,80.0
537,RAHMAN Baba,GHA,Ghana,PAOK Saloniki,DF,31,179,1,Abdul Rahman Baba,1,0,1,0.0,0,0,0,0,0,0,0,0,0,0,0,0,0.0,0.0,0.0,0.0,0.0,0.0,0.0,DF,0.0,0.0,0,0.0,0.0,0.0,0.0,0.0,0.0,65.0
538,OPOKU Jerome,GHA,Ghana,Başakşehir FK,DF,27,197,1,Jerome Opoku,3,3,270,3.0,0,0,0,0,0,0,0,0,0,0,2,1,0.0,0.0,0.0,0.0,0.0,0.0,0.0,DF,0.0,0.0,0,0.0,0.0,0.0,0.0,0.67,0.33,72.0
539,WILLIAMS Inaki,GHA,Ghana,Athletic Club,FW,31,186,1,Iñaki Williams,2,2,126,1.4,0,0,0,0,0,0,1,0,3,0,0,1,0.0,0.0,0.0,0.0,0.0,0.0,0.0,FW,0.0,0.0,0,0.0,2.14,0.0,0.0,0.0,0.71,66.1
540,BOAKYE Augustine,GHA,Ghana,AS Saint-Etienne,MF,25,178,0,Not in FBref,0,0,0,0.0,0,0,0,0,0,0,0,0,0,0,0,0,0.0,0.0,0.0,0.0,0.0,0.0,0.0,MF,0.0,0.0,0,0.0,0.0,0.0,0.0,0.0,0.0,65.0
541,OPPONG Kojo Peprah,GHA,Ghana,OGC Nice,DF,22,185,1,Kojo Peprah Oppong,2,0,49,0.5,0,0,0,0,0,0,1,0,0,0,0,0,0.0,0.0,0.0,0.0,0.0,0.0,0.0,DF,0.0,0.0,0,0.0,0.0,0.0,0.0,0.0,0.0,64.8
542,SULEMANA Kamaldeen,GHA,Ghana,Atalanta Bergamo,FW,24,174,1,Kamaldeen Sulemana,2,2,127,1.4,0,0,0,0,0,0,0,0,1,0,2,1,0.0,0.0,0.0,0.0,0.0,0.0,0.0,FW,0.0,0.0,0,0.0,0.71,0.0,0.0,1.43,0.71,67.1
543,LUCKASSEN Derrick,GHA,Ghana,Pafos FC,DF,30,188,1,Derrick Luckassen,2,2,180,2.0,1,0,1,1,0,0,0,0,1,1,1,0,0.0,0.0,0.0,0.0,0.0,0.0,0.0,DF,0.5,0.0,1,0.5,0.5,0.5,100.0,0.5,0.0,71.8
544,NUAMAH Ernest,GHA,Ghana,Olympique Lyonnais,FW,22,178,1,Ernest Nuamah,3,1,89,1.0,0,1,1,0,0,0,0,0,0,0,1,0,0.0,0.0,0.0,0.0,0.0,0.0,0.0,FW,0.0,1.0,1,1.0,0.0,0.0,0.0,1.0,0.0,70.5
545,ADU Prince,GHA,Ghana,FC Viktoria Plzeň,FW,22,179,1,Prince Kwabena Adu,3,0,39,0.4,0,0,0,0,0,0,0,0,1,1,0,0,0.0,0.0,0.0,0.0,0.0,0.0,0.0,FW,0.0,0.0,0,0.0,2.5,2.5,100.0,0.0,0.0,70.6
546,SENAYA Marvin,GHA,Ghana,AJ Auxerre,DF,25,181,1,Marvin Senaya,4,4,278,3.1,0,0,0,0,0,0,0,0,2,0,12,6,0.0,0.0,0.0,0.0,0.0,0.0,0.0,DF,0.0,0.0,0,0.0,0.65,0.0,0.0,3.87,1.94,84.1
547,PLACIDE Johny,HAI,Haiti,SC Bastia,GK,38,181,1,Johny Placide,3,3,270,3.0,0,0,0,0,0,0,1,0,0,0,0,0,8.0,2.67,19.0,11.0,57.9,0.0,0.0,GK,0.0,0.0,0,0.0,0.0,0.0,0.0,0.0,0.0,69.1
548,ARCUS Carlens,HAI,Haiti,Angers SCO,DF,29,180,1,Carlens Arcus,3,2,146,1.6,0,0,0,0,0,0,1,0,0,0,3,3,0.0,0.0,0.0,0.0,0.0,0.0,0.0,DF,0.0,0.0,0,0.0,0.0,0.0,0.0,1.88,1.88,75.8
549,THERMONCY Keeto,HAI,Haiti,BSC Young Boys,DF,20,179,0,Not in FBref,0,0,0,0.0,0,0,0,0,0,0,0,0,0,0,0,0,0.0,0.0,0.0,0.0,0.0,0.0,0.0,DF,0.0,0.0,0,0.0,0.0,0.0,0.0,0.0,0.0,65.0
550,ADE Ricardo,HAI,Haiti,LDU Quito,DF,36,190,1,Ricardo Adé,3,3,270,3.0,0,0,0,0,0,0,0,0,4,1,2,5,0.0,0.0,0.0,0.0,0.0,0.0,0.0,DF,0.0,0.0,0,0.0,1.33,0.33,25.0,0.67,1.67,75.3
551,DELCROIX Hannes,HAI,Haiti,FC Lugano,DF,27,183,1,Hannes Delcroix,3,3,270,3.0,0,0,0,0,0,0,0,0,0,0,3,4,0.0,0.0,0.0,0.0,0.0,0.0,0.0,DF,0.0,0.0,0,0.0,0.0,0.0,0.0,1.0,1.33,75.3
552,SAINTE Carl,HAI,Haiti,El Paso Locomotive FC,MF,23,182,0,Not in FBref,0,0,0,0.0,0,0,0,0,0,0,0,0,0,0,0,0,0.0,0.0,0.0,0.0,0.0,0.0,0.0,MF,0.0,0.0,0,0.0,0.0,0.0,0.0,0.0,0.0,65.0
553,ETIENNE Derrick,HAI,Haiti,Toronto FC,FW,29,178,1,Derrick Etienne,1,0,10,0.1,0,0,0,0,0,0,0,0,0,0,0,0,0.0,0.0,0.0,0.0,0.0,0.0,0.0,FW,0.0,0.0,0,0.0,0.0,0.0,0.0,0.0,0.0,65.2
554,EXPERIENCE Martin,HAI,Haiti,AS Nancy,DF,27,178,1,Martin Expérience,3,3,270,3.0,0,0,0,0,0,0,0,0,1,0,6,4,0.0,0.0,0.0,0.0,0.0,0.0,0.0,DF,0.0,0.0,0,0.0,0.33,0.0,0.0,2.0,1.33,77.8
555,NAZON Duckens,HAI,Haiti,Esteghlal Tehran FC,FW,32,181,1,Duckens Nazon,1,0,24,0.3,0,0,0,0,0,0,1,0,1,1,0,0,0.0,0.0,0.0,0.0,0.0,0.0,0.0,FW,0.0,0.0,0,0.0,3.33,3.33,100.0,0.0,0.0,69.4
556,BELLEGARDE Jean-Ricner,HAI,Haiti,Wolverhampton Wanderers FC,MF,27,170,1,Jean-Ricner Bellegarde,3,3,260,2.9,0,0,0,0,0,0,1,0,6,0,2,3,0.0,0.0,0.0,0.0,0.0,0.0,0.0,MF,0.0,0.0,0,0.0,2.07,0.0,0.0,0.69,1.03,70.9
557,DEEDSON Louicius,HAI,Haiti,FC Dallas,FW,25,178,1,Louicius Deedson,3,1,112,1.2,0,0,0,0,0,0,0,0,2,0,0,1,0.0,0.0,0.0,0.0,0.0,0.0,0.0,FW,0.0,0.0,0,0.0,1.67,0.0,0.0,0.0,0.83,66.9
558,PIERRE Alexandre,HAI,Haiti,FC Sochaux-Montbéliard,GK,25,190,0,Not in FBref,0,0,0,0.0,0,0,0,0,0,0,0,0,0,0,0,0,0.0,0.0,0.0,0.0,0.0,0.0,0.0,GK,0.0,0.0,0,0.0,0.0,0.0,0.0,0.0,0.0,65.0
559,LACROIX Markhus,HAI,Haiti,Colorado Springs Switchbacks FC,DF,32,175,0,Not in FBref,0,0,0,0.0,0,0,0,0,0,0,0,0,0,0,0,0,0.0,0.0,0.0,0.0,0.0,0.0,0.0,DF,0.0,0.0,0,0.0,0.0,0.0,0.0,0.0,0.0,65.0
560,PIERRE Leverton,HAI,Haiti,FC Vizela,MF,28,181,0,Not in FBref,0,0,0,0.0,0,0,0,0,0,0,0,0,0,0,0,0,0.0,0.0,0.0,0.0,0.0,0.0,0.0,MF,0.0,0.0,0,0.0,0.0,0.0,0.0,0.0,0.0,65.0
561,PROVIDENCE Ruben,HAI,Haiti,Almere City FC,FW,24,178,1,Ruben Providence,3,3,220,2.4,0,0,0,0,0,0,0,0,4,1,2,0,0.0,0.0,0.0,0.0,0.0,0.0,0.0,FW,0.0,0.0,0,0.0,1.67,0.42,25.0,0.83,0.0,69.9
562,JOSEPH Lenny,HAI,Haiti,Ferencvárosi TC,FW,25,182,1,Lenny Joseph,3,1,117,1.3,0,0,0,0,0,0,0,0,2,0,0,0,0.0,0.0,0.0,0.0,0.0,0.0,0.0,FW,0.0,0.0,0,0.0,1.54,0.0,0.0,0.0,0.0,67.0
563,JEAN JACQUES Danley,HAI,Haiti,Philadelphia Union,MF,26,182,1,Danley Jean-Jacques,3,3,259,2.9,0,0,0,0,0,0,1,0,0,0,6,3,0.0,0.0,0.0,0.0,0.0,0.0,0.0,MF,0.0,0.0,0,0.0,0.0,0.0,0.0,2.07,1.03,73.0
564,ISIDOR Wilson,HAI,Haiti,Sunderland AFC,FW,25,184,1,Wilson Isidor,3,2,186,2.1,1,0,1,1,0,0,0,0,5,2,1,1,0.0,0.0,0.0,0.0,0.0,0.0,0.0,FW,0.48,0.0,1,0.48,2.38,0.95,40.0,0.48,0.48,72.5
565,FORTUNE Yassin,HAI,Haiti,FC Vizela,FW,27,186,1,Yassin Fortuné,1,0,6,0.1,0,0,0,0,0,0,0,0,0,0,0,0,0.0,0.0,0.0,0.0,0.0,0.0,0.0,FW,0.0,0.0,0,0.0,0.0,0.0,0.0,0.0,0.0,65.1
566,PIERROT Frantzdy,HAI,Haiti,Çaykur Rizespor,FW,31,194,1,Frantzdy Pierrot,3,2,143,1.6,0,0,0,0,0,0,1,0,3,1,0,0,0.0,0.0,0.0,0.0,0.0,0.0,0.0,FW,0.0,0.0,0,0.0,1.88,0.62,33.3,0.0,0.0,68.0
567,CASIMIR Josue,HAI,Haiti,AJ Auxerre,FW,24,178,1,Josué Casimir,3,2,182,2.0,0,0,0,0,0,0,1,0,1,0,0,0,0.0,0.0,0.0,0.0,0.0,0.0,0.0,FW,0.0,0.0,0,0.0,0.5,0.0,0.0,0.0,0.0,67.0
568,DUVERNE Jean-Kevin,HAI,Haiti,KAA Gent,DF,28,184,1,Jean-Kevin Duverne,2,2,169,1.9,0,1,1,0,0,0,0,0,1,0,2,4,0.0,0.0,0.0,0.0,0.0,0.0,0.0,DF,0.0,0.53,1,0.53,0.53,0.0,0.0,1.05,2.11,78.2
569,DUVERGER Josue,HAI,Haiti,FC Cosmos Koblenz,GK,26,187,0,Not in FBref,0,0,0,0.0,0,0,0,0,0,0,0,0,0,0,0,0,0.0,0.0,0.0,0.0,0.0,0.0,0.0,GK,0.0,0.0,0,0.0,0.0,0.0,0.0,0.0,0.0,65.0
570,PAUGAIN Wilguens,HAI,Haiti,SV Zulte Waregem,DF,24,180,0,Not in FBref,0,0,0,0.0,0,0,0,0,0,0,0,0,0,0,0,0,0.0,0.0,0.0,0.0,0.0,0.0,0.0,DF,0.0,0.0,0,0.0,0.0,0.0,0.0,0.0,0.0,65.0
571,SIMON Dominique,HAI,Haiti,FC Tatran Prešov,MF,25,178,1,Dominique Simon,2,0,56,0.6,0,0,0,0,0,0,0,0,1,1,1,1,0.0,0.0,0.0,0.0,0.0,0.0,0.0,MF,0.0,0.0,0,0.0,1.67,1.67,100.0,1.67,1.67,68.9
572,PIERRE Woodensky,HAI,Haiti,Violette AC,MF,21,177,0,Not in FBref,0,0,0,0.0,0,0,0,0,0,0,0,0,0,0,0,0,0.0,0.0,0.0,0.0,0.0,0.0,0.0,MF,0.0,0.0,0,0.0,0.0,0.0,0.0,0.0,0.0,65.0
573,BEIRANVAND Alireza,IRN,IR Iran,Tractor Sazi Tabriz FC,GK,33,195,1,Alireza Beiranvand,3,3,270,3.0,0,0,0,0,0,0,0,0,0,0,0,0,3.0,1.0,18.0,15.0,83.3,1.0,33.3,GK,0.0,0.0,0,0.0,0.0,0.0,0.0,0.0,0.0,77.7
574,HARDANI Saleh,IRN,IR Iran,Esteghlal Tehran FC,DF,27,176,1,Saleh Hardani,2,1,90,1.0,0,0,0,0,0,0,0,0,0,0,2,2,0.0,0.0,0.0,0.0,0.0,0.0,0.0,DF,0.0,0.0,0,0.0,0.0,0.0,0.0,2.0,2.0,76.5
575,HAJISAFI Ehsan,IRN,IR Iran,Sepahan SC,DF,36,178,1,Ehsan Hajsafi,2,1,91,1.0,0,0,0,0,0,0,1,0,1,0,0,1,0.0,0.0,0.0,0.0,0.0,0.0,0.0,DF,0.0,0.0,0,0.0,1.0,0.0,0.0,0.0,1.0,68.0
576,KHALILZADEH Shoja,IRN,IR Iran,Tractor Sazi Tabriz FC,DF,37,183,1,Shoja' Khalilzadeh,3,3,270,3.0,0,0,0,0,0,0,1,0,2,0,3,3,0.0,0.0,0.0,0.0,0.0,0.0,0.0,DF,0.0,0.0,0,0.0,0.67,0.0,0.0,1.0,1.0,73.5
577,MOHAMMADI Milad,IRN,IR Iran,Persepolis FC,DF,32,175,1,Milad Mohammadi,3,2,205,2.3,0,0,0,0,0,0,0,0,1,1,4,2,0.0,0.0,0.0,0.0,0.0,0.0,0.0,DF,0.0,0.0,0,0.0,0.43,0.43,100.0,1.74,0.87,74.9
578,EZATOLAHI Saeid,IRN,IR Iran,Shabab Al Ahli Club,MF,29,189,1,Saeid Ezatolahi,3,3,264,2.9,0,0,0,0,0,0,2,0,6,2,5,7,0.0,0.0,0.0,0.0,0.0,0.0,0.0,MF,0.0,0.0,0,0.0,2.07,0.69,33.3,1.72,2.41,73.6
579,JAHANBAKHSH Alireza,IRN,IR Iran,FCV Dender EH,MF,32,180,1,Alireza Jahanbakhsh,2,0,46,0.5,0,0,0,0,0,0,0,0,1,0,1,0,0.0,0.0,0.0,0.0,0.0,0.0,0.0,MF,0.0,0.0,0,0.0,2.0,0.0,0.0,2.0,0.0,67.3
580,MOHEBBI Mohammad,IRN,IR Iran,FC Rostov,MF,27,187,1,Mohammad Mohebi,3,3,244,2.7,1,0,1,1,0,0,0,0,2,1,1,1,0.0,0.0,0.0,0.0,0.0,0.0,0.0,MF,0.37,0.0,1,0.37,0.74,0.37,50.0,0.37,0.37,71.7
581,TAREMI Mehdi,IRN,IR Iran,Olympiacos FC,FW,33,187,1,Mehdi Taremi,3,3,259,2.9,0,0,0,0,0,1,0,0,5,2,2,2,0.0,0.0,0.0,0.0,0.0,0.0,0.0,FW,0.0,0.0,0,0.0,1.72,0.69,40.0,0.69,0.69,71.3
582,GHAYEDI Mehdi,IRN,IR Iran,Al Nasr SC,FW,27,166,1,Mehdi Ghayedi,1,0,45,0.5,0,0,0,0,0,0,0,0,1,0,0,0,0.0,0.0,0.0,0.0,0.0,0.0,0.0,FW,0.0,0.0,0,0.0,2.0,0.0,0.0,0.0,0.0,65.8
583,ALIPOUR Ali,IRN,IR Iran,Persepolis FC,FW,30,181,1,Ali Alipour,1,0,38,0.4,0,0,0,0,0,0,0,0,1,0,1,1,0.0,0.0,0.0,0.0,0.0,0.0,0.0,FW,0.0,0.0,0,0.0,2.5,0.0,0.0,2.5,2.5,65.6
584,NIAZMAND Payam,IRN,IR Iran,Persepolis FC,GK,31,193,0,Not in FBref,0,0,0,0.0,0,0,0,0,0,0,0,0,0,0,0,0,0.0,0.0,0.0,0.0,0.0,0.0,0.0,GK,0.0,0.0,0,0.0,0.0,0.0,0.0,0.0,0.0,65.0
585,KANANI Hossein,IRN,IR Iran,Persepolis FC,DF,32,188,1,Hossein Kanaanizadegan,2,2,135,1.5,0,0,0,0,0,0,1,0,1,1,0,2,0.0,0.0,0.0,0.0,0.0,0.0,0.0,DF,0.0,0.0,0,0.0,0.67,0.67,100.0,0.0,1.33,69.6
586,GHODDOS Saman,IRN,IR Iran,Al Ittihad Kalba SCC,MF,32,176,1,Saman Ghoddos,3,3,208,2.3,0,0,0,0,0,0,0,0,4,0,4,5,0.0,0.0,0.0,0.0,0.0,0.0,0.0,MF,0.0,0.0,0,0.0,1.74,0.0,0.0,1.74,2.17,74.3
587,CHESHMI Roozbeh,IRN,IR Iran,Esteghlal Tehran FC,MF,32,192,0,Not in FBref,0,0,0,0.0,0,0,0,0,0,0,0,0,0,0,0,0,0.0,0.0,0.0,0.0,0.0,0.0,0.0,MF,0.0,0.0,0,0.0,0.0,0.0,0.0,0.0,0.0,65.0
588,TORABI Mehdi,IRN,IR Iran,Tractor Sazi Tabriz FC,MF,31,185,1,Mehdi Torabi,1,0,25,0.3,0,0,0,0,0,0,0,0,0,0,0,1,0.0,0.0,0.0,0.0,0.0,0.0,0.0,MF,0.0,0.0,0,0.0,0.0,0.0,0.0,0.0,3.33,66.9
589,YOUSEFI Arya,IRN,IR Iran,Sepahan SC,DF,24,181,1,Aria Yousefi,1,1,45,0.5,0,0,0,0,0,0,0,0,1,1,0,1,0.0,0.0,0.0,0.0,0.0,0.0,0.0,DF,0.0,0.0,0,0.0,2.0,2.0,100.0,0.0,2.0,68.2
590,HOSSEINZADEH Amirhossein,IRN,IR Iran,Tractor Sazi Tabriz FC,FW,25,178,1,Amirhossein Hosseinzadeh,2,0,17,0.2,0,0,0,0,0,0,0,0,1,0,2,0,0.0,0.0,0.0,0.0,0.0,0.0,0.0,FW,0.0,0.0,0,0.0,5.0,0.0,0.0,10.0,0.0,65.3
591,NEMATI Ali,IRN,IR Iran,Foolad Khuzestan FC,DF,30,182,1,Ali Nemati,3,3,270,3.0,0,0,0,0,0,0,1,0,1,0,2,0,0.0,0.0,0.0,0.0,0.0,0.0,0.0,DF,0.0,0.0,0,0.0,0.33,0.0,0.0,0.67,0.0,70.2
592,MOGHANLOO Shahriyar,IRN,IR Iran,Al Ittihad Kalba SCC,FW,31,189,1,Shahriar Moghanlou,3,1,88,1.0,0,0,0,0,0,0,0,0,3,0,2,0,0.0,0.0,0.0,0.0,0.0,0.0,0.0,FW,0.0,0.0,0,0.0,3.0,0.0,0.0,2.0,0.0,66.5
593,GHORBANI Mohammad,IRN,IR Iran,Al Wahda SC,MF,24,190,1,Mohammad Ghorbani,1,1,90,1.0,0,0,0,0,0,0,0,0,2,1,2,2,0.0,0.0,0.0,0.0,0.0,0.0,0.0,MF,0.0,0.0,0,0.0,2.0,1.0,50.0,2.0,2.0,72.5
594,HOSSEINI Hossein,IRN,IR Iran,Sepahan SC,GK,33,189,1,Amirhossein Hosseinzadeh,2,0,17,0.2,0,0,0,0,0,0,0,0,1,0,2,0,0.0,0.0,0.0,0.0,0.0,0.0,0.0,GK,0.0,0.0,0,0.0,5.0,0.0,0.0,10.0,0.0,65.3
595,REZAEIAN Ramin,IRN,IR Iran,Foolad Khuzestan FC,DF,36,184,1,Ramin Rezaeian,3,3,270,3.0,2,1,3,2,0,0,0,0,4,2,5,2,0.0,0.0,0.0,0.0,0.0,0.0,0.0,DF,0.67,0.33,3,1.0,1.33,0.67,50.0,1.67,0.67,82.8
596,DARGAHI Dennis,IRN,IR Iran,Standard Liège,FW,29,182,0,Not in FBref,0,0,0,0.0,0,0,0,0,0,0,0,0,0,0,0,0,0.0,0.0,0.0,0.0,0.0,0.0,0.0,FW,0.0,0.0,0,0.0,0.0,0.0,0.0,0.0,0.0,65.0
597,IRI Danial,IRN,IR Iran,Malavan Anzali FC,DF,22,182,0,Not in FBref,0,0,0,0.0,0,0,0,0,0,0,0,0,0,0,0,0,0.0,0.0,0.0,0.0,0.0,0.0,0.0,DF,0.0,0.0,0,0.0,0.0,0.0,0.0,0.0,0.0,65.0
598,RAZAGHINIA Amirmohammad,IRN,IR Iran,Esteghlal Tehran FC,MF,20,187,0,Not in FBref,0,0,0,0.0,0,0,0,0,0,0,0,0,0,0,0,0,0.0,0.0,0.0,0.0,0.0,0.0,0.0,MF,0.0,0.0,0,0.0,0.0,0.0,0.0,0.0,0.0,65.0
599,FAHAD TALIB,IRQ,Iraq,Al Talaba SC,GK,31,192,0,Not in FBref,0,0,0,0.0,0,0,0,0,0,0,0,0,0,0,0,0,0.0,0.0,0.0,0.0,0.0,0.0,0.0,GK,0.0,0.0,0,0.0,0.0,0.0,0.0,0.0,0.0,65.0
600,REBIN SULAKA,IRQ,Iraq,Port FC,DF,34,193,1,Rebin Sulaka,2,1,43,0.5,0,0,0,0,0,0,0,1,1,0,0,1,0.0,0.0,0.0,0.0,0.0,0.0,0.0,DF,0.0,0.0,0,0.0,2.0,0.0,0.0,0.0,2.0,65.2
601,HUSSEIN ALI,IRQ,Iraq,Pogoń Szczecin,DF,24,182,1,Hussein Ali,2,2,162,1.8,0,0,0,0,0,0,0,0,1,0,2,2,0.0,0.0,0.0,0.0,0.0,0.0,0.0,DF,0.0,0.0,0,0.0,0.56,0.0,0.0,1.11,1.11,73.3
602,ZAID TAHSEEN,IRQ,Iraq,Pakhtakor Tashkent FK,DF,25,187,1,Zaid Tahseen,2,2,149,1.7,0,0,0,0,0,0,1,0,2,0,1,0,0.0,0.0,0.0,0.0,0.0,0.0,0.0,DF,0.0,0.0,0,0.0,1.18,0.0,0.0,0.59,0.0,68.0
603,AKAM HASHIM,IRQ,Iraq,Al Zawra'a SC,DF,27,184,1,Akam Hashim,3,3,270,3.0,0,0,0,0,0,0,0,0,1,0,1,2,0.0,0.0,0.0,0.0,0.0,0.0,0.0,DF,0.0,0.0,0,0.0,0.33,0.0,0.0,0.33,0.67,72.0
604,MUNAF YOUNUS,IRQ,Iraq,Al Shorta SC,DF,29,184,1,Manaf Younis,1,0,75,0.8,0,0,0,0,0,0,0,0,0,0,1,1,0.0,0.0,0.0,0.0,0.0,0.0,0.0,DF,0.0,0.0,0,0.0,0.0,0.0,0.0,1.25,1.25,71.2
605,YOUSSEF AMYN,IRQ,Iraq,AEK Larnaca FC,MF,22,172,1,Youssef Amyn,1,0,31,0.3,0,0,0,0,0,0,0,0,0,0,0,0,0.0,0.0,0.0,0.0,0.0,0.0,0.0,MF,0.0,0.0,0,0.0,0.0,0.0,0.0,0.0,0.0,65.5
606,IBRAHIM BAYESH,IRQ,Iraq,Al Dhafra SCC,MF,26,180,1,Ibrahim Bayesh,3,3,235,2.6,0,0,0,0,0,0,0,0,1,0,4,1,0.0,0.0,0.0,0.0,0.0,0.0,0.0,MF,0.0,0.0,0,0.0,0.38,0.0,0.0,1.54,0.38,71.8
607,ALI ALHAMADI,IRQ,Iraq,Luton Town FC,FW,24,187,1,Ali Al Hamadi,3,2,180,2.0,0,0,0,0,0,0,0,0,6,0,2,2,0.0,0.0,0.0,0.0,0.0,0.0,0.0,FW,0.0,0.0,0,0.0,3.0,0.0,0.0,1.0,1.0,68.0
608,MOHANAD ALI,IRQ,Iraq,Dibba FC,FW,25,183,1,Mohanad Ali,1,0,13,0.1,0,0,0,0,0,0,0,0,0,0,0,0,0.0,0.0,0.0,0.0,0.0,0.0,0.0,FW,0.0,0.0,0,0.0,0.0,0.0,0.0,0.0,0.0,65.2
609,AHMED QASIM,IRQ,Iraq,Nashville SC,FW,22,183,1,Ahmed Qasem,3,2,123,1.4,0,0,0,0,0,0,0,0,0,0,0,0,0.0,0.0,0.0,0.0,0.0,0.0,0.0,FW,0.0,0.0,0,0.0,0.0,0.0,0.0,0.0,0.0,67.0
610,JALAL HASSAN,IRQ,Iraq,Al Zawra'a SC,GK,35,188,1,Jalal Hassan,2,1,135,1.5,0,0,0,0,0,0,0,0,0,0,0,0,8.0,5.33,16.0,8.0,50.0,0.0,0.0,GK,0.0,0.0,0,0.0,0.0,0.0,0.0,0.0,0.0,63.3
611,ALI YOUSIF,IRQ,Iraq,Al Talaba SC,FW,30,180,1,Ali Yousif,1,0,33,0.4,0,0,0,0,0,0,0,0,0,0,1,0,0.0,0.0,0.0,0.0,0.0,0.0,0.0,FW,0.0,0.0,0,0.0,0.0,0.0,0.0,2.5,0.0,65.6
612,ZIDANE IQBAL,IRQ,Iraq,FC Utrecht,MF,23,183,1,Zidane Iqbal,3,2,188,2.1,0,0,0,0,0,0,0,0,0,0,2,1,0.0,0.0,0.0,0.0,0.0,0.0,0.0,MF,0.0,0.0,0,0.0,0.0,0.0,0.0,0.95,0.48,70.3
613,AHMED MAKNAZI,IRQ,Iraq,Al Karma SC,DF,24,183,1,Ahmed Maknzi,1,0,33,0.4,0,0,0,0,0,0,0,0,0,0,2,0,0.0,0.0,0.0,0.0,0.0,0.0,0.0,DF,0.0,0.0,0,0.0,0.0,0.0,0.0,5.0,0.0,70.6
614,AMIR ALAMMARI,IRQ,Iraq,KS Cracovia,MF,28,180,1,Amir Al Ammari,3,3,247,2.7,0,1,1,0,0,0,2,0,0,0,1,2,0.0,0.0,0.0,0.0,0.0,0.0,0.0,MF,0.0,0.37,1,0.37,0.0,0.0,0.0,0.37,0.74,70.6
615,ALI JASIM,IRQ,Iraq,Al Najmah SC,FW,22,178,1,Ali Jasim,2,2,129,1.4,0,0,0,0,0,0,0,0,4,1,1,0,0.0,0.0,0.0,0.0,0.0,0.0,0.0,FW,0.0,0.0,0,0.0,2.86,0.71,25.0,0.71,0.0,68.4
616,AYMEN HUSSEIN,IRQ,Iraq,Al Karma SC,FW,30,190,1,Ayman Hussein,2,2,115,1.3,1,0,1,1,0,0,0,0,3,1,0,0,0.0,0.0,0.0,0.0,0.0,0.0,0.0,FW,0.77,0.0,1,0.77,2.31,0.77,33.3,0.0,0.0,72.4
617,KEVIN YAKOB,IRQ,Iraq,Aarhus GF,MF,25,180,1,Kevin Yakob,1,0,24,0.3,0,0,0,0,0,0,0,0,1,0,0,1,0.0,0.0,0.0,0.0,0.0,0.0,0.0,MF,0.0,0.0,0,0.0,3.33,0.0,0.0,0.0,3.33,66.9
618,AIMAR SHER,IRQ,Iraq,Sarpsborg 08 FF,MF,23,180,1,Aimar Sher,1,0,23,0.3,0,0,0,0,0,0,0,0,0,0,0,0,0.0,0.0,0.0,0.0,0.0,0.0,0.0,MF,0.0,0.0,0,0.0,0.0,0.0,0.0,0.0,0.0,65.4
619,MARKO FARJI,IRQ,Iraq,Venezia FC,FW,22,185,1,Marko Farji,2,0,54,0.6,0,0,0,0,0,0,0,0,0,0,1,1,0.0,0.0,0.0,0.0,0.0,0.0,0.0,FW,0.0,0.0,0,0.0,0.0,0.0,0.0,1.67,1.67,65.9
620,AHMED BASIL,IRQ,Iraq,Al Shorta SC,GK,29,184,1,Ahmed Basil,2,2,135,1.5,0,0,0,0,0,0,0,0,0,0,0,0,4.0,2.67,7.0,3.0,42.9,0.0,0.0,GK,0.0,0.0,0,0.0,0.0,0.0,0.0,0.0,0.0,66.7
621,MERCHAS DOSKI,IRQ,Iraq,FC Viktoria Plzeň,DF,26,173,1,Merchas Doski,3,3,270,3.0,0,0,0,0,0,0,1,0,1,0,9,6,0.0,0.0,0.0,0.0,0.0,0.0,0.0,DF,0.0,0.0,0,0.0,0.33,0.0,0.0,3.0,2.0,81.0
622,ZAID ISMAEL,IRQ,Iraq,Al Talaba SC,MF,24,185,1,Zaid Ismail,2,2,117,1.3,0,0,0,0,0,0,0,0,0,0,4,1,0.0,0.0,0.0,0.0,0.0,0.0,0.0,MF,0.0,0.0,0,0.0,0.0,0.0,0.0,3.08,0.77,72.7
623,MUSTAFA SAADOON,IRQ,Iraq,Al Shorta SC,DF,25,181,1,Mustafa Saadoon,1,0,18,0.2,0,0,0,0,0,0,0,0,0,0,1,0,0.0,0.0,0.0,0.0,0.0,0.0,0.0,DF,0.0,0.0,0,0.0,0.0,0.0,0.0,5.0,0.0,67.8
624,FRANS PUTROS,IRQ,Iraq,Persib Bandung,DF,32,182,1,Frans Dhia Putros,1,1,90,1.0,0,0,0,0,0,0,0,0,0,0,2,2,0.0,0.0,0.0,0.0,0.0,0.0,0.0,DF,0.0,0.0,0,0.0,0.0,0.0,0.0,2.0,2.0,76.5
625,SUZUKI Zion,JPN,Japan,Parma,GK,23,190,1,Zion Suzuki,4,4,360,4.0,0,0,0,0,0,0,0,0,0,0,0,0,5.0,1.25,17.0,12.0,70.6,1.0,25.0,GK,0.0,0.0,0,0.0,0.0,0.0,0.0,0.0,0.0,77.8
626,SUGAWARA Yukinari,JPN,Japan,SV Werder Bremen,DF,25,179,1,Yukinari Sugawara,4,1,148,1.6,0,0,0,0,0,0,0,0,2,2,3,0,0.0,0.0,0.0,0.0,0.0,0.0,0.0,DF,0.0,0.0,0,0.0,1.25,1.25,100.0,1.88,0.0,72.2
627,TANIGUCHI Shogo,JPN,Japan,Sint-Truiden VV,DF,34,185,1,Shogo Taniguchi,3,2,232,2.6,0,0,0,0,0,0,1,0,0,0,0,1,0.0,0.0,0.0,0.0,0.0,0.0,0.0,DF,0.0,0.0,0,0.0,0.0,0.0,0.0,0.0,0.38,68.8
628,ITAKURA Kou,JPN,Japan,AFC Ajax,DF,29,188,1,Ko Itakura,2,2,128,1.4,0,1,1,0,0,0,0,0,0,0,0,1,0.0,0.0,0.0,0.0,0.0,0.0,0.0,DF,0.0,0.71,1,0.71,0.0,0.0,0.0,0.0,0.71,71.4
629,NAGATOMO Yuto,JPN,Japan,FC Tokyo,DF,39,170,1,Yūto Nagatomo,1,0,16,0.2,0,0,0,0,0,0,0,0,0,0,0,1,0.0,0.0,0.0,0.0,0.0,0.0,0.0,DF,0.0,0.0,0,0.0,0.0,0.0,0.0,0.0,5.0,67.8
630,ENDO Wataru,JPN,Japan,Liverpool FC,MF,33,178,0,Not in FBref,0,0,0,0.0,0,0,0,0,0,0,0,0,0,0,0,0,0.0,0.0,0.0,0.0,0.0,0.0,0.0,MF,0.0,0.0,0,0.0,0.0,0.0,0.0,0.0,0.0,65.0
631,TANAKA Ao,JPN,Japan,Leeds United FC,MF,27,180,1,Ao Tanaka,3,2,193,2.1,0,0,0,0,0,0,0,0,2,0,6,1,0.0,0.0,0.0,0.0,0.0,0.0,0.0,MF,0.0,0.0,0,0.0,0.95,0.0,0.0,2.86,0.48,73.2
632,KUBO Takefusa,JPN,Japan,Real Sociedad,MF,25,173,1,Takefusa Kubo,1,1,74,0.8,0,1,1,0,0,0,0,0,1,0,0,1,0.0,0.0,0.0,0.0,0.0,0.0,0.0,MF,0.0,1.25,1,1.25,1.25,0.0,0.0,0.0,1.25,72.7
633,GOTO Keisuke,JPN,Japan,Sint-Truiden VV,FW,21,191,1,Keisuke Gotō,1,0,7,0.1,0,0,0,0,0,0,0,0,0,0,1,0,0.0,0.0,0.0,0.0,0.0,0.0,0.0,FW,0.0,0.0,0,0.0,0.0,0.0,0.0,10.0,0.0,65.1
634,DOAN Ritsu,JPN,Japan,Eintracht Frankfurt,MF,27,172,1,Ritsu Doan,4,4,278,3.1,0,1,1,0,0,0,0,0,1,0,1,1,0.0,0.0,0.0,0.0,0.0,0.0,0.0,MF,0.0,0.32,1,0.32,0.32,0.0,0.0,0.32,0.32,72.2
635,MAEDA Daizen,JPN,Japan,Celtic FC,MF,28,173,1,Daizen Maeda,3,3,244,2.7,1,0,1,1,0,0,0,0,2,1,3,2,0.0,0.0,0.0,0.0,0.0,0.0,0.0,MF,0.37,0.0,1,0.37,0.74,0.37,50.0,1.11,0.74,73.3
636,OSAKO Keisuke,JPN,Japan,Sanfrecce Hiroshima,GK,26,188,1,Keisuke Gotō,1,0,7,0.1,0,0,0,0,0,0,0,0,0,0,1,0,0.0,0.0,0.0,0.0,0.0,0.0,0.0,GK,0.0,0.0,0,0.0,0.0,0.0,0.0,10.0,0.0,65.1
637,NAKAMURA Keito,JPN,Japan,Stade Reims,MF,25,180,1,Keito Nakamura,4,4,307,3.4,1,1,2,1,0,0,0,0,5,2,3,1,0.0,0.0,0.0,0.0,0.0,0.0,0.0,MF,0.29,0.29,2,0.59,1.47,0.59,40.0,0.88,0.29,74.5
638,ITO Junya,JPN,Japan,KRC Genk,MF,33,177,1,Junya Itō,4,2,216,2.4,1,0,1,1,0,0,0,0,3,1,2,1,0.0,0.0,0.0,0.0,0.0,0.0,0.0,MF,0.42,0.0,1,0.42,1.25,0.42,33.3,0.83,0.42,72.1
639,KAMADA Daichi,JPN,Japan,Crystal Palace FC,MF,29,180,1,Daichi Kamada,4,4,329,3.7,2,0,2,2,0,0,1,0,3,2,3,1,0.0,0.0,0.0,0.0,0.0,0.0,0.0,MF,0.54,0.0,2,0.54,0.81,0.54,66.7,0.81,0.27,73.3
640,WATANABE Tsuyoshi,JPN,Japan,Feyenoord Rotterdam,DF,29,184,1,Tsuyoshi Watanabe,2,1,90,1.0,0,0,0,0,0,0,0,0,0,0,2,0,0.0,0.0,0.0,0.0,0.0,0.0,0.0,DF,0.0,0.0,0,0.0,0.0,0.0,0.0,2.0,0.0,71.5
641,SUZUKI Yuito,JPN,Japan,SC Freiburg,MF,24,175,1,Yuito Suzuki,1,0,12,0.1,0,0,0,0,0,0,0,0,0,0,1,0,0.0,0.0,0.0,0.0,0.0,0.0,0.0,MF,0.0,0.0,0,0.0,0.0,0.0,0.0,10.0,0.0,66.7
642,UEDA Ayase,JPN,Japan,Feyenoord Rotterdam,FW,27,182,1,Ayase Ueda,4,4,321,3.6,2,1,3,2,0,0,0,0,9,4,1,0,0.0,0.0,0.0,0.0,0.0,0.0,0.0,FW,0.56,0.28,3,0.83,2.5,1.11,44.4,0.28,0.0,76.5
643,OGAWA Koki,JPN,Japan,NEC Nijmegen,FW,28,186,1,Kōki Ogawa,3,0,42,0.5,0,1,1,0,0,0,0,0,3,0,0,0,0.0,0.0,0.0,0.0,0.0,0.0,0.0,FW,0.0,2.0,1,2.0,6.0,0.0,0.0,0.0,0.0,69.7
644,SEKO Ayumu,JPN,Japan,Le Havre AC,DF,26,186,1,Ayumu Seko,2,1,86,1.0,0,0,0,0,0,0,0,0,0,0,1,1,0.0,0.0,0.0,0.0,0.0,0.0,0.0,DF,0.0,0.0,0,0.0,0.0,0.0,0.0,1.0,1.0,71.4
645,ITO Hiroki,JPN,Japan,FC Bayern München,DF,27,188,1,Hiroki Ito,4,4,360,4.0,0,0,0,0,0,0,0,0,1,0,2,0,0.0,0.0,0.0,0.0,0.0,0.0,0.0,DF,0.0,0.0,0,0.0,0.25,0.0,0.0,0.5,0.0,72.2
646,TOMIYASU Takehiro,JPN,Japan,AFC Ajax,DF,27,187,1,Takehiro Tomiyasu,3,2,184,2.0,0,0,0,0,0,0,0,0,1,0,1,2,0.0,0.0,0.0,0.0,0.0,0.0,0.0,DF,0.0,0.0,0,0.0,0.5,0.0,0.0,0.5,1.0,71.8
647,HAYAKAWA Tomoki,JPN,Japan,Kashima Antlers,GK,27,187,0,Not in FBref,0,0,0,0.0,0,0,0,0,0,0,0,0,0,0,0,0,0.0,0.0,0.0,0.0,0.0,0.0,0.0,GK,0.0,0.0,0,0.0,0.0,0.0,0.0,0.0,0.0,65.0
648,SANO Kaishu,JPN,Japan,1. FSV Mainz 05,MF,25,176,1,Kaishū Sano,3,3,270,3.0,1,1,2,1,0,0,1,0,1,1,2,4,0.0,0.0,0.0,0.0,0.0,0.0,0.0,MF,0.33,0.33,2,0.67,0.33,0.33,100.0,0.67,1.33,74.5
649,SUZUKI Junnosuke,JPN,Japan,FC København,DF,22,180,1,Junnosuke Suzuki,2,0,43,0.5,0,0,0,0,0,0,1,0,0,0,0,1,0.0,0.0,0.0,0.0,0.0,0.0,0.0,DF,0.0,0.0,0,0.0,0.0,0.0,0.0,0.0,2.0,67.2
650,SHIOGAI Kento,JPN,Japan,VfL Wolfsburg,FW,21,180,1,Kento Shiogai,1,0,7,0.1,0,0,0,0,0,0,0,0,0,0,0,0,0.0,0.0,0.0,0.0,0.0,0.0,0.0,FW,0.0,0.0,0,0.0,0.0,0.0,0.0,0.0,0.0,65.1
651,YAZEED ABULAILA,JOR,Jordan,Al Hussein SC,GK,33,188,1,Yazeed Abulaila,3,3,270,3.0,0,0,0,0,0,0,0,0,0,0,0,0,8.0,2.67,16.0,8.0,50.0,0.0,0.0,GK,0.0,0.0,0,0.0,0.0,0.0,0.0,0.0,0.0,69.5
652,MOHAMMAD ABUHASHEESH,JOR,Jordan,Al Karma SC,DF,31,179,1,Mohammad Abu Hasheesh,1,0,6,0.1,0,0,0,0,0,0,0,0,0,0,2,0,0.0,0.0,0.0,0.0,0.0,0.0,0.0,DF,0.0,0.0,0,0.0,0.0,0.0,0.0,20.0,0.0,70.1
653,ABDALLAH NASIB,JOR,Jordan,Al Zawra'a SC,DF,32,184,1,Abdallah Nasib,3,3,260,2.9,0,0,0,0,0,0,0,0,0,0,3,7,0.0,0.0,0.0,0.0,0.0,0.0,0.0,DF,0.0,0.0,0,0.0,0.0,0.0,0.0,1.03,2.41,78.0
654,HUSAM ABUDAHAB,JOR,Jordan,Al Faisaly SC,DF,26,186,1,Husam Abu Dahab,2,2,178,2.0,0,0,0,0,0,0,1,0,0,0,3,0,0.0,0.0,0.0,0.0,0.0,0.0,0.0,DF,0.0,0.0,0,0.0,0.0,0.0,0.0,1.5,0.0,70.7
655,YAZAN ALARAB,JOR,Jordan,FC Seoul,DF,30,185,1,Yazan Al-Arab,3,3,270,3.0,0,0,0,0,0,0,1,0,0,0,1,11,0.0,0.0,0.0,0.0,0.0,0.0,0.0,DF,0.0,0.0,0,0.0,0.0,0.0,0.0,0.33,3.67,78.5
656,AMER JAMOUS,JOR,Jordan,Al Zawra'a SC,MF,23,177,1,Amer Jamous,1,0,15,0.2,0,0,0,0,0,0,0,0,0,0,0,0,0.0,0.0,0.0,0.0,0.0,0.0,0.0,MF,0.0,0.0,0,0.0,0.0,0.0,0.0,0.0,0.0,65.2
657,MOHAMMAD ABUZRAIQ,JOR,Jordan,Raja Casablanca,FW,28,170,0,Not in FBref,0,0,0,0.0,0,0,0,0,0,0,0,0,0,0,0,0,0.0,0.0,0.0,0.0,0.0,0.0,0.0,FW,0.0,0.0,0,0.0,0.0,0.0,0.0,0.0,0.0,65.0
658,NOOR ALRAWABDEH,JOR,Jordan,Selangor FC,MF,29,182,1,Noor Al Rawabdeh,3,3,270,3.0,0,1,1,0,0,0,0,0,1,0,7,2,0.0,0.0,0.0,0.0,0.0,0.0,0.0,MF,0.0,0.33,1,0.33,0.33,0.0,0.0,2.33,0.67,75.7
659,ALI OLWAN,JOR,Jordan,Al Sailiya SC,FW,26,182,1,Ali Olwan,3,3,268,3.0,1,0,1,1,0,0,0,0,6,3,0,1,0.0,0.0,0.0,0.0,0.0,0.0,0.0,FW,0.33,0.0,1,0.33,2.0,1.0,50.0,0.0,0.33,73.6
660,MOUSA ALTAMARI,JOR,Jordan,Stade Rennais FC,FW,29,176,1,Musa Al-Taamari,3,2,215,2.4,1,1,2,1,0,0,0,0,8,3,0,0,0.0,0.0,0.0,0.0,0.0,0.0,0.0,FW,0.42,0.42,2,0.83,3.33,1.25,37.5,0.0,0.0,74.2
661,ODEH FAKHOURY,JOR,Jordan,Pyramids FC,FW,20,180,1,Odeh Al-Fakhouri,3,2,148,1.6,0,0,0,0,0,0,0,0,2,1,1,2,0.0,0.0,0.0,0.0,0.0,0.0,0.0,FW,0.0,0.0,0,0.0,1.25,0.62,50.0,0.62,1.25,70.0
662,NOUR BANIATEYAH,JOR,Jordan,Al Faisaly SC,GK,33,179,0,Not in FBref,0,0,0,0.0,0,0,0,0,0,0,0,0,0,0,0,0,0.0,0.0,0.0,0.0,0.0,0.0,0.0,GK,0.0,0.0,0,0.0,0.0,0.0,0.0,0.0,0.0,65.0
663,MAHMOUD ALMARDI,JOR,Jordan,Al Hussein SC,FW,32,173,1,Mahmoud Al-Mardi,3,1,130,1.4,0,0,0,0,0,0,0,0,1,1,1,0,0.0,0.0,0.0,0.0,0.0,0.0,0.0,FW,0.0,0.0,0,0.0,0.71,0.71,100.0,0.71,0.0,72.2
664,RAJAEI AYED,JOR,Jordan,Al Hussein SC,MF,32,175,0,Not in FBref,0,0,0,0.0,0,0,0,0,0,0,0,0,0,0,0,0,0.0,0.0,0.0,0.0,0.0,0.0,0.0,MF,0.0,0.0,0,0.0,0.0,0.0,0.0,0.0,0.0,65.0
665,IBRAHIM SADEH,JOR,Jordan,Al Karma SC,MF,26,175,0,Not in FBref,0,0,0,0.0,0,0,0,0,0,0,0,0,0,0,0,0,0.0,0.0,0.0,0.0,0.0,0.0,0.0,MF,0.0,0.0,0,0.0,0.0,0.0,0.0,0.0,0.0,65.0
666,MOHAMMAD ABUALNADI,JOR,Jordan,Selangor FC,DF,25,185,1,Mo Abualnadi,1,1,71,0.8,0,0,0,0,0,0,0,0,0,0,0,0,0.0,0.0,0.0,0.0,0.0,0.0,0.0,DF,0.0,0.0,0,0.0,0.0,0.0,0.0,0.0,0.0,66.2
667,SALEEM OBAID,JOR,Jordan,Al Hussein SC,DF,34,187,1,Salim Obaid,3,0,21,0.2,0,0,0,0,0,0,0,0,0,0,2,0,0.0,0.0,0.0,0.0,0.0,0.0,0.0,DF,0.0,0.0,0,0.0,0.0,0.0,0.0,10.0,0.0,70.4
668,MOHAMMAD ABUGHOUSH,JOR,Jordan,Al Hussein SC,MF,20,182,1,Mohammad Abu Hasheesh,1,0,6,0.1,0,0,0,0,0,0,0,0,0,0,2,0,0.0,0.0,0.0,0.0,0.0,0.0,0.0,MF,0.0,0.0,0,0.0,0.0,0.0,0.0,20.0,0.0,68.1
669,SAED ALROSAN,JOR,Jordan,Al Hussein SC,DF,29,186,1,Saed Al-Rosan,1,0,10,0.1,0,0,0,0,0,0,0,0,0,0,0,0,0.0,0.0,0.0,0.0,0.0,0.0,0.0,DF,0.0,0.0,0,0.0,0.0,0.0,0.0,0.0,0.0,65.2
670,MOHANNAD ABUTAHA,JOR,Jordan,Al-Quwa Al-Jawiya,MF,23,173,1,Mohannad Abu Taha,3,3,264,2.9,0,0,0,0,0,0,1,0,1,0,2,6,0.0,0.0,0.0,0.0,0.0,0.0,0.0,MF,0.0,0.0,0,0.0,0.34,0.0,0.0,0.69,2.07,72.5
671,NIZAR ALRASHDAN,JOR,Jordan,Qatar SC,MF,27,183,1,Nizar Al Rashdan,3,3,255,2.8,1,0,1,1,0,0,0,0,2,1,5,2,0.0,0.0,0.0,0.0,0.0,0.0,0.0,MF,0.36,0.0,1,0.36,0.71,0.36,50.0,1.79,0.71,74.4
672,ABDALLAH ALFAKHORI,JOR,Jordan,Al Wahdat SC,GK,26,190,0,Not in FBref,0,0,0,0.0,0,0,0,0,0,0,0,0,0,0,0,0,0.0,0.0,0.0,0.0,0.0,0.0,0.0,GK,0.0,0.0,0,0.0,0.0,0.0,0.0,0.0,0.0,65.0
673,EHSAN HADDAD,JOR,Jordan,Al Hussein SC,DF,32,174,1,Ihsan Haddad,3,3,260,2.9,0,1,1,0,0,0,0,0,1,0,1,2,0.0,0.0,0.0,0.0,0.0,0.0,0.0,DF,0.0,0.34,1,0.34,0.34,0.0,0.0,0.34,0.69,74.4
674,ALI AZAIZEH,JOR,Jordan,Al Shabab FC,FW,22,178,1,Ali Azaizeh,3,1,54,0.6,0,0,0,0,0,0,0,0,2,0,3,0,0.0,0.0,0.0,0.0,0.0,0.0,0.0,FW,0.0,0.0,0,0.0,3.33,0.0,0.0,5.0,0.0,65.9
675,MOHAMMAD ALDAOUD,JOR,Jordan,Al Wahdat SC,MF,34,185,1,Mohammad Al-Dawud,1,0,3,0.0,0,0,0,0,0,0,0,0,0,0,0,0,0.0,0.0,0.0,0.0,0.0,0.0,0.0,MF,0.0,0.0,0,0.0,0.0,0.0,0.0,0.0,0.0,65.0
676,ANAS BADAWI,JOR,Jordan,Al Faisaly SC,DF,28,174,0,Not in FBref,0,0,0,0.0,0,0,0,0,0,0,0,0,0,0,0,0,0.0,0.0,0.0,0.0,0.0,0.0,0.0,DF,0.0,0.0,0,0.0,0.0,0.0,0.0,0.0,0.0,65.0
677,KIM Seunggyu,KOR,Korea Republic,FC Tokyo,GK,35,187,1,Kim Seung-gyu,3,3,270,3.0,0,0,0,0,0,0,0,0,0,0,0,0,3.0,1.0,12.0,9.0,75.0,0.0,0.0,GK,0.0,0.0,0,0.0,0.0,0.0,0.0,0.0,0.0,74.0
678,LEE Hanbeom,KOR,Korea Republic,FC Midtjylland,DF,23,188,1,Lee Han-beom,3,3,270,3.0,0,0,0,0,0,0,0,0,2,0,2,3,0.0,0.0,0.0,0.0,0.0,0.0,0.0,DF,0.0,0.0,0,0.0,0.67,0.0,0.0,0.67,1.0,73.7
679,LEE Gihyuk,KOR,Korea Republic,Gangwon FC,MF,25,184,1,Lee Gi-hyuk,3,3,270,3.0,0,0,0,0,0,0,1,0,0,0,4,5,0.0,0.0,0.0,0.0,0.0,0.0,0.0,MF,0.0,0.0,0,0.0,0.0,0.0,0.0,1.33,1.67,73.0
680,KIM Minjae,KOR,Korea Republic,FC Bayern München,DF,29,190,1,Kim Min-jae,3,3,245,2.7,0,0,0,0,0,0,0,0,1,1,2,2,0.0,0.0,0.0,0.0,0.0,0.0,0.0,DF,0.0,0.0,0,0.0,0.37,0.37,100.0,0.74,0.74,72.8
681,KIM Taehyeon,KOR,Korea Republic,Kashima Antlers,DF,25,186,0,Not in FBref,0,0,0,0.0,0,0,0,0,0,0,0,0,0,0,0,0,0.0,0.0,0.0,0.0,0.0,0.0,0.0,DF,0.0,0.0,0,0.0,0.0,0.0,0.0,0.0,0.0,65.0
682,HWANG Inbeom,KOR,Korea Republic,Feyenoord Rotterdam,MF,29,177,1,Hwang In-beom,3,3,263,2.9,1,1,2,1,0,0,0,0,4,2,2,4,0.0,0.0,0.0,0.0,0.0,0.0,0.0,MF,0.34,0.34,2,0.69,1.38,0.69,50.0,0.69,1.38,75.6
683,SON Heungmin,KOR,Korea Republic,LAFC,FW,33,183,1,Son Heung-min,3,2,169,1.9,0,0,0,0,0,0,0,0,7,1,1,0,0.0,0.0,0.0,0.0,0.0,0.0,0.0,FW,0.0,0.0,0,0.0,3.68,0.53,14.3,0.53,0.0,68.5
684,PAIK Seungho,KOR,Korea Republic,Birmingham City FC,MF,29,182,1,Paik Seung-ho,3,3,204,2.3,0,0,0,0,0,0,1,0,0,0,0,1,0.0,0.0,0.0,0.0,0.0,0.0,0.0,MF,0.0,0.0,0,0.0,0.0,0.0,0.0,0.0,0.43,68.1
685,CHO Guesung,KOR,Korea Republic,FC Midtjylland,FW,28,188,1,Cho Gue-sung,2,0,31,0.3,0,0,0,0,0,0,1,0,2,1,0,0,0.0,0.0,0.0,0.0,0.0,0.0,0.0,FW,0.0,0.0,0,0.0,6.67,3.33,50.0,0.0,0.0,67.0
686,LEE Jaesung,KOR,Korea Republic,1. FSV Mainz 05,MF,33,180,1,Lee Jae-sung,2,2,117,1.3,0,0,0,0,0,0,0,0,2,1,3,2,0.0,0.0,0.0,0.0,0.0,0.0,0.0,MF,0.0,0.0,0,0.0,1.54,0.77,50.0,2.31,1.54,72.7
687,HWANG Heechan,KOR,Korea Republic,Wolverhampton Wanderers FC,MF,30,177,1,Hwang Hee-chan,3,1,108,1.2,0,0,0,0,0,0,0,0,1,0,1,0,0.0,0.0,0.0,0.0,0.0,0.0,0.0,MF,0.0,0.0,0,0.0,0.83,0.0,0.0,0.83,0.0,68.0
688,SONG Bumkeun,KOR,Korea Republic,Jeonbuk Hyundai Motors FC,GK,28,196,0,Not in FBref,0,0,0,0.0,0,0,0,0,0,0,0,0,0,0,0,0,0.0,0.0,0.0,0.0,0.0,0.0,0.0,GK,0.0,0.0,0,0.0,0.0,0.0,0.0,0.0,0.0,65.0
689,LEE Taeseok,KOR,Korea Republic,FK Austria Wien,DF,23,174,1,Lee Tae-seok,2,2,113,1.3,0,0,0,0,0,0,0,0,0,0,3,0,0.0,0.0,0.0,0.0,0.0,0.0,0.0,DF,0.0,0.0,0,0.0,0.0,0.0,0.0,2.31,0.0,72.7
690,CHO Wije,KOR,Korea Republic,Jeonbuk Hyundai Motors FC,DF,24,190,1,Cho Gue-sung,2,0,31,0.3,0,0,0,0,0,0,1,0,2,1,0,0,0.0,0.0,0.0,0.0,0.0,0.0,0.0,DF,0.0,0.0,0,0.0,6.67,3.33,50.0,0.0,0.0,64.5
691,KIM Moonhwan,KOR,Korea Republic,Daejeon Hana Citizen FC,DF,30,173,1,Kim Moon-hwan,1,1,70,0.8,0,0,0,0,0,0,0,0,0,0,1,1,0.0,0.0,0.0,0.0,0.0,0.0,0.0,DF,0.0,0.0,0,0.0,0.0,0.0,0.0,1.25,1.25,71.2
692,PARK Jinseob,KOR,Korea Republic,Zhejiang FC,DF,30,183,1,Park Jinseob,2,0,32,0.4,0,0,0,0,0,0,0,0,1,1,0,0,0.0,0.0,0.0,0.0,0.0,0.0,0.0,DF,0.0,0.0,0,0.0,2.5,2.5,100.0,0.0,0.0,65.5
693,BAE Junho,KOR,Korea Republic,Stoke City FC,MF,22,180,0,Not in FBref,0,0,0,0.0,0,0,0,0,0,0,0,0,0,0,0,0,0.0,0.0,0.0,0.0,0.0,0.0,0.0,MF,0.0,0.0,0,0.0,0.0,0.0,0.0,0.0,0.0,65.0
694,OH Hyeongyu,KOR,Korea Republic,Beşiktaş JK,FW,25,183,1,Oh Hyeon-gyu,3,1,129,1.4,1,0,1,1,0,0,0,0,4,2,0,0,0.0,0.0,0.0,0.0,0.0,0.0,0.0,FW,0.71,0.0,1,0.71,2.86,1.43,50.0,0.0,0.0,73.2
695,LEE Kangin,KOR,Korea Republic,Paris Saint-Germain,MF,25,174,1,Lee Kang-in,3,3,270,3.0,0,1,1,0,0,0,1,0,4,1,0,0,0.0,0.0,0.0,0.0,0.0,0.0,0.0,MF,0.0,0.33,1,0.33,1.33,0.33,25.0,0.0,0.0,70.2
696,YANG Hyunjun,KOR,Korea Republic,Celtic FC,MF,24,179,1,Yang Hyun-jun,1,0,20,0.2,0,0,0,0,0,0,0,0,1,1,1,1,0.0,0.0,0.0,0.0,0.0,0.0,0.0,MF,0.0,0.0,0,0.0,5.0,5.0,100.0,5.0,5.0,68.3
697,JO Hyeonwoo,KOR,Korea Republic,Ulsan HD,GK,34,189,0,Not in FBref,0,0,0,0.0,0,0,0,0,0,0,0,0,0,0,0,0,0.0,0.0,0.0,0.0,0.0,0.0,0.0,GK,0.0,0.0,0,0.0,0.0,0.0,0.0,0.0,0.0,65.0
698,SEOL Youngwoo,KOR,Korea Republic,FK Crvena Zvezda,DF,27,180,1,Seol Young-woo,3,3,250,2.8,0,0,0,0,0,0,0,0,2,0,0,1,0.0,0.0,0.0,0.0,0.0,0.0,0.0,DF,0.0,0.0,0,0.0,0.71,0.0,0.0,0.0,0.36,70.1
699,CASTROP Jens,KOR,Korea Republic,Borussia Mönchengladbach,DF,22,178,1,Jens Castrop,1,0,45,0.5,0,0,0,0,0,0,0,0,0,0,0,0,0.0,0.0,0.0,0.0,0.0,0.0,0.0,DF,0.0,0.0,0,0.0,0.0,0.0,0.0,0.0,0.0,65.8
700,KIM Jingyu,KOR,Korea Republic,Jeonbuk Hyundai Motors FC,MF,29,177,1,Kim Jin-gyu,2,0,52,0.6,0,0,0,0,0,0,0,0,1,0,1,0,0.0,0.0,0.0,0.0,0.0,0.0,0.0,MF,0.0,0.0,0,0.0,1.67,0.0,0.0,1.67,0.0,67.4
701,EOM Jisung,KOR,Korea Republic,Swansea City AFC,MF,24,177,1,Eom Ji-sung,2,0,42,0.5,0,0,0,0,0,0,0,0,0,0,2,0,0.0,0.0,0.0,0.0,0.0,0.0,0.0,MF,0.0,0.0,0,0.0,0.0,0.0,0.0,4.0,0.0,68.7
702,LEE Donggyeong,KOR,Korea Republic,Ulsan HD,MF,28,175,0,Not in FBref,0,0,0,0.0,0,0,0,0,0,0,0,0,0,0,0,0,0.0,0.0,0.0,0.0,0.0,0.0,0.0,MF,0.0,0.0,0,0.0,0.0,0.0,0.0,0.0,0.0,65.0
703,RANGEL Raul,MEX,Mexico,CD Guadalajara,GK,26,190,1,Raúl Rangel,5,5,437,4.9,0,0,0,0,0,0,0,0,0,0,0,0,3.0,0.62,11.0,8.0,72.7,4.0,80.0,GK,0.0,0.0,0,0.0,0.0,0.0,0.0,0.0,0.0,87.9
704,SANCHEZ Jorge,MEX,Mexico,PAOK Saloniki,DF,28,176,1,Jorge Sánchez,4,4,348,3.9,0,1,1,0,0,0,1,0,1,1,4,5,0.0,0.0,0.0,0.0,0.0,0.0,0.0,DF,0.0,0.26,1,0.26,0.26,0.26,100.0,1.03,1.28,78.1
705,MONTES Cesar,MEX,Mexico,FC Lokomotiv Moscow,DF,29,191,1,César Montes,4,4,314,3.5,0,0,0,0,0,0,0,1,1,1,1,2,0.0,0.0,0.0,0.0,0.0,0.0,0.0,DF,0.0,0.0,0,0.0,0.29,0.29,100.0,0.29,0.57,69.4
706,ALVAREZ Edson,MEX,Mexico,Fenerbahçe SK,DF,28,180,1,Edson Álvarez,4,2,240,2.7,0,0,0,0,0,0,1,0,2,0,6,3,0.0,0.0,0.0,0.0,0.0,0.0,0.0,DF,0.0,0.0,0,0.0,0.74,0.0,0.0,2.22,1.11,76.3
707,VASQUEZ Johan,MEX,Mexico,Genoa CFC,DF,27,182,1,Johan Vásquez,4,4,360,4.0,0,0,0,0,0,0,1,0,1,0,1,2,0.0,0.0,0.0,0.0,0.0,0.0,0.0,DF,0.0,0.0,0,0.0,0.25,0.0,0.0,0.25,0.5,71.9
708,LIRA Erik,MEX,Mexico,CF Cruz Azul,MF,26,172,1,Erik Lira,4,4,345,3.8,0,1,1,0,0,0,0,0,0,0,3,2,0.0,0.0,0.0,0.0,0.0,0.0,0.0,MF,0.0,0.26,1,0.26,0.0,0.0,0.0,0.79,0.53,74.0
709,ROMO Luis,MEX,Mexico,CD Guadalajara,MF,31,183,1,Luis Romo,4,4,264,2.9,1,1,2,1,0,0,0,0,3,1,4,4,0.0,0.0,0.0,0.0,0.0,0.0,0.0,MF,0.34,0.34,2,0.69,1.03,0.34,33.3,1.38,1.38,76.6
710,FIDALGO Alvaro,MEX,Mexico,Real Betis,MF,29,175,1,Álvaro Fidalgo,3,1,96,1.1,1,0,1,1,0,0,0,0,3,2,0,1,0.0,0.0,0.0,0.0,0.0,0.0,0.0,MF,0.91,0.0,1,0.91,2.73,1.82,66.7,0.0,0.91,71.6
711,JIMENEZ Raul,MEX,Mexico,Fulham FC,FW,35,188,1,Raúl Jiménez,4,4,317,3.5,3,0,3,2,1,1,0,0,18,7,1,0,0.0,0.0,0.0,0.0,0.0,0.0,0.0,FW,0.86,0.0,3,0.86,5.14,2.0,38.9,0.29,0.0,76.5
712,VEGA Alexis,MEX,Mexico,Deportivo Toluca FC,FW,28,175,1,Alexis Vega,1,0,12,0.1,0,0,0,0,0,0,0,0,0,0,0,0,0.0,0.0,0.0,0.0,0.0,0.0,0.0,FW,0.0,0.0,0,0.0,0.0,0.0,0.0,0.0,0.0,65.2
713,GIMENEZ Santiago,MEX,Mexico,AC Milan,FW,25,180,1,Santiago Giménez,4,0,86,1.0,0,0,0,0,0,0,0,0,2,1,0,0,0.0,0.0,0.0,0.0,0.0,0.0,0.0,FW,0.0,0.0,0,0.0,2.0,1.0,50.0,0.0,0.0,68.9
714,ACEVEDO Carlos,MEX,Mexico,Club Santos Laguna,GK,30,185,0,Not in FBref,0,0,0,0.0,0,0,0,0,0,0,0,0,0,0,0,0,0.0,0.0,0.0,0.0,0.0,0.0,0.0,GK,0.0,0.0,0,0.0,0.0,0.0,0.0,0.0,0.0,65.0
715,OCHOA Guillermo,MEX,Mexico,AEL Limassol,GK,40,185,1,Guillermo Ochoa,1,0,13,0.1,0,0,0,0,0,0,0,0,0,0,0,0,0.0,0.0,0.0,0.0,0.0,1.0,0.0,GK,0.0,0.0,0,0.0,0.0,0.0,0.0,0.0,0.0,68.2
716,GONZALEZ Armando,MEX,Mexico,CD Guadalajara,FW,23,182,1,Armando González,1,0,15,0.2,0,0,0,0,0,0,0,0,0,0,0,0,0.0,0.0,0.0,0.0,0.0,0.0,0.0,FW,0.0,0.0,0,0.0,0.0,0.0,0.0,0.0,0.0,65.2
717,REYES Israel,MEX,Mexico,Club América,DF,26,181,1,Israel Reyes,4,2,202,2.2,0,0,0,0,0,0,0,0,2,0,1,3,0.0,0.0,0.0,0.0,0.0,0.0,0.0,DF,0.0,0.0,0,0.0,0.91,0.0,0.0,0.45,1.36,72.9
718,QUINONES Julian,MEX,Mexico,Al Qadsiah FC,FW,29,177,1,Julián Quiñones,5,5,410,4.6,4,1,5,4,0,0,0,0,14,6,0,0,0.0,0.0,0.0,0.0,0.0,0.0,0.0,FW,0.87,0.22,5,1.09,3.04,1.3,42.9,0.0,0.0,78.4
719,PINEDA Orbelin,MEX,Mexico,AEK Athens,MF,30,169,1,Orbelín Pineda,2,0,31,0.3,0,0,0,0,0,0,0,0,1,0,0,0,0.0,0.0,0.0,0.0,0.0,0.0,0.0,MF,0.0,0.0,0,0.0,3.33,0.0,0.0,0.0,0.0,65.5
720,VARGAS Obed,MEX,Mexico,Atlético De Madrid,MF,20,175,1,Obed Vargas,3,0,66,0.7,0,0,0,0,0,0,0,0,1,1,2,1,0.0,0.0,0.0,0.0,0.0,0.0,0.0,MF,0.0,0.0,0,0.0,1.43,1.43,100.0,2.86,1.43,70.6
721,MORA Gilberto,MEX,Mexico,Club Tijuana,MF,17,175,1,Gilberto Mora,4,3,213,2.4,0,0,0,0,0,0,0,0,5,0,2,2,0.0,0.0,0.0,0.0,0.0,0.0,0.0,MF,0.0,0.0,0,0.0,2.08,0.0,0.0,0.83,0.83,71.0
722,CHAVEZ Mateo,MEX,Mexico,AZ Alkmaar,DF,22,178,1,Mateo Chávez,1,1,77,0.9,1,0,1,1,0,0,0,0,1,1,1,0,0.0,0.0,0.0,0.0,0.0,0.0,0.0,DF,1.11,0.0,1,1.11,1.11,1.11,100.0,1.11,0.0,71.3
723,HUERTA Cesar,MEX,Mexico,RSC Anderlecht,FW,25,171,1,César Huerta,1,0,7,0.1,0,0,0,0,0,0,0,0,0,0,0,0,0.0,0.0,0.0,0.0,0.0,0.0,0.0,FW,0.0,0.0,0,0.0,0.0,0.0,0.0,0.0,0.0,65.1
724,MARTINEZ Guillermo,MEX,Mexico,Pumas UNAM,FW,31,191,1,Guillermo Martínez Ayala,2,1,72,0.8,0,0,0,0,0,0,0,0,0,0,0,0,0.0,0.0,0.0,0.0,0.0,0.0,0.0,FW,0.0,0.0,0,0.0,0.0,0.0,0.0,0.0,0.0,66.2
725,GALLARDO Jesus,MEX,Mexico,Deportivo Toluca FC,DF,31,174,1,Jesús Gallardo,5,4,373,4.1,0,0,0,0,0,0,0,0,4,0,1,7,0.0,0.0,0.0,0.0,0.0,0.0,0.0,DF,0.0,0.0,0,0.0,0.98,0.0,0.0,0.24,1.71,75.9
726,CHAVEZ Luis,MEX,Mexico,FC Dynamo Moscow,MF,30,178,1,Luis Chávez,1,0,25,0.3,0,0,0,0,0,0,0,0,0,0,1,0,0.0,0.0,0.0,0.0,0.0,0.0,0.0,MF,0.0,0.0,0,0.0,0.0,0.0,0.0,3.33,0.0,66.9
727,ALVARADO Roberto,MEX,Mexico,CD Guadalajara,FW,27,176,1,Roberto Alvarado,5,5,428,4.8,0,3,3,0,0,0,0,0,5,0,3,2,0.0,0.0,0.0,0.0,0.0,0.0,0.0,FW,0.0,0.62,3,0.62,1.04,0.0,0.0,0.62,0.42,73.5
728,GUTIERREZ Brian,MEX,Mexico,CD Guadalajara,MF,22,178,1,Brian Gutiérrez,4,2,198,2.2,0,0,0,0,0,0,1,0,6,0,1,2,0.0,0.0,0.0,0.0,0.0,0.0,0.0,MF,0.0,0.0,0,0.0,2.73,0.0,0.0,0.45,0.91,69.3
729,BOUNOU Yassine,MAR,Morocco,Al Hilal SC,GK,35,192,1,Yassine Bounou,6,6,570,6.3,0,0,0,0,0,0,0,0,0,0,0,0,6.0,0.95,20.0,14.0,70.0,2.0,33.3,GK,0.0,0.0,0,0.0,0.0,0.0,0.0,0.0,0.0,81.2
730,HAKIMI Achraf,MAR,Morocco,Paris Saint-Germain,DF,27,180,1,Achraf Hakimi,6,6,570,6.3,1,2,3,1,0,0,1,0,14,4,10,5,0.0,0.0,0.0,0.0,0.0,0.0,0.0,DF,0.16,0.32,3,0.48,2.22,0.63,28.6,1.59,0.79,83.5
731,MAZRAOUI Noussair,MAR,Morocco,Manchester United FC,DF,28,183,1,Noussair Mazraoui,6,5,477,5.3,0,0,0,0,0,0,0,0,0,0,8,2,0.0,0.0,0.0,0.0,0.0,0.0,0.0,DF,0.0,0.0,0,0.0,0.0,0.0,0.0,1.51,0.38,75.7
732,AMRABAT Sofyan,MAR,Morocco,Real Betis,MF,29,185,1,Sofyan Amrabat,3,1,147,1.6,0,0,0,0,0,0,0,0,0,0,1,2,0.0,0.0,0.0,0.0,0.0,0.0,0.0,MF,0.0,0.0,0,0.0,0.0,0.0,0.0,0.62,1.25,70.3
733,AGUERD Nayef,MAR,Morocco,Olympique Marseille,DF,30,190,0,Not in FBref,0,0,0,0.0,0,0,0,0,0,0,0,0,0,0,0,0,0.0,0.0,0.0,0.0,0.0,0.0,0.0,DF,0.0,0.0,0,0.0,0.0,0.0,0.0,0.0,0.0,65.0
734,BOUADDI Ayyoub,MAR,Morocco,Lille OSC,MF,18,185,1,Ayyoub Bouaddi,5,5,381,4.2,0,0,0,0,0,0,0,0,3,0,3,1,0.0,0.0,0.0,0.0,0.0,0.0,0.0,MF,0.0,0.0,0,0.0,0.71,0.0,0.0,0.71,0.24,72.4
735,TALBI Chemsdine,MAR,Morocco,Sunderland AFC,MF,21,175,1,Chemsdine Talbi,5,1,179,2.0,0,1,1,0,0,0,0,0,2,0,2,2,0.0,0.0,0.0,0.0,0.0,0.0,0.0,MF,0.0,0.5,1,0.5,1.0,0.0,0.0,1.0,1.0,73.5
736,OUNAHI Azzedine,MAR,Morocco,Girona FC,MF,26,182,1,Azzedine Ounahi,6,5,435,4.8,2,0,2,2,0,0,1,0,5,3,1,1,0.0,0.0,0.0,0.0,0.0,0.0,0.0,MF,0.42,0.0,2,0.42,1.04,0.62,60.0,0.21,0.21,72.3
737,RAHIMI Soufiane,MAR,Morocco,Al Ain FC,FW,30,180,1,Soufiane Rahimi,6,0,163,1.8,2,1,3,2,0,0,0,0,6,4,2,0,0.0,0.0,0.0,0.0,0.0,0.0,0.0,FW,1.11,0.56,3,1.67,3.33,2.22,66.7,1.11,0.0,78.8
738,DIAZ Brahim,MAR,Morocco,Real Madrid C. F.,FW,26,170,1,Brahim Díaz,6,6,457,5.1,0,4,4,0,0,0,0,0,6,1,2,4,0.0,0.0,0.0,0.0,0.0,0.0,0.0,FW,0.0,0.78,4,0.78,1.18,0.2,16.7,0.39,0.78,75.0
739,SAIBARI Ismael,MAR,Morocco,PSV Eindhoven,MF,25,185,1,Ismael Saibari,5,5,381,4.2,3,0,3,3,0,0,0,0,10,3,2,0,0.0,0.0,0.0,0.0,0.0,0.0,0.0,MF,0.71,0.0,3,0.71,2.38,0.71,30.0,0.48,0.0,74.6
740,EL KAJOUI Munir,MAR,Morocco,RS Berkane,GK,37,190,0,Not in FBref,0,0,0,0.0,0,0,0,0,0,0,0,0,0,0,0,0,0.0,0.0,0.0,0.0,0.0,0.0,0.0,GK,0.0,0.0,0,0.0,0.0,0.0,0.0,0.0,0.0,65.0
741,EL OUAHDI Zakaria,MAR,Morocco,KRC Genk,DF,24,171,1,Zakaria El Ouahdi,1,0,17,0.2,0,0,0,0,0,0,0,0,0,0,0,0,0.0,0.0,0.0,0.0,0.0,0.0,0.0,DF,0.0,0.0,0,0.0,0.0,0.0,0.0,0.0,0.0,65.3
742,DIOP Issa,MAR,Morocco,Fulham FC,DF,29,194,1,Issa Diop,5,5,476,5.3,1,0,1,1,0,0,3,0,1,1,1,7,0.0,0.0,0.0,0.0,0.0,0.0,0.0,DF,0.19,0.0,1,0.19,0.19,0.19,100.0,0.19,1.32,74.3
743,EL MOURABET Samir,MAR,Morocco,RC Strasbourg,MF,20,187,1,Samir El Mourabet,5,0,81,0.9,0,0,0,0,0,0,0,0,0,0,1,1,0.0,0.0,0.0,0.0,0.0,0.0,0.0,MF,0.0,0.0,0,0.0,0.0,0.0,0.0,1.11,1.11,69.4
744,YASSINE Gessime,MAR,Morocco,RC Strasbourg,MF,20,172,1,Gessime Yassine,3,0,80,0.9,1,0,1,1,0,0,0,0,2,1,2,1,0.0,0.0,0.0,0.0,0.0,0.0,0.0,MF,1.11,0.0,1,1.11,2.22,1.11,50.0,2.22,1.11,74.8
745,EZZALZOULI Abde,MAR,Morocco,Real Betis,FW,24,177,0,Not in FBref,0,0,0,0.0,0,0,0,0,0,0,0,0,0,0,0,0,0.0,0.0,0.0,0.0,0.0,0.0,0.0,FW,0.0,0.0,0,0.0,0.0,0.0,0.0,0.0,0.0,65.0
746,RIAD Chadi,MAR,Morocco,Crystal Palace FC,DF,22,186,1,Chadi Riad,4,4,344,3.8,0,1,1,0,0,0,0,0,1,0,1,4,0.0,0.0,0.0,0.0,0.0,0.0,0.0,DF,0.0,0.26,1,0.26,0.26,0.0,0.0,0.26,1.05,76.5
747,BELAMMARI Youssef,MAR,Morocco,Al Ahly FC,DF,27,175,0,Not in FBref,0,0,0,0.0,0,0,0,0,0,0,0,0,0,0,0,0,0.0,0.0,0.0,0.0,0.0,0.0,0.0,DF,0.0,0.0,0,0.0,0.0,0.0,0.0,0.0,0.0,65.0
748,EL KAABI Ayoub,MAR,Morocco,Olympiacos FC,FW,32,182,1,Ayoub El Kaabi,1,1,69,0.8,0,0,0,0,0,0,0,0,3,2,2,0,0.0,0.0,0.0,0.0,0.0,0.0,0.0,FW,0.0,0.0,0,0.0,3.75,2.5,66.7,2.5,0.0,69.5
749,AMAIMOUNI Ayoube,MAR,Morocco,Eintracht Frankfurt,FW,21,179,1,Ayoube Amaimouni,2,0,18,0.2,0,0,0,0,0,0,0,0,2,1,1,0,0.0,0.0,0.0,0.0,0.0,0.0,0.0,FW,0.0,0.0,0,0.0,10.0,5.0,50.0,5.0,0.0,67.8
750,TAGNAOUTI Ahmed Reda,MAR,Morocco,ASFAR,GK,30,194,0,Not in FBref,0,0,0,0.0,0,0,0,0,0,0,0,0,0,0,0,0,0.0,0.0,0.0,0.0,0.0,0.0,0.0,GK,0.0,0.0,0,0.0,0.0,0.0,0.0,0.0,0.0,65.0
751,EL KHANNOUSS Bilal,MAR,Morocco,VfB Stuttgart,MF,22,180,1,Bilal El Khannouss,6,6,461,5.1,0,0,0,0,0,0,1,0,6,4,7,1,0.0,0.0,0.0,0.0,0.0,0.0,0.0,MF,0.0,0.0,0,0.0,1.18,0.78,66.7,1.37,0.2,72.4
752,EL AYNAOUI Neil,MAR,Morocco,AS Roma,MF,24,185,1,Neil El Aynaoui,6,6,562,6.2,0,0,0,0,0,0,0,0,7,2,9,8,0.0,0.0,0.0,0.0,0.0,0.0,0.0,MF,0.0,0.0,0,0.0,1.13,0.32,28.6,1.45,1.29,75.1
753,HALHAL Redouane,MAR,Morocco,KV Mechelen,DF,23,189,1,Redouane Halhal,2,2,180,2.0,0,0,0,0,0,0,1,0,0,0,1,1,0.0,0.0,0.0,0.0,0.0,0.0,0.0,DF,0.0,0.0,0,0.0,0.0,0.0,0.0,0.5,0.5,69.5
754,SALAH EDDINE Anass,MAR,Morocco,PSV Eindhoven,DF,24,181,1,Anass Salah-Eddine,4,2,212,2.4,0,0,0,0,0,0,0,0,1,0,5,0,0.0,0.0,0.0,0.0,0.0,0.0,0.0,DF,0.0,0.0,0,0.0,0.42,0.0,0.0,2.08,0.0,73.7
755,VERBRUGGEN Bart,NED,Netherlands,Brighton & Hove Albion FC,GK,23,193,1,Bart Verbruggen,4,4,390,4.3,0,0,0,0,0,0,0,0,0,0,0,0,5.0,1.15,21.0,16.0,76.2,0.0,0.0,GK,0.0,0.0,0,0.0,0.0,0.0,0.0,0.0,0.0,75.4
756,GEERTRUIDA Lutsharel,NED,Netherlands,Sunderland AFC,DF,25,185,0,Not in FBref,0,0,0,0.0,0,0,0,0,0,0,0,0,0,0,0,0,0.0,0.0,0.0,0.0,0.0,0.0,0.0,DF,0.0,0.0,0,0.0,0.0,0.0,0.0,0.0,0.0,65.0
757,DE ROON Marten,NED,Netherlands,Atalanta Bergamo,MF,35,186,1,Marten de Roon,1,0,11,0.1,0,0,0,0,0,0,0,0,0,0,0,0,0.0,0.0,0.0,0.0,0.0,0.0,0.0,MF,0.0,0.0,0,0.0,0.0,0.0,0.0,0.0,0.0,65.2
758,VAN DIJK Virgil,NED,Netherlands,Liverpool FC,DF,34,195,1,Virgil van Dijk,4,4,390,4.3,1,1,2,1,0,0,0,0,2,2,1,3,0.0,0.0,0.0,0.0,0.0,0.0,0.0,DF,0.23,0.23,2,0.47,0.47,0.47,100.0,0.23,0.7,78.3
759,AKE Nathan,NED,Netherlands,Manchester City FC,DF,31,180,1,Nathan Aké,3,2,170,1.9,0,0,0,0,0,0,0,0,1,0,0,4,0.0,0.0,0.0,0.0,0.0,0.0,0.0,DF,0.0,0.0,0,0.0,0.53,0.0,0.0,0.0,2.11,73.1
760,VAN HECKE Jan Paul,NED,Netherlands,Brighton & Hove Albion FC,DF,26,189,1,Jan Paul van Hecke,4,4,390,4.3,1,0,1,1,0,0,0,0,3,2,3,4,0.0,0.0,0.0,0.0,0.0,0.0,0.0,DF,0.23,0.0,1,0.23,0.7,0.47,66.7,0.7,0.93,77.6
761,KLUIVERT Justin,NED,Netherlands,AFC Bournemouth,MF,27,173,1,Justin Kluivert,2,0,27,0.3,0,0,0,0,0,0,0,0,0,0,0,0,0.0,0.0,0.0,0.0,0.0,0.0,0.0,MF,0.0,0.0,0,0.0,0.0,0.0,0.0,0.0,0.0,65.4
762,GRAVENBERCH Ryan,NED,Netherlands,Liverpool FC,MF,24,190,1,Ryan Gravenberch,4,4,345,3.8,0,2,2,0,0,0,0,0,5,0,1,6,0.0,0.0,0.0,0.0,0.0,0.0,0.0,MF,0.0,0.53,2,0.53,1.32,0.0,0.0,0.26,1.58,76.1
763,WEGHORST Wout,NED,Netherlands,AFC Ajax,FW,33,197,1,Wout Weghorst,1,0,50,0.6,0,0,0,0,0,0,0,0,0,0,1,0,0.0,0.0,0.0,0.0,0.0,0.0,0.0,FW,0.0,0.0,0,0.0,0.0,0.0,0.0,1.67,0.0,65.8
764,DEPAY Memphis,NED,Netherlands,SC Corinthians,FW,32,178,1,Memphis,3,0,54,0.6,0,1,1,0,0,0,1,0,0,0,0,0,0.0,0.0,0.0,0.0,0.0,0.0,0.0,FW,0.0,1.67,1,1.67,0.0,0.0,0.0,0.0,0.0,68.9
765,GAKPO Cody,NED,Netherlands,Liverpool FC,FW,27,193,1,Cody Gakpo,4,4,368,4.1,3,1,4,3,0,0,0,0,10,6,1,2,0.0,0.0,0.0,0.0,0.0,0.0,0.0,FW,0.73,0.24,4,0.98,2.44,1.46,60.0,0.24,0.49,78.6
766,WIEFFER Mats,NED,Netherlands,Brighton & Hove Albion FC,DF,26,189,0,Not in FBref,0,0,0,0.0,0,0,0,0,0,0,0,0,0,0,0,0,0.0,0.0,0.0,0.0,0.0,0.0,0.0,DF,0.0,0.0,0,0.0,0.0,0.0,0.0,0.0,0.0,65.0
767,ROEFS Robin,NED,Netherlands,Sunderland AFC,GK,23,193,0,Not in FBref,0,0,0,0.0,0,0,0,0,0,0,0,0,0,0,0,0,0.0,0.0,0.0,0.0,0.0,0.0,0.0,GK,0.0,0.0,0,0.0,0.0,0.0,0.0,0.0,0.0,65.0
768,REIJNDERS Tijjani,NED,Netherlands,Manchester City FC,MF,27,178,1,Tijjani Reijnders,3,3,199,2.2,0,1,1,0,0,0,0,0,4,2,0,2,0.0,0.0,0.0,0.0,0.0,0.0,0.0,MF,0.0,0.45,1,0.45,1.82,0.91,50.0,0.0,0.91,72.0
769,VAN DE VEN Micky,NED,Netherlands,Tottenham Hotspur FC,DF,25,193,1,Micky van de Ven,3,3,265,2.9,0,0,0,0,0,0,1,0,3,1,3,2,0.0,0.0,0.0,0.0,0.0,0.0,0.0,DF,0.0,0.0,0,0.0,1.03,0.34,33.3,1.03,0.69,72.7
770,TIL Guus,NED,Netherlands,PSV Eindhoven,MF,28,188,1,Guus Til,1,0,32,0.4,0,0,0,0,0,0,0,0,0,0,0,0,0.0,0.0,0.0,0.0,0.0,0.0,0.0,MF,0.0,0.0,0,0.0,0.0,0.0,0.0,0.0,0.0,65.5
771,LANG Noa,NED,Netherlands,Galatasaray SK,FW,26,176,1,Noa Lang,2,0,8,0.1,0,0,0,0,0,0,0,0,0,0,0,0,0.0,0.0,0.0,0.0,0.0,0.0,0.0,FW,0.0,0.0,0,0.0,0.0,0.0,0.0,0.0,0.0,65.1
772,MALEN Donyell,NED,Netherlands,AS Roma,FW,27,178,1,Donyell Malen,3,3,185,2.1,0,0,0,0,0,0,0,0,4,2,0,0,0.0,0.0,0.0,0.0,0.0,0.0,0.0,FW,0.0,0.0,0,0.0,1.9,0.95,50.0,0.0,0.0,70.6
773,BROBBEY Brian,NED,Netherlands,Sunderland AFC,FW,24,181,1,Brian Brobbey,4,3,223,2.5,3,0,3,3,0,0,0,0,4,3,1,0,0.0,0.0,0.0,0.0,0.0,0.0,0.0,FW,1.2,0.0,3,1.2,1.6,1.2,75.0,0.4,0.0,78.5
774,KOOPMEINERS Teun,NED,Netherlands,Juventus FC,MF,28,185,1,Teun Koopmeiners,4,0,122,1.4,0,0,0,0,0,0,0,0,2,0,1,1,0.0,0.0,0.0,0.0,0.0,0.0,0.0,MF,0.0,0.0,0,0.0,1.43,0.0,0.0,0.71,0.71,69.2
775,DE JONG Frenkie,NED,Netherlands,FC Barcelona,MF,29,181,1,Frenkie de Jong,4,4,328,3.6,0,0,0,0,0,0,0,0,1,0,7,8,0.0,0.0,0.0,0.0,0.0,0.0,0.0,MF,0.0,0.0,0,0.0,0.28,0.0,0.0,1.94,2.22,76.7
776,DUMFRIES Denzel,NED,Netherlands,FC Internazionale Milano,DF,30,188,1,Denzel Dumfries,4,4,390,4.3,0,2,2,0,0,0,0,0,5,2,6,1,0.0,0.0,0.0,0.0,0.0,0.0,0.0,DF,0.0,0.47,2,0.47,1.16,0.47,40.0,1.4,0.23,80.1
777,FLEKKEN Mark,NED,Netherlands,Bayer 04 Leverkusen,GK,32,195,0,Not in FBref,0,0,0,0.0,0,0,0,0,0,0,0,0,0,0,0,0,0.0,0.0,0.0,0.0,0.0,0.0,0.0,GK,0.0,0.0,0,0.0,0.0,0.0,0.0,0.0,0.0,65.0
778,SUMMERVILLE Crysencio,NED,Netherlands,West Ham United FC,FW,24,172,1,Crysencio Summerville,4,2,253,2.8,2,2,4,2,0,0,1,0,2,2,2,2,0.0,0.0,0.0,0.0,0.0,0.0,0.0,FW,0.71,0.71,4,1.43,0.71,0.71,100.0,0.71,0.71,79.6
779,HATO Jorrel,NED,Netherlands,Chelsea FC,DF,20,182,1,Jorrel Hato,1,0,35,0.4,0,0,0,0,0,0,0,0,0,0,0,0,0.0,0.0,0.0,0.0,0.0,0.0,0.0,DF,0.0,0.0,0,0.0,0.0,0.0,0.0,0.0,0.0,65.6
780,TIMBER Quinten,NED,Netherlands,Olympique Marseille,MF,24,176,1,Quinten Timber,2,0,55,0.6,0,0,0,0,0,0,0,0,0,0,0,1,0.0,0.0,0.0,0.0,0.0,0.0,0.0,MF,0.0,0.0,0,0.0,0.0,0.0,0.0,0.0,1.67,67.4
781,CROCOMBE Max,NZL,New Zealand,Millwall FC,GK,32,190,1,Max Crocombe,3,3,270,3.0,0,0,0,0,0,0,0,0,0,0,0,0,10.0,3.33,21.0,11.0,52.4,0.0,0.0,GK,0.0,0.0,0,0.0,0.0,0.0,0.0,0.0,0.0,68.7
782,PAYNE Tim,NZL,New Zealand,Wellington Phoenix FC,DF,32,179,1,Tim Payne,3,3,224,2.5,0,1,1,0,0,0,0,0,1,0,3,1,0.0,0.0,0.0,0.0,0.0,0.0,0.0,DF,0.0,0.4,1,0.4,0.4,0.0,0.0,1.2,0.4,75.2
783,DE VRIES Francis,NZL,New Zealand,Auckland FC,DF,31,181,1,Francis de Vries,2,0,18,0.2,0,0,0,0,0,0,0,0,0,0,0,1,0.0,0.0,0.0,0.0,0.0,0.0,0.0,DF,0.0,0.0,0,0.0,0.0,0.0,0.0,0.0,5.0,67.8
784,BINDON Tyler,NZL,New Zealand,Sheeld United FC,DF,21,190,1,Tyler Bindon,3,1,97,1.1,0,0,0,0,0,0,0,0,2,1,2,1,0.0,0.0,0.0,0.0,0.0,0.0,0.0,DF,0.0,0.0,0,0.0,1.82,0.91,50.0,1.82,0.91,73.4
785,BOXALL Michael,NZL,New Zealand,Minnesota United FC,DF,37,191,1,Michael Boxall,3,2,207,2.3,0,0,0,0,0,0,0,0,0,0,1,2,0.0,0.0,0.0,0.0,0.0,0.0,0.0,DF,0.0,0.0,0,0.0,0.0,0.0,0.0,0.43,0.87,71.7
786,BELL Joe,NZL,New Zealand,Viking Stavanger,MF,27,182,1,Joe Bell,3,3,243,2.7,0,0,0,0,0,0,0,0,1,0,2,4,0.0,0.0,0.0,0.0,0.0,0.0,0.0,MF,0.0,0.0,0,0.0,0.37,0.0,0.0,0.74,1.48,72.4
787,GARBETT Matthew,NZL,New Zealand,Peterborough United FC,MF,24,192,0,Not in FBref,0,0,0,0.0,0,0,0,0,0,0,0,0,0,0,0,0,0.0,0.0,0.0,0.0,0.0,0.0,0.0,MF,0.0,0.0,0,0.0,0.0,0.0,0.0,0.0,0.0,65.0
788,STAMENIC Marko,NZL,New Zealand,Swansea City AFC,MF,24,188,1,Marko Stamenic,3,3,269,3.0,0,0,0,0,0,0,1,0,3,0,1,4,0.0,0.0,0.0,0.0,0.0,0.0,0.0,MF,0.0,0.0,0,0.0,1.0,0.0,0.0,0.33,1.33,71.0
789,WOOD Chris,NZL,New Zealand,Nottingham Forest FC,FW,34,191,1,Chris Wood,3,3,270,3.0,0,2,2,0,0,0,0,0,5,2,1,0,0.0,0.0,0.0,0.0,0.0,0.0,0.0,FW,0.0,0.67,2,0.67,1.67,0.67,40.0,0.33,0.0,74.2
790,SINGH Sarpreet,NZL,New Zealand,Wellington Phoenix FC,MF,27,180,1,Sarpreet Singh,3,3,209,2.3,0,0,0,0,0,0,1,0,4,2,1,0,0.0,0.0,0.0,0.0,0.0,0.0,0.0,MF,0.0,0.0,0,0.0,1.74,0.87,50.0,0.43,0.0,68.1
791,JUST Elijah,NZL,New Zealand,Motherwell FC,MF,26,176,1,Elijah Just,3,3,264,2.9,3,0,3,3,0,0,1,0,7,5,3,2,0.0,0.0,0.0,0.0,0.0,0.0,0.0,MF,1.03,0.0,3,1.03,2.41,1.72,71.4,1.03,0.69,75.1
792,PAULSEN Alex,NZL,New Zealand,Lechia Gdańsk,GK,23,193,0,Not in FBref,0,0,0,0.0,0,0,0,0,0,0,0,0,0,0,0,0,0.0,0.0,0.0,0.0,0.0,0.0,0.0,GK,0.0,0.0,0,0.0,0.0,0.0,0.0,0.0,0.0,65.0
793,CACACE Liberato,NZL,New Zealand,Wrexham AFC,DF,25,182,1,Liberato Cacace,3,3,220,2.4,0,0,0,0,0,0,0,0,1,1,2,3,0.0,0.0,0.0,0.0,0.0,0.0,0.0,DF,0.0,0.0,0,0.0,0.42,0.42,100.0,0.83,1.25,73.9
794,RUFER Alex,NZL,New Zealand,Wellington Phoenix FC,MF,29,180,0,Not in FBref,0,0,0,0.0,0,0,0,0,0,0,0,0,0,0,0,0,0.0,0.0,0.0,0.0,0.0,0.0,0.0,MF,0.0,0.0,0,0.0,0.0,0.0,0.0,0.0,0.0,65.0
795,PIJNAKER Nando,NZL,New Zealand,Auckland FC,DF,27,185,0,Not in FBref,0,0,0,0.0,0,0,0,0,0,0,0,0,0,0,0,0,0.0,0.0,0.0,0.0,0.0,0.0,0.0,DF,0.0,0.0,0,0.0,0.0,0.0,0.0,0.0,0.0,65.0
796,SURMAN Finn,NZL,New Zealand,Portland Timbers,DF,22,190,1,Finn Surman,3,3,270,3.0,1,0,1,1,0,0,0,0,2,1,1,4,0.0,0.0,0.0,0.0,0.0,0.0,0.0,DF,0.33,0.0,1,0.33,0.67,0.33,50.0,0.33,1.33,76.2
797,BARBAROUSES Kosta,NZL,New Zealand,WS Wanderers FC,FW,36,171,0,Not in FBref,0,0,0,0.0,0,0,0,0,0,0,0,0,0,0,0,0,0.0,0.0,0.0,0.0,0.0,0.0,0.0,FW,0.0,0.0,0,0.0,0.0,0.0,0.0,0.0,0.0,65.0
798,WAINE Ben,NZL,New Zealand,Port Vale FC,FW,25,185,0,Not in FBref,0,0,0,0.0,0,0,0,0,0,0,0,0,0,0,0,0,0.0,0.0,0.0,0.0,0.0,0.0,0.0,FW,0.0,0.0,0,0.0,0.0,0.0,0.0,0.0,0.0,65.0
799,OLD Ben,NZL,New Zealand,AS Saint-Etienne,MF,23,173,1,Ben Old,3,0,93,1.0,0,0,0,0,0,0,0,0,0,0,0,1,0.0,0.0,0.0,0.0,0.0,0.0,0.0,MF,0.0,0.0,0,0.0,0.0,0.0,0.0,0.0,1.0,68.0
800,McCOWATT Callum,NZL,New Zealand,Silkeborg IF,MF,27,180,1,Callum McCowatt,3,2,159,1.8,0,0,0,0,0,0,1,0,4,3,1,1,0.0,0.0,0.0,0.0,0.0,0.0,0.0,MF,0.0,0.0,0,0.0,2.22,1.67,75.0,0.56,0.56,68.3
801,RANDALL Jesse,NZL,New Zealand,Auckland FC,FW,23,176,1,Jesse Randall,3,0,61,0.7,0,0,0,0,0,0,0,0,1,0,0,0,0.0,0.0,0.0,0.0,0.0,0.0,0.0,FW,0.0,0.0,0,0.0,1.43,0.0,0.0,0.0,0.0,66.0
802,WOUD Michael,NZL,New Zealand,Auckland FC,GK,27,196,0,Not in FBref,0,0,0,0.0,0,0,0,0,0,0,0,0,0,0,0,0,0.0,0.0,0.0,0.0,0.0,0.0,0.0,GK,0.0,0.0,0,0.0,0.0,0.0,0.0,0.0,0.0,65.0
803,THOMAS Ryan,NZL,New Zealand,PEC Zwolle,MF,31,176,1,Ryan Thomas,3,1,83,0.9,0,0,0,0,0,0,0,0,0,0,2,0,0.0,0.0,0.0,0.0,0.0,0.0,0.0,MF,0.0,0.0,0,0.0,0.0,0.0,0.0,2.22,0.0,69.4
804,ELLIOT Callan,NZL,New Zealand,Auckland FC,DF,26,177,1,Callan Elliot,1,0,13,0.1,0,0,0,0,0,0,0,0,0,0,1,0,0.0,0.0,0.0,0.0,0.0,0.0,0.0,DF,0.0,0.0,0,0.0,0.0,0.0,0.0,10.0,0.0,67.7
805,BAYLISS Lachlan,NZL,New Zealand,Newcastle United Jets FC,MF,23,178,0,Not in FBref,0,0,0,0.0,0,0,0,0,0,0,0,0,0,0,0,0,0.0,0.0,0.0,0.0,0.0,0.0,0.0,MF,0.0,0.0,0,0.0,0.0,0.0,0.0,0.0,0.0,65.0
806,SMITH Tommy,NZL,New Zealand,Braintree Town FC,DF,36,188,0,Not in FBref,0,0,0,0.0,0,0,0,0,0,0,0,0,0,0,0,0,0.0,0.0,0.0,0.0,0.0,0.0,0.0,DF,0.0,0.0,0,0.0,0.0,0.0,0.0,0.0,0.0,65.0
807,NYLAND Orjan,NOR,Norway,Sevilla FC,GK,35,192,1,Ørjan Nyland,5,5,480,5.3,0,0,0,0,0,0,0,0,0,0,0,1,7.0,1.31,22.0,15.0,68.2,0.0,0.0,GK,0.0,0.0,0,0.0,0.0,0.0,0.0,0.0,0.19,74.5
808,THORSBY Morten,NOR,Norway,US Cremonese,MF,30,188,1,Morten Thorsby,1,0,45,0.5,0,0,0,0,0,0,0,0,0,0,1,1,0.0,0.0,0.0,0.0,0.0,0.0,0.0,MF,0.0,0.0,0,0.0,0.0,0.0,0.0,2.0,2.0,68.8
809,AJER Kristoffer,NOR,Norway,Brentford FC,DF,28,198,1,Kristoffer Ajer,5,5,480,5.3,0,0,0,0,0,0,1,0,2,1,8,4,0.0,0.0,0.0,0.0,0.0,0.0,0.0,DF,0.0,0.0,0,0.0,0.38,0.19,50.0,1.51,0.75,75.7
810,OSTIGARD Leo,NOR,Norway,Genoa CFC,DF,26,183,1,Leo Østigård,5,1,146,1.6,1,0,1,1,0,0,0,0,3,1,3,1,0.0,0.0,0.0,0.0,0.0,0.0,0.0,DF,0.62,0.0,1,0.62,1.88,0.62,33.3,1.88,0.62,76.2
811,MOLLER WOLFE David,NOR,Norway,Wolverhampton Wanderers FC,DF,24,185,1,David Møller Wolfe,5,5,430,4.8,0,1,1,0,0,0,0,0,0,0,3,3,0.0,0.0,0.0,0.0,0.0,0.0,0.0,DF,0.0,0.21,1,0.21,0.0,0.0,0.0,0.62,0.62,76.6
812,BERG Patrick,NOR,Norway,FK Bodø/Glimt,MF,28,178,1,Patrick Berg,6,4,445,4.9,0,2,2,0,0,0,1,0,3,0,7,2,0.0,0.0,0.0,0.0,0.0,0.0,0.0,MF,0.0,0.41,2,0.41,0.61,0.0,0.0,1.43,0.41,74.8
813,SORLOTH Alexander,NOR,Norway,Atlético De Madrid,FW,30,196,1,Alexander Sørloth,5,5,337,3.7,0,0,0,0,0,0,0,0,5,0,1,0,0.0,0.0,0.0,0.0,0.0,0.0,0.0,FW,0.0,0.0,0,0.0,1.35,0.0,0.0,0.27,0.0,70.6
814,BERGE Sander,NOR,Norway,Fulham FC,MF,28,195,1,Sander Berge,5,5,480,5.3,0,0,0,0,0,0,0,0,0,0,4,9,0.0,0.0,0.0,0.0,0.0,0.0,0.0,MF,0.0,0.0,0,0.0,0.0,0.0,0.0,0.75,1.7,74.7
815,HAALAND Erling,NOR,Norway,Manchester City FC,FW,25,195,1,Erling Haaland,5,5,465,5.2,7,0,7,7,0,0,0,0,20,13,0,1,0.0,0.0,0.0,0.0,0.0,0.0,0.0,FW,1.35,0.0,7,1.35,3.85,2.5,65.0,0.0,0.19,81.0
816,ODEGAARD Martin,NOR,Norway,Arsenal FC,MF,27,178,1,Martin Ødegaard,5,5,470,5.2,0,4,4,0,0,0,0,0,9,3,4,3,0.0,0.0,0.0,0.0,0.0,0.0,0.0,MF,0.0,0.77,4,0.77,1.73,0.58,33.3,0.77,0.58,76.9
817,STRAND LARSEN Jorgen,NOR,Norway,Crystal Palace FC,FW,26,193,1,Jørgen Strand Larsen,2,1,105,1.2,0,0,0,0,0,1,0,0,2,1,0,0,0.0,0.0,0.0,0.0,0.0,0.0,0.0,FW,0.0,0.0,0,0.0,1.67,0.83,50.0,0.0,0.0,69.2
818,TANGVIK Sander,NOR,Norway,Hamburger SV,GK,23,193,0,Not in FBref,0,0,0,0.0,0,0,0,0,0,0,0,0,0,0,0,0,0.0,0.0,0.0,0.0,0.0,0.0,0.0,GK,0.0,0.0,0,0.0,0.0,0.0,0.0,0.0,0.0,65.0
819,SELVIK Egil,NOR,Norway,Watford FC,GK,28,187,1,Egil Selvik,1,1,90,1.0,0,0,0,0,0,0,0,0,0,0,0,0,4.0,4.0,9.0,5.0,55.6,0.0,0.0,GK,0.0,0.0,0,0.0,0.0,0.0,0.0,0.0,0.0,64.9
820,AURSNES Fredrik,NOR,Norway,SL Benfica,MF,30,181,1,Fredrik Aursnes,6,3,304,3.4,0,0,0,0,0,0,0,0,2,0,8,1,0.0,0.0,0.0,0.0,0.0,0.0,0.0,MF,0.0,0.0,0,0.0,0.59,0.0,0.0,2.35,0.29,74.0
821,BJORKAN Fredrik Andre,NOR,Norway,FK Bodø/Glimt,DF,27,180,1,Fredrik André Bjørkan,1,1,45,0.5,0,0,0,0,0,0,0,0,0,0,1,2,0.0,0.0,0.0,0.0,0.0,0.0,0.0,DF,0.0,0.0,0,0.0,0.0,0.0,0.0,2.0,4.0,73.2
822,HOLMGREN PEDERSEN Marcus,NOR,Norway,Torino FC,DF,25,184,1,Marcus Pedersen,4,1,236,2.6,1,0,1,1,0,0,0,0,1,1,2,0,0.0,0.0,0.0,0.0,0.0,0.0,0.0,DF,0.38,0.0,1,0.38,0.38,0.38,100.0,0.77,0.0,73.4
823,HEGGEM Torbjorn,NOR,Norway,Bologna FC,DF,27,192,1,Torbjørn Heggem,5,5,443,4.9,0,0,0,0,0,0,0,0,1,1,7,2,0.0,0.0,0.0,0.0,0.0,0.0,0.0,DF,0.0,0.0,0,0.0,0.2,0.2,100.0,1.43,0.41,75.6
824,THORSTVEDT Kristian,NOR,Norway,US Sassuolo,MF,27,189,1,Kristian Thorstvedt,2,1,63,0.7,0,0,0,0,0,0,0,0,3,1,1,0,0.0,0.0,0.0,0.0,0.0,0.0,0.0,MF,0.0,0.0,0,0.0,4.29,1.43,33.3,1.43,0.0,67.6
825,AASGAARD Thelo,NOR,Norway,Rangers FC,MF,24,188,1,Thelo Aasgaard,1,1,90,1.0,1,0,1,1,0,0,0,0,2,1,1,3,0.0,0.0,0.0,0.0,0.0,0.0,0.0,MF,1.0,0.0,1,1.0,2.0,1.0,50.0,1.0,3.0,76.5
826,NUSA Antonio,NOR,Norway,RB Leipzig,FW,21,183,1,Antonio Nusa,6,4,318,3.5,1,0,1,1,0,0,1,0,6,2,2,2,0.0,0.0,0.0,0.0,0.0,0.0,0.0,FW,0.29,0.0,1,0.29,1.71,0.57,33.3,0.57,0.57,72.4
827,SCHJELDERUP Andreas,NOR,Norway,SL Benfica,MF,22,177,1,Andreas Schjelderup,6,2,252,2.8,1,3,4,1,0,0,0,0,3,2,3,5,0.0,0.0,0.0,0.0,0.0,0.0,0.0,MF,0.36,1.07,4,1.43,1.07,0.71,66.7,1.07,1.79,80.3
828,BOBB Oscar,NOR,Norway,Fulham FC,MF,22,177,1,Oscar Bobb,6,1,225,2.5,0,0,0,0,0,0,0,0,4,2,3,3,0.0,0.0,0.0,0.0,0.0,0.0,0.0,MF,0.0,0.0,0,0.0,1.6,0.8,50.0,1.2,1.2,72.4
829,HAUGE Jens Petter,NOR,Norway,FK Bodø/Glimt,MF,26,184,1,Jens Petter Hauge,1,0,8,0.1,0,0,0,0,0,0,0,0,0,0,0,0,0.0,0.0,0.0,0.0,0.0,0.0,0.0,MF,0.0,0.0,0,0.0,0.0,0.0,0.0,0.0,0.0,65.1
830,LANGAS Sondre,NOR,Norway,Derby County FC,DF,25,190,1,Sondre Langås,1,0,25,0.3,0,0,0,0,0,0,0,0,0,0,0,0,0.0,0.0,0.0,0.0,0.0,0.0,0.0,DF,0.0,0.0,0,0.0,0.0,0.0,0.0,0.0,0.0,65.4
831,FALCHENER Henrik,NOR,Norway,Viking Stavanger,DF,23,194,1,Henrik Falchener,1,1,65,0.7,0,0,0,0,0,0,0,0,0,0,0,1,0.0,0.0,0.0,0.0,0.0,0.0,0.0,DF,0.0,0.0,0,0.0,0.0,0.0,0.0,0.0,1.43,68.6
832,RYERSON Julian,NOR,Norway,Borussia Dortmund,FW,28,186,1,Julian Ryerson,4,4,223,2.5,0,0,0,0,0,0,0,0,0,0,8,0,0.0,0.0,0.0,0.0,0.0,0.0,0.0,FW,0.0,0.0,0,0.0,0.0,0.0,0.0,3.2,0.0,68.7
833,MEJIA Luis,PAN,Panama,Club Nacional,GK,35,193,1,José Luis Rodríguez,3,3,233,2.6,0,0,0,0,0,0,0,0,3,1,3,0,0.0,0.0,0.0,0.0,0.0,0.0,0.0,GK,0.0,0.0,0,0.0,1.15,0.38,33.3,1.15,0.0,68.9
834,BLACKMAN Cesar,PAN,Panama,ŠK Slovan Bratislava,DF,28,174,1,César Blackman,2,2,178,2.0,0,0,0,0,0,0,1,0,2,1,0,1,0.0,0.0,0.0,0.0,0.0,0.0,0.0,DF,0.0,0.0,0,0.0,1.0,0.5,50.0,0.0,0.5,68.2
835,CORDOBA Jose,PAN,Panama,Norwich City FC,DF,25,189,1,José Córdoba,3,3,270,3.0,0,0,0,0,0,0,0,0,0,0,3,1,0.0,0.0,0.0,0.0,0.0,0.0,0.0,DF,0.0,0.0,0,0.0,0.0,0.0,0.0,1.0,0.33,72.8
836,ESCOBAR Fidel,PAN,Panama,Deportivo Saprissa,DF,31,184,1,Fidel Escobar,1,1,90,1.0,0,0,0,0,0,0,0,0,0,0,2,1,0.0,0.0,0.0,0.0,0.0,0.0,0.0,DF,0.0,0.0,0,0.0,0.0,0.0,0.0,2.0,1.0,74.0
837,FARINA Edgardo,PAN,Panama,FC Pari Nizhny Novgorod,DF,24,195,0,Not in FBref,0,0,0,0.0,0,0,0,0,0,0,0,0,0,0,0,0,0.0,0.0,0.0,0.0,0.0,0.0,0.0,DF,0.0,0.0,0,0.0,0.0,0.0,0.0,0.0,0.0,65.0
838,MARTINEZ Cristian,PAN,Panama,Hapoel Kiryat Shmona FC,MF,29,170,1,Cristian Martínez,3,3,242,2.7,0,0,0,0,0,0,0,0,1,0,4,1,0.0,0.0,0.0,0.0,0.0,0.0,0.0,MF,0.0,0.0,0,0.0,0.37,0.0,0.0,1.48,0.37,71.8
839,RODRIGUEZ Jose Luis,PAN,Panama,FC Juárez,MF,27,180,1,José Luis Rodríguez,3,3,233,2.6,0,0,0,0,0,0,0,0,3,1,3,0,0.0,0.0,0.0,0.0,0.0,0.0,0.0,MF,0.0,0.0,0,0.0,1.15,0.38,33.3,1.15,0.0,70.6
840,CARRASQUILLA Adalberto,PAN,Panama,Pumas UNAM,MF,27,171,0,Not in FBref,0,0,0,0.0,0,0,0,0,0,0,0,0,0,0,0,0,0.0,0.0,0.0,0.0,0.0,0.0,0.0,MF,0.0,0.0,0,0.0,0.0,0.0,0.0,0.0,0.0,65.0
841,RODRIGUEZ Tomas,PAN,Panama,Deportivo Saprissa,FW,27,183,1,Tomás Rodríguez,2,1,46,0.5,0,0,0,0,0,0,0,0,1,1,0,0,0.0,0.0,0.0,0.0,0.0,0.0,0.0,FW,0.0,0.0,0,0.0,2.0,2.0,100.0,0.0,0.0,70.8
842,DIAZ Ismael,PAN,Panama,Club León,MF,29,184,1,Ismael Díaz,2,0,37,0.4,0,0,0,0,0,0,0,0,6,2,1,0,0.0,0.0,0.0,0.0,0.0,0.0,0.0,MF,0.0,0.0,0,0.0,15.0,5.0,33.3,2.5,0.0,67.1
843,BARCENAS Edgar Yoel,PAN,Panama,Mazatlán FC,MF,32,175,1,Yoel Bárcenas,3,3,249,2.8,0,0,0,0,0,0,1,0,2,0,0,2,0.0,0.0,0.0,0.0,0.0,0.0,0.0,MF,0.0,0.0,0,0.0,0.71,0.0,0.0,0.0,0.71,69.2
844,SAMUDIO Cesar,PAN,Panama,CD Marathón,GK,32,189,0,Not in FBref,0,0,0,0.0,0,0,0,0,0,0,0,0,0,0,0,0,0.0,0.0,0.0,0.0,0.0,0.0,0.0,GK,0.0,0.0,0,0.0,0.0,0.0,0.0,0.0,0.0,65.0
845,RAMOS Jiovany,PAN,Panama,Puerto Cabello CF,DF,29,188,1,Jiovany Ramos,2,2,166,1.8,0,0,0,0,0,0,0,0,2,0,1,3,0.0,0.0,0.0,0.0,0.0,0.0,0.0,DF,0.0,0.0,0,0.0,1.11,0.0,0.0,0.56,1.67,73.3
846,HARVEY Carlos,PAN,Panama,Minnesota United FC,DF,26,184,1,Carlos Harvey,3,3,267,3.0,0,0,0,0,0,0,1,0,5,0,3,0,0.0,0.0,0.0,0.0,0.0,0.0,0.0,DF,0.0,0.0,0,0.0,1.67,0.0,0.0,1.0,0.0,71.0
847,DAVIS Eric,PAN,Panama,CD Plaza Amador,DF,35,180,1,Erick Davis,2,0,4,0.0,0,0,0,0,0,0,0,0,1,0,1,0,0.0,0.0,0.0,0.0,0.0,0.0,0.0,DF,0.0,0.0,0,0.0,10.0,0.0,0.0,10.0,0.0,67.6
848,ANDRADE Andres,PAN,Panama,LASK Linz,DF,27,187,1,Andrés Andrade Cedeño,3,3,270,3.0,0,0,0,0,0,0,1,0,0,0,3,3,0.0,0.0,0.0,0.0,0.0,0.0,0.0,DF,0.0,0.0,0,0.0,0.0,0.0,0.0,1.0,1.0,73.5
849,FAJARDO Jose,PAN,Panama,CD Universidad Católica,FW,32,184,1,José Fajardo,3,1,155,1.7,0,0,0,0,0,0,1,0,1,0,2,0,0.0,0.0,0.0,0.0,0.0,0.0,0.0,FW,0.0,0.0,0,0.0,0.59,0.0,0.0,1.18,0.0,66.6
850,WATERMAN Cecilio,PAN,Panama,CD Universidad De Concepción,FW,35,180,1,Cecilio Waterman,2,1,76,0.8,0,0,0,0,0,0,0,0,2,1,0,0,0.0,0.0,0.0,0.0,0.0,0.0,0.0,FW,0.0,0.0,0,0.0,2.5,1.25,50.0,0.0,0.0,68.8
851,QUINTERO Alberto,PAN,Panama,CD Plaza Amador,MF,38,165,1,Alberto Quintero,1,0,3,0.0,0,0,0,0,0,0,0,0,0,0,0,0,0.0,0.0,0.0,0.0,0.0,0.0,0.0,MF,0.0,0.0,0,0.0,0.0,0.0,0.0,0.0,0.0,65.0
852,GODOY Anibal,PAN,Panama,San Diego FC,MF,36,184,1,Aníbal Godoy,1,0,1,0.0,0,0,0,0,0,0,0,0,0,0,0,0,0.0,0.0,0.0,0.0,0.0,0.0,0.0,MF,0.0,0.0,0,0.0,0.0,0.0,0.0,0.0,0.0,65.0
853,YANIS Cesar,PAN,Panama,CD Cobresal,MF,30,160,0,Not in FBref,0,0,0,0.0,0,0,0,0,0,0,0,0,0,0,0,0,0.0,0.0,0.0,0.0,0.0,0.0,0.0,MF,0.0,0.0,0,0.0,0.0,0.0,0.0,0.0,0.0,65.0
854,MOSQUERA Orlando,PAN,Panama,Al Fayha FC,GK,31,191,1,Orlando Mosquera,3,3,270,3.0,0,0,0,0,0,0,0,0,0,0,0,0,4.0,1.33,11.0,7.0,63.6,0.0,0.0,GK,0.0,0.0,0,0.0,0.0,0.0,0.0,0.0,0.0,72.6
855,MURILLO Amir,PAN,Panama,Beşiktaş JK,DF,30,185,1,Michael Amir Murillo,3,3,270,3.0,0,0,0,0,0,0,0,0,5,1,3,1,0.0,0.0,0.0,0.0,0.0,0.0,0.0,DF,0.0,0.0,0,0.0,1.67,0.33,20.0,1.0,0.33,72.8
856,LONDONO Azarias,PAN,Panama,CD Universidad Católica,FW,24,185,1,Azarías Londoño,3,0,56,0.6,0,0,0,0,0,0,0,0,1,0,0,1,0.0,0.0,0.0,0.0,0.0,0.0,0.0,FW,0.0,0.0,0,0.0,1.67,0.0,0.0,0.0,1.67,65.9
857,MILLER Roderick,PAN,Panama,Turan Tovuz,DF,34,190,0,Not in FBref,0,0,0,0.0,0,0,0,0,0,0,0,0,0,0,0,0,0.0,0.0,0.0,0.0,0.0,0.0,0.0,DF,0.0,0.0,0,0.0,0.0,0.0,0.0,0.0,0.0,65.0
858,GUTIERREZ Jorge,PAN,Panama,Deportivo La Guaira,DF,27,171,1,Jorge Gutiérrez,1,1,87,1.0,0,0,0,0,0,0,0,0,0,0,1,1,0.0,0.0,0.0,0.0,0.0,0.0,0.0,DF,0.0,0.0,0,0.0,0.0,0.0,0.0,1.0,1.0,71.4
859,FERNANDEZ Gatito,PAR,Paraguay,Cerro Porteño,GK,38,191,0,Not in FBref,0,0,0,0.0,0,0,0,0,0,0,0,0,0,0,0,0,0.0,0.0,0.0,0.0,0.0,0.0,0.0,GK,0.0,0.0,0,0.0,0.0,0.0,0.0,0.0,0.0,65.0
860,VELAZQUEZ Gustavo,PAR,Paraguay,Cerro Porteño,DF,35,189,1,Gustavo Velásquez,5,2,246,2.7,0,0,0,0,0,0,0,0,0,0,1,1,0.0,0.0,0.0,0.0,0.0,0.0,0.0,DF,0.0,0.0,0,0.0,0.0,0.0,0.0,0.37,0.37,71.0
861,ALDERETE Omar,PAR,Paraguay,Sunderland AFC,DF,29,190,1,Omar Alderete,4,4,320,3.6,0,0,0,0,0,0,0,0,1,0,0,2,0.0,0.0,0.0,0.0,0.0,0.0,0.0,DF,0.0,0.0,0,0.0,0.28,0.0,0.0,0.0,0.56,71.7
862,CACERES Juan Jose,PAR,Paraguay,FC Dynamo Moscow,DF,26,187,1,Juan Cáceres,5,5,436,4.8,0,0,0,0,0,0,1,0,2,1,11,5,0.0,0.0,0.0,0.0,0.0,0.0,0.0,DF,0.0,0.0,0,0.0,0.42,0.21,50.0,2.29,1.04,78.3
863,BALBUENA Fabian,PAR,Paraguay,Grêmio FBPA,DF,34,188,1,Fabián Balbuena,1,0,1,0.0,0,0,0,0,0,0,0,0,0,0,0,0,0.0,0.0,0.0,0.0,0.0,0.0,0.0,DF,0.0,0.0,0,0.0,0.0,0.0,0.0,0.0,0.0,65.0
864,ALONSO Junior,PAR,Paraguay,Atlético Mineiro,DF,33,184,1,Júnior Alonso,5,4,390,4.3,0,0,0,0,0,0,1,0,3,1,9,4,0.0,0.0,0.0,0.0,0.0,0.0,0.0,DF,0.0,0.0,0,0.0,0.7,0.23,33.3,2.09,0.93,77.6
865,SOSA Ramon,PAR,Paraguay,SE Palmeiras,MF,26,178,1,Ramón Sosa,1,0,12,0.1,0,0,0,0,0,0,0,0,0,0,0,0,0.0,0.0,0.0,0.0,0.0,0.0,0.0,MF,0.0,0.0,0,0.0,0.0,0.0,0.0,0.0,0.0,65.2
866,GOMEZ Diego,PAR,Paraguay,Brighton & Hove Albion FC,MF,23,183,1,Diego Gómez,4,4,304,3.4,0,0,0,0,0,0,2,0,6,0,6,9,0.0,0.0,0.0,0.0,0.0,0.0,0.0,MF,0.0,0.0,0,0.0,1.76,0.0,0.0,1.76,2.65,74.7
867,SANABRIA Antonio,PAR,Paraguay,US Cremonese,FW,30,180,1,Antonio Sanabria,2,1,83,0.9,0,0,0,0,0,0,0,0,0,0,2,0,0.0,0.0,0.0,0.0,0.0,0.0,0.0,FW,0.0,0.0,0,0.0,0.0,0.0,0.0,2.22,0.0,66.4
868,ALMIRON Miguel,PAR,Paraguay,Atlanta United FC,MF,32,178,1,Miguel Almirón,4,4,282,3.1,0,0,0,0,0,0,1,1,4,0,7,3,0.0,0.0,0.0,0.0,0.0,0.0,0.0,MF,0.0,0.0,0,0.0,1.29,0.0,0.0,2.26,0.97,70.5
869,MAURICIO,PAR,Paraguay,SE Palmeiras,MF,24,175,1,Mauricio,4,0,173,1.9,1,0,1,1,0,0,0,0,4,3,6,1,0.0,0.0,0.0,0.0,0.0,0.0,0.0,MF,0.53,0.0,1,0.53,2.11,1.58,75.0,3.16,0.53,75.5
870,GILL Orlando,PAR,Paraguay,CA San Lorenzo,GK,26,190,1,Orlando Gill,5,5,480,5.3,0,0,0,0,0,0,0,0,0,0,0,0,6.0,1.13,29.0,23.0,79.3,2.0,40.0,GK,0.0,0.0,0,0.0,0.0,0.0,0.0,0.0,0.0,81.6
871,CANALE Jose,PAR,Paraguay,CA Lanús,DF,29,192,1,José Canale,4,1,161,1.8,0,0,0,0,0,0,0,0,0,0,6,1,0.0,0.0,0.0,0.0,0.0,0.0,0.0,DF,0.0,0.0,0,0.0,0.0,0.0,0.0,3.33,0.56,77.4
872,CUBAS Andres,PAR,Paraguay,Vancouver Whitecaps FC,MF,30,166,1,Andrés Cubas,5,5,480,5.3,0,0,0,0,0,0,1,0,1,0,13,11,0.0,0.0,0.0,0.0,0.0,0.0,0.0,MF,0.0,0.0,0,0.0,0.19,0.0,0.0,2.45,2.08,76.8
873,GOMEZ Gustavo,PAR,Paraguay,SE Palmeiras,DF,33,179,1,Gustavo Gómez,5,5,480,5.3,0,0,0,0,0,0,0,0,2,0,3,2,0.0,0.0,0.0,0.0,0.0,0.0,0.0,DF,0.0,0.0,0,0.0,0.38,0.0,0.0,0.57,0.38,73.4
874,BOBADILLA Damian,PAR,Paraguay,São Paulo FC,MF,24,180,1,Damián Bobadilla,4,2,189,2.1,0,0,0,0,0,0,0,0,0,0,3,5,0.0,0.0,0.0,0.0,0.0,0.0,0.0,MF,0.0,0.0,0,0.0,0.0,0.0,0.0,1.43,2.38,73.9
875,ROMERO GAMARRA Alejandro,PAR,Paraguay,Al Ain FC,FW,31,165,0,Not in FBref,0,0,0,0.0,0,0,0,0,0,0,0,0,0,0,0,0,0.0,0.0,0.0,0.0,0.0,0.0,0.0,FW,0.0,0.0,0,0.0,0.0,0.0,0.0,0.0,0.0,65.0
876,ARCE Alex,PAR,Paraguay,CS Independiente Rivadavia,FW,30,188,1,Álex Arce,2,0,53,0.6,0,0,0,0,0,0,1,0,0,0,1,0,0.0,0.0,0.0,0.0,0.0,0.0,0.0,FW,0.0,0.0,0,0.0,0.0,0.0,0.0,1.67,0.0,64.9
877,ENCISO Julio,PAR,Paraguay,RC Strasbourg,FW,22,168,1,Julio Enciso,5,5,386,4.3,1,2,3,1,0,0,0,0,8,1,5,1,0.0,0.0,0.0,0.0,0.0,0.0,0.0,FW,0.23,0.47,3,0.7,1.86,0.23,12.5,1.16,0.23,74.6
878,OJEDA Braian,PAR,Paraguay,Orlando City SC,MF,25,173,1,Braian Ojeda,1,0,22,0.2,0,0,0,0,0,0,0,0,0,0,0,0,0.0,0.0,0.0,0.0,0.0,0.0,0.0,MF,0.0,0.0,0,0.0,0.0,0.0,0.0,0.0,0.0,65.4
879,AVALOS Gabriel,PAR,Paraguay,CA Independiente,FW,34,185,1,Gabriel Ávalos,4,2,141,1.6,0,0,0,0,0,0,0,0,1,0,2,0,0.0,0.0,0.0,0.0,0.0,0.0,0.0,FW,0.0,0.0,0,0.0,0.62,0.0,0.0,1.25,0.0,67.4
880,OLVEIRA Gaston,PAR,Paraguay,Club Olimpia,GK,33,191,0,Not in FBref,0,0,0,0.0,0,0,0,0,0,0,0,0,0,0,0,0,0.0,0.0,0.0,0.0,0.0,0.0,0.0,GK,0.0,0.0,0,0.0,0.0,0.0,0.0,0.0,0.0,65.0
881,GALARZA Matias,PAR,Paraguay,Atlanta United FC,MF,24,175,1,Matías Galarza,4,4,388,4.3,1,1,2,1,0,0,2,0,2,1,11,7,0.0,0.0,0.0,0.0,0.0,0.0,0.0,MF,0.23,0.23,2,0.47,0.47,0.23,50.0,2.56,1.63,77.4
882,CABALLERO Gustavo,PAR,Paraguay,Portsmouth FC,MF,24,189,1,Gustavo Caballero,2,0,96,1.1,0,0,0,0,0,0,0,0,1,1,2,0,0.0,0.0,0.0,0.0,0.0,0.0,0.0,MF,0.0,0.0,0,0.0,0.91,0.91,100.0,1.82,0.0,69.3
883,PITTA Isidro,PAR,Paraguay,Red Bull Bragantino,FW,26,185,1,Isidro Pitta,1,1,45,0.5,0,0,0,0,0,0,0,0,0,0,0,0,0.0,0.0,0.0,0.0,0.0,0.0,0.0,FW,0.0,0.0,0,0.0,0.0,0.0,0.0,0.0,0.0,65.8
884,MAIDANA Alexandro,PAR,Paraguay,CA Talleres,DF,20,173,1,Alexandro Maidana,2,1,55,0.6,0,0,0,0,0,0,0,0,0,0,0,1,0.0,0.0,0.0,0.0,0.0,0.0,0.0,DF,0.0,0.0,0,0.0,0.0,0.0,0.0,0.0,1.67,68.4
885,DIOGO COSTA,POR,Portugal,FC Porto,GK,26,188,1,Diogo Costa,5,5,450,5.0,0,0,0,0,0,0,0,0,0,0,0,0,3.0,0.6,22.0,19.0,86.4,2.0,40.0,GK,0.0,0.0,0,0.0,0.0,0.0,0.0,0.0,0.0,83.0
886,NELSON SEMEDO,POR,Portugal,Fenerbahçe SK,DF,32,179,1,Nélson Semedo,4,0,127,1.4,0,0,0,0,0,0,1,0,0,0,0,0,0.0,0.0,0.0,0.0,0.0,0.0,0.0,DF,0.0,0.0,0,0.0,0.0,0.0,0.0,0.0,0.0,66.1
887,RUBEN DIAS,POR,Portugal,Manchester City FC,DF,29,187,1,Rúben Dias,4,4,360,4.0,0,0,0,0,0,0,1,0,0,0,3,5,0.0,0.0,0.0,0.0,0.0,0.0,0.0,DF,0.0,0.0,0,0.0,0.0,0.0,0.0,0.75,1.25,75.0
888,TOMAS ARAUJO,POR,Portugal,SL Benfica,DF,24,187,1,Tomás Araújo,1,1,90,1.0,0,0,0,0,0,0,1,0,0,0,0,1,0.0,0.0,0.0,0.0,0.0,0.0,0.0,DF,0.0,0.0,0,0.0,0.0,0.0,0.0,0.0,1.0,68.0
889,DIOGO DALOT,POR,Portugal,Manchester United FC,DF,27,184,1,Diogo Dalot,2,0,65,0.7,0,0,0,0,0,0,0,0,1,0,2,0,0.0,0.0,0.0,0.0,0.0,0.0,0.0,DF,0.0,0.0,0,0.0,1.43,0.0,0.0,2.86,0.0,71.1
890,MATHEUS NUNES,POR,Portugal,Manchester City FC,MF,27,183,1,Matheus Nunes,1,0,1,0.0,0,0,0,0,0,0,0,0,0,0,0,0,0.0,0.0,0.0,0.0,0.0,0.0,0.0,MF,0.0,0.0,0,0.0,0.0,0.0,0.0,0.0,0.0,65.0
891,CRISTIANO RONALDO,POR,Portugal,Al Nassr FC,FW,41,185,1,Cristiano Ronaldo,5,5,440,4.9,3,0,3,2,1,1,0,0,18,9,1,1,0.0,0.0,0.0,0.0,0.0,0.0,0.0,FW,0.61,0.0,3,0.61,3.67,1.84,50.0,0.2,0.2,76.6
892,BRUNO FERNANDES,POR,Portugal,Manchester United FC,MF,31,183,1,Bruno Fernandes,5,5,422,4.7,0,1,1,0,0,0,0,0,9,3,5,0,0.0,0.0,0.0,0.0,0.0,0.0,0.0,MF,0.0,0.21,1,0.21,1.91,0.64,33.3,1.06,0.0,73.7
893,GONCALO RAMOS,POR,Portugal,Paris Saint-Germain,FW,24,185,1,Gonçalo Ramos,2,0,36,0.4,1,0,1,1,0,0,0,0,2,1,0,0,0.0,0.0,0.0,0.0,0.0,0.0,0.0,FW,2.5,0.0,1,2.5,5.0,2.5,50.0,0.0,0.0,73.1
894,BERNARDO SILVA,POR,Portugal,Manchester City FC,MF,31,173,1,Bernardo Silva,4,1,97,1.1,0,0,0,0,0,0,2,0,1,0,0,1,0.0,0.0,0.0,0.0,0.0,0.0,0.0,MF,0.0,0.0,0,0.0,0.91,0.0,0.0,0.0,0.91,66.0
895,JOAO FELIX,POR,Portugal,Al Nassr FC,FW,26,179,1,João Félix,3,3,201,2.2,0,0,0,0,0,0,0,0,6,1,4,3,0.0,0.0,0.0,0.0,0.0,0.0,0.0,FW,0.0,0.0,0,0.0,2.73,0.45,16.7,1.82,1.36,69.2
896,JOSE SA,POR,Portugal,Wolverhampton Wanderers FC,GK,33,192,0,Not in FBref,0,0,0,0.0,0,0,0,0,0,0,0,0,0,0,0,0,0.0,0.0,0.0,0.0,0.0,0.0,0.0,GK,0.0,0.0,0,0.0,0.0,0.0,0.0,0.0,0.0,65.0
897,RENATO VEIGA,POR,Portugal,Villarreal CF,DF,22,188,1,Renato Veiga,5,5,450,5.0,0,0,0,0,0,0,2,0,2,0,1,6,0.0,0.0,0.0,0.0,0.0,0.0,0.0,DF,0.0,0.0,0,0.0,0.4,0.0,0.0,0.2,1.2,72.5
898,GONCALO INACIO,POR,Portugal,Sporting CP,DF,24,185,0,Not in FBref,0,0,0,0.0,0,0,0,0,0,0,0,0,0,0,0,0,0.0,0.0,0.0,0.0,0.0,0.0,0.0,DF,0.0,0.0,0,0.0,0.0,0.0,0.0,0.0,0.0,65.0
899,JOAO NEVES,POR,Portugal,Paris Saint-Germain,MF,21,171,1,João Neves,5,4,390,4.3,1,0,1,1,0,0,0,0,3,1,7,4,0.0,0.0,0.0,0.0,0.0,0.0,0.0,MF,0.23,0.0,1,0.23,0.7,0.23,33.3,1.63,0.93,75.8
900,FRANCISCO TRINCAO,POR,Portugal,Sporting CP,FW,26,184,1,Francisco Trincão,1,0,28,0.3,0,0,0,0,0,0,0,0,1,0,1,0,0.0,0.0,0.0,0.0,0.0,0.0,0.0,FW,0.0,0.0,0,0.0,3.33,0.0,0.0,3.33,0.0,65.5
901,RAFAEL LEAO,POR,Portugal,AC Milan,FW,27,188,1,Rafael Leão,5,1,158,1.8,1,1,2,1,0,0,0,0,4,1,0,2,0.0,0.0,0.0,0.0,0.0,0.0,0.0,FW,0.56,0.56,2,1.11,2.22,0.56,25.0,0.0,1.11,73.9
902,PEDRO NETO,POR,Portugal,Chelsea FC,FW,26,174,1,Pedro Neto,5,5,350,3.9,0,1,1,0,0,0,0,0,1,0,2,0,0.0,0.0,0.0,0.0,0.0,0.0,0.0,FW,0.0,0.26,1,0.26,0.26,0.0,0.0,0.51,0.0,71.9
903,GONCALO GUEDES,POR,Portugal,Real Sociedad,FW,29,179,0,Not in FBref,0,0,0,0.0,0,0,0,0,0,0,0,0,0,0,0,0,0.0,0.0,0.0,0.0,0.0,0.0,0.0,FW,0.0,0.0,0,0.0,0.0,0.0,0.0,0.0,0.0,65.0
904,JOAO CANCELO,POR,Portugal,FC Barcelona,DF,32,173,1,João Cancelo,5,5,312,3.5,0,1,1,0,0,0,0,0,3,0,4,5,0.0,0.0,0.0,0.0,0.0,0.0,0.0,DF,0.0,0.29,1,0.29,0.86,0.0,0.0,1.14,1.43,79.1
905,RUBEN NEVES,POR,Portugal,Al Hilal SC,MF,29,183,1,Rúben Neves,2,1,55,0.6,0,0,0,0,0,0,0,0,2,0,0,0,0.0,0.0,0.0,0.0,0.0,0.0,0.0,MF,0.0,0.0,0,0.0,3.33,0.0,0.0,0.0,0.0,65.9
906,RUI SILVA,POR,Portugal,Sporting CP,GK,32,191,1,Bernardo Silva,4,1,97,1.1,0,0,0,0,0,0,2,0,1,0,0,1,0.0,0.0,0.0,0.0,0.0,0.0,0.0,GK,0.0,0.0,0,0.0,0.91,0.0,0.0,0.0,0.91,64.6
907,VITINHA,POR,Portugal,Paris Saint-Germain,MF,26,170,1,Vitinha,5,5,376,4.2,0,0,0,0,0,0,0,0,4,0,0,2,0.0,0.0,0.0,0.0,0.0,0.0,0.0,MF,0.0,0.0,0,0.0,0.95,0.0,0.0,0.0,0.48,71.7
908,SAMU COSTA,POR,Portugal,RCD Mallorca,DF,25,185,1,Samu Costa,1,0,21,0.2,0,0,0,0,0,0,0,0,0,0,1,0,0.0,0.0,0.0,0.0,0.0,0.0,0.0,DF,0.0,0.0,0,0.0,0.0,0.0,0.0,5.0,0.0,67.8
909,NUNO MENDES,POR,Portugal,Paris Saint-Germain,DF,23,177,1,Nuno Mendes,5,5,395,4.4,1,0,1,1,0,0,0,0,3,1,6,0,0.0,0.0,0.0,0.0,0.0,0.0,0.0,DF,0.23,0.0,1,0.23,0.68,0.23,33.3,1.36,0.0,76.9
910,FRANCISCO CONCEICAO,POR,Portugal,Juventus FC,FW,23,166,1,Francisco Conceição,4,0,126,1.4,0,0,0,0,0,0,0,0,2,0,2,0,0.0,0.0,0.0,0.0,0.0,0.0,0.0,FW,0.0,0.0,0,0.0,1.43,0.0,0.0,1.43,0.0,67.1
911,MAHMOUD ABUNADA,QAT,Qatar,Al Rayyan SC,GK,26,185,1,Mahmoud Abunada,3,3,270,3.0,0,0,0,0,0,0,1,0,0,0,0,0,10.0,3.33,22.0,12.0,54.5,0.0,0.0,GK,0.0,0.0,0,0.0,0.0,0.0,0.0,0.0,0.0,67.9
912,PEDRO MIGUEL,QAT,Qatar,Al Sadd SC,DF,35,180,0,Not in FBref,0,0,0,0.0,0,0,0,0,0,0,0,0,0,0,0,0,0.0,0.0,0.0,0.0,0.0,0.0,0.0,DF,0.0,0.0,0,0.0,0.0,0.0,0.0,0.0,0.0,65.0
913,LUCAS MENDES,QAT,Qatar,Al Wakrah SC,DF,35,179,1,Lucas Mendes,1,0,4,0.0,0,0,0,0,0,0,0,0,0,0,0,0,0.0,0.0,0.0,0.0,0.0,0.0,0.0,DF,0.0,0.0,0,0.0,0.0,0.0,0.0,0.0,0.0,65.1
914,ISSA LAYE,QAT,Qatar,Al Arabi SC,DF,28,178,1,Issa Laye,3,3,270,3.0,0,0,0,0,0,0,0,0,1,0,1,1,0.0,0.0,0.0,0.0,0.0,0.0,0.0,DF,0.0,0.0,0,0.0,0.33,0.0,0.0,0.33,0.33,71.2
915,JASSEM GABER,QAT,Qatar,Al Rayyan SC,DF,24,181,1,Jassem Gaber,3,3,149,1.7,0,0,0,0,0,0,1,0,0,0,2,0,0.0,0.0,0.0,0.0,0.0,0.0,0.0,DF,0.0,0.0,0,0.0,0.0,0.0,0.0,1.18,0.0,69.4
916,ABDULAZIZ HATEM,QAT,Qatar,Al Rayyan SC,MF,36,179,1,Abdulaziz Hatem,1,0,45,0.5,0,0,0,0,0,0,0,0,0,0,0,0,0.0,0.0,0.0,0.0,0.0,0.0,0.0,MF,0.0,0.0,0,0.0,0.0,0.0,0.0,0.0,0.0,65.8
917,AHMED ALAAELDIN,QAT,Qatar,Al Rayyan SC,FW,33,179,1,Ahmed Alaaeldin,2,0,43,0.5,0,0,0,0,0,0,0,0,1,1,1,0,0.0,0.0,0.0,0.0,0.0,0.0,0.0,FW,0.0,0.0,0,0.0,2.0,2.0,100.0,2.0,0.0,70.7
918,EDMILSON JUNIOR,QAT,Qatar,Al Duhail SC,FW,31,180,1,Edmilson Junior,3,3,210,2.3,0,1,1,0,0,0,0,0,3,2,1,0,0.0,0.0,0.0,0.0,0.0,0.0,0.0,FW,0.0,0.43,1,0.43,1.3,0.87,66.7,0.43,0.0,73.6
919,MOHAMMED MUNTARI,QAT,Qatar,Al Gharafa SC,FW,32,192,1,Mohamed Manai,3,0,69,0.8,0,0,0,0,0,0,0,0,0,0,0,2,0.0,0.0,0.0,0.0,0.0,0.0,0.0,FW,0.0,0.0,0,0.0,0.0,0.0,0.0,0.0,2.5,66.2
920,HASSAN ALHAYDOS,QAT,Qatar,Al Sadd SC,FW,35,174,1,Hassan Al-Haydos,2,1,57,0.6,1,0,1,1,0,0,0,0,1,1,0,0,0.0,0.0,0.0,0.0,0.0,0.0,0.0,FW,1.67,0.0,1,1.67,1.67,1.67,100.0,0.0,0.0,76.0
921,AKRAM AFIF,QAT,Qatar,Al Sadd SC,FW,29,176,1,Akram Afif,3,3,238,2.6,0,0,0,0,0,0,0,0,2,0,1,0,0.0,0.0,0.0,0.0,0.0,0.0,0.0,FW,0.0,0.0,0,0.0,0.77,0.0,0.0,0.38,0.0,69.0
922,KARIM BOUDIAF,QAT,Qatar,Al Duhail SC,MF,35,190,1,Karim Boudiaf,2,1,102,1.1,0,0,0,0,0,0,0,0,1,0,0,0,0.0,0.0,0.0,0.0,0.0,0.0,0.0,MF,0.0,0.0,0,0.0,0.91,0.0,0.0,0.0,0.0,66.7
923,AYOUB ALOUI,QAT,Qatar,Al Gharafa SC,DF,21,181,1,Ayoub Al-Oui,2,2,149,1.7,0,0,0,0,0,0,0,0,0,0,0,2,0.0,0.0,0.0,0.0,0.0,0.0,0.0,DF,0.0,0.0,0,0.0,0.0,0.0,0.0,0.0,1.18,70.4
924,HOMAM AHMED,QAT,Qatar,Cultural Leonesa,DF,26,188,1,Homam Ahmed,2,2,122,1.4,0,1,1,0,0,0,0,1,1,0,1,3,0.0,0.0,0.0,0.0,0.0,0.0,0.0,DF,0.0,0.71,1,0.71,0.71,0.0,0.0,0.71,2.14,73.7
925,YUSUF ABDURISAG,QAT,Qatar,Al Wakrah SC,FW,26,171,1,Yusuf Abdurisag,2,2,98,1.1,0,0,0,0,0,0,0,0,0,0,2,1,0.0,0.0,0.0,0.0,0.0,0.0,0.0,FW,0.0,0.0,0,0.0,0.0,0.0,0.0,1.82,0.91,66.6
926,BOUALEM KHOUKHI,QAT,Qatar,Al Sadd SC,DF,35,185,1,Boualem Khoukhi,3,3,270,3.0,1,0,1,1,0,0,0,0,3,1,3,3,0.0,0.0,0.0,0.0,0.0,0.0,0.0,DF,0.33,0.0,1,0.33,1.0,0.33,33.3,1.0,1.0,77.0
927,AHMED ALGANEHI,QAT,Qatar,Al Gharafa SC,MF,25,175,1,Ahmed Al-Ganehi,1,0,36,0.4,0,0,0,0,0,0,0,0,1,0,1,0,0.0,0.0,0.0,0.0,0.0,0.0,0.0,MF,0.0,0.0,0,0.0,2.5,0.0,0.0,2.5,0.0,67.1
928,SULTAN ALBRAKE,QAT,Qatar,Al Duhail SC,DF,30,178,1,Sultan Al-Brake,2,1,141,1.6,0,0,0,0,0,0,0,0,0,0,1,2,0.0,0.0,0.0,0.0,0.0,0.0,0.0,DF,0.0,0.0,0,0.0,0.0,0.0,0.0,0.62,1.25,72.0
929,ALMOEZ ALI,QAT,Qatar,Al Duhail SC,FW,29,180,1,Almoez Ali,1,0,19,0.2,0,0,0,0,0,0,0,0,1,1,0,0,0.0,0.0,0.0,0.0,0.0,0.0,0.0,FW,0.0,0.0,0,0.0,5.0,5.0,100.0,0.0,0.0,70.3
930,AHMED FATHY,QAT,Qatar,Al Arabi SC,MF,33,171,1,Ahmed Fathy,3,1,150,1.7,0,0,0,0,0,0,2,0,0,0,3,3,0.0,0.0,0.0,0.0,0.0,0.0,0.0,MF,0.0,0.0,0,0.0,0.0,0.0,0.0,1.76,1.76,70.8
931,SALAH ZAKARIA,QAT,Qatar,Al Duhail SC,GK,27,186,0,Not in FBref,0,0,0,0.0,0,0,0,0,0,0,0,0,0,0,0,0,0.0,0.0,0.0,0.0,0.0,0.0,0.0,GK,0.0,0.0,0,0.0,0.0,0.0,0.0,0.0,0.0,65.0
932,MESHAAL BARSHAM,QAT,Qatar,Al Sadd SC,GK,28,180,0,Not in FBref,0,0,0,0.0,0,0,0,0,0,0,0,0,0,0,0,0,0.0,0.0,0.0,0.0,0.0,0.0,0.0,GK,0.0,0.0,0,0.0,0.0,0.0,0.0,0.0,0.0,65.0
933,ASSIM MADIBO,QAT,Qatar,Al Wakrah SC,MF,29,168,1,Assim Madibo,2,2,131,1.5,0,0,0,0,0,0,0,1,0,0,1,4,0.0,0.0,0.0,0.0,0.0,0.0,0.0,MF,0.0,0.0,0,0.0,0.0,0.0,0.0,0.67,2.67,69.2
934,TAHSIN MOHAMMED,QAT,Qatar,Al Duhail SC,FW,19,166,0,Not in FBref,0,0,0,0.0,0,0,0,0,0,0,0,0,0,0,0,0,0.0,0.0,0.0,0.0,0.0,0.0,0.0,FW,0.0,0.0,0,0.0,0.0,0.0,0.0,0.0,0.0,65.0
935,ALHASHMI ALHUSSEIN,QAT,Qatar,Al Arabi SC,DF,22,182,1,Al-Hashmi Al-Hussain,1,0,32,0.4,0,0,0,0,0,0,0,0,0,0,2,1,0.0,0.0,0.0,0.0,0.0,0.0,0.0,DF,0.0,0.0,0,0.0,0.0,0.0,0.0,5.0,2.5,73.0
936,MOHAMED MANAI,QAT,Qatar,Al Shamal SC,FW,23,180,1,Mohamed Manai,3,0,69,0.8,0,0,0,0,0,0,0,0,0,0,0,2,0.0,0.0,0.0,0.0,0.0,0.0,0.0,FW,0.0,0.0,0,0.0,0.0,0.0,0.0,0.0,2.5,66.2
937,NAWAF ALAQIDI,KSA,Saudi Arabia,Al Nassr FC,GK,26,186,0,Not in FBref,0,0,0,0.0,0,0,0,0,0,0,0,0,0,0,0,0,0.0,0.0,0.0,0.0,0.0,0.0,0.0,GK,0.0,0.0,0,0.0,0.0,0.0,0.0,0.0,0.0,65.0
938,ALI MAJRASHI,KSA,Saudi Arabia,Al Ahli FC,DF,26,169,0,Not in FBref,0,0,0,0.0,0,0,0,0,0,0,0,0,0,0,0,0,0.0,0.0,0.0,0.0,0.0,0.0,0.0,DF,0.0,0.0,0,0.0,0.0,0.0,0.0,0.0,0.0,65.0
939,ALI LAJAMI,KSA,Saudi Arabia,Al Hilal SC,DF,30,177,1,Ali Lajami,3,1,149,1.7,0,0,0,0,0,0,0,0,0,0,2,3,0.0,0.0,0.0,0.0,0.0,0.0,0.0,DF,0.0,0.0,0,0.0,0.0,0.0,0.0,1.18,1.76,74.8
940,ABDULELAH ALAMRI,KSA,Saudi Arabia,Al Nassr FC,DF,29,185,1,Abdulelah Al-Amri,3,3,239,2.7,1,0,1,1,0,0,1,0,4,2,2,4,0.0,0.0,0.0,0.0,0.0,0.0,0.0,DF,0.37,0.0,1,0.37,1.48,0.74,50.0,0.74,1.48,76.0
941,HASSAN ALTAMBAKTI,KSA,Saudi Arabia,Al Hilal SC,DF,27,183,1,Hassan Al Tambakti,3,3,212,2.4,0,0,0,0,0,0,0,0,0,0,3,3,0.0,0.0,0.0,0.0,0.0,0.0,0.0,DF,0.0,0.0,0,0.0,0.0,0.0,0.0,1.25,1.25,74.8
942,NASSER ALDAWSARI,KSA,Saudi Arabia,Al Hilal SC,MF,27,178,1,Nasser Al-Dawsari,3,2,207,2.3,0,0,0,0,0,0,1,0,1,0,4,4,0.0,0.0,0.0,0.0,0.0,0.0,0.0,MF,0.0,0.0,0,0.0,0.43,0.0,0.0,1.74,1.74,72.7
943,MUSAB ALJUWAYR,KSA,Saudi Arabia,Al Qadsiah FC,MF,22,175,1,Musab Al Juwayr,3,2,152,1.7,0,0,0,0,0,0,0,0,0,0,3,1,0.0,0.0,0.0,0.0,0.0,0.0,0.0,MF,0.0,0.0,0,0.0,0.0,0.0,0.0,1.76,0.59,71.1
944,AIMAN YAHYA,KSA,Saudi Arabia,Al Nassr FC,FW,25,173,0,Not in FBref,0,0,0,0.0,0,0,0,0,0,0,0,0,0,0,0,0,0.0,0.0,0.0,0.0,0.0,0.0,0.0,FW,0.0,0.0,0,0.0,0.0,0.0,0.0,0.0,0.0,65.0
945,FERAS ALBRIKAN,KSA,Saudi Arabia,Al Ahli FC,FW,26,185,1,Firas Al-Buraikan,3,3,238,2.6,0,0,0,0,0,0,1,0,0,0,0,1,0.0,0.0,0.0,0.0,0.0,0.0,0.0,FW,0.0,0.0,0,0.0,0.0,0.0,0.0,0.0,0.38,68.0
946,SALEM ALDAWSARI,KSA,Saudi Arabia,Al Hilal SC,FW,34,173,1,Salem Al-Dawsari,3,3,245,2.7,0,0,0,0,0,0,1,0,3,0,1,1,0.0,0.0,0.0,0.0,0.0,0.0,0.0,FW,0.0,0.0,0,0.0,1.11,0.0,0.0,0.37,0.37,68.1
947,SALEH ALSHEHRI,KSA,Saudi Arabia,Al Ittihad,FW,32,184,0,Not in FBref,0,0,0,0.0,0,0,0,0,0,0,0,0,0,0,0,0,0.0,0.0,0.0,0.0,0.0,0.0,0.0,FW,0.0,0.0,0,0.0,0.0,0.0,0.0,0.0,0.0,65.0
948,SAUD ABDULHAMID,KSA,Saudi Arabia,RC Lens,DF,26,172,1,Saud Abdulhamid,3,3,269,3.0,0,0,0,0,0,0,1,0,2,0,9,2,0.0,0.0,0.0,0.0,0.0,0.0,0.0,DF,0.0,0.0,0,0.0,0.67,0.0,0.0,3.0,0.67,77.6
949,NAWAF BU WASHL,KSA,Saudi Arabia,Al Nassr FC,DF,26,173,1,Nawaf Boushal,2,1,91,1.0,0,0,0,0,0,0,0,0,0,0,0,1,0.0,0.0,0.0,0.0,0.0,0.0,0.0,DF,0.0,0.0,0,0.0,0.0,0.0,0.0,0.0,1.0,69.0
950,HASSAN KADISH,KSA,Saudi Arabia,Al Ittihad,DF,33,179,0,Not in FBref,0,0,0,0.0,0,0,0,0,0,0,0,0,0,0,0,0,0.0,0.0,0.0,0.0,0.0,0.0,0.0,DF,0.0,0.0,0,0.0,0.0,0.0,0.0,0.0,0.0,65.0
951,ABDULLAH ALKHAIBARI,KSA,Saudi Arabia,Al Nassr FC,MF,29,175,1,Abdullah Al-Khaibari,3,3,180,2.0,0,0,0,0,0,0,0,0,1,0,1,1,0.0,0.0,0.0,0.0,0.0,0.0,0.0,MF,0.0,0.0,0,0.0,0.5,0.0,0.0,0.5,0.5,69.5
952,ZIYAD ALJOHANI,KSA,Saudi Arabia,Al Ahli FC,MF,24,180,0,Not in FBref,0,0,0,0.0,0,0,0,0,0,0,0,0,0,0,0,0,0.0,0.0,0.0,0.0,0.0,0.0,0.0,MF,0.0,0.0,0,0.0,0.0,0.0,0.0,0.0,0.0,65.0
953,KHALID ALGHANNAM,KSA,Saudi Arabia,Al Ettifaq FC,FW,25,171,1,Khalid Al Ghannam,1,0,1,0.0,0,0,0,0,0,0,0,0,0,0,0,0,0.0,0.0,0.0,0.0,0.0,0.0,0.0,FW,0.0,0.0,0,0.0,0.0,0.0,0.0,0.0,0.0,65.0
954,ALA ALHAJJI,KSA,Saudi Arabia,Neom SC,MF,30,178,1,Alaa Al Hejji,2,0,32,0.4,0,0,0,0,0,0,0,0,0,0,0,1,0.0,0.0,0.0,0.0,0.0,0.0,0.0,MF,0.0,0.0,0,0.0,0.0,0.0,0.0,0.0,2.5,67.0
955,ABDULLAH ALHAMDDAN,KSA,Saudi Arabia,Al Nassr FC,FW,26,186,1,Abdullah Al-Hamdan,3,0,71,0.8,0,0,0,0,0,0,0,0,2,2,0,0,0.0,0.0,0.0,0.0,0.0,0.0,0.0,FW,0.0,0.0,0,0.0,2.5,2.5,100.0,0.0,0.0,71.2
956,SULTAN MANDASH,KSA,Saudi Arabia,Al Hilal SC,FW,31,172,1,Sultan Mendash,1,1,65,0.7,0,0,0,0,0,0,0,0,0,0,3,0,0.0,0.0,0.0,0.0,0.0,0.0,0.0,FW,0.0,0.0,0,0.0,0.0,0.0,0.0,4.29,0.0,66.1
957,MOHAMMED ALOWAIS,KSA,Saudi Arabia,Al Ula Saudi FC,GK,34,185,1,Mohammed Al-Owais,3,3,270,3.0,0,0,0,0,0,0,0,0,0,0,0,0,5.0,1.67,21.0,16.0,76.2,1.0,33.3,GK,0.0,0.0,0,0.0,0.0,0.0,0.0,0.0,0.0,76.1
958,AHMED ALKASSAR,KSA,Saudi Arabia,Al Qadsiah FC,GK,35,178,0,Not in FBref,0,0,0,0.0,0,0,0,0,0,0,0,0,0,0,0,0,0.0,0.0,0.0,0.0,0.0,0.0,0.0,GK,0.0,0.0,0,0.0,0.0,0.0,0.0,0.0,0.0,65.0
959,MOHAMED KANNO,KSA,Saudi Arabia,Al Hilal SC,MF,31,191,1,Mohamed Kanno,3,2,225,2.5,0,0,0,0,0,0,1,0,3,2,4,2,0.0,0.0,0.0,0.0,0.0,0.0,0.0,MF,0.0,0.0,0,0.0,1.2,0.8,66.7,1.6,0.8,71.4
960,MOTEB ALHARBI,KSA,Saudi Arabia,Al Hilal SC,DF,26,177,1,Moteb Al-Harbi,3,2,188,2.1,0,0,0,0,0,0,0,0,0,0,1,4,0.0,0.0,0.0,0.0,0.0,0.0,0.0,DF,0.0,0.0,0,0.0,0.0,0.0,0.0,0.48,1.9,74.1
961,JEHAD THIKRI,KSA,Saudi Arabia,Al Qadsiah FC,DF,24,184,0,Not in FBref,0,0,0,0.0,0,0,0,0,0,0,0,0,0,0,0,0,0.0,0.0,0.0,0.0,0.0,0.0,0.0,DF,0.0,0.0,0,0.0,0.0,0.0,0.0,0.0,0.0,65.0
962,MOHAMMED ABU ALSHAMAT,KSA,Saudi Arabia,Al Qadsiah FC,DF,23,170,1,Mohammed Abu Al-Shamat,3,1,136,1.5,0,0,0,0,0,0,0,0,1,1,3,1,0.0,0.0,0.0,0.0,0.0,0.0,0.0,DF,0.0,0.0,0,0.0,0.67,0.67,100.0,2.0,0.67,73.9
963,GUNN Angus,SCO,Scotland,Nottingham Forest FC,GK,30,196,1,Angus Gunn,3,3,270,3.0,0,0,0,0,0,0,0,0,0,0,1,0,4.0,1.33,12.0,8.0,66.7,1.0,33.3,GK,0.0,0.0,0,0.0,0.0,0.0,0.0,0.33,0.0,75.8
964,HICKEY Aaron,SCO,Scotland,Brentford FC,DF,24,185,1,Aaron Hickey,1,1,74,0.8,0,0,0,0,0,0,1,0,0,0,0,1,0.0,0.0,0.0,0.0,0.0,0.0,0.0,DF,0.0,0.0,0,0.0,0.0,0.0,0.0,0.0,1.25,67.7
965,ROBERTSON Andy,SCO,Scotland,Liverpool FC,DF,32,178,1,Andy Robertson,3,3,225,2.5,0,0,0,0,0,0,1,0,0,0,1,2,0.0,0.0,0.0,0.0,0.0,0.0,0.0,DF,0.0,0.0,0,0.0,0.0,0.0,0.0,0.4,0.8,70.8
966,McTOMINAY Scott,SCO,Scotland,SSC Napoli,MF,29,193,1,Scott McTominay,3,3,270,3.0,0,0,0,0,0,0,0,0,8,3,2,0,0.0,0.0,0.0,0.0,0.0,0.0,0.0,MF,0.0,0.0,0,0.0,2.67,1.0,37.5,0.67,0.0,70.5
967,HANLEY Grant,SCO,Scotland,Hibernian FC,DF,34,188,1,Grant Hanley,2,2,180,2.0,0,0,0,0,0,0,0,0,0,0,2,1,0.0,0.0,0.0,0.0,0.0,0.0,0.0,DF,0.0,0.0,0,0.0,0.0,0.0,0.0,1.0,0.5,71.8
968,TIERNEY Kieran,SCO,Scotland,Celtic FC,DF,29,180,1,Kieran Tierney,2,1,104,1.2,0,0,0,0,0,0,0,0,2,0,1,2,0.0,0.0,0.0,0.0,0.0,0.0,0.0,DF,0.0,0.0,0,0.0,1.67,0.0,0.0,0.83,1.67,73.0
969,McGINN John,SCO,Scotland,Aston Villa FC,MF,31,178,1,John McGinn,3,3,259,2.9,1,0,1,1,0,0,0,0,3,1,0,0,0.0,0.0,0.0,0.0,0.0,0.0,0.0,MF,0.34,0.0,1,0.34,1.03,0.34,33.3,0.0,0.0,70.7
970,FLETCHER Tyler,SCO,Scotland,Manchester United FC,MF,19,183,0,Not in FBref,0,0,0,0.0,0,0,0,0,0,0,0,0,0,0,0,0,0.0,0.0,0.0,0.0,0.0,0.0,0.0,MF,0.0,0.0,0,0.0,0.0,0.0,0.0,0.0,0.0,65.0
971,DYKES Lyndon,SCO,Scotland,Charlton Athletic FC,FW,30,188,1,Lyndon Dykes,2,0,36,0.4,0,0,0,0,0,0,0,0,1,0,0,0,0.0,0.0,0.0,0.0,0.0,0.0,0.0,FW,0.0,0.0,0,0.0,2.5,0.0,0.0,0.0,0.0,65.6
972,ADAMS Che,SCO,Scotland,Torino FC,FW,29,175,1,Ché Adams,3,2,145,1.6,0,0,0,0,0,0,0,0,1,1,1,0,0.0,0.0,0.0,0.0,0.0,0.0,0.0,FW,0.0,0.0,0,0.0,0.62,0.62,100.0,0.62,0.0,72.4
973,CHRISTIE Ryan,SCO,Scotland,AFC Bournemouth,MF,31,178,1,Ryan Christie,3,1,95,1.1,0,0,0,0,0,0,1,0,2,0,3,2,0.0,0.0,0.0,0.0,0.0,0.0,0.0,MF,0.0,0.0,0,0.0,1.82,0.0,0.0,2.73,1.82,72.4
974,KELLY Liam,SCO,Scotland,Rangers FC,GK,30,184,0,Not in FBref,0,0,0,0.0,0,0,0,0,0,0,0,0,0,0,0,0,0.0,0.0,0.0,0.0,0.0,0.0,0.0,GK,0.0,0.0,0,0.0,0.0,0.0,0.0,0.0,0.0,65.0
975,HENDRY Jack,SCO,Scotland,Al Ettifaq FC,DF,31,192,1,Jack Hendry,3,3,270,3.0,0,0,0,0,0,0,0,0,0,0,2,0,0.0,0.0,0.0,0.0,0.0,0.0,0.0,DF,0.0,0.0,0,0.0,0.0,0.0,0.0,0.67,0.0,71.2
976,STEWART Ross,SCO,Scotland,Southampton FC,FW,29,188,1,Ross Stewart,1,0,2,0.0,0,0,0,0,0,0,0,0,0,0,0,0,0.0,0.0,0.0,0.0,0.0,0.0,0.0,FW,0.0,0.0,0,0.0,0.0,0.0,0.0,0.0,0.0,65.0
977,SOUTTAR John,SCO,Scotland,Rangers FC,DF,29,186,0,Not in FBref,0,0,0,0.0,0,0,0,0,0,0,0,0,0,0,0,0,0.0,0.0,0.0,0.0,0.0,0.0,0.0,DF,0.0,0.0,0,0.0,0.0,0.0,0.0,0.0,0.0,65.0
978,HYAM Dominic,SCO,Scotland,Wrexham AFC,DF,30,188,0,Not in FBref,0,0,0,0.0,0,0,0,0,0,0,0,0,0,0,0,0,0.0,0.0,0.0,0.0,0.0,0.0,0.0,DF,0.0,0.0,0,0.0,0.0,0.0,0.0,0.0,0.0,65.0
979,GANNON-DOAK Ben,SCO,Scotland,AFC Bournemouth,FW,20,173,1,Ben Gannon-Doak,3,2,186,2.1,0,0,0,0,0,0,0,0,4,0,1,0,0.0,0.0,0.0,0.0,0.0,0.0,0.0,FW,0.0,0.0,0,0.0,1.9,0.0,0.0,0.48,0.0,68.1
980,HIRST George,SCO,Scotland,Ipswich Town FC,FW,27,191,0,Not in FBref,0,0,0,0.0,0,0,0,0,0,0,0,0,0,0,0,0,0.0,0.0,0.0,0.0,0.0,0.0,0.0,FW,0.0,0.0,0,0.0,0.0,0.0,0.0,0.0,0.0,65.0
981,FERGUSON Lewis,SCO,Scotland,Bologna FC,MF,26,181,1,Lewis Ferguson,3,3,270,3.0,0,0,0,0,0,0,0,0,2,1,7,4,0.0,0.0,0.0,0.0,0.0,0.0,0.0,MF,0.0,0.0,0,0.0,0.67,0.33,50.0,2.33,1.33,75.0
982,SHANKLAND Lawrence,SCO,Scotland,Heart Of Midlothian FC,FW,30,185,1,Lawrence Shankland,2,2,171,1.9,0,0,0,0,0,0,0,0,4,0,1,0,0.0,0.0,0.0,0.0,0.0,0.0,0.0,FW,0.0,0.0,0,0.0,2.11,0.0,0.0,0.53,0.0,67.8
983,GORDON Craig,SCO,Scotland,Heart Of Midlothian FC,GK,43,193,0,Not in FBref,0,0,0,0.0,0,0,0,0,0,0,0,0,0,0,0,0,0.0,0.0,0.0,0.0,0.0,0.0,0.0,GK,0.0,0.0,0,0.0,0.0,0.0,0.0,0.0,0.0,65.0
984,PATTERSON Nathan,SCO,Scotland,Everton FC,DF,24,183,1,Nathan Patterson,3,2,185,2.1,0,0,0,0,0,0,0,0,0,0,2,3,0.0,0.0,0.0,0.0,0.0,0.0,0.0,DF,0.0,0.0,0,0.0,0.0,0.0,0.0,0.95,1.43,74.0
985,McLEAN Kenny,SCO,Scotland,Norwich City FC,MF,34,183,1,Kenny McLean,3,1,118,1.3,0,0,0,0,0,0,1,0,1,0,1,2,0.0,0.0,0.0,0.0,0.0,0.0,0.0,MF,0.0,0.0,0,0.0,0.77,0.0,0.0,0.77,1.54,69.4
986,RALSTON Anthony,SCO,Scotland,Celtic FC,DF,27,178,1,Anthony Ralston,2,0,11,0.1,0,0,0,0,0,0,0,0,1,1,0,0,0.0,0.0,0.0,0.0,0.0,0.0,0.0,DF,0.0,0.0,0,0.0,10.0,10.0,100.0,0.0,0.0,65.2
987,CURTIS Findlay,SCO,Scotland,Kilmarnock FC,FW,20,180,1,Findlay Curtis,2,0,9,0.1,0,0,0,0,0,0,1,0,0,0,0,0,0.0,0.0,0.0,0.0,0.0,0.0,0.0,FW,0.0,0.0,0,0.0,0.0,0.0,0.0,0.0,0.0,64.2
988,McKENNA Scott,SCO,Scotland,GNK Dinamo Zagreb,DF,29,189,1,Scott McKenna,1,1,90,1.0,0,0,0,0,0,0,0,0,0,0,0,0,0.0,0.0,0.0,0.0,0.0,0.0,0.0,DF,0.0,0.0,0,0.0,0.0,0.0,0.0,0.0,0.0,66.5
989,DIOUF Yehvann,SEN,Senegal,OGC Nice,GK,26,188,1,El Hadji Malick Diouf,3,2,171,1.9,0,0,0,0,0,0,0,0,0,0,1,1,0.0,0.0,0.0,0.0,0.0,0.0,0.0,GK,0.0,0.0,0,0.0,0.0,0.0,0.0,0.53,0.53,67.8
990,SARR Mamadou,SEN,Senegal,Chelsea FC,DF,20,194,0,Not in FBref,0,0,0,0.0,0,0,0,0,0,0,0,0,0,0,0,0,0.0,0.0,0.0,0.0,0.0,0.0,0.0,DF,0.0,0.0,0,0.0,0.0,0.0,0.0,0.0,0.0,65.0
991,KOULIBALY Kalidou,SEN,Senegal,Al Hilal SC,DF,34,186,1,Kalidou Koulibaly,2,2,161,1.8,0,0,0,0,0,0,0,0,0,0,1,2,0.0,0.0,0.0,0.0,0.0,0.0,0.0,DF,0.0,0.0,0,0.0,0.0,0.0,0.0,0.56,1.11,71.8
992,SECK Abdoulaye,SEN,Senegal,Maccabi Haifa FC,DF,34,192,1,Abdoulaye Seck,1,1,57,0.6,0,1,1,0,0,0,1,0,2,0,0,0,0.0,0.0,0.0,0.0,0.0,0.0,0.0,DF,0.0,1.67,1,1.67,3.33,0.0,0.0,0.0,0.0,67.4
993,GUEYE Idrissa Gana,SEN,Senegal,Everton FC,MF,36,174,1,Idrissa Gueye,4,4,361,4.0,0,0,0,0,0,0,0,0,5,1,4,2,0.0,0.0,0.0,0.0,0.0,0.0,0.0,MF,0.0,0.0,0,0.0,1.25,0.25,20.0,1.0,0.5,73.2
994,CISS Pathe,SEN,Senegal,Rayo Vallecano,MF,32,186,1,Pathé Ciss,4,1,184,2.0,0,0,0,0,0,0,0,0,2,1,0,0,0.0,0.0,0.0,0.0,0.0,0.0,0.0,MF,0.0,0.0,0,0.0,1.0,0.5,50.0,0.0,0.0,68.1
995,DIAO Assane,SEN,Senegal,Como,FW,20,185,1,Assane Diao,1,0,10,0.1,0,0,0,0,0,0,0,0,0,0,1,0,0.0,0.0,0.0,0.0,0.0,0.0,0.0,FW,0.0,0.0,0,0.0,0.0,0.0,0.0,10.0,0.0,65.2
996,CAMARA Lamine,SEN,Senegal,AS Monaco,MF,22,174,1,Lamine Camara,4,3,248,2.8,0,1,1,0,0,0,1,0,3,0,1,2,0.0,0.0,0.0,0.0,0.0,0.0,0.0,MF,0.0,0.36,1,0.36,1.07,0.0,0.0,0.36,0.71,71.5
997,DIENG Bamba,SEN,Senegal,FC Lorient,FW,26,178,1,Bamba Dieng,1,0,8,0.1,0,0,0,0,0,0,0,0,0,0,0,0,0.0,0.0,0.0,0.0,0.0,0.0,0.0,FW,0.0,0.0,0,0.0,0.0,0.0,0.0,0.0,0.0,65.1
998,MANE Sadio,SEN,Senegal,Al Nassr FC,FW,34,175,1,Sadio Mané,4,4,362,4.0,0,1,1,0,0,0,0,0,6,3,2,3,0.0,0.0,0.0,0.0,0.0,0.0,0.0,FW,0.0,0.25,1,0.25,1.5,0.75,50.0,0.5,0.75,74.5
999,JACKSON Nicolas,SEN,Senegal,FC Bayern München,FW,24,187,1,Nicolas Jackson,4,2,234,2.6,0,1,1,0,0,0,0,0,7,3,2,1,0.0,0.0,0.0,0.0,0.0,0.0,0.0,FW,0.0,0.38,1,0.38,2.69,1.15,42.9,0.77,0.38,72.6
1000,NDIAYE Cherif,SEN,Senegal,Samsunspor,FW,30,190,0,Not in FBref,0,0,0,0.0,0,0,0,0,0,0,0,0,0,0,0,0,0.0,0.0,0.0,0.0,0.0,0.0,0.0,FW,0.0,0.0,0,0.0,0.0,0.0,0.0,0.0,0.0,65.0
1001,NDIAYE Iliman,SEN,Senegal,Everton FC,FW,26,180,1,Iliman Ndiaye,3,1,114,1.3,1,2,3,1,0,0,0,0,3,2,0,2,0.0,0.0,0.0,0.0,0.0,0.0,0.0,FW,0.77,1.54,3,2.31,2.31,1.54,66.7,0.0,1.54,80.2
1002,JAKOBS Ismail,SEN,Senegal,Galatasaray SK,DF,26,184,1,Ismail Jakobs,3,2,219,2.4,0,0,0,0,0,0,0,0,1,0,2,2,0.0,0.0,0.0,0.0,0.0,0.0,0.0,DF,0.0,0.0,0,0.0,0.42,0.0,0.0,0.83,0.83,72.8
1003,DIATTA Krepin,SEN,Senegal,AS Monaco,DF,27,173,1,Krépin Diatta,4,4,390,4.3,0,0,0,0,0,0,0,0,1,0,10,3,0.0,0.0,0.0,0.0,0.0,0.0,0.0,DF,0.0,0.0,0,0.0,0.23,0.0,0.0,2.33,0.7,78.6
1004,MENDY Edouard,SEN,Senegal,Al Ahli FC,GK,34,194,1,Édouard Mendy,2,2,152,1.7,0,0,0,0,0,0,0,0,0,0,0,0,6.0,3.55,14.0,8.0,57.1,0.0,0.0,GK,0.0,0.0,0,0.0,0.0,0.0,0.0,0.0,0.0,66.8
1005,SARR Pape Matar,SEN,Senegal,Tottenham Hotspur FC,MF,23,185,1,Pape Matar Sarr,2,0,67,0.7,0,0,0,0,0,0,0,0,4,0,0,1,0.0,0.0,0.0,0.0,0.0,0.0,0.0,MF,0.0,0.0,0,0.0,5.71,0.0,0.0,0.0,1.43,67.6
1006,SARR Ismaila,SEN,Senegal,Crystal Palace FC,FW,28,185,1,Ismaila Sarr,4,4,364,4.0,4,1,5,4,0,0,0,0,17,6,1,2,0.0,0.0,0.0,0.0,0.0,0.0,0.0,FW,1.0,0.25,5,1.25,4.25,1.5,35.3,0.25,0.5,78.8
1007,NIAKHATE Moussa,SEN,Senegal,Olympique Lyonnais,DF,30,190,1,Moussa Niakhaté,4,4,390,4.3,0,1,1,0,0,0,0,0,1,0,1,4,0.0,0.0,0.0,0.0,0.0,0.0,0.0,DF,0.0,0.23,1,0.23,0.23,0.0,0.0,0.23,0.93,76.4
1008,MBAYE Ibrahim,SEN,Senegal,Paris Saint-Germain,FW,18,175,1,Ibrahim Mbaye,4,1,157,1.7,1,0,1,1,0,0,0,0,4,1,0,1,0.0,0.0,0.0,0.0,0.0,0.0,0.0,FW,0.59,0.0,1,0.59,2.35,0.59,25.0,0.0,0.59,71.8
1009,DIARRA Habib,SEN,Senegal,Sunderland AFC,MF,22,178,1,Habib Diarra,3,2,143,1.6,2,0,2,2,0,0,0,0,4,2,2,1,0.0,0.0,0.0,0.0,0.0,0.0,0.0,MF,1.25,0.0,2,1.25,2.5,1.25,50.0,1.25,0.62,75.2
1010,NDIAYE Bara Sapoko,SEN,Senegal,FC Bayern München,MF,18,180,1,Bara Sapoko Ndiaye,1,0,26,0.3,0,0,0,0,0,0,0,0,1,1,0,0,0.0,0.0,0.0,0.0,0.0,0.0,0.0,MF,0.0,0.0,0,0.0,3.33,3.33,100.0,0.0,0.0,65.4
1011,DIAW Mory,SEN,Senegal,Le Havre AC,GK,32,197,1,Mory Diaw,3,2,238,2.6,0,0,0,0,0,0,0,0,0,0,0,0,3.0,1.13,7.0,4.0,57.1,1.0,50.0,GK,0.0,0.0,0,0.0,0.0,0.0,0.0,0.0,0.0,74.8
1012,MENDY Antoine,SEN,Senegal,OGC Nice,DF,22,187,0,Not in FBref,0,0,0,0.0,0,0,0,0,0,0,0,0,0,0,0,0,0.0,0.0,0.0,0.0,0.0,0.0,0.0,DF,0.0,0.0,0,0.0,0.0,0.0,0.0,0.0,0.0,65.0
1013,DIOUF El Hadji Malick,SEN,Senegal,West Ham United FC,DF,21,177,1,El Hadji Malick Diouf,3,2,171,1.9,0,0,0,0,0,0,0,0,0,0,1,1,0.0,0.0,0.0,0.0,0.0,0.0,0.0,DF,0.0,0.0,0,0.0,0.0,0.0,0.0,0.53,0.53,70.5
1014,GUEYE Pape,SEN,Senegal,Villarreal CF,MF,27,189,1,Pape Gueye,4,3,234,2.6,2,1,3,2,0,0,1,0,8,3,1,4,0.0,0.0,0.0,0.0,0.0,0.0,0.0,MF,0.77,0.38,3,1.15,3.08,1.15,37.5,0.38,1.54,75.8
1015,WILLIAMS Ronwen,RSA,South Africa,Mamelodi Sundowns FC,GK,34,184,1,Ronwen Williams,4,4,360,4.0,0,0,0,0,0,0,0,0,0,0,0,1,4.0,1.0,15.0,11.0,73.3,1.0,25.0,GK,0.0,0.0,0,0.0,0.0,0.0,0.0,0.0,0.25,78.4
1016,MATULUDI Thabang,RSA,South Africa,Polokwane City FC,DF,27,189,0,Not in FBref,0,0,0,0.0,0,0,0,0,0,0,0,0,0,0,0,0,0.0,0.0,0.0,0.0,0.0,0.0,0.0,DF,0.0,0.0,0,0.0,0.0,0.0,0.0,0.0,0.0,65.0
1017,NDAMANE Khulumani,RSA,South Africa,Mamelodi Sundowns FC,DF,22,183,0,Not in FBref,0,0,0,0.0,0,0,0,0,0,0,0,0,0,0,0,0,0.0,0.0,0.0,0.0,0.0,0.0,0.0,DF,0.0,0.0,0,0.0,0.0,0.0,0.0,0.0,0.0,65.0
1018,MOKOENA Teboho,RSA,South Africa,Mamelodi Sundowns FC,MF,29,177,1,Teboho Mokoena,3,3,270,3.0,1,0,1,0,1,1,2,0,4,2,3,5,0.0,0.0,0.0,0.0,0.0,0.0,0.0,MF,0.33,0.0,1,0.33,1.33,0.67,50.0,1.0,1.67,72.8
1019,MBATHA Thalente,RSA,South Africa,Orlando Pirates FC,MF,26,179,1,Thalente Mbatha,4,2,260,2.9,0,0,0,0,0,0,1,0,4,1,2,5,0.0,0.0,0.0,0.0,0.0,0.0,0.0,MF,0.0,0.0,0,0.0,1.38,0.34,25.0,0.69,1.72,72.0
1020,MODIBA Aubrey,RSA,South Africa,Mamelodi Sundowns FC,DF,30,171,1,Aubrey Modiba,4,4,346,3.8,0,0,0,0,0,0,1,0,5,1,5,4,0.0,0.0,0.0,0.0,0.0,0.0,0.0,DF,0.0,0.0,0,0.0,1.32,0.26,20.0,1.32,1.05,75.7
1021,APPOLLIS Oswin,RSA,South Africa,Orlando Pirates FC,FW,24,171,1,Oswin Appollis,4,3,255,2.8,0,0,0,0,0,0,0,0,4,1,3,1,0.0,0.0,0.0,0.0,0.0,0.0,0.0,FW,0.0,0.0,0,0.0,1.43,0.36,25.0,1.07,0.36,70.5
1022,MOREMI Tshepang,RSA,South Africa,Orlando Pirates FC,FW,25,169,1,Tshepang Moremi,2,0,34,0.4,0,1,1,0,0,0,0,0,0,0,1,0,0.0,0.0,0.0,0.0,0.0,0.0,0.0,FW,0.0,2.5,1,2.5,0.0,0.0,0.0,2.5,0.0,69.6
1023,FOSTER Lyle,RSA,South Africa,Burnley FC,FW,25,185,1,Lyle Foster,1,1,55,0.6,0,0,0,0,0,0,0,0,1,0,0,0,0.0,0.0,0.0,0.0,0.0,0.0,0.0,FW,0.0,0.0,0,0.0,1.67,0.0,0.0,0.0,0.0,65.9
1024,MOFOKENG Relebohile,RSA,South Africa,Orlando Pirates FC,FW,21,168,1,Relebohile Mofokeng,3,2,169,1.9,0,0,0,0,0,0,0,0,3,1,2,0,0.0,0.0,0.0,0.0,0.0,0.0,0.0,FW,0.0,0.0,0,0.0,1.58,0.53,33.3,1.05,0.0,69.5
1025,ZWANE Themba,RSA,South Africa,Mamelodi Sundowns FC,MF,36,178,1,Themba Zwane,1,0,23,0.3,0,0,0,0,0,0,0,1,0,0,0,0,0.0,0.0,0.0,0.0,0.0,0.0,0.0,MF,0.0,0.0,0,0.0,0.0,0.0,0.0,0.0,0.0,62.4
1026,MASEKO Thapelo,RSA,South Africa,AEL Limassol,FW,22,178,1,Thapelo Maseko,3,3,242,2.7,1,0,1,1,0,0,0,0,8,1,1,2,0.0,0.0,0.0,0.0,0.0,0.0,0.0,FW,0.37,0.0,1,0.37,2.96,0.37,12.5,0.37,0.74,71.5
1027,SITHOLE Sphephelo,RSA,South Africa,CD Tondela,MF,27,197,1,Sphephelo Sithole,3,3,229,2.5,0,0,0,0,0,0,0,1,0,0,5,5,0.0,0.0,0.0,0.0,0.0,0.0,0.0,MF,0.0,0.0,0,0.0,0.0,0.0,0.0,2.0,2.0,71.8
1028,MBOKAZI Mbekezeli,RSA,South Africa,Chicago Fire FC,DF,20,177,1,Mbekezeli Mbokazi,4,4,360,4.0,0,0,0,0,0,0,0,0,4,1,5,4,0.0,0.0,0.0,0.0,0.0,0.0,0.0,DF,0.0,0.0,0,0.0,1.0,0.25,25.0,1.25,1.0,76.6
1029,RAYNERS Iqraam,RSA,South Africa,Mamelodi Sundowns FC,FW,30,174,1,Iqraam Rayners,4,2,161,1.8,0,0,0,0,0,0,0,0,1,0,0,0,0.0,0.0,0.0,0.0,0.0,0.0,0.0,FW,0.0,0.0,0,0.0,0.56,0.0,0.0,0.0,0.0,67.7
1030,CHAINE Sipho,RSA,South Africa,Orlando Pirates FC,GK,29,186,0,Not in FBref,0,0,0,0.0,0,0,0,0,0,0,0,0,0,0,0,0,0.0,0.0,0.0,0.0,0.0,0.0,0.0,GK,0.0,0.0,0,0.0,0.0,0.0,0.0,0.0,0.0,65.0
1031,MAKGOPA Evidence,RSA,South Africa,Orlando Pirates FC,FW,26,183,1,Evidence Makgopa,4,2,215,2.4,0,0,0,0,0,0,0,0,4,3,1,1,0.0,0.0,0.0,0.0,0.0,0.0,0.0,FW,0.0,0.0,0,0.0,1.67,1.25,75.0,0.42,0.42,72.3
1032,KABINI Samukele,RSA,South Africa,Molde FK,DF,22,179,0,Not in FBref,0,0,0,0.0,0,0,0,0,0,0,0,0,0,0,0,0,0.0,0.0,0.0,0.0,0.0,0.0,0.0,DF,0.0,0.0,0,0.0,0.0,0.0,0.0,0.0,0.0,65.0
1033,SIBISI Nkosinathi,RSA,South Africa,Orlando Pirates FC,DF,30,172,1,Nkosinathi Sibisi,1,1,90,1.0,0,0,0,0,0,0,1,0,0,0,0,1,0.0,0.0,0.0,0.0,0.0,0.0,0.0,DF,0.0,0.0,0,0.0,0.0,0.0,0.0,0.0,1.0,68.0
1034,MUDAU Khuliso,RSA,South Africa,Mamelodi Sundowns FC,DF,31,179,1,Khuliso Mudau,4,4,360,4.0,0,0,0,0,0,0,0,0,0,0,8,11,0.0,0.0,0.0,0.0,0.0,0.0,0.0,DF,0.0,0.0,0,0.0,0.0,0.0,0.0,2.0,2.75,82.9
1035,OKON Ime,RSA,South Africa,Hannover 96,DF,22,187,1,Ime Okon,4,4,360,4.0,0,0,0,0,0,0,0,0,1,0,2,5,0.0,0.0,0.0,0.0,0.0,0.0,0.0,DF,0.0,0.0,0,0.0,0.25,0.0,0.0,0.5,1.25,75.4
1036,GOSS Ricardo,RSA,South Africa,Siwelele FC,GK,32,181,0,Not in FBref,0,0,0,0.0,0,0,0,0,0,0,0,0,0,0,0,0,0.0,0.0,0.0,0.0,0.0,0.0,0.0,GK,0.0,0.0,0,0.0,0.0,0.0,0.0,0.0,0.0,65.0
1037,ADAMS Jayden,RSA,South Africa,Mamelodi Sundowns FC,MF,25,177,1,Jayden Adams,3,2,116,1.3,0,0,0,0,0,0,0,0,0,0,0,2,0.0,0.0,0.0,0.0,0.0,0.0,0.0,MF,0.0,0.0,0,0.0,0.0,0.0,0.0,0.0,1.54,69.2
1038,MAKHANYA Olwethu,RSA,South Africa,Philadelphia Union,DF,22,185,0,Not in FBref,0,0,0,0.0,0,0,0,0,0,0,0,0,0,0,0,0,0.0,0.0,0.0,0.0,0.0,0.0,0.0,DF,0.0,0.0,0,0.0,0.0,0.0,0.0,0.0,0.0,65.0
1039,SEBELEBELE Kamogelo,RSA,South Africa,Orlando Pirates FC,FW,23,166,1,Kamogelo Sebelebele,1,0,7,0.1,0,0,0,0,0,0,0,0,0,0,0,0,0.0,0.0,0.0,0.0,0.0,0.0,0.0,FW,0.0,0.0,0,0.0,0.0,0.0,0.0,0.0,0.0,65.1
1040,CROSS Bradley,RSA,South Africa,Kaizer Chiefs FC,DF,25,175,0,Not in FBref,0,0,0,0.0,0,0,0,0,0,0,0,0,0,0,0,0,0.0,0.0,0.0,0.0,0.0,0.0,0.0,DF,0.0,0.0,0,0.0,0.0,0.0,0.0,0.0,0.0,65.0
1041,RAYA David,ESP,Spain,Arsenal FC,GK,30,186,0,Not in FBref,0,0,0,0.0,0,0,0,0,0,0,0,0,0,0,0,0,0.0,0.0,0.0,0.0,0.0,0.0,0.0,GK,0.0,0.0,0,0.0,0.0,0.0,0.0,0.0,0.0,65.0
1042,PUBILL Marc,ESP,Spain,Atlético De Madrid,DF,22,191,1,Marc Pubill,1,0,1,0.0,0,0,0,0,0,0,0,0,0,0,0,0,0.0,0.0,0.0,0.0,0.0,0.0,0.0,DF,0.0,0.0,0,0.0,0.0,0.0,0.0,0.0,0.0,65.0
1043,GRIMALDO Alex,ESP,Spain,Bayer 04 Leverkusen,DF,30,171,0,Not in FBref,0,0,0,0.0,0,0,0,0,0,0,0,0,0,0,0,0,0.0,0.0,0.0,0.0,0.0,0.0,0.0,DF,0.0,0.0,0,0.0,0.0,0.0,0.0,0.0,0.0,65.0
1044,GARCIA Eric,ESP,Spain,FC Barcelona,DF,25,183,1,Eric García,1,0,22,0.2,0,0,0,0,0,0,0,0,0,0,0,1,0.0,0.0,0.0,0.0,0.0,0.0,0.0,DF,0.0,0.0,0,0.0,0.0,0.0,0.0,0.0,5.0,67.9
1045,LLORENTE Marcos,ESP,Spain,Atlético De Madrid,DF,31,183,1,Marcos Llorente,3,2,187,2.1,0,1,1,0,0,0,0,0,0,0,6,1,0.0,0.0,0.0,0.0,0.0,0.0,0.0,DF,0.0,0.48,1,0.48,0.0,0.0,0.0,2.86,0.48,79.0
1046,MERINO Mikel,ESP,Spain,Arsenal FC,MF,29,188,1,Mikel Merino,8,1,199,2.2,2,0,2,2,0,0,0,0,5,3,2,3,0.0,0.0,0.0,0.0,0.0,0.0,0.0,MF,0.91,0.0,2,0.91,2.27,1.36,60.0,0.91,1.36,75.4
1047,TORRES Ferran,ESP,Spain,FC Barcelona,FW,26,183,1,Ferran Torres,8,1,288,3.2,1,1,2,1,0,0,1,0,14,4,0,0,0.0,0.0,0.0,0.0,0.0,0.0,0.0,FW,0.31,0.31,2,0.62,4.38,1.25,28.6,0.0,0.0,73.0
1048,RUIZ Fabian,ESP,Spain,Paris Saint-Germain,MF,30,188,1,Fabián Ruiz Peña,8,4,321,3.6,1,0,1,1,0,0,0,0,8,2,3,4,0.0,0.0,0.0,0.0,0.0,0.0,0.0,MF,0.28,0.0,1,0.28,2.22,0.56,25.0,0.83,1.11,74.4
1049,GAVI,ESP,Spain,FC Barcelona,MF,21,173,1,Gavi,2,1,76,0.8,0,0,0,0,0,0,0,0,1,0,2,1,0.0,0.0,0.0,0.0,0.0,0.0,0.0,MF,0.0,0.0,0,0.0,1.25,0.0,0.0,2.5,1.25,70.8
1050,OLMO Dani,ESP,Spain,FC Barcelona,FW,28,179,1,Dani Olmo,8,6,491,5.5,0,2,2,0,0,0,0,0,13,2,5,1,0.0,0.0,0.0,0.0,0.0,0.0,0.0,FW,0.0,0.36,2,0.36,2.36,0.36,15.4,0.91,0.18,73.2
1051,PINO Yeremy,ESP,Spain,Crystal Palace FC,FW,23,174,1,Yéremy Pino,2,0,70,0.8,0,0,0,0,0,0,0,0,0,0,0,0,0.0,0.0,0.0,0.0,0.0,0.0,0.0,FW,0.0,0.0,0,0.0,0.0,0.0,0.0,0.0,0.0,66.2
1052,PORRO Pedro,ESP,Spain,Tottenham Hotspur FC,DF,26,173,1,Pedro Porro,6,6,563,6.3,2,0,2,2,0,0,0,0,7,3,11,8,0.0,0.0,0.0,0.0,0.0,0.0,0.0,DF,0.32,0.0,2,0.32,1.11,0.48,42.9,1.75,1.27,83.5
1053,GARCIA Joan,ESP,Spain,FC Barcelona,GK,25,194,0,Not in FBref,0,0,0,0.0,0,0,0,0,0,0,0,0,0,0,0,0,0.0,0.0,0.0,0.0,0.0,0.0,0.0,GK,0.0,0.0,0,0.0,0.0,0.0,0.0,0.0,0.0,65.0
1054,LAPORTE Aymeric,ESP,Spain,Athletic Club,DF,32,191,1,Aymeric Laporte,8,8,727,8.1,0,1,1,0,0,0,1,0,5,2,3,14,0.0,0.0,0.0,0.0,0.0,0.0,0.0,DF,0.0,0.12,1,0.12,0.62,0.25,40.0,0.37,1.73,77.7
1055,BAENA Alex,ESP,Spain,Atlético De Madrid,MF,24,172,1,Álex Baena,7,7,481,5.3,1,1,2,1,0,0,1,0,12,5,5,2,0.0,0.0,0.0,0.0,0.0,0.0,0.0,MF,0.19,0.19,2,0.38,2.26,0.94,41.7,0.94,0.38,73.7
1056,RODRI,ESP,Spain,Manchester City FC,MF,29,190,1,Rodri,8,8,724,8.0,0,0,0,0,0,0,0,0,7,0,20,3,0.0,0.0,0.0,0.0,0.0,0.0,0.0,MF,0.0,0.0,0,0.0,0.88,0.0,0.0,2.5,0.38,75.3
1057,WILLIAMS Nico,ESP,Spain,Athletic Club,FW,23,181,1,Nico Williams,6,0,113,1.3,0,1,1,0,0,0,0,0,4,2,1,1,0.0,0.0,0.0,0.0,0.0,0.0,0.0,FW,0.0,0.77,1,0.77,3.08,1.54,50.0,0.77,0.77,72.5
1058,ZUBIMENDI Martin,ESP,Spain,Arsenal FC,MF,27,181,1,Martín Zubimendi,1,0,22,0.2,0,0,0,0,0,0,0,0,0,0,0,1,0.0,0.0,0.0,0.0,0.0,0.0,0.0,MF,0.0,0.0,0,0.0,0.0,0.0,0.0,0.0,5.0,66.9
1059,YAMAL Lamine,ESP,Spain,FC Barcelona,FW,18,183,1,Lamine Yamal,8,7,614,6.8,1,0,1,1,0,0,0,0,27,12,9,2,0.0,0.0,0.0,0.0,0.0,0.0,0.0,FW,0.15,0.0,1,0.15,3.97,1.76,44.4,1.32,0.29,74.0
1060,PEDRI,ESP,Spain,FC Barcelona,MF,23,174,1,Pedri,8,5,499,5.5,0,0,0,0,0,0,1,0,5,2,8,10,0.0,0.0,0.0,0.0,0.0,0.0,0.0,MF,0.0,0.0,0,0.0,0.91,0.36,40.0,1.45,1.82,74.9
1061,OYARZABAL Mikel,ESP,Spain,Real Sociedad,FW,29,181,1,Mikel Oyarzabal,8,8,601,6.7,5,1,6,4,1,1,0,0,23,12,5,1,0.0,0.0,0.0,0.0,0.0,0.0,0.0,FW,0.75,0.15,6,0.9,3.43,1.79,52.2,0.75,0.15,77.9
1062,CUBARSI Pau,ESP,Spain,FC Barcelona,DF,19,183,1,Pau Cubarsí,8,8,750,8.3,0,0,0,0,0,0,1,0,4,2,4,4,0.0,0.0,0.0,0.0,0.0,0.0,0.0,DF,0.0,0.0,0,0.0,0.48,0.24,50.0,0.48,0.48,72.4
1063,SIMON Unai,ESP,Spain,Athletic Club,GK,29,190,1,Unai Simón,8,8,750,8.3,0,0,0,0,0,0,0,0,0,0,0,0,1.0,0.12,11.0,9.0,90.9,7.0,87.5,GK,0.0,0.0,0,0.0,0.0,0.0,0.0,0.0,0.0,90.1
1064,CUCURELLA Marc,ESP,Spain,Chelsea FC,DF,27,173,1,Marc Cucurella,8,8,750,8.3,0,2,2,0,0,0,1,0,5,3,4,7,0.0,0.0,0.0,0.0,0.0,0.0,0.0,DF,0.0,0.24,2,0.24,0.6,0.36,60.0,0.48,0.84,78.3
1065,MUNOZ Victor,ESP,Spain,CA Osasuna,FW,22,173,0,Not in FBref,0,0,0,0.0,0,0,0,0,0,0,0,0,0,0,0,0,0.0,0.0,0.0,0.0,0.0,0.0,0.0,FW,0.0,0.0,0,0.0,0.0,0.0,0.0,0.0,0.0,65.0
1066,IGLESIAS Borja,ESP,Spain,RC Celta Vigo,FW,33,187,1,Borja Iglesias,1,0,1,0.0,0,0,0,0,0,0,0,0,0,0,0,0,0.0,0.0,0.0,0.0,0.0,0.0,0.0,FW,0.0,0.0,0,0.0,0.0,0.0,0.0,0.0,0.0,65.0
1067,WIDELL ZETTERSTROM Jacob,SWE,Sweden,Derby County FC,GK,27,197,1,Jacob Widell Zetterström,2,2,180,2.0,0,0,0,0,0,0,0,0,0,0,0,0,4.0,2.0,15.0,11.0,73.3,0.0,0.0,GK,0.0,0.0,0,0.0,0.0,0.0,0.0,0.0,0.0,70.9
1068,LAGERBIELKE Gustaf,SWE,Sweden,SC Braga,DF,26,193,1,Gustaf Lagerbielke,4,4,360,4.0,0,0,0,0,0,0,0,0,3,1,5,5,0.0,0.0,0.0,0.0,0.0,0.0,0.0,DF,0.0,0.0,0,0.0,0.75,0.25,33.3,1.25,1.25,77.2
1069,LINDELOF Victor,SWE,Sweden,Aston Villa FC,DF,31,187,1,Victor Lindelöf,4,4,356,4.0,0,0,0,0,0,0,0,0,2,0,1,4,0.0,0.0,0.0,0.0,0.0,0.0,0.0,DF,0.0,0.0,0,0.0,0.5,0.0,0.0,0.25,1.0,74.1
1070,HIEN Isak,SWE,Sweden,Atalanta Bergamo,DF,27,191,1,Isak Hien,3,3,216,2.4,0,0,0,0,0,0,1,0,0,0,3,1,0.0,0.0,0.0,0.0,0.0,0.0,0.0,DF,0.0,0.0,0,0.0,0.0,0.0,0.0,1.25,0.42,71.8
1071,GUDMUNDSSON Gabriel,SWE,Sweden,Leeds United FC,DF,27,181,1,Gabriel Gudmundsson,4,4,330,3.7,0,0,0,0,0,0,1,0,0,0,3,5,0.0,0.0,0.0,0.0,0.0,0.0,0.0,DF,0.0,0.0,0,0.0,0.0,0.0,0.0,0.81,1.35,74.9
1072,JOHANSSON Herman,SWE,Sweden,FC Dallas,DF,28,190,0,Not in FBref,0,0,0,0.0,0,0,0,0,0,0,0,0,0,0,0,0,0.0,0.0,0.0,0.0,0.0,0.0,0.0,DF,0.0,0.0,0,0.0,0.0,0.0,0.0,0.0,0.0,65.0
1073,BERGVALL Lucas,SWE,Sweden,Tottenham Hotspur FC,MF,20,187,1,Lucas Bergvall,4,1,181,2.0,0,1,1,0,0,0,1,0,2,0,2,2,0.0,0.0,0.0,0.0,0.0,0.0,0.0,MF,0.0,0.5,1,0.5,1.0,0.0,0.0,1.0,1.0,72.5
1074,SVENSSON Daniel,SWE,Sweden,Borussia Dortmund,DF,24,183,1,Daniel Svensson,3,1,98,1.1,0,0,0,0,0,0,0,0,1,0,2,1,0.0,0.0,0.0,0.0,0.0,0.0,0.0,DF,0.0,0.0,0,0.0,0.91,0.0,0.0,1.82,0.91,73.5
1075,ISAK Alexander,SWE,Sweden,Liverpool FC,FW,26,190,1,Alexander Isak,4,4,357,4.0,1,3,4,1,0,0,0,0,8,6,2,0,0.0,0.0,0.0,0.0,0.0,0.0,0.0,FW,0.25,0.75,4,1.0,2.0,1.5,75.0,0.5,0.0,79.0
1076,NYGREN Benjamin,SWE,Sweden,Celtic FC,MF,24,187,1,Benjamin Nygren,4,2,130,1.4,0,0,0,0,0,0,0,0,1,0,0,0,0.0,0.0,0.0,0.0,0.0,0.0,0.0,MF,0.0,0.0,0,0.0,0.71,0.0,0.0,0.0,0.0,67.2
1077,ELANGA Anthony,SWE,Sweden,Newcastle United FC,FW,24,178,1,Anthony Elanga,4,2,217,2.4,2,0,2,2,0,0,0,0,3,3,0,2,0.0,0.0,0.0,0.0,0.0,0.0,0.0,FW,0.83,0.0,2,0.83,1.25,1.25,100.0,0.0,0.83,77.8
1078,JOHANSSON Viktor,SWE,Sweden,Stoke City FC,GK,27,187,0,Not in FBref,0,0,0,0.0,0,0,0,0,0,0,0,0,0,0,0,0,0.0,0.0,0.0,0.0,0.0,0.0,0.0,GK,0.0,0.0,0,0.0,0.0,0.0,0.0,0.0,0.0,65.0
1079,SEMA Ken,SWE,Sweden,Pafos FC,MF,32,180,1,Ken Sema,1,0,16,0.2,0,0,0,0,0,0,0,0,1,0,1,0,0.0,0.0,0.0,0.0,0.0,0.0,0.0,MF,0.0,0.0,0,0.0,5.0,0.0,0.0,5.0,0.0,66.8
1080,EKDAL Hjalmar,SWE,Sweden,Burnley FC,DF,27,187,0,Not in FBref,0,0,0,0.0,0,0,0,0,0,0,0,0,0,0,0,0,0.0,0.0,0.0,0.0,0.0,0.0,0.0,DF,0.0,0.0,0,0.0,0.0,0.0,0.0,0.0,0.0,65.0
1081,STARFELT Carl,SWE,Sweden,RC Celta Vigo,DF,31,185,1,Carl Starfelt,1,0,4,0.0,0,0,0,0,0,0,0,0,0,0,0,0,0.0,0.0,0.0,0.0,0.0,0.0,0.0,DF,0.0,0.0,0,0.0,0.0,0.0,0.0,0.0,0.0,65.1
1082,KARLSTROM Jesper,SWE,Sweden,Udinese,MF,30,182,1,Jesper Karlström,2,2,138,1.5,0,0,0,0,0,0,0,0,1,0,3,1,0.0,0.0,0.0,0.0,0.0,0.0,0.0,MF,0.0,0.0,0,0.0,0.67,0.0,0.0,2.0,0.67,71.3
1083,GYOKERES Viktor,SWE,Sweden,Arsenal FC,FW,28,189,1,Viktor Gyökeres,4,4,360,4.0,1,2,3,1,0,0,1,0,12,6,1,0,0.0,0.0,0.0,0.0,0.0,0.0,0.0,FW,0.25,0.5,3,0.75,3.0,1.5,50.0,0.25,0.0,75.8
1084,AYARI Yasin,SWE,Sweden,Brighton & Hove Albion FC,MF,22,172,1,Yasin Ayari,4,4,339,3.8,2,0,2,2,0,0,1,0,7,3,4,3,0.0,0.0,0.0,0.0,0.0,0.0,0.0,MF,0.53,0.0,2,0.53,1.84,0.79,42.9,1.05,0.79,74.5
1085,SVANBERG Mattias,SWE,Sweden,VfL Wolfsburg,MF,27,186,1,Mattias Svanberg,2,0,16,0.2,1,0,1,1,0,0,0,0,3,2,1,1,0.0,0.0,0.0,0.0,0.0,0.0,0.0,MF,5.0,0.0,1,5.0,15.0,10.0,66.7,5.0,5.0,72.3
1086,SMITH Eric,SWE,Sweden,FC St. Pauli,DF,29,192,0,Not in FBref,0,0,0,0.0,0,0,0,0,0,0,0,0,0,0,0,0,0.0,0.0,0.0,0.0,0.0,0.0,0.0,DF,0.0,0.0,0,0.0,0.0,0.0,0.0,0.0,0.0,65.0
1087,BERNHARDSSON Alexander,SWE,Sweden,Holstein Kiel,DF,27,184,1,Alexander Bernhardsson,3,3,217,2.4,0,0,0,0,0,0,0,0,1,1,2,2,0.0,0.0,0.0,0.0,0.0,0.0,0.0,DF,0.0,0.0,0,0.0,0.42,0.42,100.0,0.83,0.83,72.8
1088,ZENELI Besfort,SWE,Sweden,Royale Union Saint-Gilloise,MF,23,187,1,Besfort Zeneli,2,0,60,0.7,0,0,0,0,0,0,0,0,1,1,0,1,0.0,0.0,0.0,0.0,0.0,0.0,0.0,MF,0.0,0.0,0,0.0,1.43,1.43,100.0,0.0,1.43,67.5
1089,NORDFELDT Kristoffer,SWE,Sweden,AIK Stockholm,GK,36,190,1,Kristoffer Nordfeldt,2,2,180,2.0,0,0,0,0,0,0,0,0,0,0,0,0,6.0,3.0,9.0,3.0,33.3,0.0,0.0,GK,0.0,0.0,0,0.0,0.0,0.0,0.0,0.0,0.0,66.2
1090,STROUD Elliot,SWE,Sweden,Mjällby AIF,DF,23,185,1,Elliot Stroud,4,2,166,1.8,0,0,0,0,0,0,0,0,1,0,0,3,0.0,0.0,0.0,0.0,0.0,0.0,0.0,DF,0.0,0.0,0,0.0,0.56,0.0,0.0,0.0,1.67,71.9
1091,NILSSON Gustaf,SWE,Sweden,Club Brugge,FW,29,197,1,Gustaf Nilsson,1,0,2,0.0,0,0,0,0,0,0,0,0,1,0,0,0,0.0,0.0,0.0,0.0,0.0,0.0,0.0,FW,0.0,0.0,0,0.0,10.0,0.0,0.0,0.0,0.0,65.0
1092,ALI Taha,SWE,Sweden,Malmö FF,FW,27,174,1,Taha Ali,2,0,37,0.4,0,0,0,0,0,0,0,0,0,0,0,0,0.0,0.0,0.0,0.0,0.0,0.0,0.0,FW,0.0,0.0,0,0.0,0.0,0.0,0.0,0.0,0.0,65.6
1093,KOBEL Gregor,SUI,Switzerland,Borussia Dortmund,GK,28,196,1,Gregor Kobel,6,6,600,6.7,0,0,0,0,0,0,0,0,0,0,0,0,6.0,0.9,26.0,20.0,76.9,2.0,33.3,GK,0.0,0.0,0,0.0,0.0,0.0,0.0,0.0,0.0,81.8
1094,MUHEIM Miro,SUI,Switzerland,Hamburger SV,DF,28,182,1,Miro Muheim,3,0,87,1.0,0,0,0,0,0,0,1,0,0,0,1,2,0.0,0.0,0.0,0.0,0.0,0.0,0.0,DF,0.0,0.0,0,0.0,0.0,0.0,0.0,1.0,2.0,73.0
1095,WIDMER Silvan,SUI,Switzerland,1. FSV Mainz 05,DF,33,183,1,Silvan Widmer,5,1,175,1.9,0,0,0,0,0,0,0,0,0,0,4,1,0.0,0.0,0.0,0.0,0.0,0.0,0.0,DF,0.0,0.0,0,0.0,0.0,0.0,0.0,2.11,0.53,74.5
1096,ELVEDI Nico,SUI,Switzerland,Borussia Mönchengladbach,DF,29,189,1,Nico Elvedi,6,6,600,6.7,0,0,0,0,0,0,1,0,3,0,2,6,0.0,0.0,0.0,0.0,0.0,0.0,0.0,DF,0.0,0.0,0,0.0,0.45,0.0,0.0,0.3,0.9,73.0
1097,AKANJI Manuel,SUI,Switzerland,FC Internazionale Milano,DF,30,188,1,Manuel Akanji,6,6,600,6.7,0,0,0,0,0,0,0,0,1,1,9,6,0.0,0.0,0.0,0.0,0.0,0.0,0.0,DF,0.0,0.0,0,0.0,0.15,0.15,100.0,1.34,0.9,76.6
1098,ZAKARIA Denis,SUI,Switzerland,AS Monaco,MF,29,189,1,Denis Zakaria,4,4,357,4.0,0,0,0,0,0,0,2,0,5,2,5,9,0.0,0.0,0.0,0.0,0.0,0.0,0.0,MF,0.0,0.0,0,0.0,1.25,0.5,40.0,1.25,2.25,74.2
1099,EMBOLO Breel,SUI,Switzerland,Stade Rennais FC,FW,29,184,1,Breel Embolo,6,6,501,5.6,2,2,4,1,1,1,2,1,10,5,0,2,0.0,0.0,0.0,0.0,0.0,0.0,0.0,FW,0.36,0.36,4,0.71,1.79,0.89,50.0,0.0,0.36,71.7
1100,FREULER Remo,SUI,Switzerland,Bologna FC,MF,34,181,1,Remo Freuler,6,6,592,6.6,0,0,0,0,0,0,0,0,2,1,5,8,0.0,0.0,0.0,0.0,0.0,0.0,0.0,MF,0.0,0.0,0,0.0,0.3,0.15,50.0,0.76,1.21,74.0
1101,MANZAMBI Johan,SUI,Switzerland,SC Freiburg,MF,20,182,1,Johan Manzambi,4,2,199,2.2,3,2,5,3,0,0,0,0,6,3,0,0,0.0,0.0,0.0,0.0,0.0,0.0,0.0,MF,1.36,0.91,5,2.27,2.73,1.36,50.0,0.0,0.0,78.3
1102,XHAKA Granit,SUI,Switzerland,Sunderland AFC,MF,33,183,1,Granit Xhaka,6,6,600,6.7,1,0,1,0,1,1,2,0,9,2,4,4,0.0,0.0,0.0,0.0,0.0,0.0,0.0,MF,0.15,0.0,1,0.15,1.34,0.3,22.2,0.6,0.6,71.4
1103,NDOYE Dan,SUI,Switzerland,Nottingham Forest FC,FW,25,184,1,Dan Ndoye,6,5,406,4.5,2,0,2,2,0,0,0,0,16,8,5,4,0.0,0.0,0.0,0.0,0.0,0.0,0.0,FW,0.44,0.0,2,0.44,3.56,1.78,50.0,1.11,0.89,75.7
1104,MVOGO Yvon,SUI,Switzerland,FC Lorient,GK,32,190,0,Not in FBref,0,0,0,0.0,0,0,0,0,0,0,0,0,0,0,0,0,0.0,0.0,0.0,0.0,0.0,0.0,0.0,GK,0.0,0.0,0,0.0,0.0,0.0,0.0,0.0,0.0,65.0
1105,RODRIGUEZ Ricardo,SUI,Switzerland,Real Betis,DF,33,182,1,Ricardo Rodríguez,6,6,517,5.7,0,1,1,0,0,0,0,0,1,0,7,4,0.0,0.0,0.0,0.0,0.0,0.0,0.0,DF,0.0,0.18,1,0.18,0.18,0.0,0.0,1.23,0.7,78.3
1106,JASHARI Ardon,SUI,Switzerland,AC Milan,MF,23,181,1,Ardon Jashari,3,1,72,0.8,0,0,0,0,0,0,0,0,2,0,0,0,0.0,0.0,0.0,0.0,0.0,0.0,0.0,MF,0.0,0.0,0,0.0,2.5,0.0,0.0,0.0,0.0,66.2
1107,SOW Djibril,SUI,Switzerland,Sevilla FC,MF,29,183,1,Djibril Sow,4,2,253,2.8,0,0,0,0,0,0,0,0,2,1,1,2,0.0,0.0,0.0,0.0,0.0,0.0,0.0,MF,0.0,0.0,0,0.0,0.71,0.36,50.0,0.36,0.71,70.8
1108,FASSNACHT Christian,SUI,Switzerland,BSC Young Boys,FW,32,185,1,Christian Fassnacht,1,0,6,0.1,0,0,0,0,0,0,0,0,0,0,1,0,0.0,0.0,0.0,0.0,0.0,0.0,0.0,FW,0.0,0.0,0,0.0,0.0,0.0,0.0,10.0,0.0,65.1
1109,VARGAS Ruben,SUI,Switzerland,Sevilla FC,FW,27,179,1,Ruben Vargas,6,3,284,3.2,2,1,3,2,0,0,0,0,6,4,2,2,0.0,0.0,0.0,0.0,0.0,0.0,0.0,FW,0.62,0.31,3,0.94,1.88,1.25,66.7,0.62,0.62,77.4
1110,COEMERT Eray,SUI,Switzerland,Valencia CF,DF,28,183,1,Eray Cömert,1,0,31,0.3,0,0,0,0,0,0,0,0,0,0,0,0,0.0,0.0,0.0,0.0,0.0,0.0,0.0,DF,0.0,0.0,0,0.0,0.0,0.0,0.0,0.0,0.0,65.5
1111,OKAFOR Noah,SUI,Switzerland,Leeds United FC,FW,26,185,1,Noah Okafor,1,0,20,0.2,0,0,0,0,0,0,0,0,1,0,1,0,0.0,0.0,0.0,0.0,0.0,0.0,0.0,FW,0.0,0.0,0,0.0,5.0,0.0,0.0,5.0,0.0,65.3
1112,AEBISCHER Michel,SUI,Switzerland,Pisa SC,MF,29,183,1,Michel Aebischer,4,2,156,1.7,0,0,0,0,0,0,0,0,2,1,1,0,0.0,0.0,0.0,0.0,0.0,0.0,0.0,MF,0.0,0.0,0,0.0,1.18,0.59,50.0,0.59,0.0,68.5
1113,KELLER Marvin,SUI,Switzerland,BSC Young Boys,GK,23,189,0,Not in FBref,0,0,0,0.0,0,0,0,0,0,0,0,0,0,0,0,0,0.0,0.0,0.0,0.0,0.0,0.0,0.0,GK,0.0,0.0,0,0.0,0.0,0.0,0.0,0.0,0.0,65.0
1114,RIEDER Fabian,SUI,Switzerland,FC Augsburg,MF,24,181,1,Fabian Rieder,5,3,302,3.4,0,0,0,0,0,0,0,0,7,2,3,1,0.0,0.0,0.0,0.0,0.0,0.0,0.0,MF,0.0,0.0,0,0.0,2.06,0.59,28.6,0.88,0.29,71.8
1115,AMDOUNI Zeki,SUI,Switzerland,Burnley FC,FW,25,183,1,Zeki Amdouni,4,0,73,0.8,0,0,0,0,0,0,0,0,1,0,1,0,0.0,0.0,0.0,0.0,0.0,0.0,0.0,FW,0.0,0.0,0,0.0,1.25,0.0,0.0,1.25,0.0,66.2
1116,AMENDA Aurele,SUI,Switzerland,Eintracht Frankfurt,DF,22,194,0,Not in FBref,0,0,0,0.0,0,0,0,0,0,0,0,0,0,0,0,0,0.0,0.0,0.0,0.0,0.0,0.0,0.0,DF,0.0,0.0,0,0.0,0.0,0.0,0.0,0.0,0.0,65.0
1117,JAQUEZ Luca,SUI,Switzerland,VfB Stuttgart,DF,23,187,1,Luca Jaquez,2,1,78,0.9,0,0,0,0,0,0,0,0,0,0,0,1,0.0,0.0,0.0,0.0,0.0,0.0,0.0,DF,0.0,0.0,0,0.0,0.0,0.0,0.0,0.0,1.11,68.8
1118,ITTEN Cedric,SUI,Switzerland,Fortuna Düsseldorf,FW,29,190,1,Cedric Itten,3,0,42,0.5,0,0,0,0,0,0,0,0,0,0,0,0,0.0,0.0,0.0,0.0,0.0,0.0,0.0,FW,0.0,0.0,0,0.0,0.0,0.0,0.0,0.0,0.0,65.7
1119,CHAMAKH Mouhib,TUN,Tunisia,Club Africain,GK,24,189,1,Mouhib Chamakh,1,1,90,1.0,0,0,0,0,0,0,0,0,0,0,0,0,5.0,5.0,6.0,1.0,16.7,0.0,0.0,GK,0.0,0.0,0,0.0,0.0,0.0,0.0,0.0,0.0,60.3
1120,ABDI Ali,TUN,Tunisia,OGC Nice,DF,32,177,1,Ali Abdi,3,3,269,3.0,0,0,0,0,0,0,0,0,1,0,8,4,0.0,0.0,0.0,0.0,0.0,0.0,0.0,DF,0.0,0.0,0,0.0,0.33,0.0,0.0,2.67,1.33,79.5
1121,TALBI Montassar,TUN,Tunisia,FC Lorient,DF,28,190,1,Montassar Talbi,3,3,270,3.0,0,0,0,0,0,0,0,0,1,0,2,5,0.0,0.0,0.0,0.0,0.0,0.0,0.0,DF,0.0,0.0,0,0.0,0.33,0.0,0.0,0.67,1.67,75.3
1122,REKIK Omar,TUN,Tunisia,NK Maribor,DF,24,188,1,Omar Rekik,2,2,180,2.0,1,0,1,1,0,0,0,0,1,1,2,3,0.0,0.0,0.0,0.0,0.0,0.0,0.0,DF,0.5,0.0,1,0.5,0.5,0.5,100.0,1.0,1.5,76.8
1123,AROUS Adam,TUN,Tunisia,Kasımpaşa SK,DF,21,188,0,Not in FBref,0,0,0,0.0,0,0,0,0,0,0,0,0,0,0,0,0,0.0,0.0,0.0,0.0,0.0,0.0,0.0,DF,0.0,0.0,0,0.0,0.0,0.0,0.0,0.0,0.0,65.0
1124,BRONN Dylan,TUN,Tunisia,Servette FC,DF,30,186,1,Dylan Bronn,1,1,45,0.5,0,0,0,0,0,0,0,0,0,0,0,1,0.0,0.0,0.0,0.0,0.0,0.0,0.0,DF,0.0,0.0,0,0.0,0.0,0.0,0.0,0.0,2.0,68.2
1125,ACHOURI Elias,TUN,Tunisia,FC København,FW,27,187,1,Elias Achouri,3,0,43,0.5,0,0,0,0,0,0,0,0,3,1,2,0,0.0,0.0,0.0,0.0,0.0,0.0,0.0,FW,0.0,0.0,0,0.0,6.0,2.0,33.3,4.0,0.0,67.4
1126,SAAD Elias,TUN,Tunisia,Hannover 96,FW,26,185,1,Elias Saad,2,2,116,1.3,0,0,0,0,0,0,0,0,1,0,1,0,0.0,0.0,0.0,0.0,0.0,0.0,0.0,FW,0.0,0.0,0,0.0,0.77,0.0,0.0,0.77,0.0,66.9
1127,MASTOURI Hazem,TUN,Tunisia,FC Dynamo Makhachkala,FW,28,191,1,Hazem Mastouri,1,1,89,1.0,1,0,1,1,0,0,0,0,3,2,0,1,0.0,0.0,0.0,0.0,0.0,0.0,0.0,FW,1.0,0.0,1,1.0,3.0,2.0,66.7,0.0,1.0,74.8
1128,MEJBRI Hannibal,TUN,Tunisia,Burnley FC,MF,23,177,1,Hannibal Mejbri,3,3,270,3.0,0,2,2,0,0,0,0,0,3,1,4,1,0.0,0.0,0.0,0.0,0.0,0.0,0.0,MF,0.0,0.67,2,0.67,1.0,0.33,33.3,1.33,0.33,75.3
1129,GHARBI Ismael,TUN,Tunisia,FC Augsburg,MF,22,180,1,Ismaël Gharbi,3,1,127,1.4,0,0,0,0,0,0,0,0,3,0,1,1,0.0,0.0,0.0,0.0,0.0,0.0,0.0,MF,0.0,0.0,0,0.0,2.14,0.0,0.0,0.71,0.71,69.3
1130,BEN OUANES Mortadha,TUN,Tunisia,Kasımpaşa SK,DF,31,188,1,Mortadha Ben Ouanes,1,0,23,0.3,0,0,0,0,0,0,0,0,0,0,0,0,0.0,0.0,0.0,0.0,0.0,0.0,0.0,DF,0.0,0.0,0,0.0,0.0,0.0,0.0,0.0,0.0,65.4
1131,KHEDIRA Rani,TUN,Tunisia,1. FC Union Berlin,MF,32,188,1,Rani Khedira,3,2,149,1.7,0,0,0,0,0,0,1,0,1,0,1,2,0.0,0.0,0.0,0.0,0.0,0.0,0.0,MF,0.0,0.0,0,0.0,0.59,0.0,0.0,0.59,1.18,69.1
1132,AYARI Khalil,TUN,Tunisia,Paris Saint-Germain,MF,21,174,0,Not in FBref,0,0,0,0.0,0,0,0,0,0,0,0,0,0,0,0,0,0.0,0.0,0.0,0.0,0.0,0.0,0.0,MF,0.0,0.0,0,0.0,0.0,0.0,0.0,0.0,0.0,65.0
1133,HADJ MAHMOUD Mohamed,TUN,Tunisia,FC Lugano,MF,26,179,1,Hadj Mahmoud,2,0,43,0.5,0,0,0,0,0,0,0,0,0,0,2,0,0.0,0.0,0.0,0.0,0.0,0.0,0.0,MF,0.0,0.0,0,0.0,0.0,0.0,0.0,4.0,0.0,68.7
1134,DAHMEN Aymen,TUN,Tunisia,CS Sfaxien,GK,29,188,1,Aymen Dahmen,2,2,180,2.0,0,0,0,0,0,0,0,0,0,0,0,0,7.0,3.5,12.0,5.0,41.7,0.0,0.0,GK,0.0,0.0,0,0.0,0.0,0.0,0.0,0.0,0.0,66.1
1135,SKHIRI Ellyes,TUN,Tunisia,Eintracht Frankfurt,MF,31,185,1,Ellyes Skhiri,3,3,250,2.8,0,0,0,0,0,0,0,0,0,0,1,2,0.0,0.0,0.0,0.0,0.0,0.0,0.0,MF,0.0,0.0,0,0.0,0.0,0.0,0.0,0.36,0.71,70.8
1136,ELLOUMI Rayan,TUN,Tunisia,Vancouver Whitecaps FC,FW,18,180,0,Not in FBref,0,0,0,0.0,0,0,0,0,0,0,0,0,0,0,0,0,0.0,0.0,0.0,0.0,0.0,0.0,0.0,FW,0.0,0.0,0,0.0,0.0,0.0,0.0,0.0,0.0,65.0
1137,CHAOUAT Firas,TUN,Tunisia,Club Africain,FW,30,185,1,Firas Chaouat,3,0,49,0.5,0,0,0,0,0,0,0,0,0,0,0,0,0.0,0.0,0.0,0.0,0.0,0.0,0.0,FW,0.0,0.0,0,0.0,0.0,0.0,0.0,0.0,0.0,65.8
1138,VALERY Yan,TUN,Tunisia,BSC Young Boys,DF,27,181,1,Yan Valery,3,3,251,2.8,0,0,0,0,0,0,0,0,0,0,1,4,0.0,0.0,0.0,0.0,0.0,0.0,0.0,DF,0.0,0.0,0,0.0,0.0,0.0,0.0,0.36,1.43,73.6
1139,BEN HMIDA Mohamed Amine,TUN,Tunisia,Espérance De Tunisie,DF,30,181,1,Mohamed Amine Ben Hamida,3,2,202,2.2,0,0,0,0,0,0,0,0,0,0,9,1,0.0,0.0,0.0,0.0,0.0,0.0,0.0,DF,0.0,0.0,0,0.0,0.0,0.0,0.0,4.09,0.45,79.5
1140,BEN HESSEN Sabri,TUN,Tunisia,Étoile Du Sahel,GK,29,189,1,Mohamed Amine Ben Hamida,3,2,202,2.2,0,0,0,0,0,0,0,0,0,0,9,1,0.0,0.0,0.0,0.0,0.0,0.0,0.0,GK,0.0,0.0,0,0.0,0.0,0.0,0.0,4.09,0.45,68.4
1141,NEFFATI Moutaz,TUN,Tunisia,IFK Norrköping FK,DF,21,182,0,Not in FBref,0,0,0,0.0,0,0,0,0,0,0,0,0,0,0,0,0,0.0,0.0,0.0,0.0,0.0,0.0,0.0,DF,0.0,0.0,0,0.0,0.0,0.0,0.0,0.0,0.0,65.0
1142,CHIKHAOUI Raed,TUN,Tunisia,US Monastir,DF,22,191,0,Not in FBref,0,0,0,0.0,0,0,0,0,0,0,0,0,0,0,0,0,0.0,0.0,0.0,0.0,0.0,0.0,0.0,DF,0.0,0.0,0,0.0,0.0,0.0,0.0,0.0,0.0,65.0
1143,SLIMANE Anis,TUN,Tunisia,Norwich City FC,MF,25,188,1,Anis Ben Slimane,3,3,240,2.7,0,0,0,0,0,0,0,0,1,1,2,2,0.0,0.0,0.0,0.0,0.0,0.0,0.0,MF,0.0,0.0,0,0.0,0.37,0.37,100.0,0.74,0.74,71.2
1144,TOUNEKTI Sebastian,TUN,Tunisia,Celtic FC,MF,23,182,1,Sebastian Tounekti,3,1,84,0.9,0,0,0,0,0,0,0,0,0,0,0,0,0.0,0.0,0.0,0.0,0.0,0.0,0.0,MF,0.0,0.0,0,0.0,0.0,0.0,0.0,0.0,0.0,66.4
1145,GUNOK Mert,TUR,Türkiye,Fenerbahçe SK,GK,37,196,0,Not in FBref,0,0,0,0.0,0,0,0,0,0,0,0,0,0,0,0,0,0.0,0.0,0.0,0.0,0.0,0.0,0.0,GK,0.0,0.0,0,0.0,0.0,0.0,0.0,0.0,0.0,65.0
1146,CELIK Zeki,TUR,Türkiye,AS Roma,DF,29,180,1,Zeki Çelik,2,2,163,1.8,0,0,0,0,0,0,0,0,1,1,3,1,0.0,0.0,0.0,0.0,0.0,0.0,0.0,DF,0.0,0.0,0,0.0,0.56,0.56,100.0,1.67,0.56,73.3
1147,DEMIRAL Merih,TUR,Türkiye,Al Ahli FC,DF,28,190,1,Merih Demiral,2,2,180,2.0,0,0,0,0,0,0,0,0,6,2,1,1,0.0,0.0,0.0,0.0,0.0,0.0,0.0,DF,0.0,0.0,0,0.0,3.0,1.0,33.3,0.5,0.5,70.5
1148,SOYUNCU Caglar,TUR,Türkiye,Fenerbahçe SK,DF,30,185,1,Çağlar Söyüncü,1,0,7,0.1,0,0,0,0,0,0,0,0,0,0,0,0,0.0,0.0,0.0,0.0,0.0,0.0,0.0,DF,0.0,0.0,0,0.0,0.0,0.0,0.0,0.0,0.0,65.1
1149,OZCAN Salih,TUR,Türkiye,Borussia Dortmund,MF,28,182,1,Salih Özcan,2,1,100,1.1,0,0,0,0,0,0,0,0,0,0,1,4,0.0,0.0,0.0,0.0,0.0,0.0,0.0,MF,0.0,0.0,0,0.0,0.0,0.0,0.0,0.91,3.64,73.5
1150,KOKCU Orkun,TUR,Türkiye,Beşiktaş JK,MF,25,175,1,Orkun Kökçü,3,2,153,1.7,0,1,1,0,0,0,0,0,3,0,1,0,0.0,0.0,0.0,0.0,0.0,0.0,0.0,MF,0.0,0.59,1,0.59,1.76,0.0,0.0,0.59,0.0,71.4
1151,AKTURKOGLU Kerem,TUR,Türkiye,Fenerbahçe SK,FW,27,172,1,Kerem Aktürkoğlu,2,2,129,1.4,0,0,0,0,0,0,0,0,3,1,1,0,0.0,0.0,0.0,0.0,0.0,0.0,0.0,FW,0.0,0.0,0,0.0,2.14,0.71,33.3,0.71,0.0,68.8
1152,GULER Arda,TUR,Türkiye,Real Madrid C. F.,FW,21,175,1,Arda Güler,3,3,270,3.0,1,0,1,1,0,0,0,0,12,4,3,2,0.0,0.0,0.0,0.0,0.0,0.0,0.0,FW,0.33,0.0,1,0.33,4.0,1.33,33.3,1.0,0.67,72.8
1153,GUL Deniz,TUR,Türkiye,FC Porto,FW,21,192,1,Deniz Gül,2,0,37,0.4,0,0,0,0,0,0,0,0,2,1,0,0,0.0,0.0,0.0,0.0,0.0,0.0,0.0,FW,0.0,0.0,0,0.0,5.0,2.5,50.0,0.0,0.0,68.1
1154,CALHANOGLU Hakan,TUR,Türkiye,FC Internazionale Milano,MF,32,178,1,Hakan Çalhanoğlu,2,2,180,2.0,0,0,0,0,0,0,0,0,11,2,3,1,0.0,0.0,0.0,0.0,0.0,0.0,0.0,MF,0.0,0.0,0,0.0,5.5,1.0,18.2,1.5,0.5,71.0
1155,YILDIZ Kenan,TUR,Türkiye,Juventus FC,FW,21,187,1,Kenan Yıldız,3,2,218,2.4,0,0,0,0,0,0,0,0,14,1,2,1,0.0,0.0,0.0,0.0,0.0,0.0,0.0,FW,0.0,0.0,0,0.0,5.83,0.42,7.1,0.83,0.42,69.0
1156,BAYINDIR Altay,TUR,Türkiye,Manchester United FC,GK,28,198,0,Not in FBref,0,0,0,0.0,0,0,0,0,0,0,0,0,0,0,0,0,0.0,0.0,0.0,0.0,0.0,0.0,0.0,GK,0.0,0.0,0,0.0,0.0,0.0,0.0,0.0,0.0,65.0
1157,ELMALI Eren,TUR,Türkiye,Galatasaray SK,DF,25,181,1,Eren Elmalı,2,1,111,1.2,0,0,0,0,0,0,1,0,0,0,1,2,0.0,0.0,0.0,0.0,0.0,0.0,0.0,DF,0.0,0.0,0,0.0,0.0,0.0,0.0,0.83,1.67,72.1
1158,BARDAKCI Abdulkerim,TUR,Türkiye,Galatasaray SK,DF,31,185,1,Abdülkerim Bardakcı,3,3,265,2.9,0,0,0,0,0,0,0,0,3,1,5,2,0.0,0.0,0.0,0.0,0.0,0.0,0.0,DF,0.0,0.0,0,0.0,1.03,0.34,33.3,1.72,0.69,75.5
1159,KABAK Ozan,TUR,Türkiye,TSG Hoffenheim,DF,26,187,1,Ozan Kabak,1,1,90,1.0,0,0,0,0,0,0,0,0,0,0,2,0,0.0,0.0,0.0,0.0,0.0,0.0,0.0,DF,0.0,0.0,0,0.0,0.0,0.0,0.0,2.0,0.0,71.5
1160,YUKSEK Ismail,TUR,Türkiye,Fenerbahçe SK,MF,27,183,1,İsmail Yüksek,2,2,139,1.5,0,0,0,0,0,0,0,0,5,0,5,2,0.0,0.0,0.0,0.0,0.0,0.0,0.0,MF,0.0,0.0,0,0.0,3.33,0.0,0.0,3.33,1.33,74.3
1161,KAHVECI Irfan Can,TUR,Türkiye,Kasımpaşa SK,FW,30,180,1,İrfan Can Kahveci,1,0,1,0.0,0,0,0,0,0,0,0,0,0,0,1,0,0.0,0.0,0.0,0.0,0.0,0.0,0.0,FW,0.0,0.0,0,0.0,0.0,0.0,0.0,10.0,0.0,65.0
1162,MULDUR Mert,TUR,Türkiye,Fenerbahçe SK,DF,27,184,1,Mert Müldür,3,1,101,1.1,0,0,0,0,0,0,0,0,3,0,2,1,0.0,0.0,0.0,0.0,0.0,0.0,0.0,DF,0.0,0.0,0,0.0,2.73,0.0,0.0,1.82,0.91,73.5
1163,AKGUN Yunus,TUR,Türkiye,Galatasaray SK,FW,25,173,1,Yunus Akgün,2,1,88,1.0,0,0,0,0,0,0,1,0,0,0,0,0,0.0,0.0,0.0,0.0,0.0,0.0,0.0,FW,0.0,0.0,0,0.0,0.0,0.0,0.0,0.0,0.0,65.5
1164,KADIOGLU Ferdi,TUR,Türkiye,Brighton & Hove Albion FC,DF,26,174,1,Ferdi Kadioglu,2,2,159,1.8,0,0,0,0,0,0,0,0,1,0,2,1,0.0,0.0,0.0,0.0,0.0,0.0,0.0,DF,0.0,0.0,0,0.0,0.56,0.0,0.0,1.11,0.56,71.8
1165,YILMAZ Baris Alper,TUR,Türkiye,Galatasaray SK,FW,26,186,1,Barış Alper Yılmaz,3,2,179,2.0,1,1,2,1,0,0,0,0,2,1,0,0,0.0,0.0,0.0,0.0,0.0,0.0,0.0,FW,0.5,0.5,2,1.0,1.0,0.5,50.0,0.0,0.0,75.0
1166,AYHAN Kaan,TUR,Türkiye,Galatasaray SK,MF,31,185,1,Kaan Ayhan,1,0,3,0.0,1,0,1,1,0,0,0,0,1,1,0,0,0.0,0.0,0.0,0.0,0.0,0.0,0.0,MF,10.0,0.0,1,10.0,10.0,10.0,100.0,0.0,0.0,69.0
1167,CAKIR Ugurcan,TUR,Türkiye,Galatasaray SK,GK,30,191,1,Uğurcan Çakır,3,3,270,3.0,0,0,0,0,0,0,0,0,0,0,0,0,5.0,1.67,13.0,8.0,61.5,0.0,0.0,GK,0.0,0.0,0,0.0,0.0,0.0,0.0,0.0,0.0,71.9
1168,AYDIN Oguz,TUR,Türkiye,Fenerbahçe SK,FW,25,183,1,Oğuz Aydın,1,1,89,1.0,0,0,0,0,0,0,0,0,0,0,6,0,0.0,0.0,0.0,0.0,0.0,0.0,0.0,FW,0.0,0.0,0,0.0,0.0,0.0,0.0,6.0,0.0,66.5
1169,AKAYDIN Samet,TUR,Türkiye,Çaykur Rizespor,DF,32,190,0,Not in FBref,0,0,0,0.0,0,0,0,0,0,0,0,0,0,0,0,0,0.0,0.0,0.0,0.0,0.0,0.0,0.0,DF,0.0,0.0,0,0.0,0.0,0.0,0.0,0.0,0.0,65.0
1170,UZUN Can,TUR,Türkiye,Eintracht Frankfurt,FW,20,186,1,Can Uzun,2,0,38,0.4,0,1,1,0,0,0,0,0,4,1,0,0,0.0,0.0,0.0,0.0,0.0,0.0,0.0,FW,0.0,2.5,1,2.5,10.0,2.5,25.0,0.0,0.0,70.9
1171,ROCHET Sergio,URU,Uruguay,SC Internacional,GK,33,189,1,Sergio Rochet,1,0,45,0.5,0,0,0,0,0,0,0,0,0,0,0,0,0.0,0.0,0.0,0.0,0.0,0.0,0.0,GK,0.0,0.0,0,0.0,0.0,0.0,0.0,0.0,0.0,65.8
1172,GIMENEZ Jose Maria,URU,Uruguay,Atlético De Madrid,DF,31,186,0,Not in FBref,0,0,0,0.0,0,0,0,0,0,0,0,0,0,0,0,0,0.0,0.0,0.0,0.0,0.0,0.0,0.0,DF,0.0,0.0,0,0.0,0.0,0.0,0.0,0.0,0.0,65.0
1173,CACERES Sebastian,URU,Uruguay,Club América,DF,26,180,1,Sebastián Cáceres,3,3,270,3.0,0,0,0,0,0,0,0,0,3,0,1,2,0.0,0.0,0.0,0.0,0.0,0.0,0.0,DF,0.0,0.0,0,0.0,1.0,0.0,0.0,0.33,0.67,72.0
1174,ARAUJO Ronald,URU,Uruguay,FC Barcelona,DF,27,185,0,Not in FBref,0,0,0,0.0,0,0,0,0,0,0,0,0,0,0,0,0,0.0,0.0,0.0,0.0,0.0,0.0,0.0,DF,0.0,0.0,0,0.0,0.0,0.0,0.0,0.0,0.0,65.0
1175,UGARTE Manuel,URU,Uruguay,Manchester United FC,MF,25,182,1,Manuel Ugarte,3,3,184,2.0,0,0,0,0,0,0,0,0,3,1,1,3,0.0,0.0,0.0,0.0,0.0,0.0,0.0,MF,0.0,0.0,0,0.0,1.5,0.5,33.3,0.5,1.5,71.1
1176,BENTANCUR Rodrigo,URU,Uruguay,Tottenham Hotspur FC,MF,28,187,1,Rodrigo Bentancur,3,3,270,3.0,0,0,0,0,0,0,1,0,4,0,5,7,0.0,0.0,0.0,0.0,0.0,0.0,0.0,MF,0.0,0.0,0,0.0,1.33,0.0,0.0,1.67,2.33,74.5
1177,DE LA CRUZ Nicolas,URU,Uruguay,CR Flamengo,MF,29,167,1,Nicolás De La Cruz,3,0,86,1.0,0,0,0,0,0,0,1,0,4,2,1,2,0.0,0.0,0.0,0.0,0.0,0.0,0.0,MF,0.0,0.0,0,0.0,4.0,2.0,50.0,1.0,2.0,69.9
1178,VALVERDE Federico,URU,Uruguay,Real Madrid C. F.,MF,27,182,1,Federico Valverde,3,3,236,2.6,0,0,0,0,0,0,0,0,10,2,2,3,0.0,0.0,0.0,0.0,0.0,0.0,0.0,MF,0.0,0.0,0,0.0,3.85,0.77,20.0,0.77,1.15,71.8
1179,NUNEZ Darwin,URU,Uruguay,Al Hilal SC,FW,26,185,1,Darwin Núñez,3,2,156,1.7,0,0,0,0,0,0,0,0,2,0,1,2,0.0,0.0,0.0,0.0,0.0,0.0,0.0,FW,0.0,0.0,0,0.0,1.18,0.0,0.0,0.59,1.18,67.6
1180,DE ARRASCAETA Giorgian,URU,Uruguay,CR Flamengo,MF,32,177,0,Not in FBref,0,0,0,0.0,0,0,0,0,0,0,0,0,0,0,0,0,0.0,0.0,0.0,0.0,0.0,0.0,0.0,MF,0.0,0.0,0,0.0,0.0,0.0,0.0,0.0,0.0,65.0
1181,PELLISTRI Facundo,URU,Uruguay,Panathinaikos FC,FW,24,174,0,Not in FBref,0,0,0,0.0,0,0,0,0,0,0,0,0,0,0,0,0,0.0,0.0,0.0,0.0,0.0,0.0,0.0,FW,0.0,0.0,0,0.0,0.0,0.0,0.0,0.0,0.0,65.0
1182,MELE Santiago,URU,Uruguay,CF Monterrey,GK,28,185,0,Not in FBref,0,0,0,0.0,0,0,0,0,0,0,0,0,0,0,0,0,0.0,0.0,0.0,0.0,0.0,0.0,0.0,GK,0.0,0.0,0,0.0,0.0,0.0,0.0,0.0,0.0,65.0
1183,VARELA Guillermo,URU,Uruguay,CR Flamengo,DF,33,174,1,Guillermo Varela,3,3,270,3.0,0,0,0,0,0,0,1,0,2,0,1,7,0.0,0.0,0.0,0.0,0.0,0.0,0.0,DF,0.0,0.0,0,0.0,0.67,0.0,0.0,0.33,2.33,75.2
1184,CANOBBIO Agustin,URU,Uruguay,Fluminense FC,MF,27,176,1,Agustín Canobbio,3,2,224,2.5,1,0,1,1,0,0,0,1,4,1,3,2,0.0,0.0,0.0,0.0,0.0,0.0,0.0,MF,0.4,0.0,1,0.4,1.6,0.4,25.0,1.2,0.8,70.3
1185,MARTINEZ Emiliano,URU,Uruguay,SE Palmeiras,MF,26,184,0,Not in FBref,0,0,0,0.0,0,0,0,0,0,0,0,0,0,0,0,0,0.0,0.0,0.0,0.0,0.0,0.0,0.0,MF,0.0,0.0,0,0.0,0.0,0.0,0.0,0.0,0.0,65.0
1186,OLIVERA Mathias,URU,Uruguay,SSC Napoli,DF,28,174,1,Mathías Olivera,3,3,270,3.0,0,0,0,0,0,0,1,0,1,0,4,2,0.0,0.0,0.0,0.0,0.0,0.0,0.0,DF,0.0,0.0,0,0.0,0.33,0.0,0.0,1.33,0.67,73.5
1187,VINA Matias,URU,Uruguay,CA River Plate,DF,28,180,1,Matías Viña,1,1,45,0.5,0,0,0,0,0,0,0,0,0,0,0,0,0.0,0.0,0.0,0.0,0.0,0.0,0.0,DF,0.0,0.0,0,0.0,0.0,0.0,0.0,0.0,0.0,65.8
1188,RODRIGUEZ Brian,URU,Uruguay,Club América,FW,26,175,1,Brian Rodríguez,3,0,41,0.5,0,0,0,0,0,0,0,0,3,1,0,0,0.0,0.0,0.0,0.0,0.0,0.0,0.0,FW,0.0,0.0,0,0.0,6.0,2.0,33.3,0.0,0.0,67.3
1189,AGUIRRE Rodrigo,URU,Uruguay,Tigres UANL,FW,31,182,1,Rodrigo Aguirre,1,0,1,0.0,0,0,0,0,0,0,0,0,0,0,0,0,0.0,0.0,0.0,0.0,0.0,0.0,0.0,FW,0.0,0.0,0,0.0,0.0,0.0,0.0,0.0,0.0,65.0
1190,ARAUJO Maxi,URU,Uruguay,Sporting CP,MF,26,176,1,Maxi Araújo,3,3,250,2.8,2,1,3,2,0,0,0,0,4,3,0,0,0.0,0.0,0.0,0.0,0.0,0.0,0.0,MF,0.71,0.36,3,1.07,1.43,1.07,75.0,0.0,0.0,73.8
1191,VINAS Federico,URU,Uruguay,Real Oviedo,FW,27,181,1,Federico Viñas,3,2,192,2.1,0,0,0,0,0,0,0,0,6,3,2,1,0.0,0.0,0.0,0.0,0.0,0.0,0.0,FW,0.0,0.0,0,0.0,2.86,1.43,50.0,0.95,0.48,70.7
1192,PIQUEREZ Joaquin,URU,Uruguay,SE Palmeiras,MF,27,185,0,Not in FBref,0,0,0,0.0,0,0,0,0,0,0,0,0,0,0,0,0,0.0,0.0,0.0,0.0,0.0,0.0,0.0,MF,0.0,0.0,0,0.0,0.0,0.0,0.0,0.0,0.0,65.0
1193,MUSLERA Fernando,URU,Uruguay,Estudiantes LP,GK,39,190,1,Fernando Muslera,3,3,225,2.5,0,0,0,0,0,0,0,0,0,0,0,0,4.0,1.6,8.0,4.0,50.0,0.0,0.0,GK,0.0,0.0,0,0.0,0.0,0.0,0.0,0.0,0.0,70.4
1194,BUENO Santiago,URU,Uruguay,Wolverhampton Wanderers FC,DF,27,191,0,Not in FBref,0,0,0,0.0,0,0,0,0,0,0,0,0,0,0,0,0,0.0,0.0,0.0,0.0,0.0,0.0,0.0,DF,0.0,0.0,0,0.0,0.0,0.0,0.0,0.0,0.0,65.0
1195,SANABRIA Juan Manuel,URU,Uruguay,Real Salt Lake,MF,26,170,1,Juan Manuel Sanabria,3,2,204,2.3,0,0,0,0,0,0,1,0,3,0,4,1,0.0,0.0,0.0,0.0,0.0,0.0,0.0,MF,0.0,0.0,0,0.0,1.3,0.0,0.0,1.74,0.43,70.7
1196,ZALAZAR Rodrigo,URU,Uruguay,SC Braga,MF,26,175,0,Not in FBref,0,0,0,0.0,0,0,0,0,0,0,0,0,0,0,0,0,0.0,0.0,0.0,0.0,0.0,0.0,0.0,MF,0.0,0.0,0,0.0,0.0,0.0,0.0,0.0,0.0,65.0
1197,TURNER Matt,USA,USA,New England Revolution,GK,31,190,1,Matt Turner,1,1,90,1.0,0,0,0,0,0,0,0,0,0,0,0,0,3.0,3.0,3.0,0.0,0.0,0.0,0.0,GK,0.0,0.0,0,0.0,0.0,0.0,0.0,0.0,0.0,62.0
1198,DEST Sergino,USA,USA,PSV Eindhoven,DF,25,173,1,Sergiño Dest,5,4,297,3.3,0,0,0,0,0,0,0,0,3,1,1,5,0.0,0.0,0.0,0.0,0.0,0.0,0.0,DF,0.0,0.0,0,0.0,0.91,0.3,33.3,0.3,1.52,74.5
1199,RICHARDS Chris,USA,USA,Crystal Palace FC,DF,26,189,1,Chris Richards,4,4,360,4.0,0,0,0,0,0,0,1,0,1,0,3,4,0.0,0.0,0.0,0.0,0.0,0.0,0.0,DF,0.0,0.0,0,0.0,0.25,0.0,0.0,0.75,1.0,74.4
1200,ADAMS Tyler,USA,USA,AFC Bournemouth,MF,27,175,1,Tyler Adams,4,4,341,3.8,0,0,0,0,0,0,1,0,0,0,5,8,0.0,0.0,0.0,0.0,0.0,0.0,0.0,MF,0.0,0.0,0,0.0,0.0,0.0,0.0,1.32,2.11,74.8
1201,ROBINSON Antonee,USA,USA,Fulham FC,DF,28,183,1,Antonee Robinson,4,4,348,3.9,0,0,0,0,0,0,1,0,0,0,4,6,0.0,0.0,0.0,0.0,0.0,0.0,0.0,DF,0.0,0.0,0,0.0,0.0,0.0,0.0,1.03,1.54,76.2
1202,TRUSTY Auston,USA,USA,Celtic FC,DF,27,190,1,Auston Trusty,2,1,101,1.1,1,0,1,1,0,0,0,0,3,2,1,4,0.0,0.0,0.0,0.0,0.0,0.0,0.0,DF,0.91,0.0,1,0.91,2.73,1.82,66.7,0.91,3.64,80.5
1203,REYNA Giovanni,USA,USA,Borussia Mönchengladbach,MF,23,187,1,Gio Reyna,5,1,131,1.5,1,0,1,1,0,0,0,0,2,1,0,0,0.0,0.0,0.0,0.0,0.0,0.0,0.0,MF,0.67,0.0,1,0.67,1.33,0.67,50.0,0.0,0.0,69.9
1204,McKENNIE Weston,USA,USA,Juventus FC,MF,27,180,1,Weston McKennie,5,5,443,4.9,0,0,0,0,0,0,1,0,5,1,7,7,0.0,0.0,0.0,0.0,0.0,0.0,0.0,MF,0.0,0.0,0,0.0,1.02,0.2,20.0,1.43,1.43,74.3
1205,PEPI Ricardo,USA,USA,PSV Eindhoven,FW,23,185,1,Ricardo Pepi,5,2,204,2.3,0,0,0,0,0,0,0,0,5,0,1,1,0.0,0.0,0.0,0.0,0.0,0.0,0.0,FW,0.0,0.0,0,0.0,2.17,0.0,0.0,0.43,0.43,68.4
1206,PULISIC Christian,USA,USA,AC Milan,FW,27,177,1,Christian Pulisic,4,3,223,2.5,0,1,1,0,0,0,0,0,4,2,1,0,0.0,0.0,0.0,0.0,0.0,0.0,0.0,FW,0.0,0.4,1,0.4,1.6,0.8,50.0,0.4,0.0,72.8
1207,AARONSON Brenden,USA,USA,Leeds United FC,FW,25,177,1,Brenden Aaronson,1,1,76,0.8,0,0,0,0,0,0,0,0,3,1,1,0,0.0,0.0,0.0,0.0,0.0,0.0,0.0,FW,0.0,0.0,0,0.0,3.75,1.25,33.3,1.25,0.0,67.9
1208,ROBINSON Miles,USA,USA,FC Cincinnatti,DF,29,187,1,Miles Robinson,1,1,90,1.0,0,0,0,0,0,0,0,0,1,0,1,1,0.0,0.0,0.0,0.0,0.0,0.0,0.0,DF,0.0,0.0,0,0.0,1.0,0.0,0.0,1.0,1.0,71.5
1209,REAM Tim,USA,USA,Charlotte FC,DF,38,186,1,Tim Ream,4,4,360,4.0,0,0,0,0,0,0,0,0,0,0,1,6,0.0,0.0,0.0,0.0,0.0,0.0,0.0,DF,0.0,0.0,0,0.0,0.0,0.0,0.0,0.25,1.5,75.4
1210,BERHALTER Sebastian,USA,USA,Vancouver Whitecaps FC,MF,25,175,1,Sebastian Berhalter,5,1,187,2.1,1,1,2,1,0,0,1,0,3,1,0,3,0.0,0.0,0.0,0.0,0.0,0.0,0.0,MF,0.48,0.48,2,0.95,1.43,0.48,33.3,0.0,1.43,73.5
1211,ROLDAN Cristian,USA,USA,Seattle Sounders FC,MF,31,173,0,Not in FBref,0,0,0,0.0,0,0,0,0,0,0,0,0,0,0,0,0,0.0,0.0,0.0,0.0,0.0,0.0,0.0,MF,0.0,0.0,0,0.0,0.0,0.0,0.0,0.0,0.0,65.0
1212,FREEMAN Alex,USA,USA,Villarreal CF,DF,21,188,1,Alex Freeman,5,4,374,4.2,1,1,2,1,0,0,0,0,4,1,6,7,0.0,0.0,0.0,0.0,0.0,0.0,0.0,DF,0.24,0.24,2,0.48,0.95,0.24,25.0,1.43,1.67,83.7
1213,TILLMAN Malik,USA,USA,Bayer 04 Leverkusen,MF,24,187,1,Malik Tillman,5,4,356,4.0,2,1,3,2,0,0,1,0,8,4,7,5,0.0,0.0,0.0,0.0,0.0,0.0,0.0,MF,0.5,0.25,3,0.75,2.0,1.0,50.0,1.75,1.25,77.7
1214,ARFSTEN Max,USA,USA,Columbus Crew,DF,25,185,1,Max Arfsten,1,0,1,0.0,0,0,0,0,0,0,0,0,0,0,0,0,0.0,0.0,0.0,0.0,0.0,0.0,0.0,DF,0.0,0.0,0,0.0,0.0,0.0,0.0,0.0,0.0,65.0
1215,WRIGHT Haji,USA,USA,Coventry City FC,FW,28,191,1,Haji Wright,2,0,2,0.0,0,0,0,0,0,0,0,0,0,0,0,0,0.0,0.0,0.0,0.0,0.0,0.0,0.0,FW,0.0,0.0,0,0.0,0.0,0.0,0.0,0.0,0.0,65.0
1216,BALOGUN Folarin,USA,USA,AS Monaco,FW,24,179,1,Folarin Balogun,4,4,312,3.5,3,0,3,3,0,0,1,1,14,5,0,1,0.0,0.0,0.0,0.0,0.0,0.0,0.0,FW,0.86,0.0,3,0.86,4.0,1.43,35.7,0.0,0.29,72.3
1217,WEAH Timothy,USA,USA,Olympique Marseille,FW,26,183,1,Timothy Weah,2,1,76,0.8,0,0,0,0,0,0,0,0,2,0,0,0,0.0,0.0,0.0,0.0,0.0,0.0,0.0,FW,0.0,0.0,0,0.0,2.5,0.0,0.0,0.0,0.0,66.3
1218,McKENZIE Mark,USA,USA,Toulouse FC,DF,27,186,1,Mark McKenzie,1,1,90,1.0,0,0,0,0,0,0,0,0,0,0,1,1,0.0,0.0,0.0,0.0,0.0,0.0,0.0,DF,0.0,0.0,0,0.0,0.0,0.0,0.0,1.0,1.0,71.5
1219,SCALLY Joe,USA,USA,Borussia Mönchengladbach,DF,23,184,1,Joe Scally,2,1,87,1.0,0,0,0,0,0,0,0,0,0,0,1,1,0.0,0.0,0.0,0.0,0.0,0.0,0.0,DF,0.0,0.0,0,0.0,0.0,0.0,0.0,1.0,1.0,71.4
1220,FREESE Matt,USA,USA,New York City FC,GK,27,198,1,Matt Freese,4,4,360,4.0,0,0,0,0,0,0,0,0,0,0,0,0,5.0,1.25,13.0,8.0,61.5,2.0,50.0,GK,0.0,0.0,0,0.0,0.0,0.0,0.0,0.0,0.0,80.0
1221,BRADY Chris,USA,USA,Chicago Fire FC,GK,22,193,0,Not in FBref,0,0,0,0.0,0,0,0,0,0,0,0,0,0,0,0,0,0.0,0.0,0.0,0.0,0.0,0.0,0.0,GK,0.0,0.0,0,0.0,0.0,0.0,0.0,0.0,0.0,65.0
1222,ZENDEJAS Alex,USA,USA,Club América,FW,28,167,1,Alejandro Zendejas,1,0,14,0.2,0,0,0,0,0,0,0,0,1,0,1,0,0.0,0.0,0.0,0.0,0.0,0.0,0.0,FW,0.0,0.0,0,0.0,5.0,0.0,0.0,5.0,0.0,65.2
1223,YUSUPOV Utkir,UZB,Uzbekistan,PFC Navbahor Namangan,GK,35,185,1,Utkir Yusupov,1,1,90,1.0,0,0,0,0,0,0,0,0,0,0,0,0,3.0,3.0,4.0,1.0,25.0,0.0,0.0,GK,0.0,0.0,0,0.0,0.0,0.0,0.0,0.0,0.0,64.0
1224,KHUSANOV Abdukodir,UZB,Uzbekistan,Manchester City FC,DF,22,186,1,Abdukodir Khusanov,3,3,270,3.0,0,0,0,0,0,0,2,0,0,0,3,5,0.0,0.0,0.0,0.0,0.0,0.0,0.0,DF,0.0,0.0,0,0.0,0.0,0.0,0.0,1.0,1.67,74.2
1225,ALIJONOV Khojiakbar,UZB,Uzbekistan,Pakhtakor Tashkent FK,DF,29,180,1,Khojiakbar Alijonov,2,1,135,1.5,0,0,0,0,0,0,0,0,0,0,2,5,0.0,0.0,0.0,0.0,0.0,0.0,0.0,DF,0.0,0.0,0,0.0,0.0,0.0,0.0,1.33,3.33,78.9
1226,SAYFIEV Farrukh,UZB,Uzbekistan,FK Neftchi Farg'ona,DF,35,183,1,Farrukh Sayfiev,1,0,45,0.5,0,0,0,0,0,0,0,0,0,0,0,0,0.0,0.0,0.0,0.0,0.0,0.0,0.0,DF,0.0,0.0,0,0.0,0.0,0.0,0.0,0.0,0.0,65.8
1227,ASHURMATOV Rustam,UZB,Uzbekistan,Esteghlal Tehran FC,DF,29,186,1,Rustam Ashurmatov,3,3,256,2.8,0,0,0,0,0,0,0,0,0,0,2,7,0.0,0.0,0.0,0.0,0.0,0.0,0.0,DF,0.0,0.0,0,0.0,0.0,0.0,0.0,0.71,2.5,77.3
1228,MOZGOVOY Akmal,UZB,Uzbekistan,Pakhtakor Tashkent FK,MF,27,180,1,Akmal Mozgovoy,3,2,216,2.4,0,1,1,0,0,0,0,0,1,0,0,2,0.0,0.0,0.0,0.0,0.0,0.0,0.0,MF,0.0,0.42,1,0.42,0.42,0.0,0.0,0.0,0.83,71.9
1229,SHUKUROV Otabek,UZB,Uzbekistan,Baniyas Club,MF,29,183,1,Otabek Shukurov,3,3,237,2.6,0,0,0,0,0,0,0,0,2,0,2,0,0.0,0.0,0.0,0.0,0.0,0.0,0.0,MF,0.0,0.0,0,0.0,0.77,0.0,0.0,0.77,0.0,70.1
1230,ISKANDEROV Jamshid,UZB,Uzbekistan,FK Neftchi Farg'ona,MF,32,171,1,Jamshid Iskanderov,1,0,9,0.1,0,0,0,0,0,0,0,0,0,0,0,0,0.0,0.0,0.0,0.0,0.0,0.0,0.0,MF,0.0,0.0,0,0.0,0.0,0.0,0.0,0.0,0.0,65.2
1231,XAMROBEKOV Odiljon,UZB,Uzbekistan,Tractor Sazi Tabriz FC,MF,30,180,1,Odiljon Hamrobekov,2,1,77,0.9,0,0,0,0,0,0,1,0,1,0,0,0,0.0,0.0,0.0,0.0,0.0,0.0,0.0,MF,0.0,0.0,0,0.0,1.11,0.0,0.0,0.0,0.0,65.3
1232,MASHARIPOV Jaloliddin,UZB,Uzbekistan,Esteghlal Tehran FC,MF,32,174,0,Not in FBref,0,0,0,0.0,0,0,0,0,0,0,0,0,0,0,0,0,0.0,0.0,0.0,0.0,0.0,0.0,0.0,MF,0.0,0.0,0,0.0,0.0,0.0,0.0,0.0,0.0,65.0
1233,URUNOV Oston,UZB,Uzbekistan,Persepolis FC,MF,25,181,1,Oston Urunov,2,1,63,0.7,0,0,0,0,0,0,0,0,0,0,0,1,0.0,0.0,0.0,0.0,0.0,0.0,0.0,MF,0.0,0.0,0,0.0,0.0,0.0,0.0,0.0,1.43,67.6
1234,NEMATOV Abduvohid,UZB,Uzbekistan,Nasaf Qarshi FC,GK,25,182,1,Abduvohid Nematov,2,2,180,2.0,0,0,0,0,0,0,0,0,0,0,0,0,8.0,4.0,13.0,5.0,38.5,0.0,0.0,GK,0.0,0.0,0,0.0,0.0,0.0,0.0,0.0,0.0,65.1
1235,NASRULLAEV Sherzod,UZB,Uzbekistan,Pakhtakor Tashkent FK,DF,27,183,1,Sherzod Nasrullaev,3,3,180,2.0,0,0,0,0,0,0,1,0,1,1,2,2,0.0,0.0,0.0,0.0,0.0,0.0,0.0,DF,0.0,0.0,0,0.0,0.5,0.5,100.0,1.0,1.0,72.0
1236,SHOMURODOV Eldor,UZB,Uzbekistan,Başakşehir FK,FW,30,190,1,Eldor Shomurodov,3,3,269,3.0,1,0,1,1,0,0,0,0,4,2,4,0,0.0,0.0,0.0,0.0,0.0,0.0,0.0,FW,0.33,0.0,1,0.33,1.33,0.67,50.0,1.33,0.0,73.6
1237,ESHMURODOV Umar,UZB,Uzbekistan,Nasaf Qarshi FC,DF,33,185,0,Not in FBref,0,0,0,0.0,0,0,0,0,0,0,0,0,0,0,0,0,0.0,0.0,0.0,0.0,0.0,0.0,0.0,DF,0.0,0.0,0,0.0,0.0,0.0,0.0,0.0,0.0,65.0
1238,ERGASHEV Botirali,UZB,Uzbekistan,FK Neftchi Farg'ona,GK,30,189,0,Not in FBref,0,0,0,0.0,0,0,0,0,0,0,0,0,0,0,0,0,0.0,0.0,0.0,0.0,0.0,0.0,0.0,GK,0.0,0.0,0,0.0,0.0,0.0,0.0,0.0,0.0,65.0
1239,KHAMDAMOV Dostonbek,UZB,Uzbekistan,Pakhtakor Tashkent FK,MF,29,178,1,Dostonbek Khamdamov,2,1,103,1.1,0,0,0,0,0,0,0,0,2,0,4,2,0.0,0.0,0.0,0.0,0.0,0.0,0.0,MF,0.0,0.0,0,0.0,1.82,0.0,0.0,3.64,1.82,74.9
1240,ABDULLAEV Abdulla,UZB,Uzbekistan,Dibba FC,DF,28,181,1,Abdulla Abdullaev,2,2,180,2.0,0,0,0,0,0,0,0,0,0,0,2,3,0.0,0.0,0.0,0.0,0.0,0.0,0.0,DF,0.0,0.0,0,0.0,0.0,0.0,0.0,1.0,1.5,74.2
1241,GANIEV Azizjon,UZB,Uzbekistan,Al Bataeh Club,MF,28,178,1,Aziz Gʻaniyev,2,1,122,1.4,0,0,0,0,0,0,0,0,1,0,6,0,0.0,0.0,0.0,0.0,0.0,0.0,0.0,MF,0.0,0.0,0,0.0,0.71,0.0,0.0,4.29,0.0,73.0
1242,AMONOV Azizbek,UZB,Uzbekistan,FK Dinamo Samarkand,FW,28,181,1,Azizbek Amonov,1,0,14,0.2,0,0,0,0,0,0,0,0,1,0,0,0,0.0,0.0,0.0,0.0,0.0,0.0,0.0,FW,0.0,0.0,0,0.0,5.0,0.0,0.0,0.0,0.0,65.2
1243,SERGEEV Igor,UZB,Uzbekistan,Persepolis FC,FW,33,185,1,Igor Sergeev,3,0,28,0.3,0,0,0,0,0,0,0,0,0,0,0,0,0.0,0.0,0.0,0.0,0.0,0.0,0.0,FW,0.0,0.0,0,0.0,0.0,0.0,0.0,0.0,0.0,65.5
1244,FAYZULLAEV Abbosbek,UZB,Uzbekistan,Başakşehir FK,MF,22,167,1,Abbosbek Fayzullayev,3,3,220,2.4,1,0,1,1,0,0,0,0,3,2,6,1,0.0,0.0,0.0,0.0,0.0,0.0,0.0,MF,0.42,0.0,1,0.42,1.25,0.83,66.7,2.5,0.42,74.7
1245,ESANOV Sherzod,UZB,Uzbekistan,FK Buxoro,MF,23,190,1,Sherzod Esanov,1,0,1,0.0,0,0,0,0,0,0,0,0,0,0,0,1,0.0,0.0,0.0,0.0,0.0,0.0,0.0,MF,0.0,0.0,0,0.0,0.0,0.0,0.0,0.0,10.0,66.5
1246,KARIMOV Behruzjon,UZB,Uzbekistan,Surkhon FK,DF,18,172,1,Bekhruz Karimov,2,2,179,2.0,0,0,0,0,0,0,0,0,2,0,5,3,0.0,0.0,0.0,0.0,0.0,0.0,0.0,DF,0.0,0.0,0,0.0,1.0,0.0,0.0,2.5,1.5,78.0
1247,ULMASALIYEV Avazbek,UZB,Uzbekistan,OKMK FK,DF,26,187,0,Not in FBref,0,0,0,0.0,0,0,0,0,0,0,0,0,0,0,0,0,0.0,0.0,0.0,0.0,0.0,0.0,0.0,DF,0.0,0.0,0,0.0,0.0,0.0,0.0,0.0,0.0,65.0
1248,UROZOV Jakhongir,UZB,Uzbekistan,FK Dinamo Samarkand,DF,22,190,1,Jakhongir Urozov,2,1,95,1.1,0,0,0,0,0,0,0,0,0,0,0,1,0.0,0.0,0.0,0.0,0.0,0.0,0.0,DF,0.0,0.0,0,0.0,0.0,0.0,0.0,0.0,0.91,68.9
