player_id,fbref_id,player_name_x,national_team,nationality,club,position,age,height_cm,foot,matches,starts,minutes,90s,goals,assists,yellow_cards,red_cards,shots_x,shots_on_target_x,passes_completed,passes_attempted,pass_completion_pct,progressive_passes,key_passes,tackles,tackles_won_x,interceptions_x,clearances,blocks,errors,sca,gca,saves_x,save_percentage,psxg,psxg_plus_minus,sweeper_actions,crosses_stopped,distance_covered,source,fbref_name,match_type,position_standard,national_team_standard,age_standard,club_standard,matches_standard,starts_standard,minutes_standard,90s_standard,goals_standard,assists_standard,goals_assists,goals_minus_pk,penalties,penalties_attempted,yellow_cards_standard,red_cards_standard,player_name_y,shots_y,shots_on_target_y,shot_on_target_pct,shots_p90,shots_on_target_p90,goals_per_shot,goals_per_sot,tackles_won_y,interceptions_y,goals_against,ga90,shots_on_target_against,saves_y,save_pct,clean_sheets,clean_sheet_pct,pk_attempted,pk_allowed,pk_saved,pk_missed,pk_save_pct
2,,MANDI Aissa,ALG,Algeria,Lille OSC,DF,34,184,,,,,,,,,,,,,,,,,,,,,,,,,,,,,,,,FIFA World Cup 2026 roster,Aïssa Mandi,moved,DF,dz Algeria,34,1.fr Lille,4,4,360,4.0,0,0,0,0,0,0,0,0,Aïssa Mandi,0,0,,0.0,0.0,,,3,4,,,,,,,,,,,,
5,,BELAID Zineddine,ALG,Algeria,JS Kabylie,DF,27,186,,,,,,,,,,,,,,,,,,,,,,,,,,,,,,,,FIFA World Cup 2026 roster,Zineddine Belaïd,moved,DF,dz Algeria,27,1.dz JS Kabylie,2,0,25,0.3,0,0,0,0,0,0,0,0,Zineddine Belaïd,0,0,,0.0,0.0,,,0,0,,,,,,,,,,,,
6,,ZERROUKI Ramiz,ALG,Algeria,FC Twente,MF,28,183,,,,,,,,,,,,,,,,,,,,,,,,,,,,,,,,FIFA World Cup 2026 roster,Ramiz Zerrouki,moved,MF,dz Algeria,28,1.nl Twente,3,2,111,1.2,0,0,0,0,0,0,1,0,Ramiz Zerrouki,0,0,,0.0,0.0,,,1,2,,,,,,,,,,,,
7,,MAHREZ Riyad,ALG,Algeria,Al Ahli FC,FW,35,179,,,,,,,,,,,,,,,,,,,,,,,,,,,,,,,,FIFA World Cup 2026 roster,Riyad Mahrez,moved,MF,dz Algeria,35,1.sa Al-Ahli,4,3,262,2.9,2,1,3,2,0,0,0,0,Riyad Mahrez,6,3,50.0,2.06,1.03,0.33,0.67,2,1,,,,,,,,,,,,
8,,AOUAR Houssem,ALG,Algeria,Al Ittihad,MF,27,175,,,,,,,,,,,,,,,,,,,,,,,,,,,,,,,,FIFA World Cup 2026 roster,Houssem Aouar,moved,MF,dz Algeria,27,1.sa Al-Ittihad,3,2,173,1.9,0,2,2,0,0,0,0,0,Houssem Aouar,3,1,33.3,1.56,0.52,0.0,0.0,1,0,,,,,,,,,,,,
9,,GOUIRI Amine,ALG,Algeria,Olympique Marseille,FW,26,180,,,,,,,,,,,,,,,,,,,,,,,,,,,,,,,,FIFA World Cup 2026 roster,Amine Gouiri,moved,FW,dz Algeria,26,1.fr Marseille,4,3,251,2.8,1,0,1,1,0,0,0,0,Amine Gouiri,3,2,66.7,1.08,0.72,0.33,0.5,1,0,,,,,,,,,,,,
10,,CHAIBI Fares,ALG,Algeria,Eintracht Frankfurt,MF,23,183,,,,,,,,,,,,,,,,,,,,,,,,,,,,,,,,FIFA World Cup 2026 roster,Fares Chaïbi,moved,MF,dz Algeria,23,1.de Frankfurt,4,4,360,4.0,0,0,0,0,0,0,1,0,Fares Chaïbi,9,3,33.3,2.25,0.75,0.0,0.0,5,3,,,,,,,,,,,,
11,,HADJ MOUSSA Anis,ALG,Algeria,Feyenoord Rotterdam,FW,24,176,,,,,,,,,,,,,,,,,,,,,,,,,,,,,,,,FIFA World Cup 2026 roster,Anis Hadj Moussa,moved,MF,dz Algeria,24,1.nl Feyenoord,3,1,98,1.1,0,0,0,0,0,0,0,0,Anis Hadj Moussa,2,0,0.0,1.84,0.0,0.0,,0,1,,,,,,,,,,,,
12,,BENBOUALI Nadhir,ALG,Algeria,Györi ETO FC,FW,26,190,,,,,,,,,,,,,,,,,,,,,,,,,,,,,,,,FIFA World Cup 2026 roster,Nadhir Benbouali,moved,FW,dz Algeria,26,1.hu Győr,1,0,45,0.5,1,0,1,1,0,0,0,0,Nadhir Benbouali,2,2,100.0,4.0,4.0,0.5,0.5,1,0,,,,,,,,,,,,
13,,HADJAM Jaouen,ALG,Algeria,BSC Young Boys,DF,23,185,,,,,,,,,,,,,,,,,,,,,,,,,,,,,,,,FIFA World Cup 2026 roster,Jaouen Hadjam,moved,DF,dz Algeria,23,1.ch Young Boys,3,1,109,1.2,0,0,0,0,0,0,0,0,Jaouen Hadjam,1,0,0.0,0.83,0.0,0.0,,1,1,,,,,,,,,,,,
14,,BOUDAOUI Hicham,ALG,Algeria,OGC Nice,MF,26,175,,,,,,,,,,,,,,,,,,,,,,,,,,,,,,,,FIFA World Cup 2026 roster,Hicham Boudaoui,moved,MF,dz Algeria,26,1.fr Nice,3,2,128,1.4,0,0,0,0,0,0,1,0,Hicham Boudaoui,0,0,,0.0,0.0,,,1,2,,,,,,,,,,,,
15,,AIT-NOURI Rayan,ALG,Algeria,Manchester City FC,DF,25,180,,,,,,,,,,,,,,,,,,,,,,,,,,,,,,,,FIFA World Cup 2026 roster,Rayan Aït-Nouri,moved,DF,dz Algeria,25,1.eng Manchester City,4,3,284,3.2,0,0,0,0,0,0,0,0,Rayan Aït-Nouri,1,0,0.0,0.32,0.0,0.0,,13,5,,,,,,,,,,,,
16,,BENBOT Oussama,ALG,Algeria,USM Alger,GK,31,188,,,,,,,,,,,,,,,,,,,,,,,,,,,,,,,,FIFA World Cup 2026 roster,Oussama Benbot,moved,GK,dz Algeria,31,1.dz USM Alger,1,1,90,1.0,0,0,0,0,0,0,0,0,Oussama Benbot,0,0,,0.0,0.0,,,0,0,3.0,3.0,3.0,0.0,0.0,0.0,0.0,0.0,0.0,0.0,0.0,
17,,BELGHALI Rafik,ALG,Algeria,Hellas Verona FC,DF,24,180,,,,,,,,,,,,,,,,,,,,,,,,,,,,,,,,FIFA World Cup 2026 roster,Rafik Belghali,moved,DF,dz Algeria,24,1.it Hellas Verona,4,4,331,3.7,1,0,1,1,0,0,0,0,Rafik Belghali,3,1,33.3,0.82,0.27,0.33,1.0,3,1,,,,,,,,,,,,
18,,AMOURA Mohamed,ALG,Algeria,VfL Wolfsburg,FW,26,170,,,,,,,,,,,,,,,,,,,,,,,,,,,,,,,,FIFA World Cup 2026 roster,Mohamed Amoura,moved,"FW,MF",dz Algeria,26,1.de Wolfsburg,1,0,27,0.3,0,0,0,0,0,0,0,0,Mohamed Amoura,0,0,,0.0,0.0,,,0,0,,,,,,,,,,,,
19,,BENTALEB Nabil,ALG,Algeria,Lille OSC,MF,31,189,,,,,,,,,,,,,,,,,,,,,,,,,,,,,,,,FIFA World Cup 2026 roster,Nabil Bentaleb,moved,MF,dz Algeria,31,1.fr Lille,4,3,285,3.2,0,0,0,0,0,0,0,0,Nabil Bentaleb,1,0,0.0,0.32,0.0,0.0,,4,3,,,,,,,,,,,,
20,,BOULBINA Adil,ALG,Algeria,Al Duhail SC,FW,23,183,,,,,,,,,,,,,,,,,,,,,,,,,,,,,,,,FIFA World Cup 2026 roster,Adil Boulbina,moved,FW,dz Algeria,23,1.qa Al Duhail SC,2,0,19,0.2,0,0,0,0,0,0,0,0,Adil Boulbina,0,0,,0.0,0.0,,,0,0,,,,,,,,,,,,
21,,BENSEBAINI Ramy,ALG,Algeria,Borussia Dortmund,DF,31,187,,,,,,,,,,,,,,,,,,,,,,,,,,,,,,,,FIFA World Cup 2026 roster,Ramy Bensebaini,moved,DF,dz Algeria,31,1.de Dortmund,4,4,360,4.0,0,0,0,0,0,0,0,0,Ramy Bensebaini,2,0,0.0,0.5,0.0,0.0,,6,7,,,,,,,,,,,,
22,,MAZA Ibrahim,ALG,Algeria,Bayer 04 Leverkusen,MF,20,180,,,,,,,,,,,,,,,,,,,,,,,,,,,,,,,,FIFA World Cup 2026 roster,Ibrahim Maza,moved,"MF,FW",dz Algeria,20,1.de Leverkusen,4,4,351,3.9,0,0,0,0,0,0,0,0,Ibrahim Maza,11,3,27.3,2.82,0.77,0.0,0.0,2,0,,,,,,,,,,,,
23,,ZIDANE Luca,ALG,Algeria,Granada CF,GK,28,183,,,,,,,,,,,,,,,,,,,,,,,,,,,,,,,,FIFA World Cup 2026 roster,Luca Zidane,moved,GK,dz Algeria,28,2.es Granada,3,3,270,3.0,0,0,0,0,0,0,0,0,Luca Zidane,0,0,,0.0,0.0,,,0,0,6.0,2.0,14.0,8.0,57.1,0.0,0.0,0.0,0.0,0.0,0.0,
25,,GHEDJEMIS Fares,ALG,Algeria,Frosinone,FW,23,183,,,,,,,,,,,,,,,,,,,,,,,,,,,,,,,,FIFA World Cup 2026 roster,Farés Ghedjemis,moved,"FW,MF",dz Algeria,23,2.it Frosinone,1,0,1,0.0,0,0,0,0,0,0,0,0,Farés Ghedjemis,0,0,,0.0,0.0,,,0,0,,,,,,,,,,,,
26,,CHERGUI Samir,ALG,Algeria,Paris FC,DF,27,185,,,,,,,,,,,,,,,,,,,,,,,,,,,,,,,,FIFA World Cup 2026 roster,Samir Chergui,moved,DF,dz Algeria,27,1.fr Paris FC,1,0,20,0.2,0,0,0,0,0,0,0,0,Samir Chergui,0,0,,0.0,0.0,,,0,0,,,,,,,,,,,,
29,,TAGLIAFICO Nicolas,ARG,Argentina,Olympique Lyonnais,DF,33,172,,,,,,,,,,,,,,,,,,,,,,,,,,,,,,,,FIFA World Cup 2026 roster,Nicolás Tagliafico,moved,DF,ar Argentina,33,1.fr Lyon,7,5,476,5.3,0,0,0,0,0,0,0,0,Nicolás Tagliafico,0,0,,0.0,0.0,,,4,6,,,,,,,,,,,,
30,,MONTIEL Gonzalo,ARG,Argentina,CA River Plate,DF,29,175,,,,,,,,,,,,,,,,,,,,,,,,,,,,,,,,FIFA World Cup 2026 roster,Gonzalo Montiel,moved,DF,ar Argentina,29,1.ar River Plate,6,2,192,2.1,0,1,1,0,0,0,1,0,Gonzalo Montiel,1,0,0.0,0.47,0.0,0.0,,3,3,,,,,,,,,,,,
31,,PAREDES Leandro,ARG,Argentina,CA Boca Juniors,MF,31,182,,,,,,,,,,,,,,,,,,,,,,,,,,,,,,,,FIFA World Cup 2026 roster,Leandro Paredes,moved,MF,ar Argentina,31,1.ar Boca Juniors,7,4,473,5.3,0,0,0,0,0,0,2,0,Leandro Paredes,4,1,25.0,0.76,0.19,0.0,0.0,6,5,,,,,,,,,,,,
32,,MARTINEZ Lisandro,ARG,Argentina,Manchester United FC,DF,28,175,,,,,,,,,,,,,,,,,,,,,,,,,,,,,,,,FIFA World Cup 2026 roster,Lisandro Martínez,moved,DF,ar Argentina,28,1.eng Manchester Utd,7,7,624,6.9,1,1,2,1,0,0,2,0,Lisandro Martínez,4,2,50.0,0.58,0.29,0.25,0.5,7,6,,,,,,,,,,,,
33,,DE PAUL Rodrigo,ARG,Argentina,Inter Miami CF,MF,32,178,,,,,,,,,,,,,,,,,,,,,,,,,,,,,,,,FIFA World Cup 2026 roster,Rodrigo De Paul,moved,MF,ar Argentina,32,1.us Inter Miami,7,6,491,5.5,0,1,1,0,0,0,1,0,Rodrigo De Paul,2,1,50.0,0.37,0.18,0.0,0.0,4,6,,,,,,,,,,,,
34,,BARCO Valentin,ARG,Argentina,RC Strasbourg,MF,21,172,,,,,,,,,,,,,,,,,,,,,,,,,,,,,,,,FIFA World Cup 2026 roster,Valentín Barco,moved,"DF,MF",ar Argentina,21,1.fr Strasbourg,1,0,20,0.2,0,0,0,0,0,0,0,0,Valentín Barco,0,0,,0.0,0.0,,,0,0,,,,,,,,,,,,
35,,ALVAREZ Julian,ARG,Argentina,Atlético De Madrid,FW,26,170,,,,,,,,,,,,,,,,,,,,,,,,,,,,,,,,FIFA World Cup 2026 roster,Julián Álvarez,moved,FW,ar Argentina,26,1.es Atlético Madrid,8,5,602,6.7,1,0,1,1,0,0,0,0,Julián Álvarez,11,5,45.5,1.64,0.75,0.09,0.2,4,3,,,,,,,,,,,,
36,,MESSI Lionel,ARG,Argentina,Inter Miami CF,FW,38,170,,,,,,,,,,,,,,,,,,,,,,,,,,,,,,,,FIFA World Cup 2026 roster,Lionel Messi,moved,FW,ar Argentina,38,1.us Inter Miami,8,7,740,8.2,8,4,12,8,0,2,0,0,Lionel Messi,35,18,51.4,4.26,2.19,0.23,0.44,10,0,,,,,,,,,,,,
37,,LO CELSO Giovani,ARG,Argentina,Real Betis,MF,30,177,,,,,,,,,,,,,,,,,,,,,,,,,,,,,,,,FIFA World Cup 2026 roster,Giovani Lo Celso,moved,MF,ar Argentina,30,1.es Real Betis,1,1,59,0.7,1,0,1,1,0,0,0,0,Giovani Lo Celso,1,1,100.0,1.53,1.53,1.0,1.0,0,1,,,,,,,,,,,,
39,,ROMERO Cristian,ARG,Argentina,Tottenham Hotspur FC,DF,28,185,,,,,,,,,,,,,,,,,,,,,,,,,,,,,,,,FIFA World Cup 2026 roster,Cristian Romero,moved,DF,ar Argentina,28,1.eng Tottenham,7,7,608,6.8,1,0,1,1,0,0,2,0,Cristian Romero,3,1,33.3,0.44,0.15,0.33,1.0,10,11,,,,,,,,,,,,
40,,PALACIOS Exequiel,ARG,Argentina,Bayer 04 Leverkusen,MF,27,177,,,,,,,,,,,,,,,,,,,,,,,,,,,,,,,,FIFA World Cup 2026 roster,Exequiel Palacios,moved,DF,ar Argentina,27,1.de Leverkusen,1,1,90,1.0,0,0,0,0,0,0,0,0,Exequiel Palacios,0,0,,0.0,0.0,,,0,5,,,,,,,,,,,,
41,,GONZALEZ Nico,ARG,Argentina,Atlético De Madrid,MF,28,180,,,,,,,,,,,,,,,,,,,,,,,,,,,,,,,,FIFA World Cup 2026 roster,Nicolás González,manual,MF,ar Argentina,28,1.es Atlético Madrid,7,1,259,2.9,0,1,1,0,0,0,0,0,Nicolás González,7,1,14.3,2.43,0.35,0.0,0.0,3,1,,,,,,,,,,,,
42,,ALMADA Thiago,ARG,Argentina,Atlético De Madrid,FW,25,171,,,,,,,,,,,,,,,,,,,,,,,,,,,,,,,,FIFA World Cup 2026 roster,Thiago Almada,moved,MF,ar Argentina,25,1.es Atlético Madrid,5,3,241,2.7,0,0,0,0,0,0,1,0,Thiago Almada,5,2,40.0,1.87,0.75,0.0,0.0,4,0,,,,,,,,,,,,
43,,SIMEONE Giuliano,ARG,Argentina,Atlético De Madrid,FW,23,174,,,,,,,,,,,,,,,,,,,,,,,,,,,,,,,,FIFA World Cup 2026 roster,Giuliano Simeone,moved,FW,ar Argentina,23,1.es Atlético Madrid,3,2,192,2.1,0,0,0,0,0,0,0,0,Giuliano Simeone,1,0,0.0,0.47,0.0,0.0,,3,1,,,,,,,,,,,,
44,,PAZ Nico,ARG,Argentina,Como,FW,21,185,,,,,,,,,,,,,,,,,,,,,,,,,,,,,,,,FIFA World Cup 2026 roster,Nicolás Paz,manual,MF,ar Argentina,21,1.it Como,2,1,71,0.8,0,0,0,0,0,0,0,0,Nicolás Paz,1,0,0.0,1.27,0.0,0.0,,2,0,,,,,,,,,,,,
45,,OTAMENDI Nicolas,ARG,Argentina,SL Benfica,DF,38,182,,,,,,,,,,,,,,,,,,,,,,,,,,,,,,,,FIFA World Cup 2026 roster,Nicolás Otamendi,moved,DF,ar Argentina,38,1.pt Benfica,7,1,247,2.7,0,0,0,0,0,0,0,0,Nicolás Otamendi,1,0,0.0,0.36,0.0,0.0,,2,6,,,,,,,,,,,,
46,,MAC ALLISTER Alexis,ARG,Argentina,Liverpool FC,MF,27,176,,,,,,,,,,,,,,,,,,,,,,,,,,,,,,,,FIFA World Cup 2026 roster,Alexis Mac Allister,moved,MF,ar Argentina,27,1.eng Liverpool,8,7,750,8.3,1,1,2,1,0,0,1,0,Alexis Mac Allister,13,4,30.8,1.56,0.48,0.08,0.25,12,9,,,,,,,,,,,,
48,,MARTINEZ Lautaro,ARG,Argentina,FC Internazionale Milano,FW,28,175,,,,,,,,,,,,,,,,,,,,,,,,,,,,,,,,FIFA World Cup 2026 roster,Lautaro Martínez,moved,FW,ar Argentina,28,1.it Inter,7,4,310,3.4,3,1,4,2,1,1,1,0,Lautaro Martínez,10,4,40.0,2.9,1.16,0.3,0.75,1,1,,,,,,,,,,,,
49,,MARTINEZ Emiliano,ARG,Argentina,Aston Villa FC,GK,33,195,,,,,,,,,,,,,,,,,,,,,,,,,,,,,,,,FIFA World Cup 2026 roster,Emiliano Martínez,moved,GK,ar Argentina,33,1.eng Aston Villa,8,8,810,9.0,0,0,0,0,0,0,0,0,Emiliano Martínez,0,0,,0.0,0.0,,,0,0,8.0,0.89,28.0,20.0,71.4,2.0,25.0,0.0,0.0,0.0,0.0,
50,,FERNANDEZ Enzo,ARG,Argentina,Chelsea FC,MF,25,178,,,,,,,,,,,,,,,,,,,,,,,,,,,,,,,,FIFA World Cup 2026 roster,Enzo Fernández,moved,MF,ar Argentina,25,1.eng Chelsea,7,7,659,7.3,2,0,2,2,0,0,2,1,Enzo Fernández,12,4,33.3,1.64,0.55,0.17,0.5,7,6,,,,,,,,,,,,
51,,MEDINA Facundo,ARG,Argentina,Olympique Marseille,DF,27,184,,,,,,,,,,,,,,,,,,,,,,,,,,,,,,,,FIFA World Cup 2026 roster,Facundo Medina,moved,DF,ar Argentina,27,1.fr Marseille,5,3,308,3.4,0,1,1,0,0,0,1,0,Facundo Medina,0,0,,0.0,0.0,,,7,2,,,,,,,,,,,,
52,,MOLINA Nahuel,ARG,Argentina,Atlético De Madrid,DF,28,179,,,,,,,,,,,,,,,,,,,,,,,,,,,,,,,,FIFA World Cup 2026 roster,Nahuel Molina,moved,DF,ar Argentina,28,1.es Atlético Madrid,7,5,528,5.9,0,0,0,0,0,0,0,0,Nahuel Molina,1,0,0.0,0.17,0.0,0.0,,3,8,,,,,,,,,,,,
53,,RYAN Mathew,AUS,Australia,Levante UD,GK,34,184,,,,,,,,,,,,,,,,,,,,,,,,,,,,,,,,FIFA World Cup 2026 roster,Mathew Ryan,moved,GK,au Australia,34,1.es Levante,1,0,2,0.0,0,0,0,0,0,0,0,0,Mathew Ryan,0,0,,0.0,0.0,,,0,0,0.0,0.0,0.0,0.0,,0.0,,0.0,0.0,0.0,0.0,
55,,CIRCATI Alessandro,AUS,Australia,Parma,DF,22,191,,,,,,,,,,,,,,,,,,,,,,,,,,,,,,,,FIFA World Cup 2026 roster,Alessandro Circati,moved,DF,au Australia,22,1.it Parma,4,4,390,4.3,0,0,0,0,0,0,1,0,Alessandro Circati,3,0,0.0,0.69,0.0,0.0,,7,2,,,,,,,,,,,,
56,,ITALIANO Jacob,AUS,Australia,Grazer AK,DF,24,177,,,,,,,,,,,,,,,,,,,,,,,,,,,,,,,,FIFA World Cup 2026 roster,Jacob Italiano,moved,DF,au Australia,24,1.at Grazer AK,2,2,163,1.8,0,0,0,0,0,0,1,0,Jacob Italiano,1,0,0.0,0.55,0.0,0.0,,2,1,,,,,,,,,,,,
58,,GERIA Jason,AUS,Australia,Albirex Niigata,DF,33,181,,,,,,,,,,,,,,,,,,,,,,,,,,,,,,,,FIFA World Cup 2026 roster,Jason Geria,moved,DF,au Australia,33,2.jp Albirex Niigata,2,0,62,0.7,0,0,0,0,0,0,0,0,Jason Geria,0,0,,0.0,0.0,,,1,2,,,,,,,,,,,,
59,,LECKIE Mathew,AUS,Australia,Melbourne City FC,FW,35,181,,,,,,,,,,,,,,,,,,,,,,,,,,,,,,,,FIFA World Cup 2026 roster,Mathew Leckie,moved,MF,au Australia,35,1.au Melb City,1,1,60,0.7,0,0,0,0,0,0,0,0,Mathew Leckie,1,0,0.0,1.5,0.0,0.0,,0,0,,,,,,,,,,,,
60,,METCALFE Connor,AUS,Australia,FC St. Pauli,MF,26,183,,,,,,,,,,,,,,,,,,,,,,,,,,,,,,,,FIFA World Cup 2026 roster,Connor Metcalfe,moved,MF,au Australia,26,1.de St Pauli,4,3,315,3.5,1,0,1,1,0,0,0,0,Connor Metcalfe,5,2,40.0,1.43,0.57,0.2,0.5,5,2,,,,,,,,,,,,
62,,HRUSTIC Ajdin,AUS,Australia,SC Heracles Almelo,FW,29,180,,,,,,,,,,,,,,,,,,,,,,,,,,,,,,,,FIFA World Cup 2026 roster,Ajdin Hrustic,moved,MF,au Australia,29,1.nl Heracles Almelo,2,0,80,0.9,0,0,0,0,0,0,0,0,Ajdin Hrustic,3,0,0.0,3.38,0.0,0.0,,0,0,,,,,,,,,,,,
63,,MABIL Awer,AUS,Australia,CD Castellón,FW,30,178,,,,,,,,,,,,,,,,,,,,,,,,,,,,,,,,FIFA World Cup 2026 roster,Awer Mabil,moved,"FW,MF",au Australia,30,2.es Castellón,1,0,30,0.3,0,0,0,0,0,0,0,0,Awer Mabil,1,0,0.0,3.0,0.0,0.0,,0,0,,,,,,,,,,,,
65,,ONEILL Aiden,AUS,Australia,New York City FC,MF,27,180,,,,,,,,,,,,,,,,,,,,,,,,,,,,,,,,FIFA World Cup 2026 roster,Aiden O'Neill,manual,MF,au Australia,27,1.us NYCFC,4,4,360,4.0,0,0,0,0,0,0,0,0,Aiden O'Neill,2,0,0.0,0.5,0.0,0.0,,2,2,,,,,,,,,,,,
67,,TREWIN Kai,AUS,Australia,New York City FC,DF,25,183,,,,,,,,,,,,,,,,,,,,,,,,,,,,,,,,FIFA World Cup 2026 roster,Kai Trewin,moved,"DF,MF",au Australia,25,1.us NYCFC,1,0,75,0.8,0,0,0,0,0,0,0,0,Kai Trewin,1,0,0.0,1.2,0.0,0.0,,0,2,,,,,,,,,,,,
68,,BEHICH Aziz,AUS,Australia,Melbourne City FC,DF,35,170,,,,,,,,,,,,,,,,,,,,,,,,,,,,,,,,FIFA World Cup 2026 roster,Aziz Behich,moved,MF,au Australia,35,1.au Melb City,3,2,217,2.4,0,0,0,0,0,0,0,0,Aziz Behich,1,1,100.0,0.41,0.41,0.0,0.0,4,1,,,,,,,,,,,,
69,,IRANKUNDA Nestory,AUS,Australia,Watford FC,FW,20,165,,,,,,,,,,,,,,,,,,,,,,,,,,,,,,,,FIFA World Cup 2026 roster,Nestory Irankunda,moved,"FW,MF",au Australia,20,2.eng Watford,4,3,261,2.9,1,0,1,1,0,0,0,0,Nestory Irankunda,6,2,33.3,2.07,0.69,0.17,0.5,0,1,,,,,,,,,,,,
70,,BEACH Patrick,AUS,Australia,Melbourne City FC,GK,22,189,,,,,,,,,,,,,,,,,,,,,,,,,,,,,,,,FIFA World Cup 2026 roster,Patrick Beach,moved,GK,au Australia,22,1.au Melb City,4,4,388,4.3,0,0,0,0,0,0,0,0,Patrick Beach,0,0,,0.0,0.0,,,0,0,3.0,0.7,17.0,14.0,82.4,2.0,50.0,0.0,0.0,0.0,0.0,
71,,SOUTTAR Harry,AUS,Australia,Leicester City FC,DF,27,198,,,,,,,,,,,,,,,,,,,,,,,,,,,,,,,,FIFA World Cup 2026 roster,Harry Souttar,moved,DF,au Australia,27,2.eng Leicester City,4,4,390,4.3,0,0,0,0,0,0,1,0,Harry Souttar,1,1,100.0,0.23,0.23,0.0,0.0,0,4,,,,,,,,,,,,
72,,VOLPATO Cristian,AUS,Australia,US Sassuolo,FW,22,187,,,,,,,,,,,,,,,,,,,,,,,,,,,,,,,,FIFA World Cup 2026 roster,Cristian Volpato,moved,MF,au Australia,22,1.it Sassuolo,3,2,160,1.8,0,0,0,0,0,0,0,0,Cristian Volpato,4,1,25.0,2.25,0.56,0.0,0.0,1,0,,,,,,,,,,,,
73,,BURGESS Cameron,AUS,Australia,Swansea City AFC,DF,30,194,,,,,,,,,,,,,,,,,,,,,,,,,,,,,,,,FIFA World Cup 2026 roster,Cameron Burgess,moved,DF,au Australia,30,2.eng Swansea City,2,2,135,1.5,0,0,0,0,0,0,0,0,Cameron Burgess,0,0,,0.0,0.0,,,1,1,,,,,,,,,,,,
74,,IRVINE Jackson,AUS,Australia,FC St. Pauli,MF,33,189,,,,,,,,,,,,,,,,,,,,,,,,,,,,,,,,FIFA World Cup 2026 roster,Jackson Irvine,moved,MF,au Australia,33,1.de St Pauli,4,2,223,2.5,0,0,0,0,0,0,1,0,Jackson Irvine,3,1,33.3,1.21,0.4,0.0,0.0,1,1,,,,,,,,,,,,
75,,VELUPILLAY Nishan,AUS,Australia,Melbourne Victory FC,FW,25,181,,,,,,,,,,,,,,,,,,,,,,,,,,,,,,,,FIFA World Cup 2026 roster,Nishan Velupillay,moved,MF,au Australia,25,1.au Melb. Victory,2,1,75,0.8,0,0,0,0,0,0,0,0,Nishan Velupillay,0,0,,0.0,0.0,,,1,0,,,,,,,,,,,,
76,,OKON-ENGSTLER Paul,AUS,Australia,Sydney FC,MF,21,185,,,,,,,,,,,,,,,,,,,,,,,,,,,,,,,,FIFA World Cup 2026 roster,Paul Okon-Engstler,moved,MF,au Australia,21,1.au Sydney FC,4,2,197,2.2,0,1,1,0,0,0,0,0,Paul Okon-Engstler,0,0,,0.0,0.0,,,2,5,,,,,,,,,,,,
77,,HERRINGTON Lucas,AUS,Australia,Colorado Rapids,DF,18,193,,,,,,,,,,,,,,,,,,,,,,,,,,,,,,,,FIFA World Cup 2026 roster,Lucas Herrington,moved,DF,au Australia,18,1.us Colorado Rapids,2,2,210,2.3,0,0,0,0,0,0,0,0,Lucas Herrington,0,0,,0.0,0.0,,,1,2,,,,,,,,,,,,
78,,YENGI Tete,AUS,Australia,FC Machida Zelvia,FW,25,197,,,,,,,,,,,,,,,,,,,,,,,,,,,,,,,,FIFA World Cup 2026 roster,Tete Yengi,moved,FW,au Australia,25,1.jp Machida Zelvia,2,0,24,0.3,0,0,0,0,0,0,0,0,Tete Yengi,1,1,100.0,3.75,3.75,0.0,0.0,2,0,,,,,,,,,,,,
79,,SCHLAGER Alexander,AUT,Austria,FC Red Bull Salzburg,GK,30,188,,,,,,,,,,,,,,,,,,,,,,,,,,,,,,,,FIFA World Cup 2026 roster,Alexander Schlager,moved,GK,at Austria,30,1.at RB Salzburg,4,4,360,4.0,0,0,0,0,0,0,0,0,Alexander Schlager,0,0,,0.0,0.0,,,0,0,9.0,2.25,22.0,13.0,59.1,0.0,0.0,1.0,0.0,0.0,1.0,
81,,DANSO Kevin,AUT,Austria,Tottenham Hotspur FC,DF,27,190,,,,,,,,,,,,,,,,,,,,,,,,,,,,,,,,FIFA World Cup 2026 roster,Kevin Danso,moved,DF,at Austria,27,1.eng Tottenham,4,2,241,2.7,0,0,0,0,0,0,0,0,Kevin Danso,1,0,0.0,0.37,0.0,0.0,,1,0,,,,,,,,,,,,
82,,SCHLAGER Xaver,AUT,Austria,RB Leipzig,MF,28,174,,,,,,,,,,,,,,,,,,,,,,,,,,,,,,,,FIFA World Cup 2026 roster,Xaver Schlager,moved,MF,at Austria,28,1.de RB Leipzig,4,4,238,2.6,0,1,1,0,0,0,0,0,Xaver Schlager,1,0,0.0,0.38,0.0,0.0,,3,7,,,,,,,,,,,,
83,,POSCH Stefan,AUT,Austria,1. FSV Mainz 05,DF,29,188,,,,,,,,,,,,,,,,,,,,,,,,,,,,,,,,FIFA World Cup 2026 roster,Stefan Posch,moved,DF,at Austria,29,1.de Mainz 05,4,4,331,3.7,0,0,0,0,0,0,2,0,Stefan Posch,3,0,0.0,0.82,0.0,0.0,,4,10,,,,,,,,,,,,
84,,SEIWALD Nicolas,AUT,Austria,RB Leipzig,MF,25,179,,,,,,,,,,,,,,,,,,,,,,,,,,,,,,,,FIFA World Cup 2026 roster,Nicolas Seiwald,moved,MF,at Austria,25,1.de RB Leipzig,4,4,315,3.5,0,0,0,0,0,0,0,0,Nicolas Seiwald,3,0,0.0,0.86,0.0,0.0,,5,4,,,,,,,,,,,,
85,,ARNAUTOVIC Marko,AUT,Austria,FK Crvena Zvezda,FW,37,192,,,,,,,,,,,,,,,,,,,,,,,,,,,,,,,,FIFA World Cup 2026 roster,Marko Arnautović,moved,FW,at Austria,37,1.rs Red Star,4,1,144,1.6,2,0,2,1,1,1,1,0,Marko Arnautović,3,3,100.0,1.87,1.87,0.67,0.67,0,0,,,,,,,,,,,,
86,,ALABA David,AUT,Austria,Real Madrid C. F.,DF,33,180,,,,,,,,,,,,,,,,,,,,,,,,,,,,,,,,FIFA World Cup 2026 roster,David Alaba,moved,DF,at Austria,33,1.es Real Madrid,4,4,275,3.1,0,1,1,0,0,0,0,0,David Alaba,2,0,0.0,0.65,0.0,0.0,,1,4,,,,,,,,,,,,
87,,SABITZER Marcel,AUT,Austria,Borussia Dortmund,MF,32,178,,,,,,,,,,,,,,,,,,,,,,,,,,,,,,,,FIFA World Cup 2026 roster,Marcel Sabitzer,moved,MF,at Austria,32,1.de Dortmund,4,4,360,4.0,1,0,1,1,0,0,1,0,Marcel Sabitzer,5,2,40.0,1.25,0.5,0.2,0.5,2,6,,,,,,,,,,,,
88,,GRILLITSCH Florian,AUT,Austria,SC Braga,MF,30,186,,,,,,,,,,,,,,,,,,,,,,,,,,,,,,,,FIFA World Cup 2026 roster,Florian Grillitsch,moved,"DF,MF",at Austria,30,1.pt Braga,2,0,90,1.0,0,0,0,0,0,0,0,0,Florian Grillitsch,0,0,,0.0,0.0,,,1,0,,,,,,,,,,,,
89,,GREGORITSCH Michael,AUT,Austria,FC Augsburg,FW,32,193,,,,,,,,,,,,,,,,,,,,,,,,,,,,,,,,FIFA World Cup 2026 roster,Michael Gregoritsch,moved,FW,at Austria,32,1.de Augsburg,3,2,188,2.1,0,1,1,0,0,0,0,0,Michael Gregoritsch,1,0,0.0,0.48,0.0,0.0,,0,0,,,,,,,,,,,,
92,,KALAJDZIC Sasa,AUT,Austria,LASK Linz,FW,28,200,,,,,,,,,,,,,,,,,,,,,,,,,,,,,,,,FIFA World Cup 2026 roster,Saša Kalajdžić,moved,FW,at Austria,28,1.at LASK,3,1,77,0.9,1,0,1,1,0,0,0,0,Saša Kalajdžić,4,1,25.0,4.68,1.17,0.25,1.0,0,0,,,,,,,,,,,,
93,,LIENHART Philipp,AUT,Austria,SC Freiburg,DF,29,189,,,,,,,,,,,,,,,,,,,,,,,,,,,,,,,,FIFA World Cup 2026 roster,Philipp Lienhart,moved,DF,at Austria,29,1.de Freiburg,2,2,180,2.0,0,0,0,0,0,0,0,0,Philipp Lienhart,1,0,0.0,0.5,0.0,0.0,,1,1,,,,,,,,,,,,
94,,MWENE Phillip,AUT,Austria,1. FSV Mainz 05,DF,32,170,,,,,,,,,,,,,,,,,,,,,,,,,,,,,,,,FIFA World Cup 2026 roster,Phillipp Mwene,manual,DF,at Austria,32,1.de Mainz 05,2,2,147,1.6,0,0,0,0,0,0,0,0,Phillipp Mwene,1,0,0.0,0.61,0.0,0.0,,0,3,,,,,,,,,,,,
95,,CHUKWUEMEKA Carney,AUT,Austria,Borussia Dortmund,MF,22,187,,,,,,,,,,,,,,,,,,,,,,,,,,,,,,,,FIFA World Cup 2026 roster,Carney Chukwuemeka,moved,MF,at Austria,22,1.de Dortmund,3,0,83,0.9,0,0,0,0,0,0,0,0,Carney Chukwuemeka,2,1,50.0,2.17,1.08,0.0,0.0,0,0,,,,,,,,,,,,
96,,SCHMID Romano,AUT,Austria,SV Werder Bremen,MF,26,168,,,,,,,,,,,,,,,,,,,,,,,,,,,,,,,,FIFA World Cup 2026 roster,Romano Schmid,moved,"MF,FW",at Austria,26,1.de Werder Bremen,4,4,263,2.9,1,0,1,1,0,0,0,0,Romano Schmid,2,1,50.0,0.68,0.34,0.5,1.0,4,0,,,,,,,,,,,,
98,,LAIMER Konrad,AUT,Austria,FC Bayern München,MF,29,180,,,,,,,,,,,,,,,,,,,,,,,,,,,,,,,,FIFA World Cup 2026 roster,Konrad Laimer,moved,"MF,DF",at Austria,29,1.de Bayern Munich,4,4,360,4.0,0,1,1,0,0,0,1,0,Konrad Laimer,1,0,0.0,0.25,0.0,0.0,,6,2,,,,,,,,,,,,
99,,WIMMER Patrick,AUT,Austria,VfL Wolfsburg,FW,25,182,,,,,,,,,,,,,,,,,,,,,,,,,,,,,,,,FIFA World Cup 2026 roster,Patrick Wimmer,moved,"FW,MF",at Austria,25,1.de Wolfsburg,2,0,21,0.2,0,0,0,0,0,0,0,0,Patrick Wimmer,1,0,0.0,4.29,0.0,0.0,,0,2,,,,,,,,,,,,
100,,PRASS Alexander,AUT,Austria,TSG Hoffenheim,MF,25,180,,,,,,,,,,,,,,,,,,,,,,,,,,,,,,,,FIFA World Cup 2026 roster,Alexander Prass,moved,"DF,MF",at Austria,25,1.de Hoffenheim,2,0,29,0.3,0,0,0,0,0,0,0,0,Alexander Prass,0,0,,0.0,0.0,,,0,0,,,,,,,,,,,,
101,,FRIEDL Marco,AUT,Austria,SV Werder Bremen,DF,28,187,,,,,,,,,,,,,,,,,,,,,,,,,,,,,,,,FIFA World Cup 2026 roster,Marco Friedl,moved,DF,at Austria,28,1.de Werder Bremen,1,0,24,0.3,0,0,0,0,0,0,0,0,Marco Friedl,0,0,,0.0,0.0,,,0,0,,,,,,,,,,,,
102,,WANNER Paul,AUT,Austria,PSV Eindhoven,MF,20,185,,,,,,,,,,,,,,,,,,,,,,,,,,,,,,,,FIFA World Cup 2026 roster,Paul Wanner,moved,MF,at Austria,20,1.nl PSV,4,2,234,2.6,0,0,0,0,0,0,0,0,Paul Wanner,1,0,0.0,0.38,0.0,0.0,,1,2,,,,,,,,,,,,
105,,COURTOIS Thibaut,BEL,Belgium,Real Madrid C. F.,GK,34,199,,,,,,,,,,,,,,,,,,,,,,,,,,,,,,,,FIFA World Cup 2026 roster,Thibaut Courtois,moved,GK,be Belgium,34,1.es Real Madrid,6,6,550,6.1,0,0,0,0,0,0,0,0,Thibaut Courtois,0,0,,0.0,0.0,,,0,0,6.0,0.98,20.0,14.0,70.0,1.0,16.7,0.0,0.0,0.0,0.0,
107,,THEATE Arthur,BEL,Belgium,Eintracht Frankfurt,DF,26,185,,,,,,,,,,,,,,,,,,,,,,,,,,,,,,,,FIFA World Cup 2026 roster,Arthur Theate,moved,DF,be Belgium,26,1.de Frankfurt,3,2,228,2.5,0,0,0,0,0,0,0,0,Arthur Theate,5,1,20.0,1.97,0.39,0.0,0.0,0,3,,,,,,,,,,,,
108,,MECHELE Brandon,BEL,Belgium,Club Brugge,DF,33,190,,,,,,,,,,,,,,,,,,,,,,,,,,,,,,,,FIFA World Cup 2026 roster,Brandon Mechele,moved,DF,be Belgium,33,1.be Club Brugge,6,6,570,6.3,0,0,0,0,0,0,1,0,Brandon Mechele,5,1,20.0,0.79,0.16,0.0,0.0,4,4,,,,,,,,,,,,
109,,DE CUYPER Maxim,BEL,Belgium,Brighton & Hove Albion FC,DF,25,182,,,,,,,,,,,,,,,,,,,,,,,,,,,,,,,,FIFA World Cup 2026 roster,Maxim De Cuyper,moved,DF,be Belgium,25,1.eng Brighton,6,5,442,4.9,0,0,0,0,0,0,1,0,Maxim De Cuyper,10,6,60.0,2.04,1.22,0.0,0.0,2,6,,,,,,,,,,,,
110,,WITSEL Axel,BEL,Belgium,Girona FC,MF,37,186,,,,,,,,,,,,,,,,,,,,,,,,,,,,,,,,FIFA World Cup 2026 roster,Axel Witsel,moved,"DF,MF",be Belgium,37,1.es Girona,2,0,33,0.4,0,0,0,0,0,0,1,0,Axel Witsel,0,0,,0.0,0.0,,,0,0,,,,,,,,,,,,
111,,DE BRUYNE Kevin,BEL,Belgium,SSC Napoli,MF,34,181,,,,,,,,,,,,,,,,,,,,,,,,,,,,,,,,FIFA World Cup 2026 roster,Kevin De Bruyne,moved,MF,be Belgium,34,1.it Napoli,5,5,382,4.2,1,0,1,1,0,0,1,0,Kevin De Bruyne,20,5,25.0,4.71,1.18,0.05,0.2,2,0,,,,,,,,,,,,
112,,TIELEMANS Youri,BEL,Belgium,Aston Villa FC,MF,29,176,,,,,,,,,,,,,,,,,,,,,,,,,,,,,,,,FIFA World Cup 2026 roster,Youri Tielemans,moved,MF,be Belgium,29,1.eng Aston Villa,5,5,474,5.3,2,0,2,1,1,1,0,0,Youri Tielemans,11,3,27.3,2.09,0.57,0.18,0.67,6,2,,,,,,,,,,,,
113,,LUKAKU Romelu,BEL,Belgium,SSC Napoli,FW,33,190,,,,,,,,,,,,,,,,,,,,,,,,,,,,,,,,FIFA World Cup 2026 roster,Romelu Lukaku,moved,FW,be Belgium,33,1.it Napoli,6,1,233,2.6,3,1,4,3,0,0,1,0,Romelu Lukaku,6,3,50.0,2.32,1.16,0.5,1.0,0,0,,,,,,,,,,,,
114,,TROSSARD Leandro,BEL,Belgium,Arsenal FC,FW,31,172,,,,,,,,,,,,,,,,,,,,,,,,,,,,,,,,FIFA World Cup 2026 roster,Leandro Trossard,moved,"MF,FW",be Belgium,31,1.eng Arsenal,6,6,506,5.6,2,2,4,2,0,0,0,0,Leandro Trossard,17,3,17.6,3.02,0.53,0.12,0.67,1,4,,,,,,,,,,,,
115,,DOKU Jeremy,BEL,Belgium,Manchester City FC,FW,24,173,,,,,,,,,,,,,,,,,,,,,,,,,,,,,,,,FIFA World Cup 2026 roster,Jeremy Doku,moved,MF,be Belgium,24,1.eng Manchester City,5,4,309,3.4,0,0,0,0,0,0,0,0,Jeremy Doku,3,1,33.3,0.87,0.29,0.0,0.0,1,3,,,,,,,,,,,,
116,,LAMMENS Senne,BEL,Belgium,Manchester United FC,GK,23,193,,,,,,,,,,,,,,,,,,,,,,,,,,,,,,,,FIFA World Cup 2026 roster,Senne Lammens,moved,GK,be Belgium,23,1.eng Manchester Utd,1,0,20,0.2,0,0,0,0,0,0,0,0,Senne Lammens,0,0,,0.0,0.0,,,0,0,1.0,4.5,3.0,2.0,66.7,0.0,,0.0,0.0,0.0,0.0,
118,,LUKEBAKIO Dodi,BEL,Belgium,SL Benfica,FW,28,184,,,,,,,,,,,,,,,,,,,,,,,,,,,,,,,,FIFA World Cup 2026 roster,Dodi Lukebakio,moved,MF,be Belgium,28,1.pt Benfica,3,1,164,1.8,0,0,0,0,0,0,0,0,Dodi Lukebakio,7,1,14.3,3.84,0.55,0.0,0.0,1,0,,,,,,,,,,,,
119,,MEUNIER Thomas,BEL,Belgium,Lille OSC,DF,34,190,,,,,,,,,,,,,,,,,,,,,,,,,,,,,,,,FIFA World Cup 2026 roster,Thomas Meunier,moved,DF,be Belgium,34,1.fr Lille,3,2,190,2.1,0,1,1,0,0,0,0,0,Thomas Meunier,2,1,50.0,0.95,0.47,0.0,0.0,2,2,,,,,,,,,,,,
121,,DE KETELAERE Charles,BEL,Belgium,Atalanta Bergamo,FW,25,192,,,,,,,,,,,,,,,,,,,,,,,,,,,,,,,,FIFA World Cup 2026 roster,Charles De Ketelaere,moved,"FW,MF",be Belgium,25,1.it Atalanta,5,5,350,3.9,3,1,4,3,0,0,0,0,Charles De Ketelaere,6,5,83.3,1.54,1.29,0.5,0.6,4,5,,,,,,,,,,,,
122,,SEYS Joaquin,BEL,Belgium,Club Brugge,DF,21,178,,,,,,,,,,,,,,,,,,,,,,,,,,,,,,,,FIFA World Cup 2026 roster,Joaquin Seys,moved,DF,be Belgium,21,1.be Club Brugge,1,0,30,0.3,0,0,0,0,0,0,0,0,Joaquin Seys,0,0,,0.0,0.0,,,1,0,,,,,,,,,,,,
123,,MOREIRA Diego,BEL,Belgium,RC Strasbourg,MF,21,179,,,,,,,,,,,,,,,,,,,,,,,,,,,,,,,,FIFA World Cup 2026 roster,Diego Moreira,moved,MF,be Belgium,21,1.fr Strasbourg,1,0,58,0.6,0,0,0,0,0,0,0,0,Diego Moreira,0,0,,0.0,0.0,,,1,1,,,,,,,,,,,,
124,,VANAKEN Hans,BEL,Belgium,Club Brugge,MF,33,195,,,,,,,,,,,,,,,,,,,,,,,,,,,,,,,,FIFA World Cup 2026 roster,Hans Vanaken,moved,MF,be Belgium,33,1.be Club Brugge,6,3,319,3.5,1,2,3,1,0,0,0,0,Hans Vanaken,5,1,20.0,1.41,0.28,0.2,1.0,1,1,,,,,,,,,,,,
125,,CASTAGNE Timothy,BEL,Belgium,Fulham FC,DF,30,185,,,,,,,,,,,,,,,,,,,,,,,,,,,,,,,,FIFA World Cup 2026 roster,Timothy Castagne,moved,DF,be Belgium,30,1.eng Fulham,6,5,478,5.3,0,1,1,0,0,0,1,0,Timothy Castagne,3,1,33.3,0.56,0.19,0.0,0.0,7,8,,,,,,,,,,,,
126,,SAELEMAEKERS Alexis,BEL,Belgium,AC Milan,MF,26,180,,,,,,,,,,,,,,,,,,,,,,,,,,,,,,,,FIFA World Cup 2026 roster,Alexis Saelemaekers,moved,MF,be Belgium,26,1.it Milan,4,1,83,0.9,1,0,1,1,0,0,0,0,Alexis Saelemaekers,4,1,25.0,4.34,1.08,0.25,1.0,2,0,,,,,,,,,,,,
127,,RASKIN Nicolas,BEL,Belgium,Rangers FC,MF,25,178,,,,,,,,,,,,,,,,,,,,,,,,,,,,,,,,FIFA World Cup 2026 roster,Nicolas Raskin,moved,MF,be Belgium,25,1.sct Rangers,6,3,341,3.8,0,2,2,0,0,0,0,0,Nicolas Raskin,2,1,50.0,0.53,0.26,0.0,0.0,5,2,,,,,,,,,,,,
128,,ONANA Amadou,BEL,Belgium,Aston Villa FC,MF,24,192,,,,,,,,,,,,,,,,,,,,,,,,,,,,,,,,FIFA World Cup 2026 roster,Amadou Onana,moved,MF,be Belgium,24,1.eng Aston Villa,4,2,106,1.2,0,0,0,0,0,0,0,0,Amadou Onana,2,0,0.0,1.7,0.0,0.0,,2,2,,,,,,,,,,,,
129,,NGOY Nathan,BEL,Belgium,Lille OSC,DF,23,183,,,,,,,,,,,,,,,,,,,,,,,,,,,,,,,,FIFA World Cup 2026 roster,Nathan Ngoy,moved,DF,be Belgium,23,1.fr Lille,4,4,335,3.7,0,0,0,0,0,0,0,1,Nathan Ngoy,1,0,0.0,0.27,0.0,0.0,,4,7,,,,,,,,,,,,
130,,FERNANDEZ-PARDO Matias,BEL,Belgium,Lille OSC,FW,21,188,,,,,,,,,,,,,,,,,,,,,,,,,,,,,,,,FIFA World Cup 2026 roster,Matias Fernandez-Pardo,moved,"FW,MF",be Belgium,21,1.fr Lille,3,0,44,0.5,0,0,0,0,0,0,0,0,Matias Fernandez-Pardo,3,0,0.0,6.14,0.0,0.0,,1,0,,,,,,,,,,,,
131,,VASILJ Nikola,BIH,Bosnia And Herzegovina,FC St. Pauli,GK,30,193,,,,,,,,,,,,,,,,,,,,,,,,,,,,,,,,FIFA World Cup 2026 roster,Nikola Vasilj,moved,GK,ba Bosnia–Herz,30,1.de St Pauli,4,4,360,4.0,0,0,0,0,0,0,0,0,Nikola Vasilj,0,0,,0.0,0.0,,,0,0,8.0,2.0,14.0,6.0,42.9,0.0,0.0,1.0,1.0,0.0,0.0,0.0
133,,HADZIKADUNIC Dennis,BIH,Bosnia And Herzegovina,UC Sampdoria,DF,27,191,,,,,,,,,,,,,,,,,,,,,,,,,,,,,,,,FIFA World Cup 2026 roster,Dennis Hadžikadunić,moved,DF,ba Bosnia–Herz,27,2.it Sampdoria,1,0,27,0.3,0,1,1,0,0,0,0,0,Dennis Hadžikadunić,0,0,,0.0,0.0,,,2,0,,,,,,,,,,,,
134,,MUHAREMOVIC Tarik,BIH,Bosnia And Herzegovina,US Sassuolo,DF,23,192,,,,,,,,,,,,,,,,,,,,,,,,,,,,,,,,FIFA World Cup 2026 roster,Tarik Muharemovic,moved,DF,ba Bosnia–Herz,23,1.it Sassuolo,3,3,259,2.9,0,0,0,0,0,0,0,1,Tarik Muharemovic,1,0,0.0,0.35,0.0,0.0,,1,8,,,,,,,,,,,,
135,,KOLASINAC Sead,BIH,Bosnia And Herzegovina,Atalanta Bergamo,DF,32,183,,,,,,,,,,,,,,,,,,,,,,,,,,,,,,,,FIFA World Cup 2026 roster,Sead Kolašinac,moved,DF,ba Bosnia–Herz,32,1.it Atalanta,4,4,337,3.7,0,1,1,0,0,0,0,0,Sead Kolašinac,0,0,,0.0,0.0,,,6,2,,,,,,,,,,,,
136,,TAHIROVIC Benjamin,BIH,Bosnia And Herzegovina,Brøndby IF,MF,23,191,,,,,,,,,,,,,,,,,,,,,,,,,,,,,,,,FIFA World Cup 2026 roster,Benjamin Tahirovic,moved,MF,ba Bosnia–Herz,23,1.dk Brøndby,4,2,237,2.6,0,0,0,0,0,0,0,0,Benjamin Tahirovic,1,0,0.0,0.38,0.0,0.0,,4,4,,,,,,,,,,,,
137,,DEDIC Amar,BIH,Bosnia And Herzegovina,SL Benfica,DF,23,180,,,,,,,,,,,,,,,,,,,,,,,,,,,,,,,,FIFA World Cup 2026 roster,Amar Dedić,moved,DF,ba Bosnia–Herz,23,1.pt Benfica,3,3,270,3.0,0,0,0,0,0,0,1,0,Amar Dedić,2,1,50.0,0.67,0.33,0.0,0.0,7,1,,,,,,,,,,,,
138,,GIGOVIC Armin,BIH,Bosnia And Herzegovina,BSC Young Boys,MF,24,187,,,,,,,,,,,,,,,,,,,,,,,,,,,,,,,,FIFA World Cup 2026 roster,Armin Gigovic,moved,MF,ba Bosnia–Herz,24,1.ch Young Boys,2,1,79,0.9,0,0,0,0,0,0,0,0,Armin Gigovic,0,0,,0.0,0.0,,,1,2,,,,,,,,,,,,
139,,BAZDAR Samed,BIH,Bosnia And Herzegovina,Jagiellonia Białystok,FW,22,189,,,,,,,,,,,,,,,,,,,,,,,,,,,,,,,,FIFA World Cup 2026 roster,Samed Baždar,moved,FW,ba Bosnia–Herz,22,1.de Gladbach,1,0,29,0.3,0,0,0,0,0,0,0,0,Samed Baždar,0,0,,0.0,0.0,,,0,0,,,,,,,,,,,,
140,,DEMIROVIC Ermedin,BIH,Bosnia And Herzegovina,VfB Stuttgart,FW,28,185,,,,,,,,,,,,,,,,,,,,,,,,,,,,,,,,FIFA World Cup 2026 roster,Ermedin Demirović,moved,FW,ba Bosnia–Herz,28,1.de Stuttgart,4,4,354,3.9,0,0,0,0,0,0,1,0,Ermedin Demirović,4,4,100.0,1.02,1.02,0.0,0.0,1,1,,,,,,,,,,,,
141,,DZEKO Edin,BIH,Bosnia And Herzegovina,FC Schalke 04,FW,40,192,,,,,,,,,,,,,,,,,,,,,,,,,,,,,,,,FIFA World Cup 2026 roster,Edin Džeko,moved,FW,ba Bosnia–Herz,40,2.de Schalke 04,3,3,176,2.0,0,0,0,0,0,0,1,0,Edin Džeko,3,0,0.0,1.53,0.0,0.0,,0,1,,,,,,,,,,,,
143,,BASIC Ivan,BIH,Bosnia And Herzegovina,FC Astana,MF,24,178,,,,,,,,,,,,,,,,,,,,,,,,,,,,,,,,FIFA World Cup 2026 roster,Ivan Bašić,moved,MF,ba Bosnia–Herz,24,1.kz FC Astana,3,2,179,2.0,0,1,1,0,0,0,0,0,Ivan Bašić,4,0,0.0,2.01,0.0,0.0,,1,3,,,,,,,,,,,,
144,,SUNJIC Ivan,BIH,Bosnia And Herzegovina,Pafos FC,MF,29,183,,,,,,,,,,,,,,,,,,,,,,,,,,,,,,,,FIFA World Cup 2026 roster,Ivan Šunjić,moved,MF,ba Bosnia–Herz,29,1.cy Pafos FC,4,3,196,2.2,0,0,0,0,0,0,0,0,Ivan Šunjić,1,1,100.0,0.46,0.46,0.0,0.0,3,0,,,,,,,,,,,,
145,,MEMIC Amar,BIH,Bosnia And Herzegovina,FC Viktoria Plzeň,MF,25,176,,,,,,,,,,,,,,,,,,,,,,,,,,,,,,,,FIFA World Cup 2026 roster,Amar Memić,moved,MF,ba Bosnia–Herz,25,1.cz Viktoria Plzeň,4,2,224,2.5,0,0,0,0,0,0,0,0,Amar Memić,3,1,33.3,1.21,0.4,0.0,0.0,2,2,,,,,,,,,,,,
146,,HADZIAHMETOVIC Amir,BIH,Bosnia And Herzegovina,Hull City FC,MF,29,179,,,,,,,,,,,,,,,,,,,,,,,,,,,,,,,,FIFA World Cup 2026 roster,Amir Hadžiahmetović,moved,MF,ba Bosnia–Herz,29,2.eng Hull City,1,0,6,0.1,0,0,0,0,0,0,0,0,Amir Hadžiahmetović,0,0,,0.0,0.0,,,0,0,,,,,,,,,,,,
147,,BURNIC Dzenis,BIH,Bosnia And Herzegovina,Karlsruher SC,MF,28,182,,,,,,,,,,,,,,,,,,,,,,,,,,,,,,,,FIFA World Cup 2026 roster,Dženis Burnić,moved,MF,ba Bosnia–Herz,28,2.de Karlsruher,2,0,16,0.2,0,0,0,0,0,0,0,0,Dženis Burnić,1,0,0.0,5.63,0.0,0.0,,0,0,,,,,,,,,,,,
148,,KATIC Nikola,BIH,Bosnia And Herzegovina,FC Schalke 04,DF,29,194,,,,,,,,,,,,,,,,,,,,,,,,,,,,,,,,FIFA World Cup 2026 roster,Nikola Katić,moved,DF,ba Bosnia–Herz,29,2.de Schalke 04,4,4,317,3.5,0,0,0,0,0,0,1,0,Nikola Katić,2,0,0.0,0.57,0.0,0.0,,6,5,,,,,,,,,,,,
149,,ALAJBEGOVIC Kerim,BIH,Bosnia And Herzegovina,FC Red Bull Salzburg,FW,18,186,,,,,,,,,,,,,,,,,,,,,,,,,,,,,,,,FIFA World Cup 2026 roster,Kerim Alajbegović,moved,MF,ba Bosnia–Herz,18,1.at RB Salzburg,4,3,277,3.1,1,0,1,1,0,0,0,0,Kerim Alajbegović,4,1,25.0,1.3,0.32,0.25,1.0,0,2,,,,,,,,,,,,
150,,BAJRAKTAREVIC Esmir,BIH,Bosnia And Herzegovina,PSV Eindhoven,FW,21,175,,,,,,,,,,,,,,,,,,,,,,,,,,,,,,,,FIFA World Cup 2026 roster,Esmir Bajraktarevic,moved,MF,ba Bosnia–Herz,21,1.nl PSV,4,2,230,2.6,0,0,0,0,0,0,0,0,Esmir Bajraktarevic,3,2,66.7,1.17,0.78,0.0,0.0,0,3,,,,,,,,,,,,
151,,RADELJIC Stjepan,BIH,Bosnia And Herzegovina,HNK Rijeka,DF,28,201,,,,,,,,,,,,,,,,,,,,,,,,,,,,,,,,FIFA World Cup 2026 roster,Stjepan Radeljić,moved,DF,ba Bosnia–Herz,28,1.hr Rijeka,2,2,180,2.0,0,0,0,0,0,0,1,0,Stjepan Radeljić,1,0,0.0,0.5,0.0,0.0,,1,0,,,,,,,,,,,,
153,,TABAKOVIC Haris,BIH,Bosnia And Herzegovina,Borussia Mönchengladbach,FW,31,196,,,,,,,,,,,,,,,,,,,,,,,,,,,,,,,,FIFA World Cup 2026 roster,Haris Tabaković,moved,FW,ba Bosnia–Herz,31,2.de Schalke 04,1,0,16,0.2,0,0,0,0,0,0,0,0,Haris Tabaković,0,0,,0.0,0.0,,,0,0,,,,,,,,,,,,
155,,LUKIC Jovo,BIH,Bosnia And Herzegovina,Universitatea Cluj,FW,27,190,,,,,,,,,,,,,,,,,,,,,,,,,,,,,,,,FIFA World Cup 2026 roster,Jovo Lukić,moved,FW,ba Bosnia–Herz,27,1.ro Univ. Cluj,2,1,67,0.7,1,0,1,1,0,0,1,0,Jovo Lukić,3,2,66.7,4.03,2.69,0.33,0.5,1,0,,,,,,,,,,,,
156,,MAHMIC Ermin,BIH,Bosnia And Herzegovina,FC Slovan Liberec,MF,21,182,,,,,,,,,,,,,,,,,,,,,,,,,,,,,,,,FIFA World Cup 2026 roster,Ermin Mahmić,moved,MF,ba Bosnia–Herz,21,1.cz Slovan Liberec,3,0,68,0.8,2,0,2,2,0,0,1,0,Ermin Mahmić,4,2,50.0,5.29,2.65,0.5,1.0,1,0,,,,,,,,,,,,
157,,ALISSON,BRA,Brazil,Liverpool FC,GK,33,193,,,,,,,,,,,,,,,,,,,,,,,,,,,,,,,,FIFA World Cup 2026 roster,Alisson,normal,GK,br Brazil,33,1.eng Liverpool,5,5,450,5.0,0,0,0,0,0,0,0,0,Alisson,0,0,,0.0,0.0,,,0,0,4.0,0.8,18.0,14.0,77.8,2.0,40.0,0.0,0.0,0.0,0.0,
158,,EDERSON SILVA,BRA,Brazil,Atalanta Bergamo,MF,26,184,,,,,,,,,,,,,,,,,,,,,,,,,,,,,,,,FIFA World Cup 2026 roster,Éderson Silva,normal,MF,br Brazil,26,1.it Atalanta,2,0,22,0.2,0,0,0,0,0,0,0,0,Éderson Silva,2,0,0.0,8.18,0.0,0.0,,0,1,,,,,,,,,,,,
159,,GABRIEL MAGALHAES,BRA,Brazil,Arsenal FC,DF,28,190,,,,,,,,,,,,,,,,,,,,,,,,,,,,,,,,FIFA World Cup 2026 roster,Gabriel Magalhães,normal,DF,br Brazil,28,1.eng Arsenal,5,5,450,5.0,0,1,1,0,0,0,0,0,Gabriel Magalhães,1,0,0.0,0.2,0.0,0.0,,2,4,,,,,,,,,,,,
160,,MARQUINHOS,BRA,Brazil,Paris Saint-Germain,DF,32,183,,,,,,,,,,,,,,,,,,,,,,,,,,,,,,,,FIFA World Cup 2026 roster,Marquinhos,normal,DF,br Brazil,32,1.fr PSG,5,5,450,5.0,0,0,0,0,0,0,0,0,Marquinhos,2,0,0.0,0.4,0.0,0.0,,2,3,,,,,,,,,,,,
161,,CASEMIRO,BRA,Brazil,Manchester United FC,MF,34,185,,,,,,,,,,,,,,,,,,,,,,,,,,,,,,,,FIFA World Cup 2026 roster,Casemiro,normal,MF,br Brazil,34,1.eng Manchester Utd,5,5,379,4.2,1,0,1,1,0,0,2,0,Casemiro,4,2,50.0,0.95,0.47,0.25,0.5,5,6,,,,,,,,,,,,
162,,ALEX SANDRO,BRA,Brazil,CR Flamengo,DF,35,180,,,,,,,,,,,,,,,,,,,,,,,,,,,,,,,,FIFA World Cup 2026 roster,Alex Sandro,normal,"DF,MF",br Brazil,35,1.br Flamengo,1,0,9,0.1,0,0,0,0,0,0,0,0,Alex Sandro,0,0,,0.0,0.0,,,0,0,,,,,,,,,,,,
163,,VINICIUS JUNIOR,BRA,Brazil,Real Madrid C. F.,FW,25,176,,,,,,,,,,,,,,,,,,,,,,,,,,,,,,,,FIFA World Cup 2026 roster,Vinicius Júnior,normal,FW,br Brazil,25,1.es Real Madrid,5,5,440,4.9,4,1,5,4,0,0,0,0,Vinicius Júnior,17,11,64.7,3.48,2.25,0.24,0.36,1,1,,,,,,,,,,,,
164,,BRUNO GUIMARAES,BRA,Brazil,Newcastle United FC,MF,28,182,,,,,,,,,,,,,,,,,,,,,,,,,,,,,,,,FIFA World Cup 2026 roster,Bruno Guimarães,normal,MF,br Brazil,28,1.eng Newcastle,5,5,416,4.6,0,4,4,0,0,1,0,0,Bruno Guimarães,8,2,25.0,1.73,0.43,0.0,0.0,6,2,,,,,,,,,,,,
165,,MATHEUS CUNHA,BRA,Brazil,Manchester United FC,FW,27,183,,,,,,,,,,,,,,,,,,,,,,,,,,,,,,,,FIFA World Cup 2026 roster,Matheus Cunha,normal,FW,br Brazil,27,1.eng Manchester Utd,5,4,290,3.2,3,0,3,3,0,0,0,0,Matheus Cunha,11,5,45.5,3.41,1.55,0.27,0.6,3,3,,,,,,,,,,,,
167,,RAPHINHA,BRA,Brazil,FC Barcelona,FW,29,176,,,,,,,,,,,,,,,,,,,,,,,,,,,,,,,,FIFA World Cup 2026 roster,Raphinha,normal,"MF,FW",br Brazil,29,1.es Barcelona,2,2,129,1.4,0,0,0,0,0,0,0,0,Raphinha,3,2,66.7,2.09,1.4,0.0,0.0,0,0,,,,,,,,,,,,
169,,DANILO,BRA,Brazil,CR Flamengo,DF,34,184,,,,,,,,,,,,,,,,,,,,,,,,,,,,,,,,FIFA World Cup 2026 roster,Danilo,normal,DF,br Brazil,34,1.br Flamengo,5,4,405,4.5,0,0,0,0,0,0,2,0,Danilo,1,0,0.0,0.22,0.0,0.0,,2,7,,,,,,,,,,,,
172,,DOUGLAS SANTOS,BRA,Brazil,FC Zenit St. Petersburg,DF,32,173,,,,,,,,,,,,,,,,,,,,,,,,,,,,,,,,FIFA World Cup 2026 roster,Douglas Santos,normal,DF,br Brazil,32,1.ru Zenit,5,5,441,4.9,0,0,0,0,0,0,1,0,Douglas Santos,2,0,0.0,0.41,0.0,0.0,,10,6,,,,,,,,,,,,
173,,FABINHO,BRA,Brazil,Al Ittihad,MF,32,188,,,,,,,,,,,,,,,,,,,,,,,,,,,,,,,,FIFA World Cup 2026 roster,Fabinho,normal,"DF,MF",br Brazil,32,1.sa Al-Ittihad,3,0,71,0.8,0,0,0,0,0,0,1,0,Fabinho,1,0,0.0,1.27,0.0,0.0,,1,2,,,,,,,,,,,,
174,,DANILO SANTOS,BRA,Brazil,Botafogo,MF,25,177,,,,,,,,,,,,,,,,,,,,,,,,,,,,,,,,FIFA World Cup 2026 roster,Danilo Santos,normal,MF,br Brazil,25,1.br Botafogo–RJ,4,0,46,0.5,0,0,0,0,0,0,0,0,Danilo Santos,2,1,50.0,3.91,1.96,0.0,0.0,2,1,,,,,,,,,,,,
175,,ENDRICK,BRA,Brazil,Olympique Lyonnais,FW,19,172,,,,,,,,,,,,,,,,,,,,,,,,,,,,,,,,FIFA World Cup 2026 roster,Endrick,normal,FW,br Brazil,19,1.fr Lyon,4,0,114,1.3,0,0,0,0,0,0,0,0,Endrick,3,0,0.0,2.37,0.0,0.0,,1,1,,,,,,,,,,,,
176,,LUCAS PAQUETA,BRA,Brazil,CR Flamengo,MF,28,183,,,,,,,,,,,,,,,,,,,,,,,,,,,,,,,,FIFA World Cup 2026 roster,Lucas Paquetá,normal,MF,br Brazil,28,1.br Flamengo,4,4,233,2.6,0,1,1,0,0,0,0,0,Lucas Paquetá,5,1,20.0,1.93,0.39,0.0,0.0,4,5,,,,,,,,,,,,
177,,LUIZ HENRIQUE,BRA,Brazil,FC Zenit St. Petersburg,FW,25,182,,,,,,,,,,,,,,,,,,,,,,,,,,,,,,,,FIFA World Cup 2026 roster,Luiz Henrique,normal,"FW,MF",br Brazil,25,1.ru Zenit,1,0,29,0.3,0,0,0,0,0,0,0,0,Luiz Henrique,0,0,,0.0,0.0,,,0,0,,,,,,,,,,,,
178,,GABRIEL MARTINELLI,BRA,Brazil,Arsenal FC,FW,24,178,,,,,,,,,,,,,,,,,,,,,,,,,,,,,,,,FIFA World Cup 2026 roster,Gabriel Martinelli,normal,MF,br Brazil,24,1.eng Arsenal,4,1,143,1.6,1,0,1,1,0,0,0,0,Gabriel Martinelli,2,1,50.0,1.26,0.63,0.5,1.0,0,2,,,,,,,,,,,,
180,,ROGER IBANEZ,BRA,Brazil,Al Ahli FC,DF,27,186,,,,,,,,,,,,,,,,,,,,,,,,,,,,,,,,FIFA World Cup 2026 roster,Roger Ibanez,normal,DF,br Brazil,27,1.sa Al-Ahli,1,1,45,0.5,0,0,0,0,0,0,1,0,Roger Ibanez,0,0,,0.0,0.0,,,2,1,,,,,,,,,,,,
181,,IGOR THIAGO,BRA,Brazil,Brentford FC,FW,24,190,,,,,,,,,,,,,,,,,,,,,,,,,,,,,,,,FIFA World Cup 2026 roster,Igor Thiago,normal,FW,br Brazil,24,1.eng Brentford,1,1,61,0.7,0,0,0,0,0,0,0,0,Igor Thiago,2,1,50.0,2.95,1.48,0.0,0.0,1,0,,,,,,,,,,,,
182,,RAYAN,BRA,Brazil,AFC Bournemouth,FW,19,187,,,,,,,,,,,,,,,,,,,,,,,,,,,,,,,,FIFA World Cup 2026 roster,Rayan,normal,"FW,MF",br Brazil,19,1.eng Bournemouth,4,3,288,3.2,0,1,1,0,0,0,0,0,Rayan,5,2,40.0,1.56,0.62,0.0,0.0,4,3,,,,,,,,,,,,
183,,VOZINHA,CPV,Cabo Verde,GD Chaves,GK,40,189,,,,,,,,,,,,,,,,,,,,,,,,,,,,,,,,FIFA World Cup 2026 roster,Vozinha,normal,GK,cv Cabo Verde,40,2.pt Chaves,4,4,390,4.3,0,0,0,0,0,0,0,0,Vozinha,0,0,,0.0,0.0,,,0,0,5.0,1.15,23.0,18.0,78.3,2.0,50.0,0.0,0.0,0.0,0.0,
188,,KEVIN PINA,CPV,Cabo Verde,FC Krasnodar,MF,29,177,,,,,,,,,,,,,,,,,,,,,,,,,,,,,,,,FIFA World Cup 2026 roster,Kevin Pina,normal,MF,cv Cabo Verde,29,1.ru Krasnodar,4,4,349,3.9,1,0,1,1,0,0,1,0,Kevin Pina,5,1,20.0,1.29,0.26,0.2,1.0,7,3,,,,,,,,,,,,
189,,JOVANE CABRAL,CPV,Cabo Verde,CF Estrela Da Amadora,MF,27,174,,,,,,,,,,,,,,,,,,,,,,,,,,,,,,,,FIFA World Cup 2026 roster,Jovane Cabral,normal,FW,cv Cabo Verde,28,1.pt Estrela,2,2,139,1.5,0,0,0,0,0,0,0,0,Jovane Cabral,2,0,0.0,1.29,0.0,0.0,,3,1,,,,,,,,,,,,
191,,GILSON BENCHIMOL,CPV,Cabo Verde,FC Akron Tolyatti,FW,24,187,,,,,,,,,,,,,,,,,,,,,,,,,,,,,,,,FIFA World Cup 2026 roster,Gilson Benchimol,normal,FW,cv Cabo Verde,24,1.ru Akron Tolyatti,2,1,78,0.9,0,0,0,0,0,0,0,0,Gilson Benchimol,0,0,,0.0,0.0,,,0,0,,,,,,,,,,,,
192,,JAMIRO MONTEIRO,CPV,Cabo Verde,PEC Zwolle,MF,32,175,,,,,,,,,,,,,,,,,,,,,,,,,,,,,,,,FIFA World Cup 2026 roster,Jamiro Monteiro,normal,MF,cv Cabo Verde,32,1.nl Zwolle,4,3,281,3.1,0,0,0,0,0,0,0,0,Jamiro Monteiro,5,1,20.0,1.6,0.32,0.0,0.0,4,4,,,,,,,,,,,,
193,,GARRY RODRIGUES,CPV,Cabo Verde,Apollon Limassol,MF,35,173,,,,,,,,,,,,,,,,,,,,,,,,,,,,,,,,FIFA World Cup 2026 roster,Garry Rodrigues,normal,MF,cv Cabo Verde,35,1.cy Apollon Limassol,2,1,76,0.8,0,0,0,0,0,0,0,0,Garry Rodrigues,1,0,0.0,1.18,0.0,0.0,,2,1,,,,,,,,,,,,
195,,SIDNY LOPES CABRAL,CPV,Cabo Verde,SL Benfica,DF,23,176,,,,,,,,,,,,,,,,,,,,,,,,,,,,,,,,FIFA World Cup 2026 roster,Sidny Lopes Cabral,normal,DF,cv Cabo Verde,23,1.pt Benfica,3,3,285,3.2,1,0,1,1,0,0,2,0,Sidny Lopes Cabral,4,2,50.0,1.26,0.63,0.25,0.5,2,4,,,,,,,,,,,,
196,,DEROY DUARTE,CPV,Cabo Verde,PFC Ludogorets Razgrad,MF,26,177,,,,,,,,,,,,,,,,,,,,,,,,,,,,,,,,FIFA World Cup 2026 roster,Deroy Duarte,normal,MF,cv Cabo Verde,26,1.bg Ludogorets,4,2,264,2.9,1,0,1,1,0,0,0,0,Deroy Duarte,3,2,66.7,1.02,0.68,0.33,0.5,5,6,,,,,,,,,,,,
197,,LAROS DUARTE,CPV,Cabo Verde,Puskás Akadémia FC,MF,29,180,,,,,,,,,,,,,,,,,,,,,,,,,,,,,,,,FIFA World Cup 2026 roster,Laros Duarte,normal,MF,cv Cabo Verde,29,1.hu Puskás Akad.,4,2,166,1.8,0,0,0,0,0,0,0,0,Laros Duarte,3,3,100.0,1.63,1.63,0.0,0.0,1,2,,,,,,,,,,,,
199,,WILLY SEMEDO,CPV,Cabo Verde,AC Omonia,MF,32,185,,,,,,,,,,,,,,,,,,,,,,,,,,,,,,,,FIFA World Cup 2026 roster,Willy Semedo,normal,FW,cv Cabo Verde,32,1.cy AC Omonia,3,1,131,1.5,0,0,0,0,0,0,0,0,Willy Semedo,3,0,0.0,2.06,0.0,0.0,,0,3,,,,,,,,,,,,
200,,TELMO ARCANJO,CPV,Cabo Verde,Vitória SC,MF,24,180,,,,,,,,,,,,,,,,,,,,,,,,,,,,,,,,FIFA World Cup 2026 roster,Telmo Arcanjo,normal,MF,cv Cabo Verde,24,1.pt Vit. Guimarães,2,1,57,0.6,0,0,0,0,0,0,0,0,Telmo Arcanjo,0,0,,0.0,0.0,,,0,0,,,,,,,,,,,,
201,,DAILON LIVRAMENTO,CPV,Cabo Verde,Casa Pia AC,FW,25,185,,,,,,,,,,,,,,,,,,,,,,,,,,,,,,,,FIFA World Cup 2026 roster,Dailon Livramento,normal,FW,cv Cabo Verde,25,1.pt Casa Pia,3,2,174,1.9,0,0,0,0,0,0,0,0,Dailon Livramento,1,0,0.0,0.52,0.0,0.0,,0,0,,,,,,,,,,,,
202,,RYAN MENDES,CPV,Cabo Verde,Iğdır FK,FW,36,178,,,,,,,,,,,,,,,,,,,,,,,,,,,,,,,,FIFA World Cup 2026 roster,Ryan Mendes,normal,"FW,MF",cv Cabo Verde,36,2.tr 76 Iğdır Belediyespor,4,4,330,3.7,0,1,1,0,0,0,0,0,Ryan Mendes,6,0,0.0,1.64,0.0,0.0,,2,5,,,,,,,,,,,,
203,,NUNO DA COSTA,CPV,Cabo Verde,Başakşehir FK,MF,35,182,,,,,,,,,,,,,,,,,,,,,,,,,,,,,,,,FIFA World Cup 2026 roster,Nuno da Costa,normal,FW,cv Cabo Verde,35,1.tr Başakşehir,4,1,159,1.8,0,0,0,0,0,0,0,0,Nuno da Costa,1,0,0.0,0.57,0.0,0.0,,2,1,,,,,,,,,,,,
204,,STEVEN MOREIRA,CPV,Cabo Verde,Columbus Crew,DF,31,178,,,,,,,,,,,,,,,,,,,,,,,,,,,,,,,,FIFA World Cup 2026 roster,Steven Moreira,normal,DF,cv Cabo Verde,31,1.us Columbus Crew,4,3,301,3.3,0,0,0,0,0,0,0,0,Steven Moreira,2,0,0.0,0.6,0.0,0.0,,3,2,,,,,,,,,,,,
206,,WAGNER PINA,CPV,Cabo Verde,Trabzonspor,DF,23,180,,,,,,,,,,,,,,,,,,,,,,,,,,,,,,,,FIFA World Cup 2026 roster,Wagner Pina,normal,DF,cv Cabo Verde,23,1.tr Trabzonspor,1,1,89,1.0,0,0,0,0,0,0,1,0,Wagner Pina,1,0,0.0,1.01,0.0,0.0,,0,1,,,,,,,,,,,,
208,,HELIO VARELA,CPV,Cabo Verde,Maccabi Tel-Aviv FC,MF,24,176,,,,,,,,,,,,,,,,,,,,,,,,,,,,,,,,FIFA World Cup 2026 roster,Hélio Varela,normal,FW,cv Cabo Verde,24,1.il Maccabi Tel Aviv,3,0,104,1.2,1,0,1,1,0,0,0,0,Hélio Varela,3,1,33.3,2.6,0.87,0.33,1.0,0,0,,,,,,,,,,,,
210,,JOHNSTON Alistair,CAN,Canada,Celtic FC,DF,27,180,,,,,,,,,,,,,,,,,,,,,,,,,,,,,,,,FIFA World Cup 2026 roster,Alistair Johnston,moved,DF,ca Canada,27,1.sct Celtic,5,5,450,5.0,0,0,0,0,0,0,1,0,Alistair Johnston,5,2,40.0,1.0,0.4,0.0,0.0,2,6,,,,,,,,,,,,
212,,DE FOUGEROLLES Luc,CAN,Canada,FCV Dender EH,DF,20,183,,,,,,,,,,,,,,,,,,,,,,,,,,,,,,,,FIFA World Cup 2026 roster,Luc De Fougerolles,moved,DF,ca Canada,20,1.eng Fulham,5,4,372,4.1,0,0,0,0,0,0,2,0,Luc De Fougerolles,3,1,33.3,0.73,0.24,0.0,0.0,6,2,,,,,,,,,,,,
214,,CHOINIERE Mathieu,CAN,Canada,LAFC,MF,27,173,,,,,,,,,,,,,,,,,,,,,,,,,,,,,,,,FIFA World Cup 2026 roster,Mathieu Choinière,moved,MF,ca Canada,27,1.us LAFC,1,1,57,0.6,0,0,0,0,0,0,0,0,Mathieu Choinière,0,0,,0.0,0.0,,,1,2,,,,,,,,,,,,
215,,EUSTAQUIO Stephen,CAN,Canada,LAFC,MF,29,175,,,,,,,,,,,,,,,,,,,,,,,,,,,,,,,,FIFA World Cup 2026 roster,Stephen Eustáquio,moved,MF,ca Canada,29,1.pt Porto,5,4,392,4.4,1,0,1,1,0,0,0,0,Stephen Eustáquio,4,1,25.0,0.92,0.23,0.25,1.0,5,3,,,,,,,,,,,,
216,,KONE Ismael,CAN,Canada,US Sassuolo,MF,23,188,,,,,,,,,,,,,,,,,,,,,,,,,,,,,,,,FIFA World Cup 2026 roster,Ismaël Koné,moved,MF,ca Canada,23,1.it Sassuolo,2,2,146,1.6,0,0,0,0,0,0,0,0,Ismaël Koné,2,0,0.0,1.23,0.0,0.0,,2,3,,,,,,,,,,,,
217,,LARIN Cyle,CAN,Canada,Southampton FC,FW,31,188,,,,,,,,,,,,,,,,,,,,,,,,,,,,,,,,FIFA World Cup 2026 roster,Cyle Larin,moved,FW,ca Canada,31,1.es Mallorca,4,2,190,2.1,2,0,2,2,0,0,2,0,Cyle Larin,9,4,44.4,4.26,1.89,0.22,0.5,0,0,,,,,,,,,,,,
218,,DAVID Jonathan,CAN,Canada,Juventus FC,FW,26,175,,,,,,,,,,,,,,,,,,,,,,,,,,,,,,,,FIFA World Cup 2026 roster,Jonathan David,moved,FW,ca Canada,26,1.it Juventus,5,5,420,4.7,3,0,3,3,0,0,1,0,Jonathan David,18,8,44.4,3.86,1.71,0.17,0.38,1,3,,,,,,,,,,,,
219,,MILLAR Liam,CAN,Canada,Hull City FC,MF,26,176,,,,,,,,,,,,,,,,,,,,,,,,,,,,,,,,FIFA World Cup 2026 roster,Liam Millar,moved,MF,ca Canada,26,2.eng Hull City,3,2,162,1.8,0,0,0,0,0,0,1,0,Liam Millar,1,0,0.0,0.56,0.0,0.0,,4,0,,,,,,,,,,,,
220,,OLUWASEYI Tani,CAN,Canada,Villarreal CF,FW,26,187,,,,,,,,,,,,,,,,,,,,,,,,,,,,,,,,FIFA World Cup 2026 roster,Tani Oluwaseyi,moved,FW,ca Canada,26,1.es Villarreal,5,3,259,2.9,0,0,0,0,0,0,0,0,Tani Oluwaseyi,8,4,50.0,2.78,1.39,0.0,0.0,3,0,,,,,,,,,,,,
221,,CORNELIUS Derek,CAN,Canada,Rangers FC,DF,28,186,,,,,,,,,,,,,,,,,,,,,,,,,,,,,,,,FIFA World Cup 2026 roster,Derek Cornelius,moved,DF,ca Canada,28,1.fr Marseille,4,4,315,3.5,0,0,0,0,0,0,1,0,Derek Cornelius,5,1,20.0,1.43,0.29,0.0,0.0,3,2,,,,,,,,,,,,
222,,SHAFFELBURG Jacob,CAN,Canada,LAFC,MF,26,181,,,,,,,,,,,,,,,,,,,,,,,,,,,,,,,,FIFA World Cup 2026 roster,Jacob Shaffelburg,moved,MF,ca Canada,26,1.us LAFC,5,0,92,1.0,0,0,0,0,0,0,0,0,Jacob Shaffelburg,3,0,0.0,2.93,0.0,0.0,,1,2,,,,,,,,,,,,
223,,BOMBITO Moise,CAN,Canada,OGC Nice,DF,26,190,,,,,,,,,,,,,,,,,,,,,,,,,,,,,,,,FIFA World Cup 2026 roster,Moïse Bombito,moved,DF,ca Canada,26,1.fr Nice,3,2,193,2.1,0,0,0,0,0,0,0,0,Moïse Bombito,1,1,100.0,0.47,0.47,0.0,0.0,0,1,,,,,,,,,,,,
224,,CREPEAU Maxime,CAN,Canada,Orlando City SC,GK,32,185,,,,,,,,,,,,,,,,,,,,,,,,,,,,,,,,FIFA World Cup 2026 roster,Maxime Crépeau,moved,GK,ca Canada,32,1.us Orlando City,5,5,450,5.0,0,0,0,0,0,0,0,0,Maxime Crépeau,0,0,,0.0,0.0,,,1,0,6.0,1.2,12.0,6.0,50.0,2.0,40.0,0.0,0.0,0.0,0.0,
225,,BUCHANAN Tajon,CAN,Canada,Villarreal CF,FW,27,183,,,,,,,,,,,,,,,,,,,,,,,,,,,,,,,,FIFA World Cup 2026 roster,Tajon Buchanan,moved,MF,ca Canada,27,1.es Villarreal,5,5,376,4.2,0,0,0,0,0,0,0,0,Tajon Buchanan,6,3,50.0,1.44,0.72,0.0,0.0,5,1,,,,,,,,,,,,
227,,DAVIES Alphonso,CAN,Canada,FC Bayern München,DF,25,183,,,,,,,,,,,,,,,,,,,,,,,,,,,,,,,,FIFA World Cup 2026 roster,Alphonso Davies,moved,"DF,FW",ca Canada,25,1.de Bayern Munich,1,0,16,0.2,0,0,0,0,0,0,0,0,Alphonso Davies,0,0,,0.0,0.0,,,0,0,,,,,,,,,,,,
228,,AHMED Ali,CAN,Canada,Norwich City FC,FW,25,180,,,,,,,,,,,,,,,,,,,,,,,,,,,,,,,,FIFA World Cup 2026 roster,Ali Ahmed,moved,MF,ca Canada,25,2.eng Norwich City,4,3,234,2.6,0,0,0,0,0,0,0,0,Ali Ahmed,2,1,50.0,0.77,0.38,0.0,0.0,2,3,,,,,,,,,,,,
229,,OSORIO Jonathan,CAN,Canada,Toronto FC,MF,33,175,,,,,,,,,,,,,,,,,,,,,,,,,,,,,,,,FIFA World Cup 2026 roster,Jonathan Osorio,moved,MF,ca Canada,34,1.us Toronto FC,2,0,5,0.1,0,0,0,0,0,0,0,0,Jonathan Osorio,1,0,0.0,18.0,0.0,0.0,,0,1,,,,,,,,,,,,
230,,LARYEA Richie,CAN,Canada,Toronto FC,DF,31,175,,,,,,,,,,,,,,,,,,,,,,,,,,,,,,,,FIFA World Cup 2026 roster,Richie Laryea,moved,DF,ca Canada,31,1.us Toronto FC,5,5,429,4.8,0,0,0,0,0,0,1,0,Richie Laryea,2,1,50.0,0.42,0.21,0.0,0.0,9,2,,,,,,,,,,,,
231,,SIGUR Niko,CAN,Canada,HNK Hajduk Split,DF,22,178,,,,,,,,,,,,,,,,,,,,,,,,,,,,,,,,FIFA World Cup 2026 roster,Niko Sigur,moved,MF,ca Canada,22,1.hr Hajduk Split,3,1,126,1.4,0,0,0,0,0,0,1,0,Niko Sigur,1,0,0.0,0.71,0.0,0.0,,1,0,,,,,,,,,,,,
232,,DAVID Promise,CAN,Canada,Royale Union Saint-Gilloise,FW,24,195,,,,,,,,,,,,,,,,,,,,,,,,,,,,,,,,FIFA World Cup 2026 roster,Promise David,moved,FW,ca Canada,24,1.be Union SG,4,0,80,0.9,1,1,2,1,0,0,0,0,Promise David,5,3,60.0,5.63,3.38,0.2,0.33,1,1,,,,,,,,,,,,
233,,SALIBA Nathan,CAN,Canada,RSC Anderlecht,MF,22,174,,,,,,,,,,,,,,,,,,,,,,,,,,,,,,,,FIFA World Cup 2026 roster,Nathan Saliba,moved,MF,ca Canada,22,1.be Anderlecht,3,2,182,2.0,1,2,3,1,0,0,1,0,Nathan Saliba,3,1,33.3,1.48,0.49,0.33,1.0,4,4,,,,,,,,,,,,
236,,MUNOZ Daniel,COL,Colombia,Crystal Palace FC,DF,30,180,,,,,,,,,,,,,,,,,,,,,,,,,,,,,,,,FIFA World Cup 2026 roster,Daniel Muñoz,moved,DF,co Colombia,30,1.eng Crystal Palace,5,4,394,4.4,2,0,2,2,0,0,0,0,Daniel Muñoz,3,2,66.7,0.69,0.46,0.67,1.0,3,7,,,,,,,,,,,,
237,,LUCUMI Jhon,COL,Colombia,Bologna FC,DF,27,187,,,,,,,,,,,,,,,,,,,,,,,,,,,,,,,,FIFA World Cup 2026 roster,Jhon Lucumí,moved,DF,co Colombia,27,1.it Bologna,5,5,478,5.3,0,0,0,0,0,0,1,0,Jhon Lucumí,2,0,0.0,0.38,0.0,0.0,,2,5,,,,,,,,,,,,
238,,ARIAS Santiago,COL,Colombia,CA Independiente,DF,34,177,,,,,,,,,,,,,,,,,,,,,,,,,,,,,,,,FIFA World Cup 2026 roster,Santiago Arias,moved,DF,co Colombia,34,1.ar Independiente,1,1,86,1.0,0,0,0,0,0,0,0,0,Santiago Arias,0,0,,0.0,0.0,,,2,1,,,,,,,,,,,,
239,,CASTANO Kevin,COL,Colombia,CA River Plate,MF,25,179,,,,,,,,,,,,,,,,,,,,,,,,,,,,,,,,FIFA World Cup 2026 roster,Kevin Castaño,moved,MF,co Colombia,25,1.ar River Plate,2,0,16,0.2,0,0,0,0,0,0,0,0,Kevin Castaño,0,0,,0.0,0.0,,,0,0,,,,,,,,,,,,
240,,RIOS Richard,COL,Colombia,SL Benfica,MF,26,185,,,,,,,,,,,,,,,,,,,,,,,,,,,,,,,,FIFA World Cup 2026 roster,Richard Ríos,moved,MF,co Colombia,26,1.pt Benfica,5,0,140,1.6,0,0,0,0,0,0,1,0,Richard Ríos,5,1,20.0,3.21,0.64,0.0,0.0,2,1,,,,,,,,,,,,
241,,DIAZ Luis,COL,Colombia,FC Bayern München,FW,29,179,,,,,,,,,,,,,,,,,,,,,,,,,,,,,,,,FIFA World Cup 2026 roster,Luis Díaz,moved,"FW,MF",co Colombia,29,1.de Bayern Munich,5,5,478,5.3,1,1,2,1,0,0,0,0,Luis Díaz,19,6,31.6,3.58,1.13,0.05,0.17,0,1,,,,,,,,,,,,
243,,CORDOBA Jhon,COL,Colombia,FC Krasnodar,FW,33,186,,,,,,,,,,,,,,,,,,,,,,,,,,,,,,,,FIFA World Cup 2026 roster,Jhon Córdoba,moved,FW,co Colombia,33,1.ru Krasnodar,3,2,99,1.1,0,0,0,0,0,0,0,0,Jhon Córdoba,2,1,50.0,1.82,0.91,0.0,0.0,0,0,,,,,,,,,,,,
244,,RODRIGUEZ James,COL,Colombia,Minnesota United FC,MF,34,181,,,,,,,,,,,,,,,,,,,,,,,,,,,,,,,,FIFA World Cup 2026 roster,James Rodríguez,moved,"FW,MF",co Colombia,34,1.us Minnesota Utd,5,5,313,3.5,0,0,0,0,0,0,0,0,James Rodríguez,6,3,50.0,1.73,0.86,0.0,0.0,1,1,,,,,,,,,,,,
245,,ARIAS Jhon,COL,Colombia,SE Palmeiras,MF,28,168,,,,,,,,,,,,,,,,,,,,,,,,,,,,,,,,FIFA World Cup 2026 roster,Jhon Arias,moved,MF,co Colombia,28,1.br Palmeiras,5,5,377,4.2,1,0,1,1,0,0,1,0,Jhon Arias,9,4,44.4,2.15,0.95,0.11,0.25,9,2,,,,,,,,,,,,
246,,VARGAS Camilo,COL,Colombia,Atlas FC,GK,37,183,,,,,,,,,,,,,,,,,,,,,,,,,,,,,,,,FIFA World Cup 2026 roster,Camilo Vargas,moved,GK,co Colombia,37,1.mx Atlas,5,5,480,5.3,0,0,0,0,0,0,0,0,Camilo Vargas,0,0,,0.0,0.0,,,0,0,1.0,0.19,7.0,6.0,85.7,4.0,80.0,0.0,0.0,0.0,0.0,
247,,MINA Yerry,COL,Colombia,Cagliari,DF,31,195,,,,,,,,,,,,,,,,,,,,,,,,,,,,,,,,FIFA World Cup 2026 roster,Yerry Mina,moved,DF,co Colombia,31,1.it Cagliari,1,0,2,0.0,0,0,0,0,0,0,0,0,Yerry Mina,0,0,,0.0,0.0,,,0,0,,,,,,,,,,,,
248,,PUERTA Gustavo,COL,Colombia,Racing Santander,DF,22,173,,,,,,,,,,,,,,,,,,,,,,,,,,,,,,,,FIFA World Cup 2026 roster,Gustavo Puerta,moved,MF,co Colombia,22,2.es Racing Sant,5,5,469,5.2,0,1,1,0,0,0,1,0,Gustavo Puerta,14,5,35.7,2.69,0.96,0.0,0.0,3,3,,,,,,,,,,,,
250,,LERMA Jefferson,COL,Colombia,Crystal Palace FC,MF,31,180,,,,,,,,,,,,,,,,,,,,,,,,,,,,,,,,FIFA World Cup 2026 roster,Jefferson Lerma,moved,MF,co Colombia,31,1.eng Crystal Palace,5,5,410,4.6,0,0,0,0,0,0,1,0,Jefferson Lerma,5,1,20.0,1.1,0.22,0.0,0.0,1,5,,,,,,,,,,,,
251,,MOJICA Johan,COL,Colombia,RCD Mallorca,DF,33,184,,,,,,,,,,,,,,,,,,,,,,,,,,,,,,,,FIFA World Cup 2026 roster,Johan Mojica,moved,DF,co Colombia,33,1.es Mallorca,4,4,390,4.3,0,0,0,0,0,0,1,0,Johan Mojica,3,2,66.7,0.69,0.46,0.0,0.0,3,3,,,,,,,,,,,,
254,,QUINTERO Juan,COL,Colombia,CA River Plate,MF,33,167,,,,,,,,,,,,,,,,,,,,,,,,,,,,,,,,FIFA World Cup 2026 roster,Juan Quintero,moved,"FW,MF",co Colombia,33,1.ar River Plate,4,0,121,1.3,0,1,1,0,0,0,0,0,Juan Quintero,4,0,0.0,2.98,0.0,0.0,,0,0,,,,,,,,,,,,
255,,CAMPAZ Jaminton,COL,Colombia,CA Rosario Central,FW,26,166,,,,,,,,,,,,,,,,,,,,,,,,,,,,,,,,FIFA World Cup 2026 roster,Jaminton Campaz,moved,"FW,MF",co Colombia,26,1.ar Rosario Central,3,0,75,0.8,1,0,1,1,0,0,0,0,Jaminton Campaz,6,3,50.0,7.2,3.6,0.17,0.33,1,0,,,,,,,,,,,,
256,,MACHADO Deiver,COL,Colombia,FC Nantes,DF,32,173,,,,,,,,,,,,,,,,,,,,,,,,,,,,,,,,FIFA World Cup 2026 roster,Deiver Machado,moved,DF,co Colombia,32,1.fr Nantes,1,1,90,1.0,0,0,0,0,0,0,0,0,Deiver Machado,0,0,,0.0,0.0,,,0,2,,,,,,,,,,,,
257,,SANCHEZ Davinson,COL,Colombia,Galatasaray SK,DF,29,188,,,,,,,,,,,,,,,,,,,,,,,,,,,,,,,,FIFA World Cup 2026 roster,Davinson Sánchez,moved,DF,co Colombia,30,1.tr Galatasaray,5,5,480,5.3,0,0,0,0,0,0,1,0,Davinson Sánchez,6,2,33.3,1.13,0.37,0.0,0.0,2,6,,,,,,,,,,,,
259,,SUAREZ Luis,COL,Colombia,Sporting CP,FW,28,179,,,,,,,,,,,,,,,,,,,,,,,,,,,,,,,,FIFA World Cup 2026 roster,Luis Suárez,moved,FW,co Colombia,28,1.pt Sporting CP,5,3,331,3.7,0,1,1,0,0,0,1,0,Luis Suárez,9,0,0.0,2.45,0.0,0.0,,4,0,,,,,,,,,,,,
260,,GOMEZ Andres,COL,Colombia,CR Vasco Da Gama,FW,23,170,,,,,,,,,,,,,,,,,,,,,,,,,,,,,,,,FIFA World Cup 2026 roster,Andrés Gómez,moved,MF,co Colombia,23,1.br Vasco da Gama,1,0,1,0.0,0,0,0,0,0,0,0,0,Andrés Gómez,0,0,,0.0,0.0,,,0,1,,,,,,,,,,,,
261,,MPASI Lionel,COD,Congo DR,Le Havre AC,GK,31,182,,,,,,,,,,,,,,,,,,,,,,,,,,,,,,,,FIFA World Cup 2026 roster,Lionel Mpasi,moved,GK,cd Congo DR,31,1.fr Le Havre,4,4,360,4.0,0,0,0,0,0,0,0,0,Lionel Mpasi,0,0,,0.0,0.0,,,0,0,5.0,1.25,19.0,14.0,73.7,0.0,0.0,0.0,0.0,0.0,0.0,
262,,WAN-BISSAKA Aaron,COD,Congo DR,West Ham United FC,DF,28,183,,,,,,,,,,,,,,,,,,,,,,,,,,,,,,,,FIFA World Cup 2026 roster,Aaron Wan-Bissaka,moved,DF,cd Congo DR,28,1.eng West Ham,4,4,354,3.9,0,0,0,0,0,0,0,0,Aaron Wan-Bissaka,0,0,,0.0,0.0,,,4,7,,,,,,,,,,,,
263,,KAPUADI Steve,COD,Congo DR,Widzew Łódź,DF,28,196,,,,,,,,,,,,,,,,,,,,,,,,,,,,,,,,FIFA World Cup 2026 roster,Steve Kapuadi,moved,DF,cd Congo DR,28,1.pl Widzew Łódź,2,2,180,2.0,0,0,0,0,0,0,0,0,Steve Kapuadi,1,0,0.0,0.5,0.0,0.0,,1,1,,,,,,,,,,,,
264,,TUANZEBE Axel,COD,Congo DR,Burnley FC,DF,28,188,,,,,,,,,,,,,,,,,,,,,,,,,,,,,,,,FIFA World Cup 2026 roster,Axel Tuanzebe,moved,DF,cd Congo DR,28,1.eng Burnley,4,4,360,4.0,0,0,0,0,0,0,0,0,Axel Tuanzebe,0,0,,0.0,0.0,,,2,1,,,,,,,,,,,,
267,,MBUKU Nathanael,COD,Congo DR,Montpellier HSC,MF,24,170,,,,,,,,,,,,,,,,,,,,,,,,,,,,,,,,FIFA World Cup 2026 roster,Nathanaël Mbuku,moved,"MF,FW",cd Congo DR,24,2.fr Montpellier,3,2,143,1.6,0,0,0,0,0,0,1,0,Nathanaël Mbuku,3,2,66.7,1.89,1.26,0.0,0.0,3,0,,,,,,,,,,,,
268,,MOUTOUSSAMY Samuel,COD,Congo DR,Atromitos FC,MF,29,176,,,,,,,,,,,,,,,,,,,,,,,,,,,,,,,,FIFA World Cup 2026 roster,Samuel Moutoussamy,moved,MF,cd Congo DR,29,1.gr Atromitos,4,4,330,3.7,0,0,0,0,0,0,1,0,Samuel Moutoussamy,3,0,0.0,0.82,0.0,0.0,,8,1,,,,,,,,,,,,
269,,CIPENGA Brian,COD,Congo DR,CD Castellón,FW,28,172,,,,,,,,,,,,,,,,,,,,,,,,,,,,,,,,FIFA World Cup 2026 roster,Brian Cipenga,moved,"MF,FW",cd Congo DR,28,2.es Castellón,2,2,146,1.6,1,0,1,1,0,0,0,0,Brian Cipenga,6,1,16.7,3.7,0.62,0.17,1.0,2,0,,,,,,,,,,,,
270,,BONGONDA Theo,COD,Congo DR,FC Spartak Moscow,MF,30,176,,,,,,,,,,,,,,,,,,,,,,,,,,,,,,,,FIFA World Cup 2026 roster,Theo Bongonda,moved,"FW,MF",cd Congo DR,30,1.ru Spartak Moscow,2,0,34,0.4,0,0,0,0,0,0,0,0,Theo Bongonda,1,0,0.0,2.65,0.0,0.0,,0,1,,,,,,,,,,,,
272,,KAYEMBE Joris,COD,Congo DR,KRC Genk,DF,31,180,,,,,,,,,,,,,,,,,,,,,,,,,,,,,,,,FIFA World Cup 2026 roster,Joris Kayembe,moved,"DF,FW",cd Congo DR,31,1.be Genk,4,0,45,0.5,0,0,0,0,0,0,0,0,Joris Kayembe,1,0,0.0,2.0,0.0,0.0,,4,4,,,,,,,,,,,,
274,,SADIKI Noah,COD,Congo DR,Sunderland AFC,MF,21,165,,,,,,,,,,,,,,,,,,,,,,,,,,,,,,,,FIFA World Cup 2026 roster,Noah Sadiki,moved,MF,cd Congo DR,21,1.eng Sunderland,4,2,259,2.9,0,0,0,0,0,0,2,0,Noah Sadiki,0,0,,0.0,0.0,,,4,2,,,,,,,,,,,,
277,,BAKAMBU Cedric,COD,Congo DR,Real Betis,FW,35,182,,,,,,,,,,,,,,,,,,,,,,,,,,,,,,,,FIFA World Cup 2026 roster,Cédric Bakambu,moved,FW,cd Congo DR,35,1.es Real Betis,3,3,190,2.1,0,0,0,0,0,0,0,0,Cédric Bakambu,3,0,0.0,1.42,0.0,0.0,,0,0,,,,,,,,,,,,
278,,PICKEL Charles,COD,Congo DR,RCD Espanyol,MF,29,187,,,,,,,,,,,,,,,,,,,,,,,,,,,,,,,,FIFA World Cup 2026 roster,Charles Pickel,moved,"DF,MF",cd Congo DR,29,1.es Espanyol,2,0,35,0.4,0,0,0,0,0,0,1,0,Charles Pickel,1,0,0.0,2.57,0.0,0.0,,0,0,,,,,,,,,,,,
279,,MAYELE Fiston,COD,Congo DR,Pyramids FC,FW,31,185,,,,,,,,,,,,,,,,,,,,,,,,,,,,,,,,FIFA World Cup 2026 roster,Fiston Mayele,moved,FW,cd Congo DR,31,1.eg Pyramids FC,2,0,42,0.5,1,0,1,1,0,0,0,0,Fiston Mayele,5,1,20.0,10.71,2.14,0.2,1.0,0,0,,,,,,,,,,,,
280,,WISSA Yoane,COD,Congo DR,Newcastle United FC,FW,29,176,,,,,,,,,,,,,,,,,,,,,,,,,,,,,,,,FIFA World Cup 2026 roster,Yoane Wissa,moved,FW,cd Congo DR,29,1.eng Newcastle,4,4,360,4.0,3,0,3,2,1,1,0,0,Yoane Wissa,11,3,27.3,2.75,0.75,0.27,1.0,1,0,,,,,,,,,,,,
282,,MBEMBA Chancel,COD,Congo DR,Lille OSC,DF,31,182,,,,,,,,,,,,,,,,,,,,,,,,,,,,,,,,FIFA World Cup 2026 roster,Chancel Mbemba,moved,DF,cd Congo DR,31,1.fr Lille,4,4,360,4.0,0,1,1,0,0,0,1,0,Chancel Mbemba,1,0,0.0,0.25,0.0,0.0,,3,1,,,,,,,,,,,,
283,,BANZA Simon,COD,Congo DR,Al Jazira,FW,29,189,,,,,,,,,,,,,,,,,,,,,,,,,,,,,,,,FIFA World Cup 2026 roster,Simon Banza,moved,"FW,MF",cd Congo DR,29,1.ae Al Jazira Club,2,0,40,0.4,0,0,0,0,0,0,0,0,Simon Banza,0,0,,0.0,0.0,,,1,0,,,,,,,,,,,,
284,,KALULU Gedeon,COD,Congo DR,Aris Limassol FC,DF,28,178,,,,,,,,,,,,,,,,,,,,,,,,,,,,,,,,FIFA World Cup 2026 roster,Gédéon Kalulu,moved,DF,cd Congo DR,28,1.cy Aris Limassol,1,0,6,0.1,0,0,0,0,0,0,0,0,Gédéon Kalulu,0,0,,0.0,0.0,,,0,0,,,,,,,,,,,,
285,,KAYEMBE Edo,COD,Congo DR,Watford FC,MF,28,183,,,,,,,,,,,,,,,,,,,,,,,,,,,,,,,,FIFA World Cup 2026 roster,Edo Kayembe,moved,MF,cd Congo DR,28,2.eng Watford,3,2,160,1.8,0,0,0,0,0,0,0,0,Edo Kayembe,2,1,50.0,1.13,0.56,0.0,0.0,1,0,,,,,,,,,,,,
286,,MASUAKU Arthur,COD,Congo DR,RC Lens,DF,32,179,,,,,,,,,,,,,,,,,,,,,,,,,,,,,,,,FIFA World Cup 2026 roster,Arthur Masuaku,moved,DF,cd Congo DR,32,1.fr Lens,4,4,315,3.5,0,1,1,0,0,0,0,0,Arthur Masuaku,0,0,,0.0,0.0,,,5,0,,,,,,,,,,,,
287,,FOFANA Yahia,CIV,Côte D'Ivoire,Çaykur Rizespor,GK,25,194,,,,,,,,,,,,,,,,,,,,,,,,,,,,,,,,FIFA World Cup 2026 roster,Yahia Fofana,moved,GK,ci Côte d'Ivoire,25,1.tr Rizespor,4,4,360,4.0,0,0,0,0,0,0,0,0,Yahia Fofana,0,0,,0.0,0.0,,,0,0,4.0,1.0,13.0,9.0,69.2,2.0,50.0,0.0,0.0,0.0,0.0,
288,,DIOMANDE Ousmane,CIV,Côte D'Ivoire,Sporting CP,DF,22,190,,,,,,,,,,,,,,,,,,,,,,,,,,,,,,,,FIFA World Cup 2026 roster,Ousmane Diomande,moved,DF,ci Côte d'Ivoire,22,1.pt Sporting CP,1,1,90,1.0,0,0,0,0,0,0,0,0,Ousmane Diomande,0,0,,0.0,0.0,,,0,1,,,,,,,,,,,,
289,,KONAN Ghislain,CIV,Côte D'Ivoire,Gil Vicente FC,DF,30,176,,,,,,,,,,,,,,,,,,,,,,,,,,,,,,,,FIFA World Cup 2026 roster,Ghislain Konan,moved,DF,ci Côte d'Ivoire,30,1.pt Gil Vicente FC,3,3,269,3.0,0,0,0,0,0,0,0,0,Ghislain Konan,4,0,0.0,1.34,0.0,0.0,,3,0,,,,,,,,,,,,
291,,SINGO Wilfried,CIV,Côte D'Ivoire,Galatasaray SK,DF,25,182,,,,,,,,,,,,,,,,,,,,,,,,,,,,,,,,FIFA World Cup 2026 roster,Wilfried Singo,moved,DF,ci Côte d'Ivoire,25,1.tr Galatasaray,2,2,171,1.9,0,1,1,0,0,0,0,0,Wilfried Singo,2,0,0.0,1.05,0.0,0.0,,0,4,,,,,,,,,,,,
292,,FOFANA Seko,CIV,Côte D'Ivoire,FC Porto,MF,31,185,,,,,,,,,,,,,,,,,,,,,,,,,,,,,,,,FIFA World Cup 2026 roster,Seko Fofana,moved,MF,ci Côte d'Ivoire,31,1.pt Porto,2,1,92,1.0,0,0,0,0,0,0,1,0,Seko Fofana,5,1,20.0,4.89,0.98,0.0,0.0,0,2,,,,,,,,,,,,
293,,KOSSOUNOU Odilon,CIV,Côte D'Ivoire,Atalanta Bergamo,DF,25,191,,,,,,,,,,,,,,,,,,,,,,,,,,,,,,,,FIFA World Cup 2026 roster,Odilon Kossounou,moved,DF,ci Côte d'Ivoire,25,1.it Atalanta,4,3,272,3.0,0,0,0,0,0,0,0,0,Odilon Kossounou,0,0,,0.0,0.0,,,3,3,,,,,,,,,,,,
294,,KESSIE Franck,CIV,Côte D'Ivoire,Al Ahli FC,MF,29,183,,,,,,,,,,,,,,,,,,,,,,,,,,,,,,,,FIFA World Cup 2026 roster,Franck Kessié,moved,MF,ci Côte d'Ivoire,29,1.sa Al-Ahli,4,4,346,3.8,1,0,1,1,0,0,1,0,Franck Kessié,4,2,50.0,1.04,0.52,0.25,0.5,4,0,,,,,,,,,,,,
295,,BONNY Ange-Yoan,CIV,Côte D'Ivoire,FC Internazionale Milano,FW,22,189,,,,,,,,,,,,,,,,,,,,,,,,,,,,,,,,FIFA World Cup 2026 roster,Ange-Yoan Bonny,moved,FW,ci Côte d'Ivoire,22,1.it Inter,4,3,234,2.6,0,0,0,0,0,0,0,0,Ange-Yoan Bonny,1,1,100.0,0.38,0.38,0.0,0.0,2,1,,,,,,,,,,,,
296,,ADINGRA Simon,CIV,Côte D'Ivoire,AS Monaco,FW,24,175,,,,,,,,,,,,,,,,,,,,,,,,,,,,,,,,FIFA World Cup 2026 roster,Simon Adingra,moved,"FW,MF",ci Côte d'Ivoire,24,1.fr Monaco,1,0,16,0.2,0,0,0,0,0,0,0,0,Simon Adingra,0,0,,0.0,0.0,,,0,0,,,,,,,,,,,,
297,,DIOMANDE Yan,CIV,Côte D'Ivoire,RB Leipzig,FW,19,180,,,,,,,,,,,,,,,,,,,,,,,,,,,,,,,,FIFA World Cup 2026 roster,Yan Diomandé,moved,"MF,FW",ci Côte d'Ivoire,19,1.de RB Leipzig,4,4,329,3.7,0,1,1,0,0,0,0,0,Yan Diomandé,4,0,0.0,1.09,0.0,0.0,,6,4,,,,,,,,,,,,
298,,WAHI Elye,CIV,Côte D'Ivoire,OGC Nice,FW,23,181,,,,,,,,,,,,,,,,,,,,,,,,,,,,,,,,FIFA World Cup 2026 roster,Elye Wahi,moved,FW,ci Côte d'Ivoire,23,1.fr Nice,3,1,110,1.2,0,0,0,0,0,0,0,0,Elye Wahi,3,2,66.7,2.45,1.64,0.0,0.0,1,0,,,,,,,,,,,,
299,,OPERI Christopher,CIV,Côte D'Ivoire,Başakşehir FK,DF,29,183,,,,,,,,,,,,,,,,,,,,,,,,,,,,,,,,FIFA World Cup 2026 roster,Christopher Opéri,moved,DF,ci Côte d'Ivoire,29,1.tr Başakşehir,1,1,90,1.0,0,0,0,0,0,0,0,0,Christopher Opéri,0,0,,0.0,0.0,,,2,1,,,,,,,,,,,,
300,,DIAKITE Oumar,CIV,Côte D'Ivoire,Cercle Brugge,FW,22,182,,,,,,,,,,,,,,,,,,,,,,,,,,,,,,,,FIFA World Cup 2026 roster,Oumar Diakité,moved,FW,ci Côte d'Ivoire,22,1.be Cercle Brugge,2,0,28,0.3,0,0,0,0,0,0,0,0,Oumar Diakité,0,0,,0.0,0.0,,,1,0,,,,,,,,,,,,
301,,DIALLO Amad,CIV,Côte D'Ivoire,Manchester United FC,FW,23,173,,,,,,,,,,,,,,,,,,,,,,,,,,,,,,,,FIFA World Cup 2026 roster,Amad Diallo,moved,"MF,FW",ci Côte d'Ivoire,23,1.eng Manchester Utd,4,2,185,2.1,2,0,2,2,0,0,0,0,Amad Diallo,8,4,50.0,3.89,1.95,0.25,0.5,4,2,,,,,,,,,,,,
303,,DOUE Guela,CIV,Côte D'Ivoire,RC Strasbourg,DF,23,187,,,,,,,,,,,,,,,,,,,,,,,,,,,,,,,,FIFA World Cup 2026 roster,Guéla Doué,moved,DF,ci Côte d'Ivoire,23,1.fr Strasbourg,4,3,277,3.1,0,0,0,0,0,0,1,0,Guéla Doué,1,0,0.0,0.32,0.0,0.0,,5,3,,,,,,,,,,,,
304,,SANGARE Ibrahim,CIV,Côte D'Ivoire,Nottingham Forest FC,MF,28,191,,,,,,,,,,,,,,,,,,,,,,,,,,,,,,,,FIFA World Cup 2026 roster,Ibrahim Sangaré,moved,MF,ci Côte d'Ivoire,28,1.eng Nottingham,4,3,268,3.0,0,1,1,0,0,0,0,0,Ibrahim Sangaré,1,0,0.0,0.34,0.0,0.0,,5,6,,,,,,,,,,,,
305,,PEPE Nicolas,CIV,Côte D'Ivoire,Villarreal CF,FW,31,183,,,,,,,,,,,,,,,,,,,,,,,,,,,,,,,,FIFA World Cup 2026 roster,Nicolas Pépé,moved,FW,ci Côte d'Ivoire,31,1.es Villarreal,4,3,234,2.6,2,1,3,2,0,0,1,0,Nicolas Pépé,6,3,50.0,2.31,1.15,0.33,0.67,0,3,,,,,,,,,,,,
306,,AGBADOU Emmanuel,CIV,Côte D'Ivoire,Beşiktaş JK,DF,28,185,,,,,,,,,,,,,,,,,,,,,,,,,,,,,,,,FIFA World Cup 2026 roster,Emmanuel Agbadou,moved,DF,ci Côte d'Ivoire,28,1.tr Beşiktaş,3,3,270,3.0,0,0,0,0,0,0,0,0,Emmanuel Agbadou,3,1,33.3,1.0,0.33,0.0,0.0,6,4,,,,,,,,,,,,
308,,GUESSAND Evann,CIV,Côte D'Ivoire,Crystal Palace FC,FW,24,188,,,,,,,,,,,,,,,,,,,,,,,,,,,,,,,,FIFA World Cup 2026 roster,Evann Guessand,moved,"FW,MF",ci Côte d'Ivoire,24,1.eng Crystal Palace,2,0,17,0.2,0,0,0,0,0,0,0,0,Evann Guessand,1,0,0.0,5.29,0.0,0.0,,0,0,,,,,,,,,,,,
310,,TOURE Bazoumana,CIV,Côte D'Ivoire,TSG Hoffenheim,FW,20,178,,,,,,,,,,,,,,,,,,,,,,,,,,,,,,,,FIFA World Cup 2026 roster,Bazoumana Touré,moved,MF,ci Côte d'Ivoire,20,1.de Hoffenheim,3,1,80,0.9,0,0,0,0,0,0,0,0,Bazoumana Touré,0,0,,0.0,0.0,,,1,0,,,,,,,,,,,,
313,,LIVAKOVIC Dominik,CRO,Croatia,GNK Dinamo Zagreb,GK,31,188,,,,,,,,,,,,,,,,,,,,,,,,,,,,,,,,FIFA World Cup 2026 roster,Dominik Livaković,moved,GK,hr Croatia,31,1.hr Dinamo Zagreb,4,4,360,4.0,0,0,0,0,0,0,0,0,Dominik Livaković,0,0,,0.0,0.0,,,0,0,7.0,1.75,17.0,10.0,58.8,1.0,25.0,2.0,2.0,0.0,0.0,0.0
314,,STANISIC Josip,CRO,Croatia,FC Bayern München,DF,26,186,,,,,,,,,,,,,,,,,,,,,,,,,,,,,,,,FIFA World Cup 2026 roster,Josip Stanišić,moved,"DF,MF",hr Croatia,26,1.de Bayern Munich,4,4,360,4.0,0,1,1,0,0,0,0,0,Josip Stanišić,0,0,,0.0,0.0,,,2,5,,,,,,,,,,,,
315,,PONGRACIC Marin,CRO,Croatia,ACF Fiorentina,DF,28,193,,,,,,,,,,,,,,,,,,,,,,,,,,,,,,,,FIFA World Cup 2026 roster,Marin Pongračić,moved,DF,hr Croatia,28,1.it Fiorentina,3,3,270,3.0,0,0,0,0,0,0,0,0,Marin Pongračić,1,0,0.0,0.33,0.0,0.0,,3,0,,,,,,,,,,,,
316,,GVARDIOL Josko,CRO,Croatia,Manchester City FC,DF,24,185,,,,,,,,,,,,,,,,,,,,,,,,,,,,,,,,FIFA World Cup 2026 roster,Joško Gvardiol,moved,DF,hr Croatia,24,1.eng Manchester City,4,2,139,1.5,0,0,0,0,0,0,0,0,Joško Gvardiol,1,0,0.0,0.65,0.0,0.0,,2,2,,,,,,,,,,,,
318,,SUTALO Josip,CRO,Croatia,AFC Ajax,DF,26,185,,,,,,,,,,,,,,,,,,,,,,,,,,,,,,,,FIFA World Cup 2026 roster,Josip Šutalo,moved,DF,hr Croatia,26,1.nl Ajax,4,4,360,4.0,0,0,0,0,0,0,0,0,Josip Šutalo,1,0,0.0,0.25,0.0,0.0,,4,6,,,,,,,,,,,,
320,,KOVACIC Mateo,CRO,Croatia,Manchester City FC,MF,32,178,,,,,,,,,,,,,,,,,,,,,,,,,,,,,,,,FIFA World Cup 2026 roster,Mateo Kovačić,moved,MF,hr Croatia,32,1.eng Manchester City,4,3,270,3.0,0,1,1,0,0,0,0,0,Mateo Kovačić,5,4,80.0,1.67,1.33,0.0,0.0,3,2,,,,,,,,,,,,
321,,KRAMARIC Andrej,CRO,Croatia,TSG Hoffenheim,FW,34,177,,,,,,,,,,,,,,,,,,,,,,,,,,,,,,,,FIFA World Cup 2026 roster,Andrej Kramarić,moved,"FW,MF",hr Croatia,34,1.de Hoffenheim,3,0,59,0.7,0,0,0,0,0,0,0,0,Andrej Kramarić,1,0,0.0,1.53,0.0,0.0,,1,0,,,,,,,,,,,,
322,,MODRIC Luka,CRO,Croatia,AC Milan,MF,40,172,,,,,,,,,,,,,,,,,,,,,,,,,,,,,,,,FIFA World Cup 2026 roster,Luka Modrić,moved,MF,hr Croatia,40,1.it Milan,4,4,317,3.5,0,1,1,0,0,0,1,0,Luka Modrić,1,0,0.0,0.28,0.0,0.0,,3,0,,,,,,,,,,,,
323,,BUDIMIR Ante,CRO,Croatia,CA Osasuna,FW,34,190,,,,,,,,,,,,,,,,,,,,,,,,,,,,,,,,FIFA World Cup 2026 roster,Ante Budimir,moved,FW,hr Croatia,34,1.es Osasuna,3,2,155,1.7,1,0,1,1,0,0,0,0,Ante Budimir,3,1,33.3,1.74,0.58,0.33,1.0,1,0,,,,,,,,,,,,
325,,VLASIC Nikola,CRO,Croatia,Torino FC,MF,28,179,,,,,,,,,,,,,,,,,,,,,,,,,,,,,,,,FIFA World Cup 2026 roster,Nikola Vlašić,moved,MF,hr Croatia,28,1.it Torino,3,2,189,2.1,1,0,1,1,0,0,0,0,Nikola Vlašić,3,1,33.3,1.43,0.48,0.33,1.0,2,1,,,,,,,,,,,,
326,,PERISIC Ivan,CRO,Croatia,PSV Eindhoven,FW,37,186,,,,,,,,,,,,,,,,,,,,,,,,,,,,,,,,FIFA World Cup 2026 roster,Ivan Perišić,moved,"MF,DF",hr Croatia,37,1.nl PSV,4,4,360,4.0,1,1,2,1,0,0,2,0,Ivan Perišić,2,2,100.0,0.5,0.5,0.5,0.5,4,4,,,,,,,,,,,,
327,,PASALIC Mario,CRO,Croatia,Atalanta Bergamo,MF,31,188,,,,,,,,,,,,,,,,,,,,,,,,,,,,,,,,FIFA World Cup 2026 roster,Mario Pašalić,moved,MF,hr Croatia,31,1.it Atalanta,4,1,123,1.4,0,0,0,0,0,0,0,0,Mario Pašalić,4,1,25.0,2.93,0.73,0.0,0.0,1,1,,,,,,,,,,,,
328,,BATURINA Martin,CRO,Croatia,Como,MF,23,172,,,,,,,,,,,,,,,,,,,,,,,,,,,,,,,,FIFA World Cup 2026 roster,Martin Baturina,moved,"MF,FW",hr Croatia,23,1.it Como,4,4,321,3.6,1,0,1,1,0,0,0,0,Martin Baturina,3,1,33.3,0.84,0.28,0.33,1.0,2,1,,,,,,,,,,,,
329,,SUCIC Petar,CRO,Croatia,FC Internazionale Milano,MF,22,183,,,,,,,,,,,,,,,,,,,,,,,,,,,,,,,,FIFA World Cup 2026 roster,Petar Sučić,moved,"MF,FW",hr Croatia,22,1.it Inter,4,3,289,3.2,1,1,2,1,0,0,1,0,Petar Sučić,3,2,66.7,0.93,0.62,0.33,0.5,2,1,,,,,,,,,,,,
332,,MATANOVIC Igor,CRO,Croatia,SC Freiburg,FW,23,194,,,,,,,,,,,,,,,,,,,,,,,,,,,,,,,,FIFA World Cup 2026 roster,Igor Matanović,moved,FW,hr Croatia,23,1.de Freiburg,3,0,95,1.1,0,0,0,0,0,0,0,0,Igor Matanović,4,2,50.0,3.79,1.89,0.0,0.0,0,0,,,,,,,,,,,,
333,,SUCIC Luka,CRO,Croatia,Real Sociedad,MF,23,185,,,,,,,,,,,,,,,,,,,,,,,,,,,,,,,,FIFA World Cup 2026 roster,Luka Sučić,moved,"FW,MF",hr Croatia,23,1.es Real Sociedad,1,0,19,0.2,0,0,0,0,0,0,0,0,Luka Sučić,1,0,0.0,4.74,0.0,0.0,,0,0,,,,,,,,,,,,
334,,VUSKOVIC Luka,CRO,Croatia,Hamburger SV,DF,19,193,,,,,,,,,,,,,,,,,,,,,,,,,,,,,,,,FIFA World Cup 2026 roster,Luka Vušković,moved,DF,hr Croatia,19,1.de Hamburger SV,1,1,65,0.7,0,0,0,0,0,0,0,0,Luka Vušković,0,0,,0.0,0.0,,,0,1,,,,,,,,,,,,
336,,PASALIC Marco,CRO,Croatia,Orlando City SC,FW,25,177,,,,,,,,,,,,,,,,,,,,,,,,,,,,,,,,FIFA World Cup 2026 roster,Marco Pašalić,moved,MF,hr Croatia,25,1.us Orlando City,3,1,99,1.1,0,0,0,0,0,0,0,0,Marco Pašalić,3,2,66.7,2.73,1.82,0.0,0.0,2,1,,,,,,,,,,,,
338,,MUSA Petar,CRO,Croatia,FC Dallas,FW,28,190,,,,,,,,,,,,,,,,,,,,,,,,,,,,,,,,FIFA World Cup 2026 roster,Petar Musa,moved,FW,hr Croatia,28,1.us FC Dallas,2,2,110,1.2,1,0,1,1,0,0,0,0,Petar Musa,1,1,100.0,0.82,0.82,1.0,1.0,0,0,,,,,,,,,,,,
339,,ROOM Eloy,CUW,Curaçao,Miami FC,GK,37,190,,,,,,,,,,,,,,,,,,,,,,,,,,,,,,,,FIFA World Cup 2026 roster,Eloy Room,moved,GK,cw Curaçao,37,2.us Miami FC,3,3,270,3.0,0,0,0,0,0,0,0,0,Eloy Room,0,0,,0.0,0.0,,,0,0,9.0,3.0,29.0,20.0,69.0,1.0,33.3,1.0,1.0,0.0,0.0,0.0
340,,SAMBO Shurandy,CUW,Curaçao,Sparta Rotterdam,DF,24,174,,,,,,,,,,,,,,,,,,,,,,,,,,,,,,,,FIFA World Cup 2026 roster,Shurandy Sambo,moved,DF,cw Curaçao,24,1.nl Sparta R.,1,0,1,0.0,0,0,0,0,0,0,0,0,Shurandy Sambo,0,0,,0.0,0.0,,,0,1,,,,,,,,,,,,
341,,GAARI Jurien,CUW,Curaçao,Abha Club,DF,32,183,,,,,,,,,,,,,,,,,,,,,,,,,,,,,,,,FIFA World Cup 2026 roster,Juriën Gaari,moved,DF,cw Curaçao,32,2.sa Abha,2,2,166,1.8,0,0,0,0,0,0,1,0,Juriën Gaari,2,0,0.0,1.08,0.0,0.0,,2,2,,,,,,,,,,,,
342,,VAN EIJMA Roshon,CUW,Curaçao,RKC Waalwijk,DF,28,186,,,,,,,,,,,,,,,,,,,,,,,,,,,,,,,,FIFA World Cup 2026 roster,Roshon van Eijma,moved,DF,cw Curaçao,28,2.nl RKC Waalwijk,1,0,15,0.2,0,0,0,0,0,0,0,0,Roshon van Eijma,0,0,,0.0,0.0,,,0,0,,,,,,,,,,,,
343,,FLORANUS Sherel,CUW,Curaçao,PEC Zwolle,DF,27,181,,,,,,,,,,,,,,,,,,,,,,,,,,,,,,,,FIFA World Cup 2026 roster,Sherel Floranus,moved,DF,cw Curaçao,27,1.nl Zwolle,3,3,270,3.0,0,0,0,0,0,0,0,0,Sherel Floranus,2,0,0.0,0.67,0.0,0.0,,6,4,,,,,,,,,,,,
344,,ROEMERATOE Godfried,CUW,Curaçao,RKC Waalwijk,MF,26,178,,,,,,,,,,,,,,,,,,,,,,,,,,,,,,,,FIFA World Cup 2026 roster,Godfried Roemeratoe,moved,MF,cw Curaçao,26,2.nl RKC Waalwijk,1,0,7,0.1,0,0,0,0,0,0,0,0,Godfried Roemeratoe,0,0,,0.0,0.0,,,0,0,,,,,,,,,,,,
345,,BACUNA Juninho,CUW,Curaçao,FC Volendam,MF,28,178,,,,,,,,,,,,,,,,,,,,,,,,,,,,,,,,FIFA World Cup 2026 roster,Juninho Bacuna,moved,MF,cw Curaçao,28,1.nl Volendam,3,3,254,2.8,0,0,0,0,0,0,2,0,Juninho Bacuna,5,1,20.0,1.77,0.35,0.0,0.0,4,5,,,,,,,,,,,,
346,,COMENENCIA Livano,CUW,Curaçao,FC Zürich,MF,22,185,,,,,,,,,,,,,,,,,,,,,,,,,,,,,,,,FIFA World Cup 2026 roster,Livano Comenencia,moved,MF,cw Curaçao,22,1.ch Zürich,3,3,233,2.6,1,0,1,1,0,0,1,0,Livano Comenencia,5,2,40.0,1.93,0.77,0.2,0.5,1,11,,,,,,,,,,,,
348,,BACUNA Leandro,CUW,Curaçao,Iğdır FK,MF,34,180,,,,,,,,,,,,,,,,,,,,,,,,,,,,,,,,FIFA World Cup 2026 roster,Leandro Bacuna,moved,MF,cw Curaçao,34,2.tr 76 Iğdır Belediyespor,3,3,270,3.0,0,0,0,0,0,0,1,0,Leandro Bacuna,6,1,16.7,2.0,0.33,0.0,0.0,3,0,,,,,,,,,,,,
349,,ANTONISSE Jeremy,CUW,Curaçao,AE Kifisia FC,FW,24,164,,,,,,,,,,,,,,,,,,,,,,,,,,,,,,,,FIFA World Cup 2026 roster,Jeremy Antonisse,moved,"FW,MF",cw Curaçao,24,1.gr AE Kifisia,2,0,75,0.8,0,0,0,0,0,0,0,0,Jeremy Antonisse,1,0,0.0,1.2,0.0,0.0,,1,0,,,,,,,,,,,,
350,,HANSEN Sontje,CUW,Curaçao,Middlesbrough FC,FW,24,176,,,,,,,,,,,,,,,,,,,,,,,,,,,,,,,,FIFA World Cup 2026 roster,Sontje Hansen,moved,FW,cw Curaçao,24,2.eng Middlesbrough,1,1,45,0.5,0,0,0,0,0,0,0,0,Sontje Hansen,1,1,100.0,2.0,2.0,0.0,0.0,0,0,,,,,,,,,,,,
351,,NOSLIN Tyrese,CUW,Curaçao,SC Telstar,FW,23,182,,,,,,,,,,,,,,,,,,,,,,,,,,,,,,,,FIFA World Cup 2026 roster,Tyrese Noslin,moved,MF,cw Curaçao,23,1.nl Telstar,1,0,14,0.2,0,0,0,0,0,0,0,0,Tyrese Noslin,0,0,,0.0,0.0,,,0,0,,,,,,,,,,,,
352,,GORRE Kenji,CUW,Curaçao,Maccabi Haifa FC,FW,31,174,,,,,,,,,,,,,,,,,,,,,,,,,,,,,,,,FIFA World Cup 2026 roster,Kenji Gorré,moved,"FW,MF",cw Curaçao,31,1.il Maccabi Haifa,1,0,16,0.2,0,0,0,0,0,0,0,0,Kenji Gorré,0,0,,0.0,0.0,,,0,0,,,,,,,,,,,,
354,,MARGARITHA Jearl,CUW,Curaçao,SK Beveren,FW,26,181,,,,,,,,,,,,,,,,,,,,,,,,,,,,,,,,FIFA World Cup 2026 roster,Jearl Margaritha,moved,"FW,MF",cw Curaçao,26,2.be Beveren,2,0,41,0.5,0,0,0,0,0,0,0,0,Jearl Margaritha,1,0,0.0,2.2,0.0,0.0,,0,0,,,,,,,,,,,,
355,,KUWAS Brandley,CUW,Curaçao,FC Volendam,FW,33,181,,,,,,,,,,,,,,,,,,,,,,,,,,,,,,,,FIFA World Cup 2026 roster,Brandley Kuwas,moved,"FW,MF",cw Curaçao,33,1.nl Volendam,1,0,1,0.0,0,0,0,0,0,0,0,0,Brandley Kuwas,0,0,,0.0,0.0,,,0,0,,,,,,,,,,,,
356,,OBISPO Armando,CUW,Curaçao,PSV Eindhoven,DF,27,185,,,,,,,,,,,,,,,,,,,,,,,,,,,,,,,,FIFA World Cup 2026 roster,Armando Obispo,moved,DF,cw Curaçao,27,1.nl PSV,3,3,270,3.0,0,0,0,0,0,0,0,0,Armando Obispo,0,0,,0.0,0.0,,,1,7,,,,,,,,,,,,
357,,KASTANEER Gervane,CUW,Curaçao,Terengganu FC,FW,30,189,,,,,,,,,,,,,,,,,,,,,,,,,,,,,,,,FIFA World Cup 2026 roster,Gervane Kastaneer,moved,"FW,MF",cw Curaçao,30,1.my Terengganu City,3,0,30,0.3,0,0,0,0,0,0,2,0,Gervane Kastaneer,1,0,0.0,3.0,0.0,0.0,,0,0,,,,,,,,,,,,
358,,BRENET Joshua,CUW,Curaçao,Kayserispor,DF,32,181,,,,,,,,,,,,,,,,,,,,,,,,,,,,,,,,FIFA World Cup 2026 roster,Joshua Brenet,moved,DF,cw Curaçao,32,1.tr Kayserispor,2,2,179,2.0,0,0,0,0,0,0,0,0,Joshua Brenet,0,0,,0.0,0.0,,,4,1,,,,,,,,,,,,
359,,CHONG Tahith,CUW,Curaçao,Sheeld United FC,MF,26,185,,,,,,,,,,,,,,,,,,,,,,,,,,,,,,,,FIFA World Cup 2026 roster,Tahith Chong,moved,MF,cw Curaçao,26,2.eng Sheffield United,3,3,247,2.7,0,0,0,0,0,0,0,0,Tahith Chong,4,2,50.0,1.46,0.73,0.0,0.0,0,1,,,,,,,,,,,,
361,,BAZOER Riechedly,CUW,Curaçao,Konyaspor,DF,29,184,,,,,,,,,,,,,,,,,,,,,,,,,,,,,,,,FIFA World Cup 2026 roster,Riechedly Bazoer,moved,DF,cw Curaçao,29,1.tr Konyaspor,1,1,90,1.0,0,0,0,0,0,0,0,0,Riechedly Bazoer,0,0,,0.0,0.0,,,1,1,,,,,,,,,,,,
362,,FONVILLE Deveron,CUW,Curaçao,NEC Nijmegen,DF,23,188,,,,,,,,,,,,,,,,,,,,,,,,,,,,,,,,FIFA World Cup 2026 roster,Deveron Fonville,moved,DF,cw Curaçao,23,1.nl NEC Nijmegen,3,3,241,2.7,0,0,0,0,0,0,0,0,Deveron Fonville,0,0,,0.0,0.0,,,3,5,,,,,,,,,,,,
365,,KOVAR Matej,CZE,Czechia,PSV Eindhoven,GK,26,196,,,,,,,,,,,,,,,,,,,,,,,,,,,,,,,,FIFA World Cup 2026 roster,Matej Kovar,moved,GK,cz Czechia,26,1.nl PSV,3,3,270,3.0,0,0,0,0,0,0,0,0,Matej Kovar,0,0,,0.0,0.0,,,0,0,6.0,2.0,15.0,9.0,60.0,0.0,0.0,1.0,1.0,0.0,0.0,0.0
366,,ZIMA David,CZE,Czechia,SK Slavia Praha,DF,25,190,,,,,,,,,,,,,,,,,,,,,,,,,,,,,,,,FIFA World Cup 2026 roster,David Zima,moved,DF,cz Czechia,25,1.cz Slavia Prague,1,0,13,0.1,0,0,0,0,0,0,0,0,David Zima,0,0,,0.0,0.0,,,0,0,,,,,,,,,,,,
367,,HOLES Tomas,CZE,Czechia,SK Slavia Praha,DF,33,180,,,,,,,,,,,,,,,,,,,,,,,,,,,,,,,,FIFA World Cup 2026 roster,Tomáš Holeš,moved,DF,cz Czechia,33,1.cz Slavia Prague,2,2,153,1.7,0,0,0,0,0,0,0,0,Tomáš Holeš,0,0,,0.0,0.0,,,3,4,,,,,,,,,,,,
368,,HRANAC Robin,CZE,Czechia,TSG Hoffenheim,DF,26,189,,,,,,,,,,,,,,,,,,,,,,,,,,,,,,,,FIFA World Cup 2026 roster,Robin Hranáč,moved,DF,cz Czechia,26,1.de Hoffenheim,3,3,270,3.0,0,0,0,0,0,0,0,0,Robin Hranáč,0,0,,0.0,0.0,,,0,1,,,,,,,,,,,,
369,,COUFAL Vladimir,CZE,Czechia,TSG Hoffenheim,DF,33,175,,,,,,,,,,,,,,,,,,,,,,,,,,,,,,,,FIFA World Cup 2026 roster,Vladimír Coufal,moved,"MF,DF",cz Czechia,33,1.de Hoffenheim,3,3,270,3.0,0,1,1,0,0,0,0,0,Vladimír Coufal,1,0,0.0,0.33,0.0,0.0,,1,2,,,,,,,,,,,,
370,,CHALOUPEK Stepan,CZE,Czechia,SK Slavia Praha,DF,23,188,,,,,,,,,,,,,,,,,,,,,,,,,,,,,,,,FIFA World Cup 2026 roster,Štěpán Chaloupek,moved,DF,cz Czechia,23,1.cz Slavia Prague,1,1,90,1.0,0,0,0,0,0,0,0,0,Štěpán Chaloupek,0,0,,0.0,0.0,,,0,2,,,,,,,,,,,,
371,,KREJCI Ladislav,CZE,Czechia,Wolverhampton Wanderers FC,DF,27,191,,,,,,,,,,,,,,,,,,,,,,,,,,,,,,,,FIFA World Cup 2026 roster,Ladislav Krejčí,moved,DF,cz Czechia,27,1.eng Wolves,3,3,270,3.0,1,0,1,1,0,0,1,0,Ladislav Krejčí,5,1,20.0,1.67,0.33,0.2,1.0,3,1,,,,,,,,,,,,
372,,DARIDA Vladimir,CZE,Czechia,FC Hradec Králové,MF,35,172,,,,,,,,,,,,,,,,,,,,,,,,,,,,,,,,FIFA World Cup 2026 roster,Vladimír Darida,moved,MF,cz Czechia,35,1.cz Hradec Králové,1,1,54,0.6,0,0,0,0,0,0,0,0,Vladimír Darida,1,0,0.0,1.67,0.0,0.0,,0,1,,,,,,,,,,,,
373,,HLOZEK Adam,CZE,Czechia,TSG Hoffenheim,FW,23,188,,,,,,,,,,,,,,,,,,,,,,,,,,,,,,,,FIFA World Cup 2026 roster,Adam Hložek,moved,FW,cz Czechia,23,1.de Hoffenheim,3,2,156,1.7,0,0,0,0,0,0,0,0,Adam Hložek,3,1,33.3,1.73,0.58,0.0,0.0,1,1,,,,,,,,,,,,
374,,SCHICK Patrik,CZE,Czechia,Bayer 04 Leverkusen,FW,30,191,,,,,,,,,,,,,,,,,,,,,,,,,,,,,,,,FIFA World Cup 2026 roster,Patrik Schick,moved,FW,cz Czechia,30,1.de Leverkusen,3,2,180,2.0,0,0,0,0,0,0,0,0,Patrik Schick,2,1,50.0,1.0,0.5,0.0,0.0,0,0,,,,,,,,,,,,
376,,CERV Lukas,CZE,Czechia,FC Viktoria Plzeň,MF,25,182,,,,,,,,,,,,,,,,,,,,,,,,,,,,,,,,FIFA World Cup 2026 roster,Lukáš Červ,moved,MF,cz Czechia,25,1.cz Viktoria Plzeň,2,2,163,1.8,0,0,0,0,0,0,0,0,Lukáš Červ,3,2,66.7,1.66,1.1,0.0,0.0,3,0,,,,,,,,,,,,
377,,CHYTIL Mojmir,CZE,Czechia,SK Slavia Praha,FW,27,187,,,,,,,,,,,,,,,,,,,,,,,,,,,,,,,,FIFA World Cup 2026 roster,Mojmír Chytil,moved,FW,cz Czechia,27,1.cz Slavia Prague,1,0,7,0.1,0,0,0,0,0,0,0,0,Mojmír Chytil,0,0,,0.0,0.0,,,0,0,,,,,,,,,,,,
379,,SULC Pavel,CZE,Czechia,Olympique Lyonnais,FW,25,177,,,,,,,,,,,,,,,,,,,,,,,,,,,,,,,,FIFA World Cup 2026 roster,Pavel Šulc,moved,FW,cz Czechia,25,1.fr Lyon,3,2,189,2.1,0,0,0,0,0,0,0,0,Pavel Šulc,2,0,0.0,0.95,0.0,0.0,,2,0,,,,,,,,,,,,
381,,PROVOD Lukas,CZE,Czechia,SK Slavia Praha,MF,29,191,,,,,,,,,,,,,,,,,,,,,,,,,,,,,,,,FIFA World Cup 2026 roster,Lukáš Provod,moved,FW,cz Czechia,29,1.cz Slavia Prague,3,1,122,1.4,0,0,0,0,0,0,0,0,Lukáš Provod,1,0,0.0,0.74,0.0,0.0,,3,1,,,,,,,,,,,,
382,,SADILEK Michal,CZE,Czechia,SK Slavia Praha,MF,27,169,,,,,,,,,,,,,,,,,,,,,,,,,,,,,,,,FIFA World Cup 2026 roster,Michal Sadílek,moved,MF,cz Czechia,27,1.cz Slavia Prague,3,2,183,2.0,1,0,1,1,0,0,0,0,Michal Sadílek,7,3,42.9,3.44,1.48,0.14,0.33,2,2,,,,,,,,,,,,
383,,CHORY Tomas,CZE,Czechia,SK Slavia Praha,FW,31,199,,,,,,,,,,,,,,,,,,,,,,,,,,,,,,,,FIFA World Cup 2026 roster,Tomáš Chorý,moved,FW,cz Czechia,31,1.cz Slavia Prague,2,0,31,0.3,0,0,0,0,0,0,0,0,Tomáš Chorý,0,0,,0.0,0.0,,,0,0,,,,,,,,,,,,
384,,ZELENY Jaroslav,CZE,Czechia,AC Sparta Praha,DF,33,190,,,,,,,,,,,,,,,,,,,,,,,,,,,,,,,,FIFA World Cup 2026 roster,Jaroslav Zelený,moved,MF,cz Czechia,33,1.cz Sparta Prague,2,1,126,1.4,0,0,0,0,0,0,0,0,Jaroslav Zelený,1,0,0.0,0.71,0.0,0.0,,0,0,,,,,,,,,,,,
385,,DOUDERA David,CZE,Czechia,SK Slavia Praha,DF,28,175,,,,,,,,,,,,,,,,,,,,,,,,,,,,,,,,FIFA World Cup 2026 roster,David Douděra,moved,MF,cz Czechia,28,1.cz Slavia Prague,1,1,90,1.0,0,0,0,0,0,0,0,0,David Douděra,4,0,0.0,4.0,0.0,0.0,,0,1,,,,,,,,,,,,
386,,SOUCEK Tomas,CZE,Czechia,West Ham United FC,MF,31,192,,,,,,,,,,,,,,,,,,,,,,,,,,,,,,,,FIFA World Cup 2026 roster,Tomáš Souček,moved,MF,cz Czechia,31,1.eng West Ham,3,1,137,1.5,0,0,0,0,0,0,0,0,Tomáš Souček,1,0,0.0,0.66,0.0,0.0,,0,1,,,,,,,,,,,,
388,,SOJKA Alexandr,CZE,Czechia,FC Viktoria Plzeň,MF,23,188,,,,,,,,,,,,,,,,,,,,,,,,,,,,,,,,FIFA World Cup 2026 roster,Alexandr Sojka,moved,"MF,DF",cz Czechia,23,1.cz Viktoria Plzeň,3,2,141,1.6,0,1,1,0,0,0,0,0,Alexandr Sojka,0,0,,0.0,0.0,,,1,2,,,,,,,,,,,,
390,,VISINSKY Denis,CZE,Czechia,FC Viktoria Plzeň,FW,23,178,,,,,,,,,,,,,,,,,,,,,,,,,,,,,,,,FIFA World Cup 2026 roster,Denis Višinský,moved,FW,cz Czechia,23,1.cz Viktoria Plzeň,1,1,55,0.6,0,0,0,0,0,0,0,0,Denis Višinský,3,0,0.0,4.91,0.0,0.0,,0,0,,,,,,,,,,,,
391,,GALINDEZ Hernan,ECU,Ecuador,CA Huracán,GK,39,189,,,,,,,,,,,,,,,,,,,,,,,,,,,,,,,,FIFA World Cup 2026 roster,Hernán Galíndez,moved,GK,ec Ecuador,39,1.ar Huracán,4,4,360,4.0,0,0,0,0,0,0,0,0,Hernán Galíndez,0,0,,0.0,0.0,,,0,0,4.0,1.0,13.0,9.0,69.2,1.0,25.0,0.0,0.0,0.0,0.0,
393,,HINCAPIE Piero,ECU,Ecuador,Arsenal FC,DF,24,183,,,,,,,,,,,,,,,,,,,,,,,,,,,,,,,,FIFA World Cup 2026 roster,Piero Hincapié,moved,DF,ec Ecuador,24,1.eng Arsenal,4,4,339,3.8,0,0,0,0,0,0,1,1,Piero Hincapié,3,0,0.0,0.8,0.0,0.0,,5,4,,,,,,,,,,,,
394,,ORDONEZ Joel,ECU,Ecuador,Club Brugge,DF,22,188,,,,,,,,,,,,,,,,,,,,,,,,,,,,,,,,FIFA World Cup 2026 roster,Joel Ordóñez,moved,DF,ec Ecuador,22,1.be Club Brugge,3,3,225,2.5,0,0,0,0,0,0,0,0,Joel Ordóñez,2,0,0.0,0.8,0.0,0.0,,5,1,,,,,,,,,,,,
395,,ALCIVAR Jordy,ECU,Ecuador,Independiente Del Valle,MF,26,168,,,,,,,,,,,,,,,,,,,,,,,,,,,,,,,,FIFA World Cup 2026 roster,Jordy Alcivar,moved,MF,ec Ecuador,26,1.ec Independiente,1,1,45,0.5,0,0,0,0,0,0,1,0,Jordy Alcivar,1,0,0.0,2.0,0.0,0.0,,1,0,,,,,,,,,,,,
396,,PACHO Willian,ECU,Ecuador,Paris Saint-Germain,DF,24,188,,,,,,,,,,,,,,,,,,,,,,,,,,,,,,,,FIFA World Cup 2026 roster,Willian Pacho,moved,DF,ec Ecuador,24,1.fr PSG,4,4,360,4.0,0,0,0,0,0,0,0,0,Willian Pacho,1,1,100.0,0.25,0.25,0.0,0.0,2,8,,,,,,,,,,,,
397,,ESTUPINAN Pervis,ECU,Ecuador,AC Milan,DF,28,175,,,,,,,,,,,,,,,,,,,,,,,,,,,,,,,,FIFA World Cup 2026 roster,Pervis Estupiñán,moved,MF,ec Ecuador,28,1.it Milan,2,1,89,1.0,0,0,0,0,0,0,0,0,Pervis Estupiñán,0,0,,0.0,0.0,,,1,0,,,,,,,,,,,,
399,,YEBOAH John,ECU,Ecuador,Venezia FC,FW,25,170,,,,,,,,,,,,,,,,,,,,,,,,,,,,,,,,FIFA World Cup 2026 roster,John Yeboah,moved,MF,ec Ecuador,25,2.it Venezia,4,4,311,3.5,0,0,0,0,0,0,0,0,John Yeboah,8,3,37.5,2.32,0.87,0.0,0.0,3,3,,,,,,,,,,,,
400,,PAEZ Kendry,ECU,Ecuador,CA River Plate,MF,19,178,,,,,,,,,,,,,,,,,,,,,,,,,,,,,,,,FIFA World Cup 2026 roster,Kendry Páez,moved,MF,ec Ecuador,19,1.ar River Plate,1,0,12,0.1,0,0,0,0,0,0,1,0,Kendry Páez,0,0,,0.0,0.0,,,0,0,,,,,,,,,,,,
401,,RODRIGUEZ Kevin,ECU,Ecuador,Royale Union Saint-Gilloise,FW,26,190,,,,,,,,,,,,,,,,,,,,,,,,,,,,,,,,FIFA World Cup 2026 roster,Kevin Rodríguez,moved,FW,ec Ecuador,26,1.be Union SG,4,0,118,1.3,0,1,1,0,0,0,0,0,Kevin Rodríguez,6,1,16.7,4.58,0.76,0.0,0.0,1,0,,,,,,,,,,,,
403,,VALENCIA Enner,ECU,Ecuador,CF Pachuca,FW,36,177,,,,,,,,,,,,,,,,,,,,,,,,,,,,,,,,FIFA World Cup 2026 roster,Enner Valencia,moved,FW,ec Ecuador,36,1.mx Pachuca,4,4,287,3.2,0,0,0,0,0,0,0,0,Enner Valencia,10,6,60.0,3.14,1.88,0.0,0.0,1,0,,,,,,,,,,,,
404,,MINDA Alan,ECU,Ecuador,Atlético Mineiro,MF,23,174,,,,,,,,,,,,,,,,,,,,,,,,,,,,,,,,FIFA World Cup 2026 roster,Alan Minda,moved,MF,ec Ecuador,23,1.br Atlético Mineiro,1,1,55,0.6,0,0,0,0,0,0,0,0,Alan Minda,2,0,0.0,3.27,0.0,0.0,,0,1,,,,,,,,,,,,
405,,VITE Pedro,ECU,Ecuador,Pumas UNAM,MF,24,172,,,,,,,,,,,,,,,,,,,,,,,,,,,,,,,,FIFA World Cup 2026 roster,Pedro Vite,moved,MF,ec Ecuador,24,1.mx UNAM,4,4,360,4.0,0,1,1,0,0,0,0,0,Pedro Vite,4,1,25.0,1.0,0.25,0.0,0.0,11,5,,,,,,,,,,,,
406,,CAICEDO Jordy,ECU,Ecuador,CA Huracán,FW,28,186,,,,,,,,,,,,,,,,,,,,,,,,,,,,,,,,FIFA World Cup 2026 roster,Jordy Caicedo,moved,FW,ec Ecuador,28,1.ar Huracán,3,0,20,0.2,0,0,0,0,0,0,0,0,Jordy Caicedo,1,0,0.0,4.5,0.0,0.0,,0,0,,,,,,,,,,,,
407,,PRECIADO Angelo,ECU,Ecuador,Atlético Mineiro,DF,28,174,,,,,,,,,,,,,,,,,,,,,,,,,,,,,,,,FIFA World Cup 2026 roster,Ángelo Preciado,moved,"DF,MF",ec Ecuador,28,1.br Atlético Mineiro,4,0,109,1.2,0,0,0,0,0,0,0,0,Ángelo Preciado,0,0,,0.0,0.0,,,1,3,,,,,,,,,,,,
409,,PLATA Gonzalo,ECU,Ecuador,CR Flamengo,FW,25,178,,,,,,,,,,,,,,,,,,,,,,,,,,,,,,,,FIFA World Cup 2026 roster,Gonzalo Plata,moved,FW,ec Ecuador,25,1.br Flamengo,4,4,360,4.0,1,0,1,1,0,0,1,0,Gonzalo Plata,8,5,62.5,2.0,1.25,0.13,0.2,5,2,,,,,,,,,,,,
410,,ANGULO Nilson,ECU,Ecuador,Sunderland AFC,FW,22,184,,,,,,,,,,,,,,,,,,,,,,,,,,,,,,,,FIFA World Cup 2026 roster,Nilson Angulo,moved,MF,ec Ecuador,22,1.eng Sunderland,4,2,218,2.4,1,0,1,1,0,0,0,0,Nilson Angulo,2,2,100.0,0.83,0.83,0.5,0.5,1,2,,,,,,,,,,,,
411,,FRANCO Alan,ECU,Ecuador,Atlético Mineiro,MF,27,175,,,,,,,,,,,,,,,,,,,,,,,,,,,,,,,,FIFA World Cup 2026 roster,Alan Franco,moved,DF,ec Ecuador,27,1.br Atlético Mineiro,4,4,251,2.8,0,0,0,0,0,0,2,0,Alan Franco,0,0,,0.0,0.0,,,6,4,,,,,,,,,,,,
413,,CAICEDO Moises,ECU,Ecuador,Chelsea FC,MF,24,178,,,,,,,,,,,,,,,,,,,,,,,,,,,,,,,,FIFA World Cup 2026 roster,Moisés Caicedo,moved,MF,ec Ecuador,24,1.eng Chelsea,4,4,360,4.0,0,0,0,0,0,0,1,0,Moisés Caicedo,4,1,25.0,1.0,0.25,0.0,0.0,6,4,,,,,,,,,,,,
415,,POROZO Jackson,ECU,Ecuador,Club Tijuana,DF,25,192,,,,,,,,,,,,,,,,,,,,,,,,,,,,,,,,FIFA World Cup 2026 roster,Jackson Porozo,moved,DF,ec Ecuador,25,1.mx Tijuana,1,0,29,0.3,0,0,0,0,0,0,1,0,Jackson Porozo,0,0,,0.0,0.0,,,0,0,,,,,,,,,,,,
416,,MEDINA Yaimar,ECU,Ecuador,KRC Genk,DF,21,173,,,,,,,,,,,,,,,,,,,,,,,,,,,,,,,,FIFA World Cup 2026 roster,Yaimar Medina,moved,"DF,MF",ec Ecuador,21,1.be Genk,1,0,45,0.5,0,0,0,0,0,0,0,0,Yaimar Medina,1,0,0.0,2.0,0.0,0.0,,0,1,,,,,,,,,,,,
418,,YASSER IBRAHIM,EGY,Egypt,Al Ahly FC,DF,33,185,,,,,,,,,,,,,,,,,,,,,,,,,,,,,,,,FIFA World Cup 2026 roster,Yasser Ibrahim,normal,DF,eg Egypt,33,1.eg Al Ahly,5,4,467,5.2,1,0,1,1,0,0,2,0,Yasser Ibrahim,1,1,100.0,0.19,0.19,1.0,1.0,6,3,,,,,,,,,,,,
419,,MOHAMED HANY,EGY,Egypt,Al Ahly FC,DF,30,175,,,,,,,,,,,,,,,,,,,,,,,,,,,,,,,,FIFA World Cup 2026 roster,Mohamed Hany,normal,DF,eg Egypt,30,1.eg Al Ahly,5,5,480,5.3,0,1,1,0,0,0,0,0,Mohamed Hany,4,0,0.0,0.75,0.0,0.0,,9,6,,,,,,,,,,,,
420,,HOSSAM ABDELMAGUID,EGY,Egypt,Zamalek SC,DF,25,193,,,,,,,,,,,,,,,,,,,,,,,,,,,,,,,,FIFA World Cup 2026 roster,Hossam Abdelmaguid,normal,DF,eg Egypt,25,1.eg Zamalek SC,2,0,59,0.7,0,0,0,0,0,0,0,0,Hossam Abdelmaguid,0,0,,0.0,0.0,,,0,1,,,,,,,,,,,,
421,,RAMY RABIA,EGY,Egypt,Al Ain FC,DF,33,183,,,,,,,,,,,,,,,,,,,,,,,,,,,,,,,,FIFA World Cup 2026 roster,Ramy Rabia,normal,DF,eg Egypt,33,1.ae Al Ain,5,3,372,4.1,0,0,0,0,0,0,0,0,Ramy Rabia,1,1,100.0,0.24,0.24,0.0,0.0,5,3,,,,,,,,,,,,
423,,TREZEGUET,EGY,Egypt,Al Ahly FC,FW,31,181,,,,,,,,,,,,,,,,,,,,,,,,,,,,,,,,FIFA World Cup 2026 roster,Trézéguet,normal,MF,eg Egypt,31,1.eg Al Ahly,4,1,164,1.8,1,1,2,1,0,0,0,0,Trézéguet,8,3,37.5,4.39,1.65,0.13,0.33,0,1,,,,,,,,,,,,
424,,EMAM ASHOUR,EGY,Egypt,Al Ahly FC,MF,28,180,,,,,,,,,,,,,,,,,,,,,,,,,,,,,,,,FIFA World Cup 2026 roster,Emam Ashour,normal,MF,eg Egypt,28,1.eg Al Ahly,5,5,362,4.0,2,0,2,2,0,0,0,0,Emam Ashour,10,2,20.0,2.49,0.5,0.2,1.0,2,4,,,,,,,,,,,,
425,,HAMZA ABDELKARIM,EGY,Egypt,FC Barcelona,FW,18,182,,,,,,,,,,,,,,,,,,,,,,,,,,,,,,,,FIFA World Cup 2026 roster,Hamza Abdelkarim,normal,FW,eg Egypt,18,4.es Barcelona B,4,0,60,0.7,0,0,0,0,0,0,0,0,Hamza Abdelkarim,0,0,,0.0,0.0,,,0,0,,,,,,,,,,,,
426,,MOHAMED SALAH,EGY,Egypt,Liverpool FC,FW,33,175,,,,,,,,,,,,,,,,,,,,,,,,,,,,,,,,FIFA World Cup 2026 roster,Mohamed Salah,normal,"FW,MF",eg Egypt,33,1.eng Liverpool,5,5,425,4.7,1,2,3,1,0,0,0,0,Mohamed Salah,9,4,44.4,1.91,0.85,0.11,0.25,0,2,,,,,,,,,,,,
428,,HAISSEM HASSAN,EGY,Egypt,Real Oviedo,FW,24,175,,,,,,,,,,,,,,,,,,,,,,,,,,,,,,,,FIFA World Cup 2026 roster,Haissem Hassan,normal,MF,eg Egypt,24,1.es Oviedo,2,1,126,1.4,0,1,1,0,0,0,2,0,Haissem Hassan,1,0,0.0,0.71,0.0,0.0,,1,0,,,,,,,,,,,,
429,,AHMED FATOUH,EGY,Egypt,Zamalek SC,DF,28,177,,,,,,,,,,,,,,,,,,,,,,,,,,,,,,,,FIFA World Cup 2026 roster,Ahmed Fatouh,normal,DF,eg Egypt,28,1.eg Zamalek SC,3,3,267,3.0,0,0,0,0,0,0,1,0,Ahmed Fatouh,1,1,100.0,0.34,0.34,0.0,0.0,5,4,,,,,,,,,,,,
430,,HAMDY FATHY,EGY,Egypt,Al Wakrah SC,MF,31,183,,,,,,,,,,,,,,,,,,,,,,,,,,,,,,,,FIFA World Cup 2026 roster,Hamdy Fathy,normal,"DF,MF",eg Egypt,31,1.qa Al-Wakrah,4,3,238,2.6,0,0,0,0,0,0,1,0,Hamdy Fathy,0,0,,0.0,0.0,,,3,2,,,,,,,,,,,,
431,,KARIM HAFEZ,EGY,Egypt,Pyramids FC,DF,30,174,,,,,,,,,,,,,,,,,,,,,,,,,,,,,,,,FIFA World Cup 2026 roster,Karim Hafez,normal,DF,eg Egypt,30,1.eg Pyramids FC,3,2,172,1.9,0,1,1,0,0,0,0,0,Karim Hafez,1,0,0.0,0.52,0.0,0.0,,1,3,,,,,,,,,,,,
436,,IBRAHIM ADEL,EGY,Egypt,FC Nordsjælland,FW,25,178,,,,,,,,,,,,,,,,,,,,,,,,,,,,,,,,FIFA World Cup 2026 roster,Ibrahim Adel,normal,MF,eg Egypt,25,1.dk Nordsjælland,1,0,3,0.0,0,0,0,0,0,0,0,0,Ibrahim Adel,0,0,,0.0,0.0,,,0,0,,,,,,,,,,,,
437,,MAHMOUD SABER,EGY,Egypt,ZED FC,MF,24,170,,,,,,,,,,,,,,,,,,,,,,,,,,,,,,,,FIFA World Cup 2026 roster,Mahmoud Saber,normal,MF,eg Egypt,24,1.eg ZED,2,1,46,0.5,1,0,1,1,0,0,1,0,Mahmoud Saber,3,1,33.3,5.87,1.96,0.33,1.0,0,0,,,,,,,,,,,,
438,,OMAR MARMOUSH,EGY,Egypt,Manchester City FC,FW,27,180,,,,,,,,,,,,,,,,,,,,,,,,,,,,,,,,FIFA World Cup 2026 roster,Omar Marmoush,normal,"FW,MF",eg Egypt,27,1.eng Manchester City,5,3,326,3.6,0,0,0,0,0,0,0,0,Omar Marmoush,11,1,9.1,3.04,0.28,0.0,0.0,3,2,,,,,,,,,,,,
441,,ZIZO,EGY,Egypt,Al Ahly FC,FW,30,175,,,,,,,,,,,,,,,,,,,,,,,,,,,,,,,,FIFA World Cup 2026 roster,Zizo,normal,MF,eg Egypt,30,1.eg Al Ahly,4,0,56,0.6,0,0,0,0,0,0,0,0,Zizo,3,1,33.3,4.82,1.61,0.0,0.0,1,0,,,,,,,,,,,,
443,,PICKFORD Jordan,ENG,England,Everton FC,GK,32,185,,,,,,,,,,,,,,,,,,,,,,,,,,,,,,,,FIFA World Cup 2026 roster,Jordan Pickford,moved,GK,eng England,32,1.eng Everton,7,7,660,7.3,0,0,0,0,0,0,0,0,Jordan Pickford,0,0,,0.0,0.0,,,0,0,8.0,1.09,23.0,15.0,65.2,2.0,28.6,1.0,1.0,0.0,0.0,0.0
444,,KONSA Ezri,ENG,England,Aston Villa FC,DF,28,180,,,,,,,,,,,,,,,,,,,,,,,,,,,,,,,,FIFA World Cup 2026 roster,Ezri Konsa,moved,DF,eng England,28,1.eng Aston Villa,8,7,647,7.2,1,0,1,1,0,0,0,0,Ezri Konsa,3,2,66.7,0.42,0.28,0.33,0.5,5,8,,,,,,,,,,,,
446,,RICE Declan,ENG,England,Arsenal FC,MF,27,185,,,,,,,,,,,,,,,,,,,,,,,,,,,,,,,,FIFA World Cup 2026 roster,Declan Rice,moved,MF,eng England,27,1.eng Arsenal,7,7,557,6.2,1,2,3,1,0,0,2,0,Declan Rice,6,3,50.0,0.97,0.48,0.17,0.33,3,5,,,,,,,,,,,,
447,,STONES John,ENG,England,Manchester City FC,DF,32,188,,,,,,,,,,,,,,,,,,,,,,,,,,,,,,,,FIFA World Cup 2026 roster,John Stones,moved,DF,eng England,32,1.eng Manchester City,5,3,330,3.7,0,0,0,0,0,0,0,0,John Stones,1,0,0.0,0.27,0.0,0.0,,0,0,,,,,,,,,,,,
448,,GUEHI Marc,ENG,England,Manchester City FC,DF,25,183,,,,,,,,,,,,,,,,,,,,,,,,,,,,,,,,FIFA World Cup 2026 roster,Marc Guéhi,moved,DF,eng England,25,1.eng Manchester City,8,7,663,7.4,0,0,0,0,0,0,1,0,Marc Guéhi,1,0,0.0,0.14,0.0,0.0,,1,6,,,,,,,,,,,,
449,,SAKA Bukayo,ENG,England,Arsenal FC,FW,24,178,,,,,,,,,,,,,,,,,,,,,,,,,,,,,,,,FIFA World Cup 2026 roster,Bukayo Saka,moved,MF,eng England,24,1.eng Arsenal,7,3,358,4.0,3,3,6,2,1,1,0,0,Bukayo Saka,13,7,53.8,3.27,1.76,0.23,0.43,7,1,,,,,,,,,,,,
450,,ANDERSON Elliot,ENG,England,Nottingham Forest FC,MF,23,179,,,,,,,,,,,,,,,,,,,,,,,,,,,,,,,,FIFA World Cup 2026 roster,Elliot Anderson,moved,MF,eng England,23,1.eng Nottingham,8,7,632,7.0,0,1,1,0,0,0,1,0,Elliot Anderson,7,1,14.3,1.0,0.14,0.0,0.0,18,8,,,,,,,,,,,,
451,,KANE Harry,ENG,England,FC Bayern München,FW,32,190,,,,,,,,,,,,,,,,,,,,,,,,,,,,,,,,FIFA World Cup 2026 roster,Harry Kane,moved,FW,eng England,32,1.de Bayern Munich,7,7,652,7.2,6,1,7,4,2,2,0,0,Harry Kane,23,12,52.2,3.17,1.66,0.26,0.5,3,1,,,,,,,,,,,,
452,,BELLINGHAM Jude,ENG,England,Real Madrid C. F.,MF,22,183,,,,,,,,,,,,,,,,,,,,,,,,,,,,,,,,FIFA World Cup 2026 roster,Jude Bellingham,moved,MF,eng England,22,1.es Real Madrid,8,7,614,6.8,7,1,8,7,0,0,1,0,Jude Bellingham,19,13,68.4,2.79,1.91,0.37,0.54,10,3,,,,,,,,,,,,
453,,RASHFORD Marcus,ENG,England,FC Barcelona,FW,28,180,,,,,,,,,,,,,,,,,,,,,,,,,,,,,,,,FIFA World Cup 2026 roster,Marcus Rashford,moved,MF,eng England,28,1.es Barcelona,6,3,223,2.5,1,1,2,1,0,0,0,0,Marcus Rashford,12,5,41.7,4.84,2.02,0.08,0.2,2,0,,,,,,,,,,,,
455,,HENDERSON Dean,ENG,England,Crystal Palace FC,GK,29,188,,,,,,,,,,,,,,,,,,,,,,,,,,,,,,,,FIFA World Cup 2026 roster,Dean Henderson,moved,GK,eng England,29,1.eng Crystal Palace,1,1,90,1.0,0,0,0,0,0,0,0,0,Dean Henderson,0,0,,0.0,0.0,,,0,1,4.0,4.0,9.0,5.0,55.6,0.0,0.0,0.0,0.0,0.0,0.0,
456,,HENDERSON Jordan,ENG,England,Brentford FC,MF,35,183,,,,,,,,,,,,,,,,,,,,,,,,,,,,,,,,FIFA World Cup 2026 roster,Jordan Henderson,moved,MF,eng England,35,1.eng Brentford,1,0,7,0.1,0,0,0,0,0,0,1,0,Jordan Henderson,0,0,,0.0,0.0,,,1,0,,,,,,,,,,,,
457,,BURN Dan,ENG,England,Newcastle United FC,DF,34,201,,,,,,,,,,,,,,,,,,,,,,,,,,,,,,,,FIFA World Cup 2026 roster,Dan Burn,moved,DF,eng England,34,1.eng Newcastle,3,0,35,0.4,0,0,0,0,0,0,0,0,Dan Burn,0,0,,0.0,0.0,,,0,0,,,,,,,,,,,,
459,,ROGERS Morgan,ENG,England,Aston Villa FC,MF,23,187,,,,,,,,,,,,,,,,,,,,,,,,,,,,,,,,FIFA World Cup 2026 roster,Morgan Rogers,moved,MF,eng England,23,1.eng Aston Villa,7,3,339,3.8,0,1,1,0,0,0,0,0,Morgan Rogers,3,1,33.3,0.8,0.27,0.0,0.0,3,0,,,,,,,,,,,,
460,,GORDON Anthony,ENG,England,Newcastle United FC,FW,25,182,,,,,,,,,,,,,,,,,,,,,,,,,,,,,,,,FIFA World Cup 2026 roster,Anthony Gordon,moved,MF,eng England,25,1.es Barcelona,6,5,396,4.4,1,3,4,1,0,0,0,0,Anthony Gordon,6,4,66.7,1.36,0.91,0.17,0.25,3,3,,,,,,,,,,,,
461,,WATKINS Ollie,ENG,England,Aston Villa FC,FW,30,180,,,,,,,,,,,,,,,,,,,,,,,,,,,,,,,,FIFA World Cup 2026 roster,Ollie Watkins,moved,"FW,MF",eng England,30,1.eng Aston Villa,2,0,52,0.6,0,0,0,0,0,0,0,0,Ollie Watkins,1,0,0.0,1.73,0.0,0.0,,1,0,,,,,,,,,,,,
462,,MADUEKE Noni,ENG,England,Arsenal FC,FW,24,182,,,,,,,,,,,,,,,,,,,,,,,,,,,,,,,,FIFA World Cup 2026 roster,Noni Madueke,moved,MF,eng England,24,1.eng Arsenal,5,4,286,3.2,0,0,0,0,0,0,0,0,Noni Madueke,6,1,16.7,1.89,0.31,0.0,0.0,4,2,,,,,,,,,,,,
463,,EZE Eberechi,ENG,England,Arsenal FC,MF,27,178,,,,,,,,,,,,,,,,,,,,,,,,,,,,,,,,FIFA World Cup 2026 roster,Eberechi Eze,moved,MF,eng England,27,1.eng Arsenal,5,1,211,2.3,0,1,1,0,0,0,0,0,Eberechi Eze,5,0,0.0,2.13,0.0,0.0,,0,0,,,,,,,,,,,,
464,,TONEY Ivan,ENG,England,Al Ahli FC,FW,30,185,,,,,,,,,,,,,,,,,,,,,,,,,,,,,,,,FIFA World Cup 2026 roster,Ivan Toney,moved,FW,eng England,30,1.sa Al-Ahli,2,1,79,0.9,0,0,0,0,0,0,0,0,Ivan Toney,2,1,50.0,2.28,1.14,0.0,0.0,0,0,,,,,,,,,,,,
466,,JAMES Reece,ENG,England,Chelsea FC,DF,26,180,,,,,,,,,,,,,,,,,,,,,,,,,,,,,,,,FIFA World Cup 2026 roster,Reece James,moved,DF,eng England,26,1.eng Chelsea,5,3,319,3.5,0,0,0,0,0,0,0,0,Reece James,1,0,0.0,0.28,0.0,0.0,,3,3,,,,,,,,,,,,
467,,SPENCE Djed,ENG,England,Tottenham Hotspur FC,DF,25,184,,,,,,,,,,,,,,,,,,,,,,,,,,,,,,,,FIFA World Cup 2026 roster,Djed Spence,moved,DF,eng England,25,1.eng Tottenham,8,4,404,4.5,0,0,0,0,0,0,0,0,Djed Spence,2,2,100.0,0.45,0.45,0.0,0.0,10,5,,,,,,,,,,,,
468,,QUANSAH Jarell,ENG,England,Bayer 04 Leverkusen,DF,23,190,,,,,,,,,,,,,,,,,,,,,,,,,,,,,,,,FIFA World Cup 2026 roster,Jarell Quansah,moved,DF,eng England,23,1.de Leverkusen,3,3,197,2.2,0,0,0,0,0,0,1,1,Jarell Quansah,0,0,,0.0,0.0,,,0,0,,,,,,,,,,,,
470,,GUSTO Malo,FRA,France,Chelsea FC,DF,23,179,,,,,,,,,,,,,,,,,,,,,,,,,,,,,,,,FIFA World Cup 2026 roster,Malo Gusto,moved,DF,fr France,23,1.eng Chelsea,5,1,121,1.3,0,0,0,0,0,0,0,0,Malo Gusto,0,0,,0.0,0.0,,,3,2,,,,,,,,,,,,
471,,DIGNE Lucas,FRA,France,Aston Villa FC,DF,32,178,,,,,,,,,,,,,,,,,,,,,,,,,,,,,,,,FIFA World Cup 2026 roster,Lucas Digne,moved,DF,fr France,32,1.eng Aston Villa,6,5,463,5.1,0,0,0,0,0,0,0,0,Lucas Digne,2,1,50.0,0.39,0.19,0.0,0.0,3,2,,,,,,,,,,,,
472,,UPAMECANO Dayot,FRA,France,FC Bayern München,DF,27,186,,,,,,,,,,,,,,,,,,,,,,,,,,,,,,,,FIFA World Cup 2026 roster,Dayot Upamecano,moved,DF,fr France,27,1.de Bayern Munich,8,7,660,7.3,0,1,1,0,0,0,0,0,Dayot Upamecano,4,2,50.0,0.55,0.27,0.0,0.0,12,15,,,,,,,,,,,,
473,,KOUNDE Jules,FRA,France,FC Barcelona,DF,27,178,,,,,,,,,,,,,,,,,,,,,,,,,,,,,,,,FIFA World Cup 2026 roster,Jules Koundé,moved,DF,fr France,27,1.es Barcelona,8,7,599,6.7,0,0,0,0,0,0,0,0,Jules Koundé,2,0,0.0,0.3,0.0,0.0,,8,3,,,,,,,,,,,,
474,,KONE Manu,FRA,France,AS Roma,MF,25,185,,,,,,,,,,,,,,,,,,,,,,,,,,,,,,,,FIFA World Cup 2026 roster,Manu Koné,moved,MF,fr France,25,1.it Roma,5,4,385,4.3,0,0,0,0,0,0,1,0,Manu Koné,6,2,33.3,1.4,0.47,0.0,0.0,5,3,,,,,,,,,,,,
475,,DEMBELE Ousmane,FRA,France,Paris Saint-Germain,FW,29,179,,,,,,,,,,,,,,,,,,,,,,,,,,,,,,,,FIFA World Cup 2026 roster,Ousmane Dembélé,moved,MF,fr France,29,1.fr PSG,8,7,592,6.6,6,2,8,6,0,0,0,0,Ousmane Dembélé,20,10,50.0,3.04,1.52,0.3,0.6,2,0,,,,,,,,,,,,
476,,TCHOUAMENI Aurelien,FRA,France,Real Madrid C. F.,MF,26,188,,,,,,,,,,,,,,,,,,,,,,,,,,,,,,,,FIFA World Cup 2026 roster,Aurélien Tchouaméni,moved,MF,fr France,26,1.es Real Madrid,4,4,360,4.0,0,1,1,0,0,0,1,0,Aurélien Tchouaméni,3,0,0.0,0.75,0.0,0.0,,14,6,,,,,,,,,,,,
477,,THURAM Marcus,FRA,France,FC Internazionale Milano,FW,28,192,,,,,,,,,,,,,,,,,,,,,,,,,,,,,,,,FIFA World Cup 2026 roster,Marcus Thuram,moved,"FW,MF",fr France,28,1.it Inter,1,0,1,0.0,0,0,0,0,0,0,0,0,Marcus Thuram,0,0,,0.0,0.0,,,0,0,,,,,,,,,,,,
478,,MBAPPE Kylian,FRA,France,Real Madrid C. F.,FW,27,180,,,,,,,,,,,,,,,,,,,,,,,,,,,,,,,,FIFA World Cup 2026 roster,Kylian Mbappé,moved,FW,fr France,27,1.es Real Madrid,8,8,695,7.7,10,4,14,9,1,2,1,0,Kylian Mbappé,41,23,56.1,5.31,2.98,0.24,0.43,1,0,,,,,,,,,,,,
479,,OLISE Michael,FRA,France,FC Bayern München,FW,24,184,,,,,,,,,,,,,,,,,,,,,,,,,,,,,,,,FIFA World Cup 2026 roster,Michael Olise,moved,MF,fr France,24,1.de Bayern Munich,8,8,646,7.2,0,7,7,0,0,0,1,0,Michael Olise,20,5,25.0,2.79,0.7,0.0,0.0,8,3,,,,,,,,,,,,
480,,BARCOLA Bradley,FRA,France,Paris Saint-Germain,FW,23,187,,,,,,,,,,,,,,,,,,,,,,,,,,,,,,,,FIFA World Cup 2026 roster,Bradley Barcola,moved,MF,fr France,23,1.fr PSG,8,4,384,4.3,3,1,4,3,0,0,1,0,Bradley Barcola,10,5,50.0,2.34,1.17,0.3,0.6,4,1,,,,,,,,,,,,
482,,RABIOT Adrien,FRA,France,AC Milan,MF,31,191,,,,,,,,,,,,,,,,,,,,,,,,,,,,,,,,FIFA World Cup 2026 roster,Adrien Rabiot,moved,MF,fr France,31,1.it Milan,7,7,585,6.5,0,1,1,0,0,0,1,0,Adrien Rabiot,9,1,11.1,1.38,0.15,0.0,0.0,7,11,,,,,,,,,,,,
483,,KONATE Ibrahima,FRA,France,Liverpool FC,DF,27,194,,,,,,,,,,,,,,,,,,,,,,,,,,,,,,,,FIFA World Cup 2026 roster,Ibrahima Konaté,moved,DF,fr France,27,1.eng Liverpool,2,1,60,0.7,0,0,0,0,0,0,0,0,Ibrahima Konaté,0,0,,0.0,0.0,,,0,3,,,,,,,,,,,,
484,,MAIGNAN Mike,FRA,France,AC Milan,GK,30,191,,,,,,,,,,,,,,,,,,,,,,,,,,,,,,,,FIFA World Cup 2026 roster,Mike Maignan,moved,GK,fr France,30,1.it Milan,8,8,720,8.0,0,0,0,0,0,0,0,0,Mike Maignan,0,0,,0.0,0.0,,,0,0,10.0,1.25,22.0,12.0,54.5,4.0,50.0,3.0,2.0,1.0,0.0,33.3
485,,SALIBA William,FRA,France,Arsenal FC,DF,25,192,,,,,,,,,,,,,,,,,,,,,,,,,,,,,,,,FIFA World Cup 2026 roster,William Saliba,moved,DF,fr France,25,1.eng Arsenal,6,6,479,5.3,0,0,0,0,0,0,0,0,William Saliba,1,0,0.0,0.19,0.0,0.0,,0,6,,,,,,,,,,,,
486,,ZAIRE-EMERY Warren,FRA,France,Paris Saint-Germain,MF,20,176,,,,,,,,,,,,,,,,,,,,,,,,,,,,,,,,FIFA World Cup 2026 roster,Warren Zaïre-Emery,moved,MF,fr France,20,1.fr PSG,2,1,110,1.2,0,0,0,0,0,0,0,0,Warren Zaïre-Emery,1,0,0.0,0.82,0.0,0.0,,0,1,,,,,,,,,,,,
487,,HERNANDEZ Theo,FRA,France,Al Hilal SC,DF,28,184,,,,,,,,,,,,,,,,,,,,,,,,,,,,,,,,FIFA World Cup 2026 roster,Theo Hernández,moved,DF,fr France,28,1.sa Al-Hilal,5,3,257,2.9,0,0,0,0,0,0,0,0,Theo Hernández,3,0,0.0,1.05,0.0,0.0,,1,3,,,,,,,,,,,,
488,,DOUE Desire,FRA,France,Paris Saint-Germain,FW,21,182,,,,,,,,,,,,,,,,,,,,,,,,,,,,,,,,FIFA World Cup 2026 roster,Désiré Doué,moved,MF,fr France,21,1.fr PSG,8,4,400,4.4,1,1,2,1,0,0,0,0,Désiré Doué,13,8,61.5,2.93,1.8,0.08,0.13,6,2,,,,,,,,,,,,
490,,MATETA Jean-Philippe,FRA,France,Crystal Palace FC,FW,28,192,,,,,,,,,,,,,,,,,,,,,,,,,,,,,,,,FIFA World Cup 2026 roster,Jean-Philippe Mateta,moved,FW,fr France,28,1.eng Crystal Palace,3,0,24,0.3,0,0,0,0,0,0,0,0,Jean-Philippe Mateta,3,1,33.3,11.25,3.75,0.0,0.0,0,0,,,,,,,,,,,,
492,,CHERKI Rayan,FRA,France,Manchester City FC,MF,22,180,,,,,,,,,,,,,,,,,,,,,,,,,,,,,,,,FIFA World Cup 2026 roster,Rayan Cherki,moved,MF,fr France,22,1.eng Manchester City,7,1,130,1.4,0,0,0,0,0,0,0,0,Rayan Cherki,1,1,100.0,0.69,0.69,0.0,0.0,1,1,,,,,,,,,,,,
493,,AKLIOUCHE Maghnes,FRA,France,AS Monaco,MF,24,183,,,,,,,,,,,,,,,,,,,,,,,,,,,,,,,,FIFA World Cup 2026 roster,Maghnes Akliouche,moved,MF,fr France,24,1.fr Monaco,1,0,8,0.1,0,0,0,0,0,0,0,0,Maghnes Akliouche,0,0,,0.0,0.0,,,0,0,,,,,,,,,,,,
494,,LACROIX Maxence,FRA,France,Crystal Palace FC,DF,26,192,,,,,,,,,,,,,,,,,,,,,,,,,,,,,,,,FIFA World Cup 2026 roster,Maxence Lacroix,moved,DF,fr France,26,1.eng Crystal Palace,3,2,241,2.7,0,0,0,0,0,0,0,0,Maxence Lacroix,0,0,,0.0,0.0,,,2,3,,,,,,,,,,,,
495,,NEUER Manuel,GER,Germany,FC Bayern München,GK,40,193,,,,,,,,,,,,,,,,,,,,,,,,,,,,,,,,FIFA World Cup 2026 roster,Manuel Neuer,moved,GK,de Germany,40,1.de Bayern Munich,4,4,390,4.3,0,0,0,0,0,0,0,0,Manuel Neuer,0,0,,0.0,0.0,,,0,0,5.0,1.15,10.0,5.0,50.0,0.0,0.0,0.0,0.0,0.0,0.0,
497,,ANTON Waldemar,GER,Germany,Borussia Dortmund,DF,29,189,,,,,,,,,,,,,,,,,,,,,,,,,,,,,,,,FIFA World Cup 2026 roster,Waldemar Anton,moved,"DF,MF",de Germany,29,1.de Dortmund,2,0,50,0.6,0,0,0,0,0,0,0,0,Waldemar Anton,1,1,100.0,1.8,1.8,0.0,0.0,1,2,,,,,,,,,,,,
498,,TAH Jonathan,GER,Germany,FC Bayern München,DF,30,195,,,,,,,,,,,,,,,,,,,,,,,,,,,,,,,,FIFA World Cup 2026 roster,Jonathan Tah,moved,DF,de Germany,30,1.de Bayern Munich,4,4,372,4.1,0,0,0,0,0,0,0,0,Jonathan Tah,1,1,100.0,0.24,0.24,0.0,0.0,3,1,,,,,,,,,,,,
499,,PAVLOVIC Aleksandar,GER,Germany,FC Bayern München,MF,22,188,,,,,,,,,,,,,,,,,,,,,,,,,,,,,,,,FIFA World Cup 2026 roster,Aleksandar Pavlovic,moved,MF,de Germany,22,1.de Bayern Munich,4,4,272,3.0,0,0,0,0,0,0,1,0,Aleksandar Pavlovic,4,1,25.0,1.32,0.33,0.0,0.0,3,2,,,,,,,,,,,,
500,,KIMMICH Joshua,GER,Germany,FC Bayern München,DF,31,177,,,,,,,,,,,,,,,,,,,,,,,,,,,,,,,,FIFA World Cup 2026 roster,Joshua Kimmich,moved,DF,de Germany,31,1.de Bayern Munich,4,4,351,3.9,0,2,2,0,0,0,0,0,Joshua Kimmich,5,1,20.0,1.28,0.26,0.0,0.0,4,4,,,,,,,,,,,,
501,,HAVERTZ Kai,GER,Germany,Arsenal FC,FW,27,190,,,,,,,,,,,,,,,,,,,,,,,,,,,,,,,,FIFA World Cup 2026 roster,Kai Havertz,moved,FW,de Germany,27,1.eng Arsenal,4,4,353,3.9,3,0,3,2,1,1,1,0,Kai Havertz,12,7,58.3,3.06,1.78,0.25,0.43,2,1,,,,,,,,,,,,
502,,GORETZKA Leon,GER,Germany,FC Bayern München,MF,31,189,,,,,,,,,,,,,,,,,,,,,,,,,,,,,,,,FIFA World Cup 2026 roster,Leon Goretzka,moved,MF,de Germany,31,1.de Bayern Munich,3,0,99,1.1,0,0,0,0,0,0,0,0,Leon Goretzka,2,0,0.0,1.82,0.0,0.0,,1,1,,,,,,,,,,,,
503,,LEWELING Jamie,GER,Germany,VfB Stuttgart,MF,25,185,,,,,,,,,,,,,,,,,,,,,,,,,,,,,,,,FIFA World Cup 2026 roster,Jamie Leweling,moved,"FW,MF",de Germany,25,1.de Stuttgart,1,0,31,0.3,0,0,0,0,0,0,0,0,Jamie Leweling,1,0,0.0,2.9,0.0,0.0,,0,0,,,,,,,,,,,,
504,,MUSIALA Jamal,GER,Germany,FC Bayern München,MF,23,180,,,,,,,,,,,,,,,,,,,,,,,,,,,,,,,,FIFA World Cup 2026 roster,Jamal Musiala,moved,MF,de Germany,23,1.de Bayern Munich,4,3,270,3.0,1,0,1,1,0,0,1,0,Jamal Musiala,6,1,16.7,2.0,0.33,0.17,1.0,5,1,,,,,,,,,,,,
505,,WOLTEMADE Nick,GER,Germany,Newcastle United FC,FW,24,198,,,,,,,,,,,,,,,,,,,,,,,,,,,,,,,,FIFA World Cup 2026 roster,Nick Woltemade,moved,"FW,MF",de Germany,24,1.eng Newcastle,1,0,33,0.4,0,0,0,0,0,0,0,0,Nick Woltemade,2,0,0.0,5.45,0.0,0.0,,1,0,,,,,,,,,,,,
508,,BEIER Maximilian,GER,Germany,Borussia Dortmund,FW,23,185,,,,,,,,,,,,,,,,,,,,,,,,,,,,,,,,FIFA World Cup 2026 roster,Maximilian Beier,moved,"FW,MF",de Germany,23,1.de Dortmund,1,0,27,0.3,0,0,0,0,0,0,0,0,Maximilian Beier,0,0,,0.0,0.0,,,0,0,,,,,,,,,,,,
509,,SCHLOTTERBECK Nico,GER,Germany,Borussia Dortmund,DF,26,191,,,,,,,,,,,,,,,,,,,,,,,,,,,,,,,,FIFA World Cup 2026 roster,Nico Schlotterbeck,moved,DF,de Germany,26,1.de Dortmund,2,2,135,1.5,1,0,1,1,0,0,0,0,Nico Schlotterbeck,2,2,100.0,1.33,1.33,0.5,0.5,2,3,,,,,,,,,,,,
510,,STILLER Angelo,GER,Germany,VfB Stuttgart,MF,25,183,,,,,,,,,,,,,,,,,,,,,,,,,,,,,,,,FIFA World Cup 2026 roster,Angelo Stiller,moved,MF,de Germany,25,1.de Stuttgart,1,0,45,0.5,0,0,0,0,0,0,0,0,Angelo Stiller,0,0,,0.0,0.0,,,1,1,,,,,,,,,,,,
511,,WIRTZ Florian,GER,Germany,Liverpool FC,MF,23,176,,,,,,,,,,,,,,,,,,,,,,,,,,,,,,,,FIFA World Cup 2026 roster,Florian Wirtz,moved,MF,de Germany,23,1.eng Liverpool,4,4,361,4.0,0,3,3,0,0,0,0,0,Florian Wirtz,10,1,10.0,2.49,0.25,0.0,0.0,6,2,,,,,,,,,,,,
512,,BROWN Nathaniel,GER,Germany,Eintracht Frankfurt,DF,22,176,,,,,,,,,,,,,,,,,,,,,,,,,,,,,,,,FIFA World Cup 2026 roster,Nathaniel Brown,moved,DF,de Germany,22,1.de Frankfurt,3,3,282,3.1,1,1,2,1,0,0,0,0,Nathaniel Brown,3,2,66.7,0.96,0.64,0.33,0.5,6,2,,,,,,,,,,,,
513,,SANE Leroy,GER,Germany,Galatasaray SK,MF,30,183,,,,,,,,,,,,,,,,,,,,,,,,,,,,,,,,FIFA World Cup 2026 roster,Leroy Sané,moved,MF,de Germany,30,1.tr Galatasaray,4,4,326,3.6,1,0,1,1,0,0,0,0,Leroy Sané,6,2,33.3,1.66,0.55,0.17,0.5,3,2,,,,,,,,,,,,
514,,AMIRI Nadiem,GER,Germany,1. FSV Mainz 05,MF,29,178,,,,,,,,,,,,,,,,,,,,,,,,,,,,,,,,FIFA World Cup 2026 roster,Nadiem Amiri,moved,MF,de Germany,29,1.de Mainz 05,2,0,42,0.5,0,1,1,0,0,0,0,0,Nadiem Amiri,2,1,50.0,4.29,2.14,0.0,0.0,1,0,,,,,,,,,,,,
516,,RAUM David,GER,Germany,RB Leipzig,DF,28,180,,,,,,,,,,,,,,,,,,,,,,,,,,,,,,,,FIFA World Cup 2026 roster,David Raum,moved,DF,de Germany,28,1.de RB Leipzig,2,1,108,1.2,0,0,0,0,0,0,0,0,David Raum,1,1,100.0,0.83,0.83,0.0,0.0,1,1,,,,,,,,,,,,
517,,NMECHA Felix,GER,Germany,Borussia Dortmund,MF,25,190,,,,,,,,,,,,,,,,,,,,,,,,,,,,,,,,FIFA World Cup 2026 roster,Felix Nmecha,moved,MF,de Germany,25,1.de Dortmund,4,4,270,3.0,1,1,2,1,0,0,0,0,Felix Nmecha,8,3,37.5,2.67,1.0,0.13,0.33,9,2,,,,,,,,,,,,
518,,THIAW Malick,GER,Germany,Newcastle United FC,DF,24,194,,,,,,,,,,,,,,,,,,,,,,,,,,,,,,,,FIFA World Cup 2026 roster,Malick Thiaw,moved,"DF,MF",de Germany,24,1.eng Newcastle,2,0,42,0.5,0,0,0,0,0,0,0,0,Malick Thiaw,0,0,,0.0,0.0,,,2,0,,,,,,,,,,,,
520,,UNDAV Deniz,GER,Germany,VfB Stuttgart,FW,29,179,,,,,,,,,,,,,,,,,,,,,,,,,,,,,,,,FIFA World Cup 2026 roster,Deniz Undav,moved,FW,de Germany,29,1.de Stuttgart,4,1,151,1.7,3,2,5,3,0,0,0,0,Deniz Undav,6,4,66.7,3.58,2.38,0.5,0.75,0,0,,,,,,,,,,,,
522,,SEIDU Alidu,GHA,Ghana,Stade Rennais FC,DF,26,173,,,,,,,,,,,,,,,,,,,,,,,,,,,,,,,,FIFA World Cup 2026 roster,Alidu Seidu,moved,DF,gh Ghana,26,1.fr Rennes,1,0,78,0.9,0,0,0,0,0,0,1,0,Alidu Seidu,0,0,,0.0,0.0,,,1,1,,,,,,,,,,,,
523,,YIRENKYI Caleb,GHA,Ghana,FC Nordsjælland,MF,20,182,,,,,,,,,,,,,,,,,,,,,,,,,,,,,,,,FIFA World Cup 2026 roster,Caleb Yirenkyi,moved,MF,gh Ghana,20,1.dk Nordsjælland,4,3,264,2.9,1,0,1,1,0,0,2,0,Caleb Yirenkyi,2,1,50.0,0.68,0.34,0.5,1.0,1,3,,,,,,,,,,,,
524,,ADJETEY Jonas,GHA,Ghana,VfL Wolfsburg,DF,22,188,,,,,,,,,,,,,,,,,,,,,,,,,,,,,,,,FIFA World Cup 2026 roster,Jonas Adjetey,moved,DF,gh Ghana,22,1.de Wolfsburg,3,3,225,2.5,0,0,0,0,0,0,0,0,Jonas Adjetey,2,1,50.0,0.8,0.4,0.0,0.0,3,1,,,,,,,,,,,,
525,,PARTEY Thomas,GHA,Ghana,Villarreal CF,MF,32,185,,,,,,,,,,,,,,,,,,,,,,,,,,,,,,,,FIFA World Cup 2026 roster,Thomas Partey,moved,MF,gh Ghana,33,1.es Villarreal,3,3,270,3.0,0,0,0,0,0,0,0,0,Thomas Partey,2,0,0.0,0.67,0.0,0.0,,4,6,,,,,,,,,,,,
528,,SIBO Kwasi,GHA,Ghana,Real Oviedo,MF,27,183,,,,,,,,,,,,,,,,,,,,,,,,,,,,,,,,FIFA World Cup 2026 roster,Kwasi Sibo,moved,MF,gh Ghana,27,1.es Oviedo,4,3,248,2.8,0,0,0,0,0,0,0,0,Kwasi Sibo,0,0,,0.0,0.0,,,0,2,,,,,,,,,,,,
529,,AYEW Jordan,GHA,Ghana,Leicester City FC,FW,34,182,,,,,,,,,,,,,,,,,,,,,,,,,,,,,,,,FIFA World Cup 2026 roster,Jordan Ayew,moved,FW,gh Ghana,34,2.eng Leicester City,4,4,300,3.3,0,0,0,0,0,0,0,0,Jordan Ayew,0,0,,0.0,0.0,,,3,1,,,,,,,,,,,,
530,,THOMAS-ASANTE Brandon,GHA,Ghana,Coventry City FC,FW,27,182,,,,,,,,,,,,,,,,,,,,,,,,,,,,,,,,FIFA World Cup 2026 roster,Brandon Thomas-Asante,moved,"FW,MF",gh Ghana,27,2.eng Coventry City,2,0,53,0.6,0,0,0,0,0,0,0,0,Brandon Thomas-Asante,1,0,0.0,1.7,0.0,0.0,,0,0,,,,,,,,,,,,
531,,SEMENYO Antoine,GHA,Ghana,Manchester City FC,MF,26,185,,,,,,,,,,,,,,,,,,,,,,,,,,,,,,,,FIFA World Cup 2026 roster,Antoine Semenyo,moved,"MF,FW",gh Ghana,26,1.eng Manchester City,4,4,360,4.0,0,0,0,0,0,0,0,0,Antoine Semenyo,6,0,0.0,1.5,0.0,0.0,,2,0,,,,,,,,,,,,
534,,MENSAH Gideon,GHA,Ghana,AJ Auxerre,DF,27,178,,,,,,,,,,,,,,,,,,,,,,,,,,,,,,,,FIFA World Cup 2026 roster,Gideon Mensah,moved,DF,gh Ghana,27,1.fr Auxerre,4,4,360,4.0,0,0,0,0,0,0,0,0,Gideon Mensah,0,0,,0.0,0.0,,,5,8,,,,,,,,,,,,
535,,OWUSU Elisha,GHA,Ghana,AJ Auxerre,MF,28,182,,,,,,,,,,,,,,,,,,,,,,,,,,,,,,,,FIFA World Cup 2026 roster,Elisha Owusu,moved,MF,gh Ghana,28,1.fr Auxerre,3,2,151,1.7,0,0,0,0,0,0,0,0,Elisha Owusu,0,0,,0.0,0.0,,,3,0,,,,,,,,,,,,
536,,ASARE Benjamin,GHA,Ghana,Hearts Of Oak SC,GK,33,188,,,,,,,,,,,,,,,,,,,,,,,,,,,,,,,,FIFA World Cup 2026 roster,Benjamin Asare,moved,GK,gh Ghana,33,1.gh Accra Hearts of Oak,3,2,225,2.5,0,0,0,0,0,0,0,0,Benjamin Asare,0,0,,0.0,0.0,,,0,0,2.0,0.8,10.0,8.0,80.0,2.0,100.0,0.0,0.0,0.0,0.0,
538,,OPOKU Jerome,GHA,Ghana,Başakşehir FK,DF,27,197,,,,,,,,,,,,,,,,,,,,,,,,,,,,,,,,FIFA World Cup 2026 roster,Jerome Opoku,moved,DF,gh Ghana,27,1.tr Başakşehir,3,3,270,3.0,0,0,0,0,0,0,0,0,Jerome Opoku,0,0,,0.0,0.0,,,2,1,,,,,,,,,,,,
539,,WILLIAMS Inaki,GHA,Ghana,Athletic Club,FW,31,186,,,,,,,,,,,,,,,,,,,,,,,,,,,,,,,,FIFA World Cup 2026 roster,Iñaki Williams,moved,"MF,FW",gh Ghana,31,1.es Athletic Club,2,2,126,1.4,0,0,0,0,0,0,1,0,Iñaki Williams,3,0,0.0,2.14,0.0,0.0,,0,1,,,,,,,,,,,,
542,,SULEMANA Kamaldeen,GHA,Ghana,Atalanta Bergamo,FW,24,174,,,,,,,,,,,,,,,,,,,,,,,,,,,,,,,,FIFA World Cup 2026 roster,Kamaldeen Sulemana,moved,"MF,FW",gh Ghana,24,1.us Atlanta Utd,2,2,127,1.4,0,0,0,0,0,0,0,0,Kamaldeen Sulemana,1,0,0.0,0.71,0.0,0.0,,2,1,,,,,,,,,,,,
543,,LUCKASSEN Derrick,GHA,Ghana,Pafos FC,DF,30,188,,,,,,,,,,,,,,,,,,,,,,,,,,,,,,,,FIFA World Cup 2026 roster,Derrick Luckassen,moved,DF,gh Ghana,30,1.cy Pafos FC,2,2,180,2.0,1,0,1,1,0,0,0,0,Derrick Luckassen,1,1,100.0,0.5,0.5,1.0,1.0,1,0,,,,,,,,,,,,
544,,NUAMAH Ernest,GHA,Ghana,Olympique Lyonnais,FW,22,178,,,,,,,,,,,,,,,,,,,,,,,,,,,,,,,,FIFA World Cup 2026 roster,Ernest Nuamah,moved,MF,gh Ghana,22,1.fr Lyon,3,1,89,1.0,0,1,1,0,0,0,0,0,Ernest Nuamah,0,0,,0.0,0.0,,,1,0,,,,,,,,,,,,
546,,SENAYA Marvin,GHA,Ghana,AJ Auxerre,DF,25,181,,,,,,,,,,,,,,,,,,,,,,,,,,,,,,,,FIFA World Cup 2026 roster,Marvin Senaya,moved,DF,gh Ghana,25,1.fr Auxerre,4,4,278,3.1,0,0,0,0,0,0,0,0,Marvin Senaya,2,0,0.0,0.65,0.0,0.0,,12,6,,,,,,,,,,,,
547,,PLACIDE Johny,HAI,Haiti,SC Bastia,GK,38,181,,,,,,,,,,,,,,,,,,,,,,,,,,,,,,,,FIFA World Cup 2026 roster,Johny Placide,moved,GK,ht Haiti,38,2.fr Bastia,3,3,270,3.0,0,0,0,0,0,0,1,0,Johny Placide,0,0,,0.0,0.0,,,0,0,8.0,2.67,19.0,11.0,57.9,0.0,0.0,0.0,0.0,0.0,0.0,
548,,ARCUS Carlens,HAI,Haiti,Angers SCO,DF,29,180,,,,,,,,,,,,,,,,,,,,,,,,,,,,,,,,FIFA World Cup 2026 roster,Carlens Arcus,moved,"MF,DF",ht Haiti,29,1.fr Angers,3,2,146,1.6,0,0,0,0,0,0,1,0,Carlens Arcus,0,0,,0.0,0.0,,,3,3,,,,,,,,,,,,
550,,ADE Ricardo,HAI,Haiti,LDU Quito,DF,36,190,,,,,,,,,,,,,,,,,,,,,,,,,,,,,,,,FIFA World Cup 2026 roster,Ricardo Adé,moved,DF,ht Haiti,36,1.ec LDU Quito,3,3,270,3.0,0,0,0,0,0,0,0,0,Ricardo Adé,4,1,25.0,1.33,0.33,0.0,0.0,2,5,,,,,,,,,,,,
551,,DELCROIX Hannes,HAI,Haiti,FC Lugano,DF,27,183,,,,,,,,,,,,,,,,,,,,,,,,,,,,,,,,FIFA World Cup 2026 roster,Hannes Delcroix,moved,DF,ht Haiti,27,1.ch Lugano,3,3,270,3.0,0,0,0,0,0,0,0,0,Hannes Delcroix,0,0,,0.0,0.0,,,3,4,,,,,,,,,,,,
553,,ETIENNE Derrick,HAI,Haiti,Toronto FC,FW,29,178,,,,,,,,,,,,,,,,,,,,,,,,,,,,,,,,FIFA World Cup 2026 roster,Derrick Etienne,moved,"FW,MF",ht Haiti,29,1.us Toronto FC,1,0,10,0.1,0,0,0,0,0,0,0,0,Derrick Etienne,0,0,,0.0,0.0,,,0,0,,,,,,,,,,,,
554,,EXPERIENCE Martin,HAI,Haiti,AS Nancy,DF,27,178,,,,,,,,,,,,,,,,,,,,,,,,,,,,,,,,FIFA World Cup 2026 roster,Martin Expérience,moved,"DF,MF",ht Haiti,27,2.fr Nancy,3,3,270,3.0,0,0,0,0,0,0,0,0,Martin Expérience,1,0,0.0,0.33,0.0,0.0,,6,4,,,,,,,,,,,,
555,,NAZON Duckens,HAI,Haiti,Esteghlal Tehran FC,FW,32,181,,,,,,,,,,,,,,,,,,,,,,,,,,,,,,,,FIFA World Cup 2026 roster,Duckens Nazon,moved,"FW,MF",ht Haiti,32,1.ir Esteghlal,1,0,24,0.3,0,0,0,0,0,0,1,0,Duckens Nazon,1,1,100.0,3.75,3.75,0.0,0.0,0,0,,,,,,,,,,,,
556,,BELLEGARDE Jean-Ricner,HAI,Haiti,Wolverhampton Wanderers FC,MF,27,170,,,,,,,,,,,,,,,,,,,,,,,,,,,,,,,,FIFA World Cup 2026 roster,Jean-Ricner Bellegarde,moved,MF,ht Haiti,27,1.eng Wolves,3,3,260,2.9,0,0,0,0,0,0,1,0,Jean-Ricner Bellegarde,6,0,0.0,2.08,0.0,0.0,,2,3,,,,,,,,,,,,
557,,DEEDSON Louicius,HAI,Haiti,FC Dallas,FW,25,178,,,,,,,,,,,,,,,,,,,,,,,,,,,,,,,,FIFA World Cup 2026 roster,Louicius Deedson,moved,MF,ht Haiti,25,1.us FC Dallas,3,1,112,1.2,0,0,0,0,0,0,0,0,Louicius Deedson,2,0,0.0,1.61,0.0,0.0,,0,1,,,,,,,,,,,,
561,,PROVIDENCE Ruben,HAI,Haiti,Almere City FC,FW,24,178,,,,,,,,,,,,,,,,,,,,,,,,,,,,,,,,FIFA World Cup 2026 roster,Ruben Providence,moved,MF,ht Haiti,24,2.nl Almere City,3,3,220,2.4,0,0,0,0,0,0,0,0,Ruben Providence,4,1,25.0,1.64,0.41,0.0,0.0,2,0,,,,,,,,,,,,
562,,JOSEPH Lenny,HAI,Haiti,Ferencvárosi TC,FW,25,182,,,,,,,,,,,,,,,,,,,,,,,,,,,,,,,,FIFA World Cup 2026 roster,Lenny Joseph,moved,FW,ht Haiti,25,1.hu Ferencváros,3,1,117,1.3,0,0,0,0,0,0,0,0,Lenny Joseph,2,0,0.0,1.54,0.0,0.0,,0,0,,,,,,,,,,,,
564,,ISIDOR Wilson,HAI,Haiti,Sunderland AFC,FW,25,184,,,,,,,,,,,,,,,,,,,,,,,,,,,,,,,,FIFA World Cup 2026 roster,Wilson Isidor,moved,FW,ht Haiti,25,1.eng Sunderland,3,2,186,2.1,1,0,1,1,0,0,0,0,Wilson Isidor,5,2,40.0,2.42,0.97,0.2,0.5,1,1,,,,,,,,,,,,
565,,FORTUNE Yassin,HAI,Haiti,FC Vizela,FW,27,186,,,,,,,,,,,,,,,,,,,,,,,,,,,,,,,,FIFA World Cup 2026 roster,Yassin Fortuné,moved,"FW,MF",ht Haiti,27,2.pt Vizela,1,0,6,0.1,0,0,0,0,0,0,0,0,Yassin Fortuné,0,0,,0.0,0.0,,,0,0,,,,,,,,,,,,
566,,PIERROT Frantzdy,HAI,Haiti,Çaykur Rizespor,FW,31,194,,,,,,,,,,,,,,,,,,,,,,,,,,,,,,,,FIFA World Cup 2026 roster,Frantzdy Pierrot,moved,FW,ht Haiti,31,1.tr Rizespor,3,2,143,1.6,0,0,0,0,0,0,1,0,Frantzdy Pierrot,3,1,33.3,1.89,0.63,0.0,0.0,0,0,,,,,,,,,,,,
567,,CASIMIR Josue,HAI,Haiti,AJ Auxerre,FW,24,178,,,,,,,,,,,,,,,,,,,,,,,,,,,,,,,,FIFA World Cup 2026 roster,Josué Casimir,moved,MF,ht Haiti,24,1.fr Auxerre,3,2,182,2.0,0,0,0,0,0,0,1,0,Josué Casimir,1,0,0.0,0.49,0.0,0.0,,0,0,,,,,,,,,,,,
568,,DUVERNE Jean-Kevin,HAI,Haiti,KAA Gent,DF,28,184,,,,,,,,,,,,,,,,,,,,,,,,,,,,,,,,FIFA World Cup 2026 roster,Jean-Kevin Duverne,moved,DF,ht Haiti,28,1.be Gent,2,2,169,1.9,0,1,1,0,0,0,0,0,Jean-Kevin Duverne,1,0,0.0,0.53,0.0,0.0,,2,4,,,,,,,,,,,,
571,,SIMON Dominique,HAI,Haiti,FC Tatran Prešov,MF,25,178,,,,,,,,,,,,,,,,,,,,,,,,,,,,,,,,FIFA World Cup 2026 roster,Dominique Simon,moved,MF,ht Haiti,25,1.sk 1. FC Tatran Prešov B,2,0,56,0.6,0,0,0,0,0,0,0,0,Dominique Simon,1,1,100.0,1.61,1.61,0.0,0.0,1,1,,,,,,,,,,,,
573,,BEIRANVAND Alireza,IRN,IR Iran,Tractor Sazi Tabriz FC,GK,33,195,,,,,,,,,,,,,,,,,,,,,,,,,,,,,,,,FIFA World Cup 2026 roster,Alireza Beiranvand,moved,GK,ir IR Iran,33,1.ir Tractor,3,3,270,3.0,0,0,0,0,0,0,0,0,Alireza Beiranvand,0,0,,0.0,0.0,,,0,0,3.0,1.0,18.0,15.0,83.3,1.0,33.3,0.0,0.0,0.0,0.0,
574,,HARDANI Saleh,IRN,IR Iran,Esteghlal Tehran FC,DF,27,176,,,,,,,,,,,,,,,,,,,,,,,,,,,,,,,,FIFA World Cup 2026 roster,Saleh Hardani,moved,DF,ir IR Iran,27,1.ir Esteghlal,2,1,90,1.0,0,0,0,0,0,0,0,0,Saleh Hardani,0,0,,0.0,0.0,,,2,2,,,,,,,,,,,,
577,,MOHAMMADI Milad,IRN,IR Iran,Persepolis FC,DF,32,175,,,,,,,,,,,,,,,,,,,,,,,,,,,,,,,,FIFA World Cup 2026 roster,Milad Mohammadi,moved,DF,ir IR Iran,32,1.ir Persepolis,3,2,205,2.3,0,0,0,0,0,0,0,0,Milad Mohammadi,1,1,100.0,0.44,0.44,0.0,0.0,4,2,,,,,,,,,,,,
578,,EZATOLAHI Saeid,IRN,IR Iran,Shabab Al Ahli Club,MF,29,189,,,,,,,,,,,,,,,,,,,,,,,,,,,,,,,,FIFA World Cup 2026 roster,Saeid Ezatolahi,moved,MF,ir IR Iran,29,1.ae Al-Ahli Dubai FC,3,3,264,2.9,0,0,0,0,0,0,2,0,Saeid Ezatolahi,6,2,33.3,2.05,0.68,0.0,0.0,5,7,,,,,,,,,,,,
579,,JAHANBAKHSH Alireza,IRN,IR Iran,FCV Dender EH,MF,32,180,,,,,,,,,,,,,,,,,,,,,,,,,,,,,,,,FIFA World Cup 2026 roster,Alireza Jahanbakhsh,moved,"FW,MF",ir IR Iran,32,1.be Dender,2,0,46,0.5,0,0,0,0,0,0,0,0,Alireza Jahanbakhsh,1,0,0.0,1.96,0.0,0.0,,1,0,,,,,,,,,,,,
581,,TAREMI Mehdi,IRN,IR Iran,Olympiacos FC,FW,33,187,,,,,,,,,,,,,,,,,,,,,,,,,,,,,,,,FIFA World Cup 2026 roster,Mehdi Taremi,moved,FW,ir IR Iran,33,1.gr Olympiacos,3,3,259,2.9,0,0,0,0,0,1,0,0,Mehdi Taremi,5,2,40.0,1.74,0.69,0.0,0.0,2,2,,,,,,,,,,,,
582,,GHAYEDI Mehdi,IRN,IR Iran,Al Nasr SC,FW,27,166,,,,,,,,,,,,,,,,,,,,,,,,,,,,,,,,FIFA World Cup 2026 roster,Mehdi Ghayedi,moved,FW,ir IR Iran,27,1.ae Al-Nasr Dubai,1,0,45,0.5,0,0,0,0,0,0,0,0,Mehdi Ghayedi,1,0,0.0,2.0,0.0,0.0,,0,0,,,,,,,,,,,,
583,,ALIPOUR Ali,IRN,IR Iran,Persepolis FC,FW,30,181,,,,,,,,,,,,,,,,,,,,,,,,,,,,,,,,FIFA World Cup 2026 roster,Ali Alipour,moved,FW,ir IR Iran,30,1.ir Persepolis,1,0,38,0.4,0,0,0,0,0,0,0,0,Ali Alipour,1,0,0.0,2.37,0.0,0.0,,1,1,,,,,,,,,,,,
586,,GHODDOS Saman,IRN,IR Iran,Al Ittihad Kalba SCC,MF,32,176,,,,,,,,,,,,,,,,,,,,,,,,,,,,,,,,FIFA World Cup 2026 roster,Saman Ghoddos,moved,MF,ir IR Iran,32,1.ae Al-Ittihad Kalba,3,3,208,2.3,0,0,0,0,0,0,0,0,Saman Ghoddos,4,0,0.0,1.73,0.0,0.0,,4,5,,,,,,,,,,,,
588,,TORABI Mehdi,IRN,IR Iran,Tractor Sazi Tabriz FC,MF,31,185,,,,,,,,,,,,,,,,,,,,,,,,,,,,,,,,FIFA World Cup 2026 roster,Mehdi Torabi,moved,MF,ir IR Iran,31,1.ir Tractor,1,0,25,0.3,0,0,0,0,0,0,0,0,Mehdi Torabi,0,0,,0.0,0.0,,,0,1,,,,,,,,,,,,
590,,HOSSEINZADEH Amirhossein,IRN,IR Iran,Tractor Sazi Tabriz FC,FW,25,178,,,,,,,,,,,,,,,,,,,,,,,,,,,,,,,,FIFA World Cup 2026 roster,Amirhossein Hosseinzadeh,moved,FW,ir IR Iran,25,1.ir Tractor,2,0,17,0.2,0,0,0,0,0,0,0,0,Amirhossein Hosseinzadeh,1,0,0.0,5.29,0.0,0.0,,2,0,,,,,,,,,,,,
591,,NEMATI Ali,IRN,IR Iran,Foolad Khuzestan FC,DF,30,182,,,,,,,,,,,,,,,,,,,,,,,,,,,,,,,,FIFA World Cup 2026 roster,Ali Nemati,moved,DF,ir IR Iran,30,1.ir Foolad,3,3,270,3.0,0,0,0,0,0,0,1,0,Ali Nemati,1,0,0.0,0.33,0.0,0.0,,2,0,,,,,,,,,,,,
593,,GHORBANI Mohammad,IRN,IR Iran,Al Wahda SC,MF,24,190,,,,,,,,,,,,,,,,,,,,,,,,,,,,,,,,FIFA World Cup 2026 roster,Mohammad Ghorbani,moved,MF,ir IR Iran,25,1.ae Al-Wahda FC,1,1,90,1.0,0,0,0,0,0,0,0,0,Mohammad Ghorbani,2,1,50.0,2.0,1.0,0.0,0.0,2,2,,,,,,,,,,,,
595,,REZAEIAN Ramin,IRN,IR Iran,Foolad Khuzestan FC,DF,36,184,,,,,,,,,,,,,,,,,,,,,,,,,,,,,,,,FIFA World Cup 2026 roster,Ramin Rezaeian,moved,"DF,MF",ir IR Iran,36,1.ir Foolad,3,3,270,3.0,2,1,3,2,0,0,0,0,Ramin Rezaeian,4,2,50.0,1.33,0.67,0.5,1.0,5,2,,,,,,,,,,,,
600,,REBIN SULAKA,IRQ,Iraq,Port FC,DF,34,193,,,,,,,,,,,,,,,,,,,,,,,,,,,,,,,,FIFA World Cup 2026 roster,Rebin Sulaka,normal,DF,iq Iraq,34,1.th Port FC,2,1,43,0.5,0,0,0,0,0,0,0,1,Rebin Sulaka,1,0,0.0,2.09,0.0,0.0,,0,1,,,,,,,,,,,,
601,,HUSSEIN ALI,IRQ,Iraq,Pogoń Szczecin,DF,24,182,,,,,,,,,,,,,,,,,,,,,,,,,,,,,,,,FIFA World Cup 2026 roster,Hussein Ali,normal,DF,iq Iraq,24,1.pl Pogoń Szczecin,2,2,162,1.8,0,0,0,0,0,0,0,0,Hussein Ali,1,0,0.0,0.56,0.0,0.0,,2,2,,,,,,,,,,,,
602,,ZAID TAHSEEN,IRQ,Iraq,Pakhtakor Tashkent FK,DF,25,187,,,,,,,,,,,,,,,,,,,,,,,,,,,,,,,,FIFA World Cup 2026 roster,Zaid Tahseen,normal,DF,iq Iraq,25,1.uz Pakhtakor Tashkent FK,2,2,149,1.7,0,0,0,0,0,0,1,0,Zaid Tahseen,2,0,0.0,1.21,0.0,0.0,,1,0,,,,,,,,,,,,
603,,AKAM HASHIM,IRQ,Iraq,Al Zawra'a SC,DF,27,184,,,,,,,,,,,,,,,,,,,,,,,,,,,,,,,,FIFA World Cup 2026 roster,Akam Hashim,normal,DF,iq Iraq,27,1.iq Al-Zawra'a SC,3,3,270,3.0,0,0,0,0,0,0,0,0,Akam Hashim,1,0,0.0,0.33,0.0,0.0,,1,2,,,,,,,,,,,,
605,,YOUSSEF AMYN,IRQ,Iraq,AEK Larnaca FC,MF,22,172,,,,,,,,,,,,,,,,,,,,,,,,,,,,,,,,FIFA World Cup 2026 roster,Youssef Amyn,normal,MF,iq Iraq,22,1.cy AEK Larnaca,1,0,31,0.3,0,0,0,0,0,0,0,0,Youssef Amyn,0,0,,0.0,0.0,,,0,0,,,,,,,,,,,,
606,,IBRAHIM BAYESH,IRQ,Iraq,Al Dhafra SCC,MF,26,180,,,,,,,,,,,,,,,,,,,,,,,,,,,,,,,,FIFA World Cup 2026 roster,Ibrahim Bayesh,normal,"MF,FW",iq Iraq,26,1.ae Al Dhafra SCC,3,3,235,2.6,0,0,0,0,0,0,0,0,Ibrahim Bayesh,1,0,0.0,0.38,0.0,0.0,,4,1,,,,,,,,,,,,
608,,MOHANAD ALI,IRQ,Iraq,Dibba FC,FW,25,183,,,,,,,,,,,,,,,,,,,,,,,,,,,,,,,,FIFA World Cup 2026 roster,Mohanad Ali,normal,FW,iq Iraq,25,1.ae Dibba Al Fujairah,1,0,13,0.1,0,0,0,0,0,0,0,0,Mohanad Ali,0,0,,0.0,0.0,,,0,0,,,,,,,,,,,,
610,,JALAL HASSAN,IRQ,Iraq,Al Zawra'a SC,GK,35,188,,,,,,,,,,,,,,,,,,,,,,,,,,,,,,,,FIFA World Cup 2026 roster,Jalal Hassan,normal,GK,iq Iraq,35,1.iq Al-Zawra'a SC,2,1,135,1.5,0,0,0,0,0,0,0,0,Jalal Hassan,0,0,,0.0,0.0,,,0,0,8.0,5.33,16.0,8.0,50.0,0.0,0.0,0.0,0.0,0.0,0.0,
611,,ALI YOUSIF,IRQ,Iraq,Al Talaba SC,FW,30,180,,,,,,,,,,,,,,,,,,,,,,,,,,,,,,,,FIFA World Cup 2026 roster,Ali Yousif,normal,FW,iq Iraq,30,1.iq Al-Talaba,1,0,33,0.4,0,0,0,0,0,0,0,0,Ali Yousif,0,0,,0.0,0.0,,,1,0,,,,,,,,,,,,
612,,ZIDANE IQBAL,IRQ,Iraq,FC Utrecht,MF,23,183,,,,,,,,,,,,,,,,,,,,,,,,,,,,,,,,FIFA World Cup 2026 roster,Zidane Iqbal,normal,MF,iq Iraq,23,1.nl Utrecht,3,2,188,2.1,0,0,0,0,0,0,0,0,Zidane Iqbal,0,0,,0.0,0.0,,,2,1,,,,,,,,,,,,
615,,ALI JASIM,IRQ,Iraq,Al Najmah SC,FW,22,178,,,,,,,,,,,,,,,,,,,,,,,,,,,,,,,,FIFA World Cup 2026 roster,Ali Jasim,normal,MF,iq Iraq,22,1.sa Al-Najma,2,2,129,1.4,0,0,0,0,0,0,0,0,Ali Jasim,4,1,25.0,2.79,0.7,0.0,0.0,1,0,,,,,,,,,,,,
617,,KEVIN YAKOB,IRQ,Iraq,Aarhus GF,MF,25,180,,,,,,,,,,,,,,,,,,,,,,,,,,,,,,,,FIFA World Cup 2026 roster,Kevin Yakob,normal,MF,iq Iraq,25,1.dk AGF,1,0,24,0.3,0,0,0,0,0,0,0,0,Kevin Yakob,1,0,0.0,3.75,0.0,0.0,,0,1,,,,,,,,,,,,
618,,AIMAR SHER,IRQ,Iraq,Sarpsborg 08 FF,MF,23,180,,,,,,,,,,,,,,,,,,,,,,,,,,,,,,,,FIFA World Cup 2026 roster,Aimar Sher,normal,MF,iq Iraq,23,1.no Sarpsborg 08,1,0,23,0.3,0,0,0,0,0,0,0,0,Aimar Sher,0,0,,0.0,0.0,,,0,0,,,,,,,,,,,,
619,,MARKO FARJI,IRQ,Iraq,Venezia FC,FW,22,185,,,,,,,,,,,,,,,,,,,,,,,,,,,,,,,,FIFA World Cup 2026 roster,Marko Farji,normal,MF,iq Iraq,22,2.it Venezia,2,0,54,0.6,0,0,0,0,0,0,0,0,Marko Farji,0,0,,0.0,0.0,,,1,1,,,,,,,,,,,,
620,,AHMED BASIL,IRQ,Iraq,Al Shorta SC,GK,29,184,,,,,,,,,,,,,,,,,,,,,,,,,,,,,,,,FIFA World Cup 2026 roster,Ahmed Basil,normal,GK,iq Iraq,29,1.iq Al-Shorta,2,2,135,1.5,0,0,0,0,0,0,0,0,Ahmed Basil,0,0,,0.0,0.0,,,0,0,4.0,2.67,7.0,3.0,42.9,0.0,0.0,0.0,0.0,0.0,0.0,
621,,MERCHAS DOSKI,IRQ,Iraq,FC Viktoria Plzeň,DF,26,173,,,,,,,,,,,,,,,,,,,,,,,,,,,,,,,,FIFA World Cup 2026 roster,Merchas Doski,normal,DF,iq Iraq,26,1.cz Viktoria Plzeň,3,3,270,3.0,0,0,0,0,0,0,1,0,Merchas Doski,1,0,0.0,0.33,0.0,0.0,,9,6,,,,,,,,,,,,
623,,MUSTAFA SAADOON,IRQ,Iraq,Al Shorta SC,DF,25,181,,,,,,,,,,,,,,,,,,,,,,,,,,,,,,,,FIFA World Cup 2026 roster,Mustafa Saadoon,normal,DF,iq Iraq,25,1.iq Al-Shorta,1,0,18,0.2,0,0,0,0,0,0,0,0,Mustafa Saadoon,0,0,,0.0,0.0,,,1,0,,,,,,,,,,,,
625,,SUZUKI Zion,JPN,Japan,Parma,GK,23,190,,,,,,,,,,,,,,,,,,,,,,,,,,,,,,,,FIFA World Cup 2026 roster,Zion Suzuki,moved,GK,jp Japan,23,1.it Parma,4,4,360,4.0,0,0,0,0,0,0,0,0,Zion Suzuki,0,0,,0.0,0.0,,,0,0,5.0,1.25,17.0,12.0,70.6,1.0,25.0,0.0,0.0,0.0,0.0,
626,,SUGAWARA Yukinari,JPN,Japan,SV Werder Bremen,DF,25,179,,,,,,,,,,,,,,,,,,,,,,,,,,,,,,,,FIFA World Cup 2026 roster,Yukinari Sugawara,moved,MF,jp Japan,25,1.de Werder Bremen,4,1,148,1.6,0,0,0,0,0,0,0,0,Yukinari Sugawara,2,2,100.0,1.22,1.22,0.0,0.0,3,0,,,,,,,,,,,,
627,,TANIGUCHI Shogo,JPN,Japan,Sint-Truiden VV,DF,34,185,,,,,,,,,,,,,,,,,,,,,,,,,,,,,,,,FIFA World Cup 2026 roster,Shogo Taniguchi,moved,DF,jp Japan,34,1.be Sint-Truiden,3,2,232,2.6,0,0,0,0,0,0,1,0,Shogo Taniguchi,0,0,,0.0,0.0,,,0,1,,,,,,,,,,,,
629,,NAGATOMO Yuto,JPN,Japan,FC Tokyo,DF,39,170,,,,,,,,,,,,,,,,,,,,,,,,,,,,,,,,FIFA World Cup 2026 roster,Yūto Nagatomo,moved,"DF,MF",jp Japan,39,1.jp FC Tokyo,1,0,16,0.2,0,0,0,0,0,0,0,0,Yūto Nagatomo,0,0,,0.0,0.0,,,0,1,,,,,,,,,,,,
631,,TANAKA Ao,JPN,Japan,Leeds United FC,MF,27,180,,,,,,,,,,,,,,,,,,,,,,,,,,,,,,,,FIFA World Cup 2026 roster,Ao Tanaka,moved,MF,jp Japan,27,1.eng Leeds United,3,2,193,2.1,0,0,0,0,0,0,0,0,Ao Tanaka,2,0,0.0,0.93,0.0,0.0,,6,1,,,,,,,,,,,,
632,,KUBO Takefusa,JPN,Japan,Real Sociedad,MF,25,173,,,,,,,,,,,,,,,,,,,,,,,,,,,,,,,,FIFA World Cup 2026 roster,Takefusa Kubo,moved,MF,jp Japan,25,1.es Real Sociedad,1,1,74,0.8,0,1,1,0,0,0,0,0,Takefusa Kubo,1,0,0.0,1.22,0.0,0.0,,0,1,,,,,,,,,,,,
633,,GOTO Keisuke,JPN,Japan,Sint-Truiden VV,FW,21,191,,,,,,,,,,,,,,,,,,,,,,,,,,,,,,,,FIFA World Cup 2026 roster,Keisuke Gotō,moved,FW,jp Japan,21,1.be Sint-Truiden,1,0,7,0.1,0,0,0,0,0,0,0,0,Keisuke Gotō,0,0,,0.0,0.0,,,1,0,,,,,,,,,,,,
634,,DOAN Ritsu,JPN,Japan,Eintracht Frankfurt,MF,27,172,,,,,,,,,,,,,,,,,,,,,,,,,,,,,,,,FIFA World Cup 2026 roster,Ritsu Doan,moved,MF,jp Japan,27,1.de Frankfurt,4,4,278,3.1,0,1,1,0,0,0,0,0,Ritsu Doan,1,0,0.0,0.32,0.0,0.0,,1,1,,,,,,,,,,,,
635,,MAEDA Daizen,JPN,Japan,Celtic FC,MF,28,173,,,,,,,,,,,,,,,,,,,,,,,,,,,,,,,,FIFA World Cup 2026 roster,Daizen Maeda,moved,MF,jp Japan,28,1.sct Celtic,3,3,244,2.7,1,0,1,1,0,0,0,0,Daizen Maeda,2,1,50.0,0.74,0.37,0.5,1.0,3,2,,,,,,,,,,,,
637,,NAKAMURA Keito,JPN,Japan,Stade Reims,MF,25,180,,,,,,,,,,,,,,,,,,,,,,,,,,,,,,,,FIFA World Cup 2026 roster,Keito Nakamura,moved,MF,jp Japan,25,2.fr Reims,4,4,307,3.4,1,1,2,1,0,0,0,0,Keito Nakamura,5,2,40.0,1.47,0.59,0.2,0.5,3,1,,,,,,,,,,,,
638,,ITO Junya,JPN,Japan,KRC Genk,MF,33,177,,,,,,,,,,,,,,,,,,,,,,,,,,,,,,,,FIFA World Cup 2026 roster,Junya Itō,moved,MF,jp Japan,33,1.be Genk,4,2,216,2.4,1,0,1,1,0,0,0,0,Junya Itō,3,1,33.3,1.25,0.42,0.33,1.0,2,1,,,,,,,,,,,,
639,,KAMADA Daichi,JPN,Japan,Crystal Palace FC,MF,29,180,,,,,,,,,,,,,,,,,,,,,,,,,,,,,,,,FIFA World Cup 2026 roster,Daichi Kamada,moved,MF,jp Japan,29,1.eng Crystal Palace,4,4,329,3.7,2,0,2,2,0,0,1,0,Daichi Kamada,3,2,66.7,0.82,0.55,0.67,1.0,3,1,,,,,,,,,,,,
640,,WATANABE Tsuyoshi,JPN,Japan,Feyenoord Rotterdam,DF,29,184,,,,,,,,,,,,,,,,,,,,,,,,,,,,,,,,FIFA World Cup 2026 roster,Tsuyoshi Watanabe,moved,DF,jp Japan,29,1.nl Feyenoord,2,1,90,1.0,0,0,0,0,0,0,0,0,Tsuyoshi Watanabe,0,0,,0.0,0.0,,,2,0,,,,,,,,,,,,
641,,SUZUKI Yuito,JPN,Japan,SC Freiburg,MF,24,175,,,,,,,,,,,,,,,,,,,,,,,,,,,,,,,,FIFA World Cup 2026 roster,Yuito Suzuki,moved,"FW,MF",jp Japan,24,1.de Freiburg,1,0,12,0.1,0,0,0,0,0,0,0,0,Yuito Suzuki,0,0,,0.0,0.0,,,1,0,,,,,,,,,,,,
642,,UEDA Ayase,JPN,Japan,Feyenoord Rotterdam,FW,27,182,,,,,,,,,,,,,,,,,,,,,,,,,,,,,,,,FIFA World Cup 2026 roster,Ayase Ueda,moved,FW,jp Japan,27,1.nl Feyenoord,4,4,321,3.6,2,1,3,2,0,0,0,0,Ayase Ueda,9,4,44.4,2.52,1.12,0.22,0.5,1,0,,,,,,,,,,,,
643,,OGAWA Koki,JPN,Japan,NEC Nijmegen,FW,28,186,,,,,,,,,,,,,,,,,,,,,,,,,,,,,,,,FIFA World Cup 2026 roster,Kōki Ogawa,moved,FW,jp Japan,28,1.nl NEC Nijmegen,3,0,42,0.5,0,1,1,0,0,0,0,0,Kōki Ogawa,3,0,0.0,6.43,0.0,0.0,,0,0,,,,,,,,,,,,
644,,SEKO Ayumu,JPN,Japan,Le Havre AC,DF,26,186,,,,,,,,,,,,,,,,,,,,,,,,,,,,,,,,FIFA World Cup 2026 roster,Ayumu Seko,moved,DF,jp Japan,26,1.fr Le Havre,2,1,86,1.0,0,0,0,0,0,0,0,0,Ayumu Seko,0,0,,0.0,0.0,,,1,1,,,,,,,,,,,,
645,,ITO Hiroki,JPN,Japan,FC Bayern München,DF,27,188,,,,,,,,,,,,,,,,,,,,,,,,,,,,,,,,FIFA World Cup 2026 roster,Hiroki Ito,moved,DF,jp Japan,27,1.de Bayern Munich,4,4,360,4.0,0,0,0,0,0,0,0,0,Hiroki Ito,1,0,0.0,0.25,0.0,0.0,,2,0,,,,,,,,,,,,
646,,TOMIYASU Takehiro,JPN,Japan,AFC Ajax,DF,27,187,,,,,,,,,,,,,,,,,,,,,,,,,,,,,,,,FIFA World Cup 2026 roster,Takehiro Tomiyasu,moved,DF,jp Japan,27,1.nl Ajax,3,2,184,2.0,0,0,0,0,0,0,0,0,Takehiro Tomiyasu,1,0,0.0,0.49,0.0,0.0,,1,2,,,,,,,,,,,,
648,,SANO Kaishu,JPN,Japan,1. FSV Mainz 05,MF,25,176,,,,,,,,,,,,,,,,,,,,,,,,,,,,,,,,FIFA World Cup 2026 roster,Kaishū Sano,moved,MF,jp Japan,25,1.de Mainz 05,3,3,270,3.0,1,1,2,1,0,0,1,0,Kaishū Sano,1,1,100.0,0.33,0.33,1.0,1.0,2,4,,,,,,,,,,,,
649,,SUZUKI Junnosuke,JPN,Japan,FC København,DF,22,180,,,,,,,,,,,,,,,,,,,,,,,,,,,,,,,,FIFA World Cup 2026 roster,Junnosuke Suzuki,moved,DF,jp Japan,22,1.dk FC Copenhagen,2,0,43,0.5,0,0,0,0,0,0,1,0,Junnosuke Suzuki,0,0,,0.0,0.0,,,0,1,,,,,,,,,,,,
650,,SHIOGAI Kento,JPN,Japan,VfL Wolfsburg,FW,21,180,,,,,,,,,,,,,,,,,,,,,,,,,,,,,,,,FIFA World Cup 2026 roster,Kento Shiogai,moved,FW,jp Japan,21,1.de Wolfsburg,1,0,7,0.1,0,0,0,0,0,0,0,0,Kento Shiogai,0,0,,0.0,0.0,,,0,0,,,,,,,,,,,,
651,,YAZEED ABULAILA,JOR,Jordan,Al Hussein SC,GK,33,188,,,,,,,,,,,,,,,,,,,,,,,,,,,,,,,,FIFA World Cup 2026 roster,Yazeed Abulaila,normal,GK,jo Jordan,33,1.jo Al-Hussein SC,3,3,270,3.0,0,0,0,0,0,0,0,0,Yazeed Abulaila,0,0,,0.0,0.0,,,0,0,8.0,2.67,16.0,8.0,50.0,0.0,0.0,2.0,2.0,0.0,0.0,0.0
653,,ABDALLAH NASIB,JOR,Jordan,Al Zawra'a SC,DF,32,184,,,,,,,,,,,,,,,,,,,,,,,,,,,,,,,,FIFA World Cup 2026 roster,Abdallah Nasib,normal,DF,jo Jordan,32,1.iq Al-Zawra'a SC,3,3,260,2.9,0,0,0,0,0,0,0,0,Abdallah Nasib,0,0,,0.0,0.0,,,3,7,,,,,,,,,,,,
656,,AMER JAMOUS,JOR,Jordan,Al Zawra'a SC,MF,23,177,,,,,,,,,,,,,,,,,,,,,,,,,,,,,,,,FIFA World Cup 2026 roster,Amer Jamous,normal,MF,jo Jordan,23,1.iq Al-Zawra'a SC,1,0,15,0.2,0,0,0,0,0,0,0,0,Amer Jamous,0,0,,0.0,0.0,,,0,0,,,,,,,,,,,,
659,,ALI OLWAN,JOR,Jordan,Al Sailiya SC,FW,26,182,,,,,,,,,,,,,,,,,,,,,,,,,,,,,,,,FIFA World Cup 2026 roster,Ali Olwan,normal,MF,jo Jordan,26,1.qa Al-Sailiya SC,3,3,268,3.0,1,0,1,1,0,0,0,0,Ali Olwan,6,3,50.0,2.01,1.01,0.17,0.33,0,1,,,,,,,,,,,,
674,,ALI AZAIZEH,JOR,Jordan,Al Shabab FC,FW,22,178,,,,,,,,,,,,,,,,,,,,,,,,,,,,,,,,FIFA World Cup 2026 roster,Ali Azaizeh,normal,MF,jo Jordan,22,1.sa Al-Shabab,3,1,54,0.6,0,0,0,0,0,0,0,0,Ali Azaizeh,2,0,0.0,3.33,0.0,0.0,,3,0,,,,,,,,,,,,
692,,PARK Jinseob,KOR,Korea Republic,Zhejiang FC,DF,30,183,,,,,,,,,,,,,,,,,,,,,,,,,,,,,,,,FIFA World Cup 2026 roster,Park Jinseob,normal,"DF,MF",kr Korea Republic,30,1.cn Zhejiang,2,0,32,0.4,0,0,0,0,0,0,0,0,Park Jinseob,1,1,100.0,2.81,2.81,0.0,0.0,0,0,,,,,,,,,,,,
699,,CASTROP Jens,KOR,Korea Republic,Borussia Mönchengladbach,DF,22,178,,,,,,,,,,,,,,,,,,,,,,,,,,,,,,,,FIFA World Cup 2026 roster,Jens Castrop,moved,MF,kr Korea Republic,22,1.de Gladbach,1,0,45,0.5,0,0,0,0,0,0,0,0,Jens Castrop,0,0,,0.0,0.0,,,0,0,,,,,,,,,,,,
703,,RANGEL Raul,MEX,Mexico,CD Guadalajara,GK,26,190,,,,,,,,,,,,,,,,,,,,,,,,,,,,,,,,FIFA World Cup 2026 roster,Raúl Rangel,moved,GK,mx Mexico,26,1.mx Guadalajara,5,5,437,4.9,0,0,0,0,0,0,0,0,Raúl Rangel,0,0,,0.0,0.0,,,0,0,3.0,0.62,11.0,8.0,72.7,4.0,80.0,1.0,1.0,0.0,0.0,0.0
704,,SANCHEZ Jorge,MEX,Mexico,PAOK Saloniki,DF,28,176,,,,,,,,,,,,,,,,,,,,,,,,,,,,,,,,FIFA World Cup 2026 roster,Jorge Sánchez,moved,DF,mx Mexico,28,1.gr PAOK,4,4,348,3.9,0,1,1,0,0,0,1,0,Jorge Sánchez,1,1,100.0,0.26,0.26,0.0,0.0,4,5,,,,,,,,,,,,
705,,MONTES Cesar,MEX,Mexico,FC Lokomotiv Moscow,DF,29,191,,,,,,,,,,,,,,,,,,,,,,,,,,,,,,,,FIFA World Cup 2026 roster,César Montes,moved,DF,mx Mexico,29,1.ru Loko Moscow,4,4,314,3.5,0,0,0,0,0,0,0,1,César Montes,1,1,100.0,0.29,0.29,0.0,0.0,1,2,,,,,,,,,,,,
706,,ALVAREZ Edson,MEX,Mexico,Fenerbahçe SK,DF,28,180,,,,,,,,,,,,,,,,,,,,,,,,,,,,,,,,FIFA World Cup 2026 roster,Edson Álvarez,moved,"MF,DF",mx Mexico,28,1.eng West Ham,4,2,240,2.7,0,0,0,0,0,0,1,0,Edson Álvarez,2,0,0.0,0.75,0.0,0.0,,6,3,,,,,,,,,,,,
707,,VASQUEZ Johan,MEX,Mexico,Genoa CFC,DF,27,182,,,,,,,,,,,,,,,,,,,,,,,,,,,,,,,,FIFA World Cup 2026 roster,Johan Vásquez,moved,DF,mx Mexico,27,1.it Genoa,4,4,360,4.0,0,0,0,0,0,0,1,0,Johan Vásquez,1,0,0.0,0.25,0.0,0.0,,1,2,,,,,,,,,,,,
708,,LIRA Erik,MEX,Mexico,CF Cruz Azul,MF,26,172,,,,,,,,,,,,,,,,,,,,,,,,,,,,,,,,FIFA World Cup 2026 roster,Erik Lira,moved,MF,mx Mexico,26,1.mx Cruz Azul,4,4,345,3.8,0,1,1,0,0,0,0,0,Erik Lira,0,0,,0.0,0.0,,,3,2,,,,,,,,,,,,
709,,ROMO Luis,MEX,Mexico,CD Guadalajara,MF,31,183,,,,,,,,,,,,,,,,,,,,,,,,,,,,,,,,FIFA World Cup 2026 roster,Luis Romo,moved,MF,mx Mexico,31,1.mx Guadalajara,4,4,264,2.9,1,1,2,1,0,0,0,0,Luis Romo,3,1,33.3,1.02,0.34,0.33,1.0,4,4,,,,,,,,,,,,
710,,FIDALGO Alvaro,MEX,Mexico,Real Betis,MF,29,175,,,,,,,,,,,,,,,,,,,,,,,,,,,,,,,,FIFA World Cup 2026 roster,Álvaro Fidalgo,moved,MF,mx Mexico,29,1.es Real Betis,3,1,96,1.1,1,0,1,1,0,0,0,0,Álvaro Fidalgo,3,2,66.7,2.81,1.87,0.33,0.5,0,1,,,,,,,,,,,,
711,,JIMENEZ Raul,MEX,Mexico,Fulham FC,FW,35,188,,,,,,,,,,,,,,,,,,,,,,,,,,,,,,,,FIFA World Cup 2026 roster,Raúl Jiménez,moved,FW,mx Mexico,35,1.eng Fulham,4,4,317,3.5,3,0,3,2,1,1,0,0,Raúl Jiménez,18,7,38.9,5.11,1.99,0.17,0.43,1,0,,,,,,,,,,,,
712,,VEGA Alexis,MEX,Mexico,Deportivo Toluca FC,FW,28,175,,,,,,,,,,,,,,,,,,,,,,,,,,,,,,,,FIFA World Cup 2026 roster,Alexis Vega,moved,"FW,MF",mx Mexico,28,1.mx Toluca,1,0,12,0.1,0,0,0,0,0,0,0,0,Alexis Vega,0,0,,0.0,0.0,,,0,0,,,,,,,,,,,,
713,,GIMENEZ Santiago,MEX,Mexico,AC Milan,FW,25,180,,,,,,,,,,,,,,,,,,,,,,,,,,,,,,,,FIFA World Cup 2026 roster,Santiago Giménez,moved,FW,mx Mexico,25,1.it Milan,4,0,86,1.0,0,0,0,0,0,0,0,0,Santiago Giménez,2,1,50.0,2.09,1.05,0.0,0.0,0,0,,,,,,,,,,,,
715,,OCHOA Guillermo,MEX,Mexico,AEL Limassol,GK,40,185,,,,,,,,,,,,,,,,,,,,,,,,,,,,,,,,FIFA World Cup 2026 roster,Guillermo Ochoa,moved,GK,mx Mexico,40,1.cy AEL Limassol,1,0,13,0.1,0,0,0,0,0,0,0,0,Guillermo Ochoa,0,0,,0.0,0.0,,,0,0,0.0,0.0,0.0,0.0,,1.0,,0.0,0.0,0.0,0.0,
716,,GONZALEZ Armando,MEX,Mexico,CD Guadalajara,FW,23,182,,,,,,,,,,,,,,,,,,,,,,,,,,,,,,,,FIFA World Cup 2026 roster,Armando González,moved,FW,mx Mexico,23,1.mx Guadalajara,1,0,15,0.2,0,0,0,0,0,0,0,0,Armando González,0,0,,0.0,0.0,,,0,0,,,,,,,,,,,,
717,,REYES Israel,MEX,Mexico,Club América,DF,26,181,,,,,,,,,,,,,,,,,,,,,,,,,,,,,,,,FIFA World Cup 2026 roster,Israel Reyes,moved,DF,mx Mexico,26,1.mx América,4,2,202,2.2,0,0,0,0,0,0,0,0,Israel Reyes,2,0,0.0,0.89,0.0,0.0,,1,3,,,,,,,,,,,,
718,,QUINONES Julian,MEX,Mexico,Al Qadsiah FC,FW,29,177,,,,,,,,,,,,,,,,,,,,,,,,,,,,,,,,FIFA World Cup 2026 roster,Julián Quiñones,moved,"FW,MF",mx Mexico,29,1.sa Al-Qadsiah,5,5,410,4.6,4,1,5,4,0,0,0,0,Julián Quiñones,14,6,42.9,3.07,1.32,0.29,0.67,0,0,,,,,,,,,,,,
719,,PINEDA Orbelin,MEX,Mexico,AEK Athens,MF,30,169,,,,,,,,,,,,,,,,,,,,,,,,,,,,,,,,FIFA World Cup 2026 roster,Orbelín Pineda,moved,"FW,MF",mx Mexico,30,1.gr AEK Athens,2,0,31,0.3,0,0,0,0,0,0,0,0,Orbelín Pineda,1,0,0.0,2.9,0.0,0.0,,0,0,,,,,,,,,,,,
720,,VARGAS Obed,MEX,Mexico,Atlético De Madrid,MF,20,175,,,,,,,,,,,,,,,,,,,,,,,,,,,,,,,,FIFA World Cup 2026 roster,Obed Vargas,moved,MF,mx Mexico,20,1.es Atlético Madrid,3,0,66,0.7,0,0,0,0,0,0,0,0,Obed Vargas,1,1,100.0,1.36,1.36,0.0,0.0,2,1,,,,,,,,,,,,
721,,MORA Gilberto,MEX,Mexico,Club Tijuana,MF,17,175,,,,,,,,,,,,,,,,,,,,,,,,,,,,,,,,FIFA World Cup 2026 roster,Gilberto Mora,moved,MF,mx Mexico,17,1.mx Tijuana,4,3,213,2.4,0,0,0,0,0,0,0,0,Gilberto Mora,5,0,0.0,2.11,0.0,0.0,,2,2,,,,,,,,,,,,
722,,CHAVEZ Mateo,MEX,Mexico,AZ Alkmaar,DF,22,178,,,,,,,,,,,,,,,,,,,,,,,,,,,,,,,,FIFA World Cup 2026 roster,Mateo Chávez,moved,DF,mx Mexico,22,1.nl AZ Alkmaar,1,1,77,0.9,1,0,1,1,0,0,0,0,Mateo Chávez,1,1,100.0,1.17,1.17,1.0,1.0,1,0,,,,,,,,,,,,
723,,HUERTA Cesar,MEX,Mexico,RSC Anderlecht,FW,25,171,,,,,,,,,,,,,,,,,,,,,,,,,,,,,,,,FIFA World Cup 2026 roster,César Huerta,moved,"FW,MF",mx Mexico,25,1.be Anderlecht,1,0,7,0.1,0,0,0,0,0,0,0,0,César Huerta,0,0,,0.0,0.0,,,0,0,,,,,,,,,,,,
725,,GALLARDO Jesus,MEX,Mexico,Deportivo Toluca FC,DF,31,174,,,,,,,,,,,,,,,,,,,,,,,,,,,,,,,,FIFA World Cup 2026 roster,Jesús Gallardo,moved,DF,mx Mexico,31,1.mx Toluca,5,4,373,4.1,0,0,0,0,0,0,0,0,Jesús Gallardo,4,0,0.0,0.97,0.0,0.0,,1,7,,,,,,,,,,,,
726,,CHAVEZ Luis,MEX,Mexico,FC Dynamo Moscow,MF,30,178,,,,,,,,,,,,,,,,,,,,,,,,,,,,,,,,FIFA World Cup 2026 roster,Luis Chávez,moved,MF,mx Mexico,30,1.ru Dynamo Moskva,1,0,25,0.3,0,0,0,0,0,0,0,0,Luis Chávez,0,0,,0.0,0.0,,,1,0,,,,,,,,,,,,
727,,ALVARADO Roberto,MEX,Mexico,CD Guadalajara,FW,27,176,,,,,,,,,,,,,,,,,,,,,,,,,,,,,,,,FIFA World Cup 2026 roster,Roberto Alvarado,moved,"FW,MF",mx Mexico,27,1.mx Guadalajara,5,5,428,4.8,0,3,3,0,0,0,0,0,Roberto Alvarado,5,0,0.0,1.05,0.0,0.0,,3,2,,,,,,,,,,,,
728,,GUTIERREZ Brian,MEX,Mexico,CD Guadalajara,MF,22,178,,,,,,,,,,,,,,,,,,,,,,,,,,,,,,,,FIFA World Cup 2026 roster,Brian Gutiérrez,moved,MF,mx Mexico,22,1.mx Guadalajara,4,2,198,2.2,0,0,0,0,0,0,1,0,Brian Gutiérrez,6,0,0.0,2.73,0.0,0.0,,1,2,,,,,,,,,,,,
729,,BOUNOU Yassine,MAR,Morocco,Al Hilal SC,GK,35,192,,,,,,,,,,,,,,,,,,,,,,,,,,,,,,,,FIFA World Cup 2026 roster,Yassine Bounou,moved,GK,ma Morocco,35,1.sa Al-Hilal,6,6,570,6.3,0,0,0,0,0,0,0,0,Yassine Bounou,0,0,,0.0,0.0,,,0,0,6.0,0.95,20.0,14.0,70.0,2.0,33.3,1.0,0.0,1.0,0.0,100.0
730,,HAKIMI Achraf,MAR,Morocco,Paris Saint-Germain,DF,27,180,,,,,,,,,,,,,,,,,,,,,,,,,,,,,,,,FIFA World Cup 2026 roster,Achraf Hakimi,moved,DF,ma Morocco,27,1.fr PSG,6,6,570,6.3,1,2,3,1,0,0,1,0,Achraf Hakimi,14,4,28.6,2.21,0.63,0.07,0.25,10,5,,,,,,,,,,,,
731,,MAZRAOUI Noussair,MAR,Morocco,Manchester United FC,DF,28,183,,,,,,,,,,,,,,,,,,,,,,,,,,,,,,,,FIFA World Cup 2026 roster,Noussair Mazraoui,moved,DF,ma Morocco,28,1.eng Manchester Utd,6,5,477,5.3,0,0,0,0,0,0,0,0,Noussair Mazraoui,0,0,,0.0,0.0,,,8,2,,,,,,,,,,,,
732,,AMRABAT Sofyan,MAR,Morocco,Real Betis,MF,29,185,,,,,,,,,,,,,,,,,,,,,,,,,,,,,,,,FIFA World Cup 2026 roster,Sofyan Amrabat,moved,MF,ma Morocco,29,1.es Real Betis,3,1,147,1.6,0,0,0,0,0,0,0,0,Sofyan Amrabat,0,0,,0.0,0.0,,,1,2,,,,,,,,,,,,
734,,BOUADDI Ayyoub,MAR,Morocco,Lille OSC,MF,18,185,,,,,,,,,,,,,,,,,,,,,,,,,,,,,,,,FIFA World Cup 2026 roster,Ayyoub Bouaddi,moved,MF,ma Morocco,18,1.fr Lille,5,5,381,4.2,0,0,0,0,0,0,0,0,Ayyoub Bouaddi,3,0,0.0,0.71,0.0,0.0,,3,1,,,,,,,,,,,,
735,,TALBI Chemsdine,MAR,Morocco,Sunderland AFC,MF,21,175,,,,,,,,,,,,,,,,,,,,,,,,,,,,,,,,FIFA World Cup 2026 roster,Chemsdine Talbi,moved,MF,ma Morocco,21,1.eng Sunderland,5,1,179,2.0,0,1,1,0,0,0,0,0,Chemsdine Talbi,2,0,0.0,1.01,0.0,0.0,,2,2,,,,,,,,,,,,
736,,OUNAHI Azzedine,MAR,Morocco,Girona FC,MF,26,182,,,,,,,,,,,,,,,,,,,,,,,,,,,,,,,,FIFA World Cup 2026 roster,Azzedine Ounahi,moved,MF,ma Morocco,26,1.es Girona,6,5,435,4.8,2,0,2,2,0,0,1,0,Azzedine Ounahi,5,3,60.0,1.03,0.62,0.4,0.67,1,1,,,,,,,,,,,,
737,,RAHIMI Soufiane,MAR,Morocco,Al Ain FC,FW,30,180,,,,,,,,,,,,,,,,,,,,,,,,,,,,,,,,FIFA World Cup 2026 roster,Soufiane Rahimi,moved,FW,ma Morocco,30,1.ae Al Ain,6,0,163,1.8,2,1,3,2,0,0,0,0,Soufiane Rahimi,6,4,66.7,3.31,2.21,0.33,0.5,2,0,,,,,,,,,,,,
738,,DIAZ Brahim,MAR,Morocco,Real Madrid C. F.,FW,26,170,,,,,,,,,,,,,,,,,,,,,,,,,,,,,,,,FIFA World Cup 2026 roster,Brahim Díaz,moved,MF,ma Morocco,26,1.es Real Madrid,6,6,457,5.1,0,4,4,0,0,0,0,0,Brahim Díaz,6,1,16.7,1.18,0.2,0.0,0.0,2,4,,,,,,,,,,,,
739,,SAIBARI Ismael,MAR,Morocco,PSV Eindhoven,MF,25,185,,,,,,,,,,,,,,,,,,,,,,,,,,,,,,,,FIFA World Cup 2026 roster,Ismael Saibari,moved,FW,ma Morocco,25,1.nl PSV,5,5,381,4.2,3,0,3,3,0,0,0,0,Ismael Saibari,10,3,30.0,2.36,0.71,0.3,1.0,2,0,,,,,,,,,,,,
741,,EL OUAHDI Zakaria,MAR,Morocco,KRC Genk,DF,24,171,,,,,,,,,,,,,,,,,,,,,,,,,,,,,,,,FIFA World Cup 2026 roster,Zakaria El Ouahdi,moved,"DF,MF",ma Morocco,24,1.be Genk,1,0,17,0.2,0,0,0,0,0,0,0,0,Zakaria El Ouahdi,0,0,,0.0,0.0,,,0,0,,,,,,,,,,,,
742,,DIOP Issa,MAR,Morocco,Fulham FC,DF,29,194,,,,,,,,,,,,,,,,,,,,,,,,,,,,,,,,FIFA World Cup 2026 roster,Issa Diop,moved,DF,ma Morocco,29,1.eng Fulham,5,5,476,5.3,1,0,1,1,0,0,3,0,Issa Diop,1,1,100.0,0.19,0.19,1.0,1.0,1,7,,,,,,,,,,,,
743,,EL MOURABET Samir,MAR,Morocco,RC Strasbourg,MF,20,187,,,,,,,,,,,,,,,,,,,,,,,,,,,,,,,,FIFA World Cup 2026 roster,Samir El Mourabet,moved,MF,ma Morocco,20,1.fr Strasbourg,5,0,81,0.9,0,0,0,0,0,0,0,0,Samir El Mourabet,0,0,,0.0,0.0,,,1,1,,,,,,,,,,,,
744,,YASSINE Gessime,MAR,Morocco,RC Strasbourg,MF,20,172,,,,,,,,,,,,,,,,,,,,,,,,,,,,,,,,FIFA World Cup 2026 roster,Gessime Yassine,moved,MF,ma Morocco,20,1.fr Strasbourg,3,0,80,0.9,1,0,1,1,0,0,0,0,Gessime Yassine,2,1,50.0,2.25,1.13,0.5,1.0,2,1,,,,,,,,,,,,
746,,RIAD Chadi,MAR,Morocco,Crystal Palace FC,DF,22,186,,,,,,,,,,,,,,,,,,,,,,,,,,,,,,,,FIFA World Cup 2026 roster,Chadi Riad,moved,DF,ma Morocco,22,1.eng Crystal Palace,4,4,344,3.8,0,1,1,0,0,0,0,0,Chadi Riad,1,0,0.0,0.26,0.0,0.0,,1,4,,,,,,,,,,,,
748,,EL KAABI Ayoub,MAR,Morocco,Olympiacos FC,FW,32,182,,,,,,,,,,,,,,,,,,,,,,,,,,,,,,,,FIFA World Cup 2026 roster,Ayoub El Kaabi,moved,FW,ma Morocco,32,1.gr Olympiacos,1,1,69,0.8,0,0,0,0,0,0,0,0,Ayoub El Kaabi,3,2,66.7,3.91,2.61,0.0,0.0,2,0,,,,,,,,,,,,
749,,AMAIMOUNI Ayoube,MAR,Morocco,Eintracht Frankfurt,FW,21,179,,,,,,,,,,,,,,,,,,,,,,,,,,,,,,,,FIFA World Cup 2026 roster,Ayoube Amaimouni,moved,MF,ma Morocco,21,1.de Frankfurt,2,0,18,0.2,0,0,0,0,0,0,0,0,Ayoube Amaimouni,2,1,50.0,10.0,5.0,0.0,0.0,1,0,,,,,,,,,,,,
751,,EL KHANNOUSS Bilal,MAR,Morocco,VfB Stuttgart,MF,22,180,,,,,,,,,,,,,,,,,,,,,,,,,,,,,,,,FIFA World Cup 2026 roster,Bilal El Khannouss,moved,"MF,FW",ma Morocco,22,1.de Stuttgart,6,6,461,5.1,0,0,0,0,0,0,1,0,Bilal El Khannouss,6,4,66.7,1.17,0.78,0.0,0.0,7,1,,,,,,,,,,,,
752,,EL AYNAOUI Neil,MAR,Morocco,AS Roma,MF,24,185,,,,,,,,,,,,,,,,,,,,,,,,,,,,,,,,FIFA World Cup 2026 roster,Neil El Aynaoui,moved,MF,ma Morocco,24,1.it Roma,6,6,562,6.2,0,0,0,0,0,0,0,0,Neil El Aynaoui,7,2,28.6,1.12,0.32,0.0,0.0,9,8,,,,,,,,,,,,
753,,HALHAL Redouane,MAR,Morocco,KV Mechelen,DF,23,189,,,,,,,,,,,,,,,,,,,,,,,,,,,,,,,,FIFA World Cup 2026 roster,Redouane Halhal,moved,DF,ma Morocco,23,1.be Mechelen,2,2,180,2.0,0,0,0,0,0,0,1,0,Redouane Halhal,0,0,,0.0,0.0,,,1,1,,,,,,,,,,,,
755,,VERBRUGGEN Bart,NED,Netherlands,Brighton & Hove Albion FC,GK,23,193,,,,,,,,,,,,,,,,,,,,,,,,,,,,,,,,FIFA World Cup 2026 roster,Bart Verbruggen,moved,GK,nl Netherlands,23,1.eng Brighton,4,4,390,4.3,0,0,0,0,0,0,0,0,Bart Verbruggen,0,0,,0.0,0.0,,,0,0,5.0,1.15,21.0,16.0,76.2,0.0,0.0,0.0,0.0,0.0,0.0,
757,,DE ROON Marten,NED,Netherlands,Atalanta Bergamo,MF,35,186,,,,,,,,,,,,,,,,,,,,,,,,,,,,,,,,FIFA World Cup 2026 roster,Marten de Roon,moved,"DF,MF",nl Netherlands,35,1.it Atalanta,1,0,11,0.1,0,0,0,0,0,0,0,0,Marten de Roon,0,0,,0.0,0.0,,,0,0,,,,,,,,,,,,
758,,VAN DIJK Virgil,NED,Netherlands,Liverpool FC,DF,34,195,,,,,,,,,,,,,,,,,,,,,,,,,,,,,,,,FIFA World Cup 2026 roster,Virgil van Dijk,moved,DF,nl Netherlands,34,1.eng Liverpool,4,4,390,4.3,1,1,2,1,0,0,0,0,Virgil van Dijk,2,2,100.0,0.46,0.46,0.5,0.5,1,3,,,,,,,,,,,,
759,,AKE Nathan,NED,Netherlands,Manchester City FC,DF,31,180,,,,,,,,,,,,,,,,,,,,,,,,,,,,,,,,FIFA World Cup 2026 roster,Nathan Aké,moved,DF,nl Netherlands,31,1.eng Manchester City,3,2,170,1.9,0,0,0,0,0,0,0,0,Nathan Aké,1,0,0.0,0.53,0.0,0.0,,0,4,,,,,,,,,,,,
761,,KLUIVERT Justin,NED,Netherlands,AFC Bournemouth,MF,27,173,,,,,,,,,,,,,,,,,,,,,,,,,,,,,,,,FIFA World Cup 2026 roster,Justin Kluivert,moved,"FW,MF",nl Netherlands,27,1.eng Bournemouth,2,0,27,0.3,0,0,0,0,0,0,0,0,Justin Kluivert,0,0,,0.0,0.0,,,0,0,,,,,,,,,,,,
762,,GRAVENBERCH Ryan,NED,Netherlands,Liverpool FC,MF,24,190,,,,,,,,,,,,,,,,,,,,,,,,,,,,,,,,FIFA World Cup 2026 roster,Ryan Gravenberch,moved,MF,nl Netherlands,24,1.eng Liverpool,4,4,345,3.8,0,2,2,0,0,0,0,0,Ryan Gravenberch,5,0,0.0,1.3,0.0,0.0,,1,6,,,,,,,,,,,,
763,,WEGHORST Wout,NED,Netherlands,AFC Ajax,FW,33,197,,,,,,,,,,,,,,,,,,,,,,,,,,,,,,,,FIFA World Cup 2026 roster,Wout Weghorst,moved,FW,nl Netherlands,33,1.nl Ajax,1,0,50,0.6,0,0,0,0,0,0,0,0,Wout Weghorst,0,0,,0.0,0.0,,,1,0,,,,,,,,,,,,
765,,GAKPO Cody,NED,Netherlands,Liverpool FC,FW,27,193,,,,,,,,,,,,,,,,,,,,,,,,,,,,,,,,FIFA World Cup 2026 roster,Cody Gakpo,moved,FW,nl Netherlands,27,1.eng Liverpool,4,4,368,4.1,3,1,4,3,0,0,0,0,Cody Gakpo,10,6,60.0,2.45,1.47,0.3,0.5,1,2,,,,,,,,,,,,
768,,REIJNDERS Tijjani,NED,Netherlands,Manchester City FC,MF,27,178,,,,,,,,,,,,,,,,,,,,,,,,,,,,,,,,FIFA World Cup 2026 roster,Tijjani Reijnders,moved,MF,nl Netherlands,27,1.eng Manchester City,3,3,199,2.2,0,1,1,0,0,0,0,0,Tijjani Reijnders,4,2,50.0,1.81,0.9,0.0,0.0,0,2,,,,,,,,,,,,
769,,VAN DE VEN Micky,NED,Netherlands,Tottenham Hotspur FC,DF,25,193,,,,,,,,,,,,,,,,,,,,,,,,,,,,,,,,FIFA World Cup 2026 roster,Micky van de Ven,moved,"DF,MF",nl Netherlands,25,1.eng Tottenham,3,3,265,2.9,0,0,0,0,0,0,1,0,Micky van de Ven,3,1,33.3,1.02,0.34,0.0,0.0,3,2,,,,,,,,,,,,
770,,TIL Guus,NED,Netherlands,PSV Eindhoven,MF,28,188,,,,,,,,,,,,,,,,,,,,,,,,,,,,,,,,FIFA World Cup 2026 roster,Guus Til,moved,"FW,MF",nl Netherlands,28,1.nl PSV,1,0,32,0.4,0,0,0,0,0,0,0,0,Guus Til,0,0,,0.0,0.0,,,0,0,,,,,,,,,,,,
771,,LANG Noa,NED,Netherlands,Galatasaray SK,FW,26,176,,,,,,,,,,,,,,,,,,,,,,,,,,,,,,,,FIFA World Cup 2026 roster,Noa Lang,moved,"FW,MF",nl Netherlands,26,1.tr Galatasaray,2,0,8,0.1,0,0,0,0,0,0,0,0,Noa Lang,0,0,,0.0,0.0,,,0,0,,,,,,,,,,,,
772,,MALEN Donyell,NED,Netherlands,AS Roma,FW,27,178,,,,,,,,,,,,,,,,,,,,,,,,,,,,,,,,FIFA World Cup 2026 roster,Donyell Malen,moved,FW,nl Netherlands,27,1.it Roma,3,3,185,2.1,0,0,0,0,0,0,0,0,Donyell Malen,4,2,50.0,1.95,0.97,0.0,0.0,0,0,,,,,,,,,,,,
773,,BROBBEY Brian,NED,Netherlands,Sunderland AFC,FW,24,181,,,,,,,,,,,,,,,,,,,,,,,,,,,,,,,,FIFA World Cup 2026 roster,Brian Brobbey,moved,FW,nl Netherlands,24,1.eng Sunderland,4,3,223,2.5,3,0,3,3,0,0,0,0,Brian Brobbey,4,3,75.0,1.61,1.21,0.75,1.0,1,0,,,,,,,,,,,,
774,,KOOPMEINERS Teun,NED,Netherlands,Juventus FC,MF,28,185,,,,,,,,,,,,,,,,,,,,,,,,,,,,,,,,FIFA World Cup 2026 roster,Teun Koopmeiners,moved,"DF,MF",nl Netherlands,28,1.it Juventus,4,0,122,1.4,0,0,0,0,0,0,0,0,Teun Koopmeiners,2,0,0.0,1.48,0.0,0.0,,1,1,,,,,,,,,,,,
775,,DE JONG Frenkie,NED,Netherlands,FC Barcelona,MF,29,181,,,,,,,,,,,,,,,,,,,,,,,,,,,,,,,,FIFA World Cup 2026 roster,Frenkie de Jong,moved,MF,nl Netherlands,29,1.es Barcelona,4,4,328,3.6,0,0,0,0,0,0,0,0,Frenkie de Jong,1,0,0.0,0.27,0.0,0.0,,7,8,,,,,,,,,,,,
776,,DUMFRIES Denzel,NED,Netherlands,FC Internazionale Milano,DF,30,188,,,,,,,,,,,,,,,,,,,,,,,,,,,,,,,,FIFA World Cup 2026 roster,Denzel Dumfries,moved,"DF,MF",nl Netherlands,30,1.it Inter,4,4,390,4.3,0,2,2,0,0,0,0,0,Denzel Dumfries,5,2,40.0,1.15,0.46,0.0,0.0,6,1,,,,,,,,,,,,
778,,SUMMERVILLE Crysencio,NED,Netherlands,West Ham United FC,FW,24,172,,,,,,,,,,,,,,,,,,,,,,,,,,,,,,,,FIFA World Cup 2026 roster,Crysencio Summerville,moved,FW,nl Netherlands,24,1.eng West Ham,4,2,253,2.8,2,2,4,2,0,0,1,0,Crysencio Summerville,2,2,100.0,0.71,0.71,1.0,1.0,2,2,,,,,,,,,,,,
779,,HATO Jorrel,NED,Netherlands,Chelsea FC,DF,20,182,,,,,,,,,,,,,,,,,,,,,,,,,,,,,,,,FIFA World Cup 2026 roster,Jorrel Hato,moved,DF,nl Netherlands,20,1.eng Chelsea,1,0,35,0.4,0,0,0,0,0,0,0,0,Jorrel Hato,0,0,,0.0,0.0,,,0,0,,,,,,,,,,,,
780,,TIMBER Quinten,NED,Netherlands,Olympique Marseille,MF,24,176,,,,,,,,,,,,,,,,,,,,,,,,,,,,,,,,FIFA World Cup 2026 roster,Quinten Timber,moved,MF,nl Netherlands,24,1.fr Marseille,2,0,55,0.6,0,0,0,0,0,0,0,0,Quinten Timber,0,0,,0.0,0.0,,,0,1,,,,,,,,,,,,
781,,CROCOMBE Max,NZL,New Zealand,Millwall FC,GK,32,190,,,,,,,,,,,,,,,,,,,,,,,,,,,,,,,,FIFA World Cup 2026 roster,Max Crocombe,moved,GK,nz New Zealand,32,2.eng Millwall,3,3,270,3.0,0,0,0,0,0,0,0,0,Max Crocombe,0,0,,0.0,0.0,,,0,0,10.0,3.33,21.0,11.0,52.4,0.0,0.0,0.0,0.0,0.0,0.0,
782,,PAYNE Tim,NZL,New Zealand,Wellington Phoenix FC,DF,32,179,,,,,,,,,,,,,,,,,,,,,,,,,,,,,,,,FIFA World Cup 2026 roster,Tim Payne,moved,DF,nz New Zealand,32,1.au Wellington,3,3,224,2.5,0,1,1,0,0,0,0,0,Tim Payne,1,0,0.0,0.4,0.0,0.0,,3,1,,,,,,,,,,,,
783,,DE VRIES Francis,NZL,New Zealand,Auckland FC,DF,31,181,,,,,,,,,,,,,,,,,,,,,,,,,,,,,,,,FIFA World Cup 2026 roster,Francis de Vries,moved,DF,nz New Zealand,31,1.au Auckland FC,2,0,18,0.2,0,0,0,0,0,0,0,0,Francis de Vries,0,0,,0.0,0.0,,,0,1,,,,,,,,,,,,
784,,BINDON Tyler,NZL,New Zealand,Sheeld United FC,DF,21,190,,,,,,,,,,,,,,,,,,,,,,,,,,,,,,,,FIFA World Cup 2026 roster,Tyler Bindon,moved,DF,nz New Zealand,21,2.eng Sheffield United,3,1,97,1.1,0,0,0,0,0,0,0,0,Tyler Bindon,2,1,50.0,1.86,0.93,0.0,0.0,2,1,,,,,,,,,,,,
785,,BOXALL Michael,NZL,New Zealand,Minnesota United FC,DF,37,191,,,,,,,,,,,,,,,,,,,,,,,,,,,,,,,,FIFA World Cup 2026 roster,Michael Boxall,moved,DF,nz New Zealand,37,1.us Minnesota Utd,3,2,207,2.3,0,0,0,0,0,0,0,0,Michael Boxall,0,0,,0.0,0.0,,,1,2,,,,,,,,,,,,
786,,BELL Joe,NZL,New Zealand,Viking Stavanger,MF,27,182,,,,,,,,,,,,,,,,,,,,,,,,,,,,,,,,FIFA World Cup 2026 roster,Joe Bell,moved,MF,nz New Zealand,27,1.no Viking,3,3,243,2.7,0,0,0,0,0,0,0,0,Joe Bell,1,0,0.0,0.37,0.0,0.0,,2,4,,,,,,,,,,,,
788,,STAMENIC Marko,NZL,New Zealand,Swansea City AFC,MF,24,188,,,,,,,,,,,,,,,,,,,,,,,,,,,,,,,,FIFA World Cup 2026 roster,Marko Stamenic,moved,MF,nz New Zealand,24,2.eng Swansea City,3,3,269,3.0,0,0,0,0,0,0,1,0,Marko Stamenic,3,0,0.0,1.0,0.0,0.0,,1,4,,,,,,,,,,,,
789,,WOOD Chris,NZL,New Zealand,Nottingham Forest FC,FW,34,191,,,,,,,,,,,,,,,,,,,,,,,,,,,,,,,,FIFA World Cup 2026 roster,Chris Wood,moved,FW,nz New Zealand,34,1.eng Nottingham,3,3,270,3.0,0,2,2,0,0,0,0,0,Chris Wood,5,2,40.0,1.67,0.67,0.0,0.0,1,0,,,,,,,,,,,,
790,,SINGH Sarpreet,NZL,New Zealand,Wellington Phoenix FC,MF,27,180,,,,,,,,,,,,,,,,,,,,,,,,,,,,,,,,FIFA World Cup 2026 roster,Sarpreet Singh,moved,MF,nz New Zealand,27,1.au Wellington,3,3,209,2.3,0,0,0,0,0,0,1,0,Sarpreet Singh,4,2,50.0,1.72,0.86,0.0,0.0,1,0,,,,,,,,,,,,
791,,JUST Elijah,NZL,New Zealand,Motherwell FC,MF,26,176,,,,,,,,,,,,,,,,,,,,,,,,,,,,,,,,FIFA World Cup 2026 roster,Elijah Just,moved,MF,nz New Zealand,26,1.sct Motherwell,3,3,264,2.9,3,0,3,3,0,0,1,0,Elijah Just,7,5,71.4,2.39,1.7,0.43,0.6,3,2,,,,,,,,,,,,
793,,CACACE Liberato,NZL,New Zealand,Wrexham AFC,DF,25,182,,,,,,,,,,,,,,,,,,,,,,,,,,,,,,,,FIFA World Cup 2026 roster,Liberato Cacace,moved,DF,nz New Zealand,25,2.eng Wrexham,3,3,220,2.4,0,0,0,0,0,0,0,0,Liberato Cacace,1,1,100.0,0.41,0.41,0.0,0.0,2,3,,,,,,,,,,,,
796,,SURMAN Finn,NZL,New Zealand,Portland Timbers,DF,22,190,,,,,,,,,,,,,,,,,,,,,,,,,,,,,,,,FIFA World Cup 2026 roster,Finn Surman,moved,DF,nz New Zealand,22,1.us Portland Timbers,3,3,270,3.0,1,0,1,1,0,0,0,0,Finn Surman,2,1,50.0,0.67,0.33,0.5,1.0,1,4,,,,,,,,,,,,
799,,OLD Ben,NZL,New Zealand,AS Saint-Etienne,MF,23,173,,,,,,,,,,,,,,,,,,,,,,,,,,,,,,,,FIFA World Cup 2026 roster,Ben Old,moved,MF,nz New Zealand,23,2.fr Saint-Étienne,3,0,93,1.0,0,0,0,0,0,0,0,0,Ben Old,0,0,,0.0,0.0,,,0,1,,,,,,,,,,,,
800,,McCOWATT Callum,NZL,New Zealand,Silkeborg IF,MF,27,180,,,,,,,,,,,,,,,,,,,,,,,,,,,,,,,,FIFA World Cup 2026 roster,Callum McCowatt,moved,MF,nz New Zealand,27,1.dk Silkeborg,3,2,159,1.8,0,0,0,0,0,0,1,0,Callum McCowatt,4,3,75.0,2.26,1.7,0.0,0.0,1,1,,,,,,,,,,,,
801,,RANDALL Jesse,NZL,New Zealand,Auckland FC,FW,23,176,,,,,,,,,,,,,,,,,,,,,,,,,,,,,,,,FIFA World Cup 2026 roster,Jesse Randall,moved,MF,nz New Zealand,23,1.au Auckland FC,3,0,61,0.7,0,0,0,0,0,0,0,0,Jesse Randall,1,0,0.0,1.48,0.0,0.0,,0,0,,,,,,,,,,,,
803,,THOMAS Ryan,NZL,New Zealand,PEC Zwolle,MF,31,176,,,,,,,,,,,,,,,,,,,,,,,,,,,,,,,,FIFA World Cup 2026 roster,Ryan Thomas,moved,MF,nz New Zealand,31,1.nl Zwolle,3,1,83,0.9,0,0,0,0,0,0,0,0,Ryan Thomas,0,0,,0.0,0.0,,,2,0,,,,,,,,,,,,
804,,ELLIOT Callan,NZL,New Zealand,Auckland FC,DF,26,177,,,,,,,,,,,,,,,,,,,,,,,,,,,,,,,,FIFA World Cup 2026 roster,Callan Elliot,moved,DF,nz New Zealand,26,1.au Auckland FC,1,0,13,0.1,0,0,0,0,0,0,0,0,Callan Elliot,0,0,,0.0,0.0,,,1,0,,,,,,,,,,,,
808,,THORSBY Morten,NOR,Norway,US Cremonese,MF,30,188,,,,,,,,,,,,,,,,,,,,,,,,,,,,,,,,FIFA World Cup 2026 roster,Morten Thorsby,moved,MF,no Norway,30,1.it Cremonese,1,0,45,0.5,0,0,0,0,0,0,0,0,Morten Thorsby,0,0,,0.0,0.0,,,1,1,,,,,,,,,,,,
809,,AJER Kristoffer,NOR,Norway,Brentford FC,DF,28,198,,,,,,,,,,,,,,,,,,,,,,,,,,,,,,,,FIFA World Cup 2026 roster,Kristoffer Ajer,moved,DF,no Norway,28,1.eng Brentford,5,5,480,5.3,0,0,0,0,0,0,1,0,Kristoffer Ajer,2,1,50.0,0.37,0.19,0.0,0.0,8,4,,,,,,,,,,,,
812,,BERG Patrick,NOR,Norway,FK Bodø/Glimt,MF,28,178,,,,,,,,,,,,,,,,,,,,,,,,,,,,,,,,FIFA World Cup 2026 roster,Patrick Berg,moved,MF,no Norway,28,1.no Bodø/Glimt,6,4,445,4.9,0,2,2,0,0,0,1,0,Patrick Berg,3,0,0.0,0.61,0.0,0.0,,7,2,,,,,,,,,,,,
814,,BERGE Sander,NOR,Norway,Fulham FC,MF,28,195,,,,,,,,,,,,,,,,,,,,,,,,,,,,,,,,FIFA World Cup 2026 roster,Sander Berge,moved,MF,no Norway,28,1.eng Fulham,5,5,480,5.3,0,0,0,0,0,0,0,0,Sander Berge,0,0,,0.0,0.0,,,4,9,,,,,,,,,,,,
815,,HAALAND Erling,NOR,Norway,Manchester City FC,FW,25,195,,,,,,,,,,,,,,,,,,,,,,,,,,,,,,,,FIFA World Cup 2026 roster,Erling Haaland,moved,FW,no Norway,25,1.eng Manchester City,5,5,465,5.2,7,0,7,7,0,0,0,0,Erling Haaland,20,13,65.0,3.87,2.52,0.35,0.54,0,1,,,,,,,,,,,,
819,,SELVIK Egil,NOR,Norway,Watford FC,GK,28,187,,,,,,,,,,,,,,,,,,,,,,,,,,,,,,,,FIFA World Cup 2026 roster,Egil Selvik,moved,GK,no Norway,28,2.eng Watford,1,1,90,1.0,0,0,0,0,0,0,0,0,Egil Selvik,0,0,,0.0,0.0,,,0,0,4.0,4.0,9.0,5.0,55.6,0.0,0.0,0.0,0.0,0.0,0.0,
820,,AURSNES Fredrik,NOR,Norway,SL Benfica,MF,30,181,,,,,,,,,,,,,,,,,,,,,,,,,,,,,,,,FIFA World Cup 2026 roster,Fredrik Aursnes,moved,"MF,DF",no Norway,30,1.pt Benfica,6,3,304,3.4,0,0,0,0,0,0,0,0,Fredrik Aursnes,2,0,0.0,0.59,0.0,0.0,,8,1,,,,,,,,,,,,
824,,THORSTVEDT Kristian,NOR,Norway,US Sassuolo,MF,27,189,,,,,,,,,,,,,,,,,,,,,,,,,,,,,,,,FIFA World Cup 2026 roster,Kristian Thorstvedt,moved,MF,no Norway,27,1.it Sassuolo,2,1,63,0.7,0,0,0,0,0,0,0,0,Kristian Thorstvedt,3,1,33.3,4.29,1.43,0.0,0.0,1,0,,,,,,,,,,,,
825,,AASGAARD Thelo,NOR,Norway,Rangers FC,MF,24,188,,,,,,,,,,,,,,,,,,,,,,,,,,,,,,,,FIFA World Cup 2026 roster,Thelo Aasgaard,moved,MF,no Norway,24,1.sct Rangers,1,1,90,1.0,1,0,1,1,0,0,0,0,Thelo Aasgaard,2,1,50.0,2.0,1.0,0.5,1.0,1,3,,,,,,,,,,,,
826,,NUSA Antonio,NOR,Norway,RB Leipzig,FW,21,183,,,,,,,,,,,,,,,,,,,,,,,,,,,,,,,,FIFA World Cup 2026 roster,Antonio Nusa,moved,FW,no Norway,21,1.de RB Leipzig,6,4,318,3.5,1,0,1,1,0,0,1,0,Antonio Nusa,6,2,33.3,1.7,0.57,0.17,0.5,2,2,,,,,,,,,,,,
827,,SCHJELDERUP Andreas,NOR,Norway,SL Benfica,MF,22,177,,,,,,,,,,,,,,,,,,,,,,,,,,,,,,,,FIFA World Cup 2026 roster,Andreas Schjelderup,moved,FW,no Norway,22,1.pt Benfica,6,2,252,2.8,1,3,4,1,0,0,0,0,Andreas Schjelderup,3,2,66.7,1.07,0.71,0.33,0.5,3,5,,,,,,,,,,,,
828,,BOBB Oscar,NOR,Norway,Fulham FC,MF,22,177,,,,,,,,,,,,,,,,,,,,,,,,,,,,,,,,FIFA World Cup 2026 roster,Oscar Bobb,moved,FW,no Norway,22,1.eng Fulham,6,1,225,2.5,0,0,0,0,0,0,0,0,Oscar Bobb,4,2,50.0,1.6,0.8,0.0,0.0,3,3,,,,,,,,,,,,
830,,LANGAS Sondre,NOR,Norway,Derby County FC,DF,25,190,,,,,,,,,,,,,,,,,,,,,,,,,,,,,,,,FIFA World Cup 2026 roster,Sondre Langås,moved,DF,no Norway,25,2.eng Derby County,1,0,25,0.3,0,0,0,0,0,0,0,0,Sondre Langås,0,0,,0.0,0.0,,,0,0,,,,,,,,,,,,
831,,FALCHENER Henrik,NOR,Norway,Viking Stavanger,DF,23,194,,,,,,,,,,,,,,,,,,,,,,,,,,,,,,,,FIFA World Cup 2026 roster,Henrik Falchener,moved,DF,no Norway,23,1.no Viking,1,1,65,0.7,0,0,0,0,0,0,0,0,Henrik Falchener,0,0,,0.0,0.0,,,0,1,,,,,,,,,,,,
832,,RYERSON Julian,NOR,Norway,Borussia Dortmund,FW,28,186,,,,,,,,,,,,,,,,,,,,,,,,,,,,,,,,FIFA World Cup 2026 roster,Julian Ryerson,moved,DF,no Norway,28,1.de Dortmund,4,4,223,2.5,0,0,0,0,0,0,0,0,Julian Ryerson,0,0,,0.0,0.0,,,8,0,,,,,,,,,,,,
834,,BLACKMAN Cesar,PAN,Panama,ŠK Slovan Bratislava,DF,28,174,,,,,,,,,,,,,,,,,,,,,,,,,,,,,,,,FIFA World Cup 2026 roster,César Blackman,moved,"MF,DF",pa Panama,28,1.sk Slovan Bratislava,2,2,178,2.0,0,0,0,0,0,0,1,0,César Blackman,2,1,50.0,1.01,0.51,0.0,0.0,0,1,,,,,,,,,,,,
835,,CORDOBA Jose,PAN,Panama,Norwich City FC,DF,25,189,,,,,,,,,,,,,,,,,,,,,,,,,,,,,,,,FIFA World Cup 2026 roster,José Córdoba,moved,DF,pa Panama,25,2.eng Norwich City,3,3,270,3.0,0,0,0,0,0,0,0,0,José Córdoba,0,0,,0.0,0.0,,,3,1,,,,,,,,,,,,
836,,ESCOBAR Fidel,PAN,Panama,Deportivo Saprissa,DF,31,184,,,,,,,,,,,,,,,,,,,,,,,,,,,,,,,,FIFA World Cup 2026 roster,Fidel Escobar,moved,DF,pa Panama,31,1.cr Saprissa,1,1,90,1.0,0,0,0,0,0,0,0,0,Fidel Escobar,0,0,,0.0,0.0,,,2,1,,,,,,,,,,,,
838,,MARTINEZ Cristian,PAN,Panama,Hapoel Kiryat Shmona FC,MF,29,170,,,,,,,,,,,,,,,,,,,,,,,,,,,,,,,,FIFA World Cup 2026 roster,Cristian Martínez,moved,"MF,FW",pa Panama,29,1.il Kiryat Shmona,3,3,242,2.7,0,0,0,0,0,0,0,0,Cristian Martínez,1,0,0.0,0.37,0.0,0.0,,4,1,,,,,,,,,,,,
841,,RODRIGUEZ Tomas,PAN,Panama,Deportivo Saprissa,FW,27,183,,,,,,,,,,,,,,,,,,,,,,,,,,,,,,,,FIFA World Cup 2026 roster,Tomás Rodríguez,moved,FW,pa Panama,27,1.cr Saprissa,2,1,46,0.5,0,0,0,0,0,0,0,0,Tomás Rodríguez,1,1,100.0,1.96,1.96,0.0,0.0,0,0,,,,,,,,,,,,
842,,DIAZ Ismael,PAN,Panama,Club León,MF,29,184,,,,,,,,,,,,,,,,,,,,,,,,,,,,,,,,FIFA World Cup 2026 roster,Ismael Díaz,moved,"FW,MF",pa Panama,29,1.mx León,2,0,37,0.4,0,0,0,0,0,0,0,0,Ismael Díaz,6,2,33.3,14.59,4.86,0.0,0.0,1,0,,,,,,,,,,,,
845,,RAMOS Jiovany,PAN,Panama,Puerto Cabello CF,DF,29,188,,,,,,,,,,,,,,,,,,,,,,,,,,,,,,,,FIFA World Cup 2026 roster,Jiovany Ramos,moved,DF,pa Panama,29,1.ve Puerto Cabello,2,2,166,1.8,0,0,0,0,0,0,0,0,Jiovany Ramos,2,0,0.0,1.08,0.0,0.0,,1,3,,,,,,,,,,,,
846,,HARVEY Carlos,PAN,Panama,Minnesota United FC,DF,26,184,,,,,,,,,,,,,,,,,,,,,,,,,,,,,,,,FIFA World Cup 2026 roster,Carlos Harvey,moved,MF,pa Panama,26,1.us Minnesota Utd,3,3,267,3.0,0,0,0,0,0,0,1,0,Carlos Harvey,5,0,0.0,1.69,0.0,0.0,,3,0,,,,,,,,,,,,
849,,FAJARDO Jose,PAN,Panama,CD Universidad Católica,FW,32,184,,,,,,,,,,,,,,,,,,,,,,,,,,,,,,,,FIFA World Cup 2026 roster,José Fajardo,moved,FW,pa Panama,32,1.ec Univ Católica,3,1,155,1.7,0,0,0,0,0,0,1,0,José Fajardo,1,0,0.0,0.58,0.0,0.0,,2,0,,,,,,,,,,,,
850,,WATERMAN Cecilio,PAN,Panama,CD Universidad De Concepción,FW,35,180,,,,,,,,,,,,,,,,,,,,,,,,,,,,,,,,FIFA World Cup 2026 roster,Cecilio Waterman,moved,FW,pa Panama,35,1.cl U Concepción,2,1,76,0.8,0,0,0,0,0,0,0,0,Cecilio Waterman,2,1,50.0,2.37,1.18,0.0,0.0,0,0,,,,,,,,,,,,
851,,QUINTERO Alberto,PAN,Panama,CD Plaza Amador,MF,38,165,,,,,,,,,,,,,,,,,,,,,,,,,,,,,,,,FIFA World Cup 2026 roster,Alberto Quintero,moved,"FW,MF",pa Panama,38,1.pa Plaza Amador,1,0,3,0.0,0,0,0,0,0,0,0,0,Alberto Quintero,0,0,,0.0,0.0,,,0,0,,,,,,,,,,,,
852,,GODOY Anibal,PAN,Panama,San Diego FC,MF,36,184,,,,,,,,,,,,,,,,,,,,,,,,,,,,,,,,FIFA World Cup 2026 roster,Aníbal Godoy,moved,MF,pa Panama,36,1.us San Diego FC,1,0,1,0.0,0,0,0,0,0,0,0,0,Aníbal Godoy,0,0,,0.0,0.0,,,0,0,,,,,,,,,,,,
854,,MOSQUERA Orlando,PAN,Panama,Al Fayha FC,GK,31,191,,,,,,,,,,,,,,,,,,,,,,,,,,,,,,,,FIFA World Cup 2026 roster,Orlando Mosquera,moved,GK,pa Panama,31,1.sa Al-Fayha,3,3,270,3.0,0,0,0,0,0,0,0,0,Orlando Mosquera,0,0,,0.0,0.0,,,0,0,4.0,1.33,11.0,7.0,63.6,0.0,0.0,0.0,0.0,0.0,0.0,
856,,LONDONO Azarias,PAN,Panama,CD Universidad Católica,FW,24,185,,,,,,,,,,,,,,,,,,,,,,,,,,,,,,,,FIFA World Cup 2026 roster,Azarías Londoño,moved,MF,pa Panama,24,1.ec Univ Católica,3,0,56,0.6,0,0,0,0,0,0,0,0,Azarías Londoño,1,0,0.0,1.61,0.0,0.0,,0,1,,,,,,,,,,,,
858,,GUTIERREZ Jorge,PAN,Panama,Deportivo La Guaira,DF,27,171,,,,,,,,,,,,,,,,,,,,,,,,,,,,,,,,FIFA World Cup 2026 roster,Jorge Gutiérrez,moved,DF,pa Panama,27,1.ve Dep. La Guaira,1,1,87,1.0,0,0,0,0,0,0,0,0,Jorge Gutiérrez,0,0,,0.0,0.0,,,1,1,,,,,,,,,,,,
861,,ALDERETE Omar,PAR,Paraguay,Sunderland AFC,DF,29,190,,,,,,,,,,,,,,,,,,,,,,,,,,,,,,,,FIFA World Cup 2026 roster,Omar Alderete,moved,DF,py Paraguay,29,1.eng Sunderland,4,4,320,3.6,0,0,0,0,0,0,0,0,Omar Alderete,1,0,0.0,0.28,0.0,0.0,,0,2,,,,,,,,,,,,
863,,BALBUENA Fabian,PAR,Paraguay,Grêmio FBPA,DF,34,188,,,,,,,,,,,,,,,,,,,,,,,,,,,,,,,,FIFA World Cup 2026 roster,Fabián Balbuena,moved,DF,py Paraguay,34,1.br Grêmio,1,0,1,0.0,0,0,0,0,0,0,0,0,Fabián Balbuena,0,0,,0.0,0.0,,,0,0,,,,,,,,,,,,
864,,ALONSO Junior,PAR,Paraguay,Atlético Mineiro,DF,33,184,,,,,,,,,,,,,,,,,,,,,,,,,,,,,,,,FIFA World Cup 2026 roster,Júnior Alonso,moved,DF,py Paraguay,33,1.br Atlético Mineiro,5,4,390,4.3,0,0,0,0,0,0,1,0,Júnior Alonso,3,1,33.3,0.69,0.23,0.0,0.0,9,4,,,,,,,,,,,,
865,,SOSA Ramon,PAR,Paraguay,SE Palmeiras,MF,26,178,,,,,,,,,,,,,,,,,,,,,,,,,,,,,,,,FIFA World Cup 2026 roster,Ramón Sosa,moved,"FW,MF",py Paraguay,26,1.br Palmeiras,1,0,12,0.1,0,0,0,0,0,0,0,0,Ramón Sosa,0,0,,0.0,0.0,,,0,0,,,,,,,,,,,,
866,,GOMEZ Diego,PAR,Paraguay,Brighton & Hove Albion FC,MF,23,183,,,,,,,,,,,,,,,,,,,,,,,,,,,,,,,,FIFA World Cup 2026 roster,Diego Gómez,moved,MF,py Paraguay,23,1.eng Brighton,4,4,304,3.4,0,0,0,0,0,0,2,0,Diego Gómez,6,0,0.0,1.78,0.0,0.0,,6,9,,,,,,,,,,,,
867,,SANABRIA Antonio,PAR,Paraguay,US Cremonese,FW,30,180,,,,,,,,,,,,,,,,,,,,,,,,,,,,,,,,FIFA World Cup 2026 roster,Antonio Sanabria,moved,FW,py Paraguay,30,1.it Cremonese,2,1,83,0.9,0,0,0,0,0,0,0,0,Antonio Sanabria,0,0,,0.0,0.0,,,2,0,,,,,,,,,,,,
868,,ALMIRON Miguel,PAR,Paraguay,Atlanta United FC,MF,32,178,,,,,,,,,,,,,,,,,,,,,,,,,,,,,,,,FIFA World Cup 2026 roster,Miguel Almirón,moved,"MF,FW",py Paraguay,32,1.us Atlanta Utd,4,4,282,3.1,0,0,0,0,0,0,1,1,Miguel Almirón,4,0,0.0,1.28,0.0,0.0,,7,3,,,,,,,,,,,,
869,,MAURICIO,PAR,Paraguay,SE Palmeiras,MF,24,175,,,,,,,,,,,,,,,,,,,,,,,,,,,,,,,,FIFA World Cup 2026 roster,Mauricio,normal,MF,py Paraguay,25,1.br Palmeiras,4,0,173,1.9,1,0,1,1,0,0,0,0,Mauricio,4,3,75.0,2.08,1.56,0.25,0.33,6,1,,,,,,,,,,,,
870,,GILL Orlando,PAR,Paraguay,CA San Lorenzo,GK,26,190,,,,,,,,,,,,,,,,,,,,,,,,,,,,,,,,FIFA World Cup 2026 roster,Orlando Gill,moved,GK,py Paraguay,26,1.py San Lorenzo,5,5,480,5.3,0,0,0,0,0,0,0,0,Orlando Gill,0,0,,0.0,0.0,,,0,0,6.0,1.13,29.0,23.0,79.3,2.0,40.0,1.0,1.0,0.0,0.0,0.0
871,,CANALE Jose,PAR,Paraguay,CA Lanús,DF,29,192,,,,,,,,,,,,,,,,,,,,,,,,,,,,,,,,FIFA World Cup 2026 roster,José Canale,moved,DF,py Paraguay,29,1.ar Lanús,4,1,161,1.8,0,0,0,0,0,0,0,0,José Canale,0,0,,0.0,0.0,,,6,1,,,,,,,,,,,,
872,,CUBAS Andres,PAR,Paraguay,Vancouver Whitecaps FC,MF,30,166,,,,,,,,,,,,,,,,,,,,,,,,,,,,,,,,FIFA World Cup 2026 roster,Andrés Cubas,moved,MF,py Paraguay,30,1.us Vancouver,5,5,480,5.3,0,0,0,0,0,0,1,0,Andrés Cubas,1,0,0.0,0.19,0.0,0.0,,13,11,,,,,,,,,,,,
873,,GOMEZ Gustavo,PAR,Paraguay,SE Palmeiras,DF,33,179,,,,,,,,,,,,,,,,,,,,,,,,,,,,,,,,FIFA World Cup 2026 roster,Gustavo Gómez,moved,DF,py Paraguay,33,1.br Palmeiras,5,5,480,5.3,0,0,0,0,0,0,0,0,Gustavo Gómez,2,0,0.0,0.37,0.0,0.0,,3,2,,,,,,,,,,,,
874,,BOBADILLA Damian,PAR,Paraguay,São Paulo FC,MF,24,180,,,,,,,,,,,,,,,,,,,,,,,,,,,,,,,,FIFA World Cup 2026 roster,Damián Bobadilla,moved,MF,py Paraguay,24,1.br São Paulo,4,2,189,2.1,0,0,0,0,0,0,0,0,Damián Bobadilla,0,0,,0.0,0.0,,,3,5,,,,,,,,,,,,
876,,ARCE Alex,PAR,Paraguay,CS Independiente Rivadavia,FW,30,188,,,,,,,,,,,,,,,,,,,,,,,,,,,,,,,,FIFA World Cup 2026 roster,Álex Arce,moved,FW,py Paraguay,30,1.ar Ind. Rivadavia,2,0,53,0.6,0,0,0,0,0,0,1,0,Álex Arce,0,0,,0.0,0.0,,,1,0,,,,,,,,,,,,
877,,ENCISO Julio,PAR,Paraguay,RC Strasbourg,FW,22,168,,,,,,,,,,,,,,,,,,,,,,,,,,,,,,,,FIFA World Cup 2026 roster,Julio Enciso,moved,FW,py Paraguay,22,1.fr Strasbourg,5,5,386,4.3,1,2,3,1,0,0,0,0,Julio Enciso,8,1,12.5,1.87,0.23,0.13,1.0,5,1,,,,,,,,,,,,
878,,OJEDA Braian,PAR,Paraguay,Orlando City SC,MF,25,173,,,,,,,,,,,,,,,,,,,,,,,,,,,,,,,,FIFA World Cup 2026 roster,Braian Ojeda,moved,MF,py Paraguay,25,1.us Orlando City,1,0,22,0.2,0,0,0,0,0,0,0,0,Braian Ojeda,0,0,,0.0,0.0,,,0,0,,,,,,,,,,,,
879,,AVALOS Gabriel,PAR,Paraguay,CA Independiente,FW,34,185,,,,,,,,,,,,,,,,,,,,,,,,,,,,,,,,FIFA World Cup 2026 roster,Gabriel Ávalos,moved,FW,py Paraguay,35,1.ar Independiente,4,2,141,1.6,0,0,0,0,0,0,0,0,Gabriel Ávalos,1,0,0.0,0.64,0.0,0.0,,2,0,,,,,,,,,,,,
881,,GALARZA Matias,PAR,Paraguay,Atlanta United FC,MF,24,175,,,,,,,,,,,,,,,,,,,,,,,,,,,,,,,,FIFA World Cup 2026 roster,Matías Galarza,moved,MF,py Paraguay,24,1.us Atlanta Utd,4,4,388,4.3,1,1,2,1,0,0,2,0,Matías Galarza,2,1,50.0,0.46,0.23,0.5,1.0,11,7,,,,,,,,,,,,
882,,CABALLERO Gustavo,PAR,Paraguay,Portsmouth FC,MF,24,189,,,,,,,,,,,,,,,,,,,,,,,,,,,,,,,,FIFA World Cup 2026 roster,Gustavo Caballero,moved,"FW,MF",py Paraguay,24,2.eng Portsmouth,2,0,96,1.1,0,0,0,0,0,0,0,0,Gustavo Caballero,1,1,100.0,0.94,0.94,0.0,0.0,2,0,,,,,,,,,,,,
883,,PITTA Isidro,PAR,Paraguay,Red Bull Bragantino,FW,26,185,,,,,,,,,,,,,,,,,,,,,,,,,,,,,,,,FIFA World Cup 2026 roster,Isidro Pitta,moved,FW,py Paraguay,26,1.br RB Bragantino,1,1,45,0.5,0,0,0,0,0,0,0,0,Isidro Pitta,0,0,,0.0,0.0,,,0,0,,,,,,,,,,,,
884,,MAIDANA Alexandro,PAR,Paraguay,CA Talleres,DF,20,173,,,,,,,,,,,,,,,,,,,,,,,,,,,,,,,,FIFA World Cup 2026 roster,Alexandro Maidana,moved,DF,py Paraguay,20,1.ar Talleres–C,2,1,55,0.6,0,0,0,0,0,0,0,0,Alexandro Maidana,0,0,,0.0,0.0,,,0,1,,,,,,,,,,,,
885,,DIOGO COSTA,POR,Portugal,FC Porto,GK,26,188,,,,,,,,,,,,,,,,,,,,,,,,,,,,,,,,FIFA World Cup 2026 roster,Diogo Costa,normal,GK,pt Portugal,26,1.pt Porto,5,5,450,5.0,0,0,0,0,0,0,0,0,Diogo Costa,0,0,,0.0,0.0,,,0,0,3.0,0.6,22.0,19.0,86.4,2.0,40.0,0.0,0.0,0.0,0.0,
886,,NELSON SEMEDO,POR,Portugal,Fenerbahçe SK,DF,32,179,,,,,,,,,,,,,,,,,,,,,,,,,,,,,,,,FIFA World Cup 2026 roster,Nélson Semedo,normal,"DF,MF",pt Portugal,32,1.tr Fenerbahçe,4,0,127,1.4,0,0,0,0,0,0,1,0,Nélson Semedo,0,0,,0.0,0.0,,,0,0,,,,,,,,,,,,
887,,RUBEN DIAS,POR,Portugal,Manchester City FC,DF,29,187,,,,,,,,,,,,,,,,,,,,,,,,,,,,,,,,FIFA World Cup 2026 roster,Rúben Dias,normal,DF,pt Portugal,29,1.eng Manchester City,4,4,360,4.0,0,0,0,0,0,0,1,0,Rúben Dias,0,0,,0.0,0.0,,,3,5,,,,,,,,,,,,
888,,TOMAS ARAUJO,POR,Portugal,SL Benfica,DF,24,187,,,,,,,,,,,,,,,,,,,,,,,,,,,,,,,,FIFA World Cup 2026 roster,Tomás Araújo,normal,DF,pt Portugal,24,1.pt Benfica,1,1,90,1.0,0,0,0,0,0,0,1,0,Tomás Araújo,0,0,,0.0,0.0,,,0,1,,,,,,,,,,,,
889,,DIOGO DALOT,POR,Portugal,Manchester United FC,DF,27,184,,,,,,,,,,,,,,,,,,,,,,,,,,,,,,,,FIFA World Cup 2026 roster,Diogo Dalot,normal,"DF,MF",pt Portugal,27,1.eng Manchester Utd,2,0,65,0.7,0,0,0,0,0,0,0,0,Diogo Dalot,1,0,0.0,1.38,0.0,0.0,,2,0,,,,,,,,,,,,
890,,MATHEUS NUNES,POR,Portugal,Manchester City FC,MF,27,183,,,,,,,,,,,,,,,,,,,,,,,,,,,,,,,,FIFA World Cup 2026 roster,Matheus Nunes,normal,"DF,MF",pt Portugal,27,1.eng Manchester City,1,0,1,0.0,0,0,0,0,0,0,0,0,Matheus Nunes,0,0,,0.0,0.0,,,0,0,,,,,,,,,,,,
891,,CRISTIANO RONALDO,POR,Portugal,Al Nassr FC,FW,41,185,,,,,,,,,,,,,,,,,,,,,,,,,,,,,,,,FIFA World Cup 2026 roster,Cristiano Ronaldo,normal,FW,pt Portugal,41,1.sa Al-Nassr,5,5,440,4.9,3,0,3,2,1,1,0,0,Cristiano Ronaldo,18,9,50.0,3.68,1.84,0.17,0.33,1,1,,,,,,,,,,,,
892,,BRUNO FERNANDES,POR,Portugal,Manchester United FC,MF,31,183,,,,,,,,,,,,,,,,,,,,,,,,,,,,,,,,FIFA World Cup 2026 roster,Bruno Fernandes,normal,MF,pt Portugal,31,1.eng Manchester Utd,5,5,422,4.7,0,1,1,0,0,0,0,0,Bruno Fernandes,9,3,33.3,1.92,0.64,0.0,0.0,5,0,,,,,,,,,,,,
893,,GONCALO RAMOS,POR,Portugal,Paris Saint-Germain,FW,24,185,,,,,,,,,,,,,,,,,,,,,,,,,,,,,,,,FIFA World Cup 2026 roster,Gonçalo Ramos,normal,FW,pt Portugal,24,1.fr PSG,2,0,36,0.4,1,0,1,1,0,0,0,0,Gonçalo Ramos,2,1,50.0,5.0,2.5,0.5,1.0,0,0,,,,,,,,,,,,
894,,BERNARDO SILVA,POR,Portugal,Manchester City FC,MF,31,173,,,,,,,,,,,,,,,,,,,,,,,,,,,,,,,,FIFA World Cup 2026 roster,Bernardo Silva,normal,MF,pt Portugal,31,1.eng Manchester City,4,1,97,1.1,0,0,0,0,0,0,2,0,Bernardo Silva,1,0,0.0,0.93,0.0,0.0,,0,1,,,,,,,,,,,,
895,,JOAO FELIX,POR,Portugal,Al Nassr FC,FW,26,179,,,,,,,,,,,,,,,,,,,,,,,,,,,,,,,,FIFA World Cup 2026 roster,João Félix,normal,MF,pt Portugal,26,1.sa Al-Nassr,3,3,201,2.2,0,0,0,0,0,0,0,0,João Félix,6,1,16.7,2.69,0.45,0.0,0.0,4,3,,,,,,,,,,,,
897,,RENATO VEIGA,POR,Portugal,Villarreal CF,DF,22,188,,,,,,,,,,,,,,,,,,,,,,,,,,,,,,,,FIFA World Cup 2026 roster,Renato Veiga,normal,DF,pt Portugal,22,1.es Villarreal,5,5,450,5.0,0,0,0,0,0,0,2,0,Renato Veiga,2,0,0.0,0.4,0.0,0.0,,1,6,,,,,,,,,,,,
899,,JOAO NEVES,POR,Portugal,Paris Saint-Germain,MF,21,171,,,,,,,,,,,,,,,,,,,,,,,,,,,,,,,,FIFA World Cup 2026 roster,João Neves,normal,MF,pt Portugal,21,1.fr PSG,5,4,390,4.3,1,0,1,1,0,0,0,0,João Neves,3,1,33.3,0.69,0.23,0.33,1.0,7,4,,,,,,,,,,,,
900,,FRANCISCO TRINCAO,POR,Portugal,Sporting CP,FW,26,184,,,,,,,,,,,,,,,,,,,,,,,,,,,,,,,,FIFA World Cup 2026 roster,Francisco Trincão,normal,"FW,MF",pt Portugal,26,1.pt Sporting CP,1,0,28,0.3,0,0,0,0,0,0,0,0,Francisco Trincão,1,0,0.0,3.21,0.0,0.0,,1,0,,,,,,,,,,,,
901,,RAFAEL LEAO,POR,Portugal,AC Milan,FW,27,188,,,,,,,,,,,,,,,,,,,,,,,,,,,,,,,,FIFA World Cup 2026 roster,Rafael Leão,normal,MF,pt Portugal,27,1.it Milan,5,1,158,1.8,1,1,2,1,0,0,0,0,Rafael Leão,4,1,25.0,2.28,0.57,0.25,1.0,0,2,,,,,,,,,,,,
902,,PEDRO NETO,POR,Portugal,Chelsea FC,FW,26,174,,,,,,,,,,,,,,,,,,,,,,,,,,,,,,,,FIFA World Cup 2026 roster,Pedro Neto,normal,MF,pt Portugal,26,1.eng Chelsea,5,5,350,3.9,0,1,1,0,0,0,0,0,Pedro Neto,1,0,0.0,0.26,0.0,0.0,,2,0,,,,,,,,,,,,
904,,JOAO CANCELO,POR,Portugal,FC Barcelona,DF,32,173,,,,,,,,,,,,,,,,,,,,,,,,,,,,,,,,FIFA World Cup 2026 roster,João Cancelo,normal,DF,pt Portugal,32,1.es Barcelona,5,5,312,3.5,0,1,1,0,0,0,0,0,João Cancelo,3,0,0.0,0.87,0.0,0.0,,4,5,,,,,,,,,,,,
905,,RUBEN NEVES,POR,Portugal,Al Hilal SC,MF,29,183,,,,,,,,,,,,,,,,,,,,,,,,,,,,,,,,FIFA World Cup 2026 roster,Rúben Neves,normal,MF,pt Portugal,29,1.sa Al-Hilal,2,1,55,0.6,0,0,0,0,0,0,0,0,Rúben Neves,2,0,0.0,3.27,0.0,0.0,,0,0,,,,,,,,,,,,
907,,VITINHA,POR,Portugal,Paris Saint-Germain,MF,26,170,,,,,,,,,,,,,,,,,,,,,,,,,,,,,,,,FIFA World Cup 2026 roster,Vitinha,normal,MF,pt Portugal,26,1.fr PSG,5,5,376,4.2,0,0,0,0,0,0,0,0,Vitinha,4,0,0.0,0.96,0.0,0.0,,0,2,,,,,,,,,,,,
908,,SAMU COSTA,POR,Portugal,RCD Mallorca,DF,25,185,,,,,,,,,,,,,,,,,,,,,,,,,,,,,,,,FIFA World Cup 2026 roster,Samu Costa,normal,MF,pt Portugal,25,1.es Mallorca,1,0,21,0.2,0,0,0,0,0,0,0,0,Samu Costa,0,0,,0.0,0.0,,,1,0,,,,,,,,,,,,
909,,NUNO MENDES,POR,Portugal,Paris Saint-Germain,DF,23,177,,,,,,,,,,,,,,,,,,,,,,,,,,,,,,,,FIFA World Cup 2026 roster,Nuno Mendes,normal,DF,pt Portugal,23,1.fr PSG,5,5,395,4.4,1,0,1,1,0,0,0,0,Nuno Mendes,3,1,33.3,0.68,0.23,0.33,1.0,6,0,,,,,,,,,,,,
910,,FRANCISCO CONCEICAO,POR,Portugal,Juventus FC,FW,23,166,,,,,,,,,,,,,,,,,,,,,,,,,,,,,,,,FIFA World Cup 2026 roster,Francisco Conceição,normal,MF,pt Portugal,23,1.it Juventus,4,0,126,1.4,0,0,0,0,0,0,0,0,Francisco Conceição,2,0,0.0,1.43,0.0,0.0,,2,0,,,,,,,,,,,,
911,,MAHMOUD ABUNADA,QAT,Qatar,Al Rayyan SC,GK,26,185,,,,,,,,,,,,,,,,,,,,,,,,,,,,,,,,FIFA World Cup 2026 roster,Mahmoud Abunada,normal,GK,qa Qatar,26,1.qa Al Rayyan SC,3,3,270,3.0,0,0,0,0,0,0,1,0,Mahmoud Abunada,0,0,,0.0,0.0,,,0,0,10.0,3.33,22.0,12.0,54.5,0.0,0.0,1.0,1.0,0.0,0.0,0.0
913,,LUCAS MENDES,QAT,Qatar,Al Wakrah SC,DF,35,179,,,,,,,,,,,,,,,,,,,,,,,,,,,,,,,,FIFA World Cup 2026 roster,Lucas Mendes,normal,DF,qa Qatar,35,1.qa Al-Wakrah,1,0,4,0.0,0,0,0,0,0,0,0,0,Lucas Mendes,0,0,,0.0,0.0,,,0,0,,,,,,,,,,,,
914,,ISSA LAYE,QAT,Qatar,Al Arabi SC,DF,28,178,,,,,,,,,,,,,,,,,,,,,,,,,,,,,,,,FIFA World Cup 2026 roster,Issa Laye,normal,"MF,DF",qa Qatar,28,1.qa Al-Arabi,3,3,270,3.0,0,0,0,0,0,0,0,0,Issa Laye,1,0,0.0,0.33,0.0,0.0,,1,1,,,,,,,,,,,,
915,,JASSEM GABER,QAT,Qatar,Al Rayyan SC,DF,24,181,,,,,,,,,,,,,,,,,,,,,,,,,,,,,,,,FIFA World Cup 2026 roster,Jassem Gaber,normal,MF,qa Qatar,24,1.qa Al Rayyan SC,3,3,149,1.7,0,0,0,0,0,0,1,0,Jassem Gaber,0,0,,0.0,0.0,,,2,0,,,,,,,,,,,,
916,,ABDULAZIZ HATEM,QAT,Qatar,Al Rayyan SC,MF,36,179,,,,,,,,,,,,,,,,,,,,,,,,,,,,,,,,FIFA World Cup 2026 roster,Abdulaziz Hatem,normal,MF,qa Qatar,36,1.qa Al Rayyan SC,1,0,45,0.5,0,0,0,0,0,0,0,0,Abdulaziz Hatem,0,0,,0.0,0.0,,,0,0,,,,,,,,,,,,
917,,AHMED ALAAELDIN,QAT,Qatar,Al Rayyan SC,FW,33,179,,,,,,,,,,,,,,,,,,,,,,,,,,,,,,,,FIFA World Cup 2026 roster,Ahmed Alaaeldin,normal,FW,qa Qatar,33,1.qa Al Rayyan SC,2,0,43,0.5,0,0,0,0,0,0,0,0,Ahmed Alaaeldin,1,1,100.0,2.09,2.09,0.0,0.0,1,0,,,,,,,,,,,,
918,,EDMILSON JUNIOR,QAT,Qatar,Al Duhail SC,FW,31,180,,,,,,,,,,,,,,,,,,,,,,,,,,,,,,,,FIFA World Cup 2026 roster,Edmilson Junior,normal,"MF,FW",qa Qatar,31,1.qa Al Duhail SC,3,3,210,2.3,0,1,1,0,0,0,0,0,Edmilson Junior,3,2,66.7,1.29,0.86,0.0,0.0,1,0,,,,,,,,,,,,
921,,AKRAM AFIF,QAT,Qatar,Al Sadd SC,FW,29,176,,,,,,,,,,,,,,,,,,,,,,,,,,,,,,,,FIFA World Cup 2026 roster,Akram Afif,normal,"FW,MF",qa Qatar,29,1.qa Al Sadd,3,3,238,2.6,0,0,0,0,0,0,0,0,Akram Afif,2,0,0.0,0.76,0.0,0.0,,1,0,,,,,,,,,,,,
922,,KARIM BOUDIAF,QAT,Qatar,Al Duhail SC,MF,35,190,,,,,,,,,,,,,,,,,,,,,,,,,,,,,,,,FIFA World Cup 2026 roster,Karim Boudiaf,normal,MF,qa Qatar,35,1.qa Al Duhail SC,2,1,102,1.1,0,0,0,0,0,0,0,0,Karim Boudiaf,1,0,0.0,0.88,0.0,0.0,,0,0,,,,,,,,,,,,
924,,HOMAM AHMED,QAT,Qatar,Cultural Leonesa,DF,26,188,,,,,,,,,,,,,,,,,,,,,,,,,,,,,,,,FIFA World Cup 2026 roster,Homam Ahmed,normal,DF,qa Qatar,26,2.es Cultural Leonesa,2,2,122,1.4,0,1,1,0,0,0,0,1,Homam Ahmed,1,0,0.0,0.74,0.0,0.0,,1,3,,,,,,,,,,,,
925,,YUSUF ABDURISAG,QAT,Qatar,Al Wakrah SC,FW,26,171,,,,,,,,,,,,,,,,,,,,,,,,,,,,,,,,FIFA World Cup 2026 roster,Yusuf Abdurisag,normal,FW,qa Qatar,26,1.qa Al-Wakrah,2,2,98,1.1,0,0,0,0,0,0,0,0,Yusuf Abdurisag,0,0,,0.0,0.0,,,2,1,,,,,,,,,,,,
926,,BOUALEM KHOUKHI,QAT,Qatar,Al Sadd SC,DF,35,185,,,,,,,,,,,,,,,,,,,,,,,,,,,,,,,,FIFA World Cup 2026 roster,Boualem Khoukhi,normal,DF,qa Qatar,35,1.qa Al Sadd,3,3,270,3.0,1,0,1,1,0,0,0,0,Boualem Khoukhi,3,1,33.3,1.0,0.33,0.33,1.0,3,3,,,,,,,,,,,,
929,,ALMOEZ ALI,QAT,Qatar,Al Duhail SC,FW,29,180,,,,,,,,,,,,,,,,,,,,,,,,,,,,,,,,FIFA World Cup 2026 roster,Almoez Ali,normal,FW,qa Qatar,29,1.qa Al Duhail SC,1,0,19,0.2,0,0,0,0,0,0,0,0,Almoez Ali,1,1,100.0,4.74,4.74,0.0,0.0,0,0,,,,,,,,,,,,
930,,AHMED FATHY,QAT,Qatar,Al Arabi SC,MF,33,171,,,,,,,,,,,,,,,,,,,,,,,,,,,,,,,,FIFA World Cup 2026 roster,Ahmed Fathy,normal,MF,qa Qatar,33,1.qa Al-Arabi,3,1,150,1.7,0,0,0,0,0,0,2,0,Ahmed Fathy,0,0,,0.0,0.0,,,3,3,,,,,,,,,,,,
933,,ASSIM MADIBO,QAT,Qatar,Al Wakrah SC,MF,29,168,,,,,,,,,,,,,,,,,,,,,,,,,,,,,,,,FIFA World Cup 2026 roster,Assim Madibo,normal,MF,qa Qatar,29,1.qa Al-Wakrah,2,2,131,1.5,0,0,0,0,0,0,0,1,Assim Madibo,0,0,,0.0,0.0,,,1,4,,,,,,,,,,,,
936,,MOHAMED MANAI,QAT,Qatar,Al Shamal SC,FW,23,180,,,,,,,,,,,,,,,,,,,,,,,,,,,,,,,,FIFA World Cup 2026 roster,Mohamed Manai,normal,DF,qa Qatar,23,1.qa Al-Shamal Sports Club,3,0,69,0.8,0,0,0,0,0,0,0,0,Mohamed Manai,0,0,,0.0,0.0,,,0,2,,,,,,,,,,,,
939,,ALI LAJAMI,KSA,Saudi Arabia,Al Hilal SC,DF,30,177,,,,,,,,,,,,,,,,,,,,,,,,,,,,,,,,FIFA World Cup 2026 roster,Ali Lajami,normal,DF,sa Saudi Arabia,30,1.sa Al-Hilal,3,1,149,1.7,0,0,0,0,0,0,0,0,Ali Lajami,0,0,,0.0,0.0,,,2,3,,,,,,,,,,,,
948,,SAUD ABDULHAMID,KSA,Saudi Arabia,RC Lens,DF,26,172,,,,,,,,,,,,,,,,,,,,,,,,,,,,,,,,FIFA World Cup 2026 roster,Saud Abdulhamid,normal,DF,sa Saudi Arabia,26,1.fr Lens,3,3,269,3.0,0,0,0,0,0,0,1,0,Saud Abdulhamid,2,0,0.0,0.67,0.0,0.0,,9,2,,,,,,,,,,,,
959,,MOHAMED KANNO,KSA,Saudi Arabia,Al Hilal SC,MF,31,191,,,,,,,,,,,,,,,,,,,,,,,,,,,,,,,,FIFA World Cup 2026 roster,Mohamed Kanno,normal,MF,sa Saudi Arabia,31,1.sa Al-Hilal,3,2,225,2.5,0,0,0,0,0,0,1,0,Mohamed Kanno,3,2,66.7,1.2,0.8,0.0,0.0,4,2,,,,,,,,,,,,
963,,GUNN Angus,SCO,Scotland,Nottingham Forest FC,GK,30,196,,,,,,,,,,,,,,,,,,,,,,,,,,,,,,,,FIFA World Cup 2026 roster,Angus Gunn,moved,GK,sct Scotland,30,1.eng Nottingham,3,3,270,3.0,0,0,0,0,0,0,0,0,Angus Gunn,0,0,,0.0,0.0,,,1,0,4.0,1.33,12.0,8.0,66.7,1.0,33.3,0.0,0.0,0.0,0.0,
964,,HICKEY Aaron,SCO,Scotland,Brentford FC,DF,24,185,,,,,,,,,,,,,,,,,,,,,,,,,,,,,,,,FIFA World Cup 2026 roster,Aaron Hickey,moved,DF,sct Scotland,24,1.eng Brentford,1,1,74,0.8,0,0,0,0,0,0,1,0,Aaron Hickey,0,0,,0.0,0.0,,,0,1,,,,,,,,,,,,
965,,ROBERTSON Andy,SCO,Scotland,Liverpool FC,DF,32,178,,,,,,,,,,,,,,,,,,,,,,,,,,,,,,,,FIFA World Cup 2026 roster,Andy Robertson,moved,DF,sct Scotland,32,1.eng Liverpool,3,3,225,2.5,0,0,0,0,0,0,1,0,Andy Robertson,0,0,,0.0,0.0,,,1,2,,,,,,,,,,,,
966,,McTOMINAY Scott,SCO,Scotland,SSC Napoli,MF,29,193,,,,,,,,,,,,,,,,,,,,,,,,,,,,,,,,FIFA World Cup 2026 roster,Scott McTominay,moved,MF,sct Scotland,29,1.it Napoli,3,3,270,3.0,0,0,0,0,0,0,0,0,Scott McTominay,8,3,37.5,2.67,1.0,0.0,0.0,2,0,,,,,,,,,,,,
967,,HANLEY Grant,SCO,Scotland,Hibernian FC,DF,34,188,,,,,,,,,,,,,,,,,,,,,,,,,,,,,,,,FIFA World Cup 2026 roster,Grant Hanley,moved,DF,sct Scotland,34,1.sct Hibernian,2,2,180,2.0,0,0,0,0,0,0,0,0,Grant Hanley,0,0,,0.0,0.0,,,2,1,,,,,,,,,,,,
968,,TIERNEY Kieran,SCO,Scotland,Celtic FC,DF,29,180,,,,,,,,,,,,,,,,,,,,,,,,,,,,,,,,FIFA World Cup 2026 roster,Kieran Tierney,moved,MF,sct Scotland,29,1.sct Celtic,2,1,104,1.2,0,0,0,0,0,0,0,0,Kieran Tierney,2,0,0.0,1.73,0.0,0.0,,1,2,,,,,,,,,,,,
969,,McGINN John,SCO,Scotland,Aston Villa FC,MF,31,178,,,,,,,,,,,,,,,,,,,,,,,,,,,,,,,,FIFA World Cup 2026 roster,John McGinn,moved,MF,sct Scotland,31,1.eng Aston Villa,3,3,259,2.9,1,0,1,1,0,0,0,0,John McGinn,3,1,33.3,1.04,0.35,0.33,1.0,0,0,,,,,,,,,,,,
971,,DYKES Lyndon,SCO,Scotland,Charlton Athletic FC,FW,30,188,,,,,,,,,,,,,,,,,,,,,,,,,,,,,,,,FIFA World Cup 2026 roster,Lyndon Dykes,moved,"FW,MF",sct Scotland,30,2.eng Charlton Athletic,2,0,36,0.4,0,0,0,0,0,0,0,0,Lyndon Dykes,1,0,0.0,2.5,0.0,0.0,,0,0,,,,,,,,,,,,
972,,ADAMS Che,SCO,Scotland,Torino FC,FW,29,175,,,,,,,,,,,,,,,,,,,,,,,,,,,,,,,,FIFA World Cup 2026 roster,Ché Adams,moved,FW,sct Scotland,29,1.it Torino,3,2,145,1.6,0,0,0,0,0,0,0,0,Ché Adams,1,1,100.0,0.62,0.62,0.0,0.0,1,0,,,,,,,,,,,,
973,,CHRISTIE Ryan,SCO,Scotland,AFC Bournemouth,MF,31,178,,,,,,,,,,,,,,,,,,,,,,,,,,,,,,,,FIFA World Cup 2026 roster,Ryan Christie,moved,MF,sct Scotland,31,1.eng Bournemouth,3,1,95,1.1,0,0,0,0,0,0,1,0,Ryan Christie,2,0,0.0,1.89,0.0,0.0,,3,2,,,,,,,,,,,,
975,,HENDRY Jack,SCO,Scotland,Al Ettifaq FC,DF,31,192,,,,,,,,,,,,,,,,,,,,,,,,,,,,,,,,FIFA World Cup 2026 roster,Jack Hendry,moved,DF,sct Scotland,31,1.sa Al-Ettifaq,3,3,270,3.0,0,0,0,0,0,0,0,0,Jack Hendry,0,0,,0.0,0.0,,,2,0,,,,,,,,,,,,
976,,STEWART Ross,SCO,Scotland,Southampton FC,FW,29,188,,,,,,,,,,,,,,,,,,,,,,,,,,,,,,,,FIFA World Cup 2026 roster,Ross Stewart,moved,FW,sct Scotland,29,2.eng Southampton,1,0,2,0.0,0,0,0,0,0,0,0,0,Ross Stewart,0,0,,0.0,0.0,,,0,0,,,,,,,,,,,,
979,,GANNON-DOAK Ben,SCO,Scotland,AFC Bournemouth,FW,20,173,,,,,,,,,,,,,,,,,,,,,,,,,,,,,,,,FIFA World Cup 2026 roster,Ben Gannon-Doak,moved,MF,sct Scotland,20,1.eng Bournemouth,3,2,186,2.1,0,0,0,0,0,0,0,0,Ben Gannon-Doak,4,0,0.0,1.94,0.0,0.0,,1,0,,,,,,,,,,,,
981,,FERGUSON Lewis,SCO,Scotland,Bologna FC,MF,26,181,,,,,,,,,,,,,,,,,,,,,,,,,,,,,,,,FIFA World Cup 2026 roster,Lewis Ferguson,moved,MF,sct Scotland,26,1.it Bologna,3,3,270,3.0,0,0,0,0,0,0,0,0,Lewis Ferguson,2,1,50.0,0.67,0.33,0.0,0.0,7,4,,,,,,,,,,,,
982,,SHANKLAND Lawrence,SCO,Scotland,Heart Of Midlothian FC,FW,30,185,,,,,,,,,,,,,,,,,,,,,,,,,,,,,,,,FIFA World Cup 2026 roster,Lawrence Shankland,moved,FW,sct Scotland,30,1.sct Hearts,2,2,171,1.9,0,0,0,0,0,0,0,0,Lawrence Shankland,4,0,0.0,2.11,0.0,0.0,,1,0,,,,,,,,,,,,
984,,PATTERSON Nathan,SCO,Scotland,Everton FC,DF,24,183,,,,,,,,,,,,,,,,,,,,,,,,,,,,,,,,FIFA World Cup 2026 roster,Nathan Patterson,moved,DF,sct Scotland,24,1.eng Everton,3,2,185,2.1,0,0,0,0,0,0,0,0,Nathan Patterson,0,0,,0.0,0.0,,,2,3,,,,,,,,,,,,
985,,McLEAN Kenny,SCO,Scotland,Norwich City FC,MF,34,183,,,,,,,,,,,,,,,,,,,,,,,,,,,,,,,,FIFA World Cup 2026 roster,Kenny McLean,moved,MF,sct Scotland,34,2.eng Norwich City,3,1,118,1.3,0,0,0,0,0,0,1,0,Kenny McLean,1,0,0.0,0.76,0.0,0.0,,1,2,,,,,,,,,,,,
986,,RALSTON Anthony,SCO,Scotland,Celtic FC,DF,27,178,,,,,,,,,,,,,,,,,,,,,,,,,,,,,,,,FIFA World Cup 2026 roster,Anthony Ralston,moved,DF,sct Scotland,27,1.sct Celtic,2,0,11,0.1,0,0,0,0,0,0,0,0,Anthony Ralston,1,1,100.0,8.18,8.18,0.0,0.0,0,0,,,,,,,,,,,,
987,,CURTIS Findlay,SCO,Scotland,Kilmarnock FC,FW,20,180,,,,,,,,,,,,,,,,,,,,,,,,,,,,,,,,FIFA World Cup 2026 roster,Findlay Curtis,moved,MF,sct Scotland,19,1.sct Kilmarnock,2,0,9,0.1,0,0,0,0,0,0,1,0,Findlay Curtis,0,0,,0.0,0.0,,,0,0,,,,,,,,,,,,
988,,McKENNA Scott,SCO,Scotland,GNK Dinamo Zagreb,DF,29,189,,,,,,,,,,,,,,,,,,,,,,,,,,,,,,,,FIFA World Cup 2026 roster,Scott McKenna,moved,DF,sct Scotland,29,1.hr Dinamo Zagreb,1,1,90,1.0,0,0,0,0,0,0,0,0,Scott McKenna,0,0,,0.0,0.0,,,0,0,,,,,,,,,,,,
991,,KOULIBALY Kalidou,SEN,Senegal,Al Hilal SC,DF,34,186,,,,,,,,,,,,,,,,,,,,,,,,,,,,,,,,FIFA World Cup 2026 roster,Kalidou Koulibaly,moved,DF,sn Senegal,34,1.sa Al-Hilal,2,2,161,1.8,0,0,0,0,0,0,0,0,Kalidou Koulibaly,0,0,,0.0,0.0,,,1,2,,,,,,,,,,,,
992,,SECK Abdoulaye,SEN,Senegal,Maccabi Haifa FC,DF,34,192,,,,,,,,,,,,,,,,,,,,,,,,,,,,,,,,FIFA World Cup 2026 roster,Abdoulaye Seck,moved,DF,sn Senegal,34,1.il Maccabi Haifa,1,1,57,0.6,0,1,1,0,0,0,1,0,Abdoulaye Seck,2,0,0.0,3.16,0.0,0.0,,0,0,,,,,,,,,,,,
994,,CISS Pathe,SEN,Senegal,Rayo Vallecano,MF,32,186,,,,,,,,,,,,,,,,,,,,,,,,,,,,,,,,FIFA World Cup 2026 roster,Pathé Ciss,moved,DF,sn Senegal,32,1.es Rayo Vallecano,4,1,184,2.0,0,0,0,0,0,0,0,0,Pathé Ciss,2,1,50.0,0.98,0.49,0.0,0.0,0,0,,,,,,,,,,,,
995,,DIAO Assane,SEN,Senegal,Como,FW,20,185,,,,,,,,,,,,,,,,,,,,,,,,,,,,,,,,FIFA World Cup 2026 roster,Assane Diao,moved,MF,sn Senegal,20,1.it Como,1,0,10,0.1,0,0,0,0,0,0,0,0,Assane Diao,0,0,,0.0,0.0,,,1,0,,,,,,,,,,,,
996,,CAMARA Lamine,SEN,Senegal,AS Monaco,MF,22,174,,,,,,,,,,,,,,,,,,,,,,,,,,,,,,,,FIFA World Cup 2026 roster,Lamine Camara,moved,MF,sn Senegal,22,1.fr Monaco,4,3,248,2.8,0,1,1,0,0,0,1,0,Lamine Camara,3,0,0.0,1.09,0.0,0.0,,1,2,,,,,,,,,,,,
997,,DIENG Bamba,SEN,Senegal,FC Lorient,FW,26,178,,,,,,,,,,,,,,,,,,,,,,,,,,,,,,,,FIFA World Cup 2026 roster,Bamba Dieng,moved,FW,sn Senegal,26,1.fr Lorient,1,0,8,0.1,0,0,0,0,0,0,0,0,Bamba Dieng,0,0,,0.0,0.0,,,0,0,,,,,,,,,,,,
998,,MANE Sadio,SEN,Senegal,Al Nassr FC,FW,34,175,,,,,,,,,,,,,,,,,,,,,,,,,,,,,,,,FIFA World Cup 2026 roster,Sadio Mané,moved,"MF,FW",sn Senegal,34,1.sa Al-Nassr,4,4,362,4.0,0,1,1,0,0,0,0,0,Sadio Mané,6,3,50.0,1.49,0.75,0.0,0.0,2,3,,,,,,,,,,,,
999,,JACKSON Nicolas,SEN,Senegal,FC Bayern München,FW,24,187,,,,,,,,,,,,,,,,,,,,,,,,,,,,,,,,FIFA World Cup 2026 roster,Nicolas Jackson,moved,FW,sn Senegal,24,1.de Bayern Munich,4,2,234,2.6,0,1,1,0,0,0,0,0,Nicolas Jackson,7,3,42.9,2.69,1.15,0.0,0.0,2,1,,,,,,,,,,,,
1001,,NDIAYE Iliman,SEN,Senegal,Everton FC,FW,26,180,,,,,,,,,,,,,,,,,,,,,,,,,,,,,,,,FIFA World Cup 2026 roster,Iliman Ndiaye,moved,FW,sn Senegal,26,1.eng Everton,3,1,114,1.3,1,2,3,1,0,0,0,0,Iliman Ndiaye,3,2,66.7,2.37,1.58,0.33,0.5,0,2,,,,,,,,,,,,
1002,,JAKOBS Ismail,SEN,Senegal,Galatasaray SK,DF,26,184,,,,,,,,,,,,,,,,,,,,,,,,,,,,,,,,FIFA World Cup 2026 roster,Ismail Jakobs,moved,DF,sn Senegal,26,1.tr Galatasaray,3,2,219,2.4,0,0,0,0,0,0,0,0,Ismail Jakobs,1,0,0.0,0.41,0.0,0.0,,2,2,,,,,,,,,,,,
1003,,DIATTA Krepin,SEN,Senegal,AS Monaco,DF,27,173,,,,,,,,,,,,,,,,,,,,,,,,,,,,,,,,FIFA World Cup 2026 roster,Krépin Diatta,moved,DF,sn Senegal,27,1.fr Monaco,4,4,390,4.3,0,0,0,0,0,0,0,0,Krépin Diatta,1,0,0.0,0.23,0.0,0.0,,10,3,,,,,,,,,,,,
1004,,MENDY Edouard,SEN,Senegal,Al Ahli FC,GK,34,194,,,,,,,,,,,,,,,,,,,,,,,,,,,,,,,,FIFA World Cup 2026 roster,Édouard Mendy,moved,GK,sn Senegal,34,1.sa Al-Ahli,2,2,152,1.7,0,0,0,0,0,0,0,0,Édouard Mendy,0,0,,0.0,0.0,,,0,0,6.0,3.55,14.0,8.0,57.1,0.0,0.0,0.0,0.0,0.0,0.0,
1006,,SARR Ismaila,SEN,Senegal,Crystal Palace FC,FW,28,185,,,,,,,,,,,,,,,,,,,,,,,,,,,,,,,,FIFA World Cup 2026 roster,Ismaila Sarr,moved,"MF,FW",sn Senegal,28,1.eng Crystal Palace,4,4,364,4.0,4,1,5,4,0,0,0,0,Ismaila Sarr,17,6,35.3,4.2,1.48,0.24,0.67,1,2,,,,,,,,,,,,
1007,,NIAKHATE Moussa,SEN,Senegal,Olympique Lyonnais,DF,30,190,,,,,,,,,,,,,,,,,,,,,,,,,,,,,,,,FIFA World Cup 2026 roster,Moussa Niakhaté,moved,DF,sn Senegal,30,1.fr Lyon,4,4,390,4.3,0,1,1,0,0,0,0,0,Moussa Niakhaté,1,0,0.0,0.23,0.0,0.0,,1,4,,,,,,,,,,,,
1008,,MBAYE Ibrahim,SEN,Senegal,Paris Saint-Germain,FW,18,175,,,,,,,,,,,,,,,,,,,,,,,,,,,,,,,,FIFA World Cup 2026 roster,Ibrahim Mbaye,moved,MF,sn Senegal,18,1.fr PSG,4,1,157,1.7,1,0,1,1,0,0,0,0,Ibrahim Mbaye,4,1,25.0,2.29,0.57,0.25,1.0,0,1,,,,,,,,,,,,
1009,,DIARRA Habib,SEN,Senegal,Sunderland AFC,MF,22,178,,,,,,,,,,,,,,,,,,,,,,,,,,,,,,,,FIFA World Cup 2026 roster,Habib Diarra,moved,MF,sn Senegal,22,1.eng Sunderland,3,2,143,1.6,2,0,2,2,0,0,0,0,Habib Diarra,4,2,50.0,2.52,1.26,0.5,1.0,2,1,,,,,,,,,,,,
1011,,DIAW Mory,SEN,Senegal,Le Havre AC,GK,32,197,,,,,,,,,,,,,,,,,,,,,,,,,,,,,,,,FIFA World Cup 2026 roster,Mory Diaw,moved,GK,sn Senegal,32,1.fr Le Havre,3,2,238,2.6,0,0,0,0,0,0,0,0,Mory Diaw,0,0,,0.0,0.0,,,0,0,3.0,1.13,7.0,4.0,57.1,1.0,50.0,1.0,1.0,0.0,0.0,0.0
1014,,GUEYE Pape,SEN,Senegal,Villarreal CF,MF,27,189,,,,,,,,,,,,,,,,,,,,,,,,,,,,,,,,FIFA World Cup 2026 roster,Pape Gueye,moved,MF,sn Senegal,27,1.es Villarreal,4,3,234,2.6,2,1,3,2,0,0,1,0,Pape Gueye,8,3,37.5,3.08,1.15,0.25,0.67,1,4,,,,,,,,,,,,
1015,,WILLIAMS Ronwen,RSA,South Africa,Mamelodi Sundowns FC,GK,34,184,,,,,,,,,,,,,,,,,,,,,,,,,,,,,,,,FIFA World Cup 2026 roster,Ronwen Williams,moved,GK,za South Africa,34,1.za Sundowns,4,4,360,4.0,0,0,0,0,0,0,0,0,Ronwen Williams,0,0,,0.0,0.0,,,0,1,4.0,1.0,15.0,11.0,73.3,1.0,25.0,0.0,0.0,0.0,0.0,
1018,,MOKOENA Teboho,RSA,South Africa,Mamelodi Sundowns FC,MF,29,177,,,,,,,,,,,,,,,,,,,,,,,,,,,,,,,,FIFA World Cup 2026 roster,Teboho Mokoena,moved,MF,za South Africa,29,1.za Sundowns,3,3,270,3.0,1,0,1,0,1,1,2,0,Teboho Mokoena,4,2,50.0,1.33,0.67,0.25,0.5,3,5,,,,,,,,,,,,
1019,,MBATHA Thalente,RSA,South Africa,Orlando Pirates FC,MF,26,179,,,,,,,,,,,,,,,,,,,,,,,,,,,,,,,,FIFA World Cup 2026 roster,Thalente Mbatha,moved,MF,za South Africa,26,1.za Orlando Pirates,4,2,260,2.9,0,0,0,0,0,0,1,0,Thalente Mbatha,4,1,25.0,1.38,0.35,0.0,0.0,2,5,,,,,,,,,,,,
1020,,MODIBA Aubrey,RSA,South Africa,Mamelodi Sundowns FC,DF,30,171,,,,,,,,,,,,,,,,,,,,,,,,,,,,,,,,FIFA World Cup 2026 roster,Aubrey Modiba,moved,DF,za South Africa,30,1.za Sundowns,4,4,346,3.8,0,0,0,0,0,0,1,0,Aubrey Modiba,5,1,20.0,1.3,0.26,0.0,0.0,5,4,,,,,,,,,,,,
1021,,APPOLLIS Oswin,RSA,South Africa,Orlando Pirates FC,FW,24,171,,,,,,,,,,,,,,,,,,,,,,,,,,,,,,,,FIFA World Cup 2026 roster,Oswin Appollis,moved,"MF,FW",za South Africa,24,1.za Orlando Pirates,4,3,255,2.8,0,0,0,0,0,0,0,0,Oswin Appollis,4,1,25.0,1.41,0.35,0.0,0.0,3,1,,,,,,,,,,,,
1022,,MOREMI Tshepang,RSA,South Africa,Orlando Pirates FC,FW,25,169,,,,,,,,,,,,,,,,,,,,,,,,,,,,,,,,FIFA World Cup 2026 roster,Tshepang Moremi,moved,MF,za South Africa,25,1.za Orlando Pirates,2,0,34,0.4,0,1,1,0,0,0,0,0,Tshepang Moremi,0,0,,0.0,0.0,,,1,0,,,,,,,,,,,,
1023,,FOSTER Lyle,RSA,South Africa,Burnley FC,FW,25,185,,,,,,,,,,,,,,,,,,,,,,,,,,,,,,,,FIFA World Cup 2026 roster,Lyle Foster,moved,FW,za South Africa,25,1.eng Burnley,1,1,55,0.6,0,0,0,0,0,0,0,0,Lyle Foster,1,0,0.0,1.64,0.0,0.0,,0,0,,,,,,,,,,,,
1024,,MOFOKENG Relebohile,RSA,South Africa,Orlando Pirates FC,FW,21,168,,,,,,,,,,,,,,,,,,,,,,,,,,,,,,,,FIFA World Cup 2026 roster,Relebohile Mofokeng,moved,MF,za South Africa,21,1.za Orlando Pirates,3,2,169,1.9,0,0,0,0,0,0,0,0,Relebohile Mofokeng,3,1,33.3,1.6,0.53,0.0,0.0,2,0,,,,,,,,,,,,
1025,,ZWANE Themba,RSA,South Africa,Mamelodi Sundowns FC,MF,36,178,,,,,,,,,,,,,,,,,,,,,,,,,,,,,,,,FIFA World Cup 2026 roster,Themba Zwane,moved,"FW,MF",za South Africa,36,1.za Sundowns,1,0,23,0.3,0,0,0,0,0,0,0,1,Themba Zwane,0,0,,0.0,0.0,,,0,0,,,,,,,,,,,,
1026,,MASEKO Thapelo,RSA,South Africa,AEL Limassol,FW,22,178,,,,,,,,,,,,,,,,,,,,,,,,,,,,,,,,FIFA World Cup 2026 roster,Thapelo Maseko,moved,"MF,FW",za South Africa,22,1.cy AEL Limassol,3,3,242,2.7,1,0,1,1,0,0,0,0,Thapelo Maseko,8,1,12.5,2.98,0.37,0.13,1.0,1,2,,,,,,,,,,,,
1027,,SITHOLE Sphephelo,RSA,South Africa,CD Tondela,MF,27,197,,,,,,,,,,,,,,,,,,,,,,,,,,,,,,,,FIFA World Cup 2026 roster,Sphephelo Sithole,moved,MF,za South Africa,27,1.pt Tondela,3,3,229,2.5,0,0,0,0,0,0,0,1,Sphephelo Sithole,0,0,,0.0,0.0,,,5,5,,,,,,,,,,,,
1028,,MBOKAZI Mbekezeli,RSA,South Africa,Chicago Fire FC,DF,20,177,,,,,,,,,,,,,,,,,,,,,,,,,,,,,,,,FIFA World Cup 2026 roster,Mbekezeli Mbokazi,moved,DF,za South Africa,20,1.us Chicago Fire,4,4,360,4.0,0,0,0,0,0,0,0,0,Mbekezeli Mbokazi,4,1,25.0,1.0,0.25,0.0,0.0,5,4,,,,,,,,,,,,
1029,,RAYNERS Iqraam,RSA,South Africa,Mamelodi Sundowns FC,FW,30,174,,,,,,,,,,,,,,,,,,,,,,,,,,,,,,,,FIFA World Cup 2026 roster,Iqraam Rayners,moved,FW,za South Africa,30,1.za Sundowns,4,2,161,1.8,0,0,0,0,0,0,0,0,Iqraam Rayners,1,0,0.0,0.56,0.0,0.0,,0,0,,,,,,,,,,,,
1031,,MAKGOPA Evidence,RSA,South Africa,Orlando Pirates FC,FW,26,183,,,,,,,,,,,,,,,,,,,,,,,,,,,,,,,,FIFA World Cup 2026 roster,Evidence Makgopa,moved,FW,za South Africa,26,1.za Orlando Pirates,4,2,215,2.4,0,0,0,0,0,0,0,0,Evidence Makgopa,4,3,75.0,1.67,1.26,0.0,0.0,1,1,,,,,,,,,,,,
1033,,SIBISI Nkosinathi,RSA,South Africa,Orlando Pirates FC,DF,30,172,,,,,,,,,,,,,,,,,,,,,,,,,,,,,,,,FIFA World Cup 2026 roster,Nkosinathi Sibisi,moved,DF,za South Africa,30,1.za Orlando Pirates,1,1,90,1.0,0,0,0,0,0,0,1,0,Nkosinathi Sibisi,0,0,,0.0,0.0,,,0,1,,,,,,,,,,,,
1034,,MUDAU Khuliso,RSA,South Africa,Mamelodi Sundowns FC,DF,31,179,,,,,,,,,,,,,,,,,,,,,,,,,,,,,,,,FIFA World Cup 2026 roster,Khuliso Mudau,moved,DF,za South Africa,31,1.za Sundowns,4,4,360,4.0,0,0,0,0,0,0,0,0,Khuliso Mudau,0,0,,0.0,0.0,,,8,11,,,,,,,,,,,,
1035,,OKON Ime,RSA,South Africa,Hannover 96,DF,22,187,,,,,,,,,,,,,,,,,,,,,,,,,,,,,,,,FIFA World Cup 2026 roster,Ime Okon,moved,DF,za South Africa,22,2.de Hannover 96,4,4,360,4.0,0,0,0,0,0,0,0,0,Ime Okon,1,0,0.0,0.25,0.0,0.0,,2,5,,,,,,,,,,,,
1037,,ADAMS Jayden,RSA,South Africa,Mamelodi Sundowns FC,MF,25,177,,,,,,,,,,,,,,,,,,,,,,,,,,,,,,,,FIFA World Cup 2026 roster,Jayden Adams,moved,MF,za South Africa,25,1.za Sundowns,3,2,116,1.3,0,0,0,0,0,0,0,0,Jayden Adams,0,0,,0.0,0.0,,,0,2,,,,,,,,,,,,
1039,,SEBELEBELE Kamogelo,RSA,South Africa,Orlando Pirates FC,FW,23,166,,,,,,,,,,,,,,,,,,,,,,,,,,,,,,,,FIFA World Cup 2026 roster,Kamogelo Sebelebele,moved,"DF,MF",za South Africa,23,1.za Orlando Pirates,1,0,7,0.1,0,0,0,0,0,0,0,0,Kamogelo Sebelebele,0,0,,0.0,0.0,,,0,0,,,,,,,,,,,,
1042,,PUBILL Marc,ESP,Spain,Atlético De Madrid,DF,22,191,,,,,,,,,,,,,,,,,,,,,,,,,,,,,,,,FIFA World Cup 2026 roster,Marc Pubill,moved,DF,es Spain,22,1.es Atlético Madrid,1,0,1,0.0,0,0,0,0,0,0,0,0,Marc Pubill,0,0,,0.0,0.0,,,0,0,,,,,,,,,,,,
1044,,GARCIA Eric,ESP,Spain,FC Barcelona,DF,25,183,,,,,,,,,,,,,,,,,,,,,,,,,,,,,,,,FIFA World Cup 2026 roster,Eric García,moved,"DF,MF",es Spain,25,1.es Barcelona,1,0,22,0.2,0,0,0,0,0,0,0,0,Eric García,0,0,,0.0,0.0,,,0,1,,,,,,,,,,,,
1045,,LLORENTE Marcos,ESP,Spain,Atlético De Madrid,DF,31,183,,,,,,,,,,,,,,,,,,,,,,,,,,,,,,,,FIFA World Cup 2026 roster,Marcos Llorente,moved,DF,es Spain,31,1.es Atlético Madrid,3,2,187,2.1,0,1,1,0,0,0,0,0,Marcos Llorente,0,0,,0.0,0.0,,,6,1,,,,,,,,,,,,
1046,,MERINO Mikel,ESP,Spain,Arsenal FC,MF,29,188,,,,,,,,,,,,,,,,,,,,,,,,,,,,,,,,FIFA World Cup 2026 roster,Mikel Merino,moved,MF,es Spain,29,1.eng Arsenal,8,1,199,2.2,2,0,2,2,0,0,0,0,Mikel Merino,5,3,60.0,2.26,1.36,0.4,0.67,2,3,,,,,,,,,,,,
1047,,TORRES Ferran,ESP,Spain,FC Barcelona,FW,26,183,,,,,,,,,,,,,,,,,,,,,,,,,,,,,,,,FIFA World Cup 2026 roster,Ferran Torres,moved,FW,es Spain,26,1.es Barcelona,8,1,288,3.2,1,1,2,1,0,0,1,0,Ferran Torres,14,4,28.6,4.37,1.25,0.07,0.25,0,0,,,,,,,,,,,,
1049,,GAVI,ESP,Spain,FC Barcelona,MF,21,173,,,,,,,,,,,,,,,,,,,,,,,,,,,,,,,,FIFA World Cup 2026 roster,Gavi,normal,FW,es Spain,21,1.es Barcelona,2,1,76,0.8,0,0,0,0,0,0,0,0,Gavi,1,0,0.0,1.18,0.0,0.0,,2,1,,,,,,,,,,,,
1050,,OLMO Dani,ESP,Spain,FC Barcelona,FW,28,179,,,,,,,,,,,,,,,,,,,,,,,,,,,,,,,,FIFA World Cup 2026 roster,Dani Olmo,moved,MF,es Spain,28,1.es Barcelona,8,6,491,5.5,0,2,2,0,0,0,0,0,Dani Olmo,13,2,15.4,2.38,0.37,0.0,0.0,5,1,,,,,,,,,,,,
1051,,PINO Yeremy,ESP,Spain,Crystal Palace FC,FW,23,174,,,,,,,,,,,,,,,,,,,,,,,,,,,,,,,,FIFA World Cup 2026 roster,Yéremy Pino,moved,"FW,MF",es Spain,23,1.eng Crystal Palace,2,0,70,0.8,0,0,0,0,0,0,0,0,Yéremy Pino,0,0,,0.0,0.0,,,0,0,,,,,,,,,,,,
1052,,PORRO Pedro,ESP,Spain,Tottenham Hotspur FC,DF,26,173,,,,,,,,,,,,,,,,,,,,,,,,,,,,,,,,FIFA World Cup 2026 roster,Pedro Porro,moved,DF,es Spain,26,1.eng Tottenham,6,6,563,6.3,2,0,2,2,0,0,0,0,Pedro Porro,7,3,42.9,1.12,0.48,0.29,0.67,11,8,,,,,,,,,,,,
1054,,LAPORTE Aymeric,ESP,Spain,Athletic Club,DF,32,191,,,,,,,,,,,,,,,,,,,,,,,,,,,,,,,,FIFA World Cup 2026 roster,Aymeric Laporte,moved,DF,es Spain,32,1.es Athletic Club,8,8,727,8.1,0,1,1,0,0,0,1,0,Aymeric Laporte,5,2,40.0,0.62,0.25,0.0,0.0,3,14,,,,,,,,,,,,
1055,,BAENA Alex,ESP,Spain,Atlético De Madrid,MF,24,172,,,,,,,,,,,,,,,,,,,,,,,,,,,,,,,,FIFA World Cup 2026 roster,Álex Baena,moved,"MF,FW",es Spain,24,1.es Atlético Madrid,7,7,481,5.3,1,1,2,1,0,0,1,0,Álex Baena,12,5,41.7,2.25,0.94,0.08,0.2,5,2,,,,,,,,,,,,
1056,,RODRI,ESP,Spain,Manchester City FC,MF,29,190,,,,,,,,,,,,,,,,,,,,,,,,,,,,,,,,FIFA World Cup 2026 roster,Rodri,normal,MF,es Spain,29,1.eng Manchester City,8,8,724,8.0,0,0,0,0,0,0,0,0,Rodri,7,0,0.0,0.87,0.0,0.0,,20,3,,,,,,,,,,,,
1057,,WILLIAMS Nico,ESP,Spain,Athletic Club,FW,23,181,,,,,,,,,,,,,,,,,,,,,,,,,,,,,,,,FIFA World Cup 2026 roster,Nico Williams,moved,MF,es Spain,23,1.es Athletic Club,6,0,113,1.3,0,1,1,0,0,0,0,0,Nico Williams,4,2,50.0,3.19,1.59,0.0,0.0,1,1,,,,,,,,,,,,
1058,,ZUBIMENDI Martin,ESP,Spain,Arsenal FC,MF,27,181,,,,,,,,,,,,,,,,,,,,,,,,,,,,,,,,FIFA World Cup 2026 roster,Martín Zubimendi,moved,MF,es Spain,27,1.eng Arsenal,1,0,22,0.2,0,0,0,0,0,0,0,0,Martín Zubimendi,0,0,,0.0,0.0,,,0,1,,,,,,,,,,,,
1059,,YAMAL Lamine,ESP,Spain,FC Barcelona,FW,18,183,,,,,,,,,,,,,,,,,,,,,,,,,,,,,,,,FIFA World Cup 2026 roster,Lamine Yamal,moved,"MF,FW",es Spain,18,1.es Barcelona,8,7,614,6.8,1,0,1,1,0,0,0,0,Lamine Yamal,27,12,44.4,3.96,1.76,0.04,0.08,9,2,,,,,,,,,,,,
1060,,PEDRI,ESP,Spain,FC Barcelona,MF,23,174,,,,,,,,,,,,,,,,,,,,,,,,,,,,,,,,FIFA World Cup 2026 roster,Pedri,normal,MF,es Spain,23,1.es Barcelona,8,5,499,5.5,0,0,0,0,0,0,1,0,Pedri,5,2,40.0,0.9,0.36,0.0,0.0,8,10,,,,,,,,,,,,
1061,,OYARZABAL Mikel,ESP,Spain,Real Sociedad,FW,29,181,,,,,,,,,,,,,,,,,,,,,,,,,,,,,,,,FIFA World Cup 2026 roster,Mikel Oyarzabal,moved,FW,es Spain,29,1.es Real Sociedad,8,8,601,6.7,5,1,6,4,1,1,0,0,Mikel Oyarzabal,23,12,52.2,3.44,1.8,0.22,0.42,5,1,,,,,,,,,,,,
1062,,CUBARSI Pau,ESP,Spain,FC Barcelona,DF,19,183,,,,,,,,,,,,,,,,,,,,,,,,,,,,,,,,FIFA World Cup 2026 roster,Pau Cubarsí,moved,DF,es Spain,19,1.es Barcelona,8,8,750,8.3,0,0,0,0,0,0,1,0,Pau Cubarsí,4,2,50.0,0.48,0.24,0.0,0.0,4,4,,,,,,,,,,,,
1063,,SIMON Unai,ESP,Spain,Athletic Club,GK,29,190,,,,,,,,,,,,,,,,,,,,,,,,,,,,,,,,FIFA World Cup 2026 roster,Unai Simón,moved,GK,es Spain,29,1.es Athletic Club,8,8,750,8.3,0,0,0,0,0,0,0,0,Unai Simón,0,0,,0.0,0.0,,,0,0,1.0,0.12,11.0,9.0,90.9,7.0,87.5,0.0,0.0,0.0,0.0,
1064,,CUCURELLA Marc,ESP,Spain,Chelsea FC,DF,27,173,,,,,,,,,,,,,,,,,,,,,,,,,,,,,,,,FIFA World Cup 2026 roster,Marc Cucurella,moved,DF,es Spain,27,1.eng Chelsea,8,8,750,8.3,0,2,2,0,0,0,1,0,Marc Cucurella,5,3,60.0,0.6,0.36,0.0,0.0,4,7,,,,,,,,,,,,
1066,,IGLESIAS Borja,ESP,Spain,RC Celta Vigo,FW,33,187,,,,,,,,,,,,,,,,,,,,,,,,,,,,,,,,FIFA World Cup 2026 roster,Borja Iglesias,moved,FW,es Spain,33,1.es Celta Vigo,1,0,1,0.0,0,0,0,0,0,0,0,0,Borja Iglesias,0,0,,0.0,0.0,,,0,0,,,,,,,,,,,,
1067,,WIDELL ZETTERSTROM Jacob,SWE,Sweden,Derby County FC,GK,27,197,,,,,,,,,,,,,,,,,,,,,,,,,,,,,,,,FIFA World Cup 2026 roster,Jacob Widell Zetterström,moved,GK,se Sweden,27,2.eng Derby County,2,2,180,2.0,0,0,0,0,0,0,0,0,Jacob Widell Zetterström,0,0,,0.0,0.0,,,0,0,4.0,2.0,15.0,11.0,73.3,0.0,0.0,0.0,0.0,0.0,0.0,
1068,,LAGERBIELKE Gustaf,SWE,Sweden,SC Braga,DF,26,193,,,,,,,,,,,,,,,,,,,,,,,,,,,,,,,,FIFA World Cup 2026 roster,Gustaf Lagerbielke,moved,DF,se Sweden,26,1.pt Braga,4,4,360,4.0,0,0,0,0,0,0,0,0,Gustaf Lagerbielke,3,1,33.3,0.75,0.25,0.0,0.0,5,5,,,,,,,,,,,,
1069,,LINDELOF Victor,SWE,Sweden,Aston Villa FC,DF,31,187,,,,,,,,,,,,,,,,,,,,,,,,,,,,,,,,FIFA World Cup 2026 roster,Victor Lindelöf,moved,"DF,MF",se Sweden,31,1.eng Aston Villa,4,4,356,4.0,0,0,0,0,0,0,0,0,Victor Lindelöf,2,0,0.0,0.51,0.0,0.0,,1,4,,,,,,,,,,,,
1070,,HIEN Isak,SWE,Sweden,Atalanta Bergamo,DF,27,191,,,,,,,,,,,,,,,,,,,,,,,,,,,,,,,,FIFA World Cup 2026 roster,Isak Hien,moved,DF,se Sweden,27,1.it Atalanta,3,3,216,2.4,0,0,0,0,0,0,1,0,Isak Hien,0,0,,0.0,0.0,,,3,1,,,,,,,,,,,,
1071,,GUDMUNDSSON Gabriel,SWE,Sweden,Leeds United FC,DF,27,181,,,,,,,,,,,,,,,,,,,,,,,,,,,,,,,,FIFA World Cup 2026 roster,Gabriel Gudmundsson,moved,"MF,DF",se Sweden,27,1.eng Leeds United,4,4,330,3.7,0,0,0,0,0,0,1,0,Gabriel Gudmundsson,0,0,,0.0,0.0,,,3,5,,,,,,,,,,,,
1073,,BERGVALL Lucas,SWE,Sweden,Tottenham Hotspur FC,MF,20,187,,,,,,,,,,,,,,,,,,,,,,,,,,,,,,,,FIFA World Cup 2026 roster,Lucas Bergvall,moved,MF,se Sweden,20,1.eng Tottenham,4,1,181,2.0,0,1,1,0,0,0,1,0,Lucas Bergvall,2,0,0.0,0.99,0.0,0.0,,2,2,,,,,,,,,,,,
1074,,SVENSSON Daniel,SWE,Sweden,Borussia Dortmund,DF,24,183,,,,,,,,,,,,,,,,,,,,,,,,,,,,,,,,FIFA World Cup 2026 roster,Daniel Svensson,moved,DF,se Sweden,24,1.de Dortmund,3,1,98,1.1,0,0,0,0,0,0,0,0,Daniel Svensson,1,0,0.0,0.92,0.0,0.0,,2,1,,,,,,,,,,,,
1075,,ISAK Alexander,SWE,Sweden,Liverpool FC,FW,26,190,,,,,,,,,,,,,,,,,,,,,,,,,,,,,,,,FIFA World Cup 2026 roster,Alexander Isak,moved,FW,se Sweden,26,1.eng Liverpool,4,4,357,4.0,1,3,4,1,0,0,0,0,Alexander Isak,8,6,75.0,2.02,1.51,0.13,0.17,2,0,,,,,,,,,,,,
1076,,NYGREN Benjamin,SWE,Sweden,Celtic FC,MF,24,187,,,,,,,,,,,,,,,,,,,,,,,,,,,,,,,,FIFA World Cup 2026 roster,Benjamin Nygren,moved,MF,se Sweden,24,1.sct Celtic,4,2,130,1.4,0,0,0,0,0,0,0,0,Benjamin Nygren,1,0,0.0,0.69,0.0,0.0,,0,0,,,,,,,,,,,,
1077,,ELANGA Anthony,SWE,Sweden,Newcastle United FC,FW,24,178,,,,,,,,,,,,,,,,,,,,,,,,,,,,,,,,FIFA World Cup 2026 roster,Anthony Elanga,moved,"MF,FW",se Sweden,24,1.eng Newcastle,4,2,217,2.4,2,0,2,2,0,0,0,0,Anthony Elanga,3,3,100.0,1.24,1.24,0.67,0.67,0,2,,,,,,,,,,,,
1079,,SEMA Ken,SWE,Sweden,Pafos FC,MF,32,180,,,,,,,,,,,,,,,,,,,,,,,,,,,,,,,,FIFA World Cup 2026 roster,Ken Sema,moved,"FW,MF",se Sweden,32,1.cy Pafos FC,1,0,16,0.2,0,0,0,0,0,0,0,0,Ken Sema,1,0,0.0,5.63,0.0,0.0,,1,0,,,,,,,,,,,,
1081,,STARFELT Carl,SWE,Sweden,RC Celta Vigo,DF,31,185,,,,,,,,,,,,,,,,,,,,,,,,,,,,,,,,FIFA World Cup 2026 roster,Carl Starfelt,moved,DF,se Sweden,31,1.es Celta Vigo,1,0,4,0.0,0,0,0,0,0,0,0,0,Carl Starfelt,0,0,,0.0,0.0,,,0,0,,,,,,,,,,,,
1082,,KARLSTROM Jesper,SWE,Sweden,Udinese,MF,30,182,,,,,,,,,,,,,,,,,,,,,,,,,,,,,,,,FIFA World Cup 2026 roster,Jesper Karlström,moved,MF,se Sweden,30,1.it Udinese,2,2,138,1.5,0,0,0,0,0,0,0,0,Jesper Karlström,1,0,0.0,0.65,0.0,0.0,,3,1,,,,,,,,,,,,
1083,,GYOKERES Viktor,SWE,Sweden,Arsenal FC,FW,28,189,,,,,,,,,,,,,,,,,,,,,,,,,,,,,,,,FIFA World Cup 2026 roster,Viktor Gyökeres,moved,FW,se Sweden,28,1.eng Arsenal,4,4,360,4.0,1,2,3,1,0,0,1,0,Viktor Gyökeres,12,6,50.0,3.0,1.5,0.08,0.17,1,0,,,,,,,,,,,,
1084,,AYARI Yasin,SWE,Sweden,Brighton & Hove Albion FC,MF,22,172,,,,,,,,,,,,,,,,,,,,,,,,,,,,,,,,FIFA World Cup 2026 roster,Yasin Ayari,moved,MF,se Sweden,22,1.eng Brighton,4,4,339,3.8,2,0,2,2,0,0,1,0,Yasin Ayari,7,3,42.9,1.86,0.8,0.29,0.67,4,3,,,,,,,,,,,,
1085,,SVANBERG Mattias,SWE,Sweden,VfL Wolfsburg,MF,27,186,,,,,,,,,,,,,,,,,,,,,,,,,,,,,,,,FIFA World Cup 2026 roster,Mattias Svanberg,moved,MF,se Sweden,27,1.de Wolfsburg,2,0,16,0.2,1,0,1,1,0,0,0,0,Mattias Svanberg,3,2,66.7,16.88,11.25,0.33,0.5,1,1,,,,,,,,,,,,
1087,,BERNHARDSSON Alexander,SWE,Sweden,Holstein Kiel,DF,27,184,,,,,,,,,,,,,,,,,,,,,,,,,,,,,,,,FIFA World Cup 2026 roster,Alexander Bernhardsson,moved,MF,se Sweden,27,2.de Holstein Kiel,3,3,217,2.4,0,0,0,0,0,0,0,0,Alexander Bernhardsson,1,1,100.0,0.41,0.41,0.0,0.0,2,2,,,,,,,,,,,,
1088,,ZENELI Besfort,SWE,Sweden,Royale Union Saint-Gilloise,MF,23,187,,,,,,,,,,,,,,,,,,,,,,,,,,,,,,,,FIFA World Cup 2026 roster,Besfort Zeneli,moved,MF,se Sweden,23,1.be Union SG,2,0,60,0.7,0,0,0,0,0,0,0,0,Besfort Zeneli,1,1,100.0,1.5,1.5,0.0,0.0,0,1,,,,,,,,,,,,
1089,,NORDFELDT Kristoffer,SWE,Sweden,AIK Stockholm,GK,36,190,,,,,,,,,,,,,,,,,,,,,,,,,,,,,,,,FIFA World Cup 2026 roster,Kristoffer Nordfeldt,moved,GK,se Sweden,36,1.se AIK Stockholm,2,2,180,2.0,0,0,0,0,0,0,0,0,Kristoffer Nordfeldt,0,0,,0.0,0.0,,,0,0,6.0,3.0,9.0,3.0,33.3,0.0,0.0,0.0,0.0,0.0,0.0,
1090,,STROUD Elliot,SWE,Sweden,Mjällby AIF,DF,23,185,,,,,,,,,,,,,,,,,,,,,,,,,,,,,,,,FIFA World Cup 2026 roster,Elliot Stroud,moved,MF,se Sweden,23,1.se Mjällby,4,2,166,1.8,0,0,0,0,0,0,0,0,Elliot Stroud,1,0,0.0,0.54,0.0,0.0,,0,3,,,,,,,,,,,,
1091,,NILSSON Gustaf,SWE,Sweden,Club Brugge,FW,29,197,,,,,,,,,,,,,,,,,,,,,,,,,,,,,,,,FIFA World Cup 2026 roster,Gustaf Nilsson,moved,FW,se Sweden,29,1.be Club Brugge,1,0,2,0.0,0,0,0,0,0,0,0,0,Gustaf Nilsson,1,0,0.0,45.0,0.0,0.0,,0,0,,,,,,,,,,,,
1092,,ALI Taha,SWE,Sweden,Malmö FF,FW,27,174,,,,,,,,,,,,,,,,,,,,,,,,,,,,,,,,FIFA World Cup 2026 roster,Taha Ali,moved,"FW,MF",se Sweden,27,1.se Malmö,2,0,37,0.4,0,0,0,0,0,0,0,0,Taha Ali,0,0,,0.0,0.0,,,0,0,,,,,,,,,,,,
1093,,KOBEL Gregor,SUI,Switzerland,Borussia Dortmund,GK,28,196,,,,,,,,,,,,,,,,,,,,,,,,,,,,,,,,FIFA World Cup 2026 roster,Gregor Kobel,moved,GK,ch Switzerland,28,1.de Dortmund,6,6,600,6.7,0,0,0,0,0,0,0,0,Gregor Kobel,0,0,,0.0,0.0,,,0,0,6.0,0.9,26.0,20.0,76.9,2.0,33.3,0.0,0.0,0.0,0.0,
1094,,MUHEIM Miro,SUI,Switzerland,Hamburger SV,DF,28,182,,,,,,,,,,,,,,,,,,,,,,,,,,,,,,,,FIFA World Cup 2026 roster,Miro Muheim,moved,"DF,MF",ch Switzerland,28,1.de Hamburger SV,3,0,87,1.0,0,0,0,0,0,0,1,0,Miro Muheim,0,0,,0.0,0.0,,,1,2,,,,,,,,,,,,
1095,,WIDMER Silvan,SUI,Switzerland,1. FSV Mainz 05,DF,33,183,,,,,,,,,,,,,,,,,,,,,,,,,,,,,,,,FIFA World Cup 2026 roster,Silvan Widmer,moved,DF,ch Switzerland,33,1.de Mainz 05,5,1,175,1.9,0,0,0,0,0,0,0,0,Silvan Widmer,0,0,,0.0,0.0,,,4,1,,,,,,,,,,,,
1096,,ELVEDI Nico,SUI,Switzerland,Borussia Mönchengladbach,DF,29,189,,,,,,,,,,,,,,,,,,,,,,,,,,,,,,,,FIFA World Cup 2026 roster,Nico Elvedi,moved,DF,ch Switzerland,29,1.de Gladbach,6,6,600,6.7,0,0,0,0,0,0,1,0,Nico Elvedi,3,0,0.0,0.45,0.0,0.0,,2,6,,,,,,,,,,,,
1097,,AKANJI Manuel,SUI,Switzerland,FC Internazionale Milano,DF,30,188,,,,,,,,,,,,,,,,,,,,,,,,,,,,,,,,FIFA World Cup 2026 roster,Manuel Akanji,moved,DF,ch Switzerland,30,1.it Inter,6,6,600,6.7,0,0,0,0,0,0,0,0,Manuel Akanji,1,1,100.0,0.15,0.15,0.0,0.0,9,6,,,,,,,,,,,,
1098,,ZAKARIA Denis,SUI,Switzerland,AS Monaco,MF,29,189,,,,,,,,,,,,,,,,,,,,,,,,,,,,,,,,FIFA World Cup 2026 roster,Denis Zakaria,moved,DF,ch Switzerland,29,1.fr Monaco,4,4,357,4.0,0,0,0,0,0,0,2,0,Denis Zakaria,5,2,40.0,1.26,0.5,0.0,0.0,5,9,,,,,,,,,,,,
1099,,EMBOLO Breel,SUI,Switzerland,Stade Rennais FC,FW,29,184,,,,,,,,,,,,,,,,,,,,,,,,,,,,,,,,FIFA World Cup 2026 roster,Breel Embolo,moved,FW,ch Switzerland,29,1.fr Rennes,6,6,501,5.6,2,2,4,1,1,1,2,1,Breel Embolo,10,5,50.0,1.8,0.9,0.2,0.4,0,2,,,,,,,,,,,,
1100,,FREULER Remo,SUI,Switzerland,Bologna FC,MF,34,181,,,,,,,,,,,,,,,,,,,,,,,,,,,,,,,,FIFA World Cup 2026 roster,Remo Freuler,moved,MF,ch Switzerland,34,1.it Bologna,6,6,592,6.6,0,0,0,0,0,0,0,0,Remo Freuler,2,1,50.0,0.3,0.15,0.0,0.0,5,8,,,,,,,,,,,,
1101,,MANZAMBI Johan,SUI,Switzerland,SC Freiburg,MF,20,182,,,,,,,,,,,,,,,,,,,,,,,,,,,,,,,,FIFA World Cup 2026 roster,Johan Manzambi,moved,"MF,FW",ch Switzerland,20,1.de Freiburg,4,2,199,2.2,3,2,5,3,0,0,0,0,Johan Manzambi,6,3,50.0,2.71,1.36,0.5,1.0,0,0,,,,,,,,,,,,
1102,,XHAKA Granit,SUI,Switzerland,Sunderland AFC,MF,33,183,,,,,,,,,,,,,,,,,,,,,,,,,,,,,,,,FIFA World Cup 2026 roster,Granit Xhaka,moved,MF,ch Switzerland,33,1.eng Sunderland,6,6,600,6.7,1,0,1,0,1,1,2,0,Granit Xhaka,9,2,22.2,1.35,0.3,0.11,0.5,4,4,,,,,,,,,,,,
1103,,NDOYE Dan,SUI,Switzerland,Nottingham Forest FC,FW,25,184,,,,,,,,,,,,,,,,,,,,,,,,,,,,,,,,FIFA World Cup 2026 roster,Dan Ndoye,moved,"MF,FW",ch Switzerland,25,1.eng Nottingham,6,5,406,4.5,2,0,2,2,0,0,0,0,Dan Ndoye,16,8,50.0,3.55,1.77,0.13,0.25,5,4,,,,,,,,,,,,
1105,,RODRIGUEZ Ricardo,SUI,Switzerland,Real Betis,DF,33,182,,,,,,,,,,,,,,,,,,,,,,,,,,,,,,,,FIFA World Cup 2026 roster,Ricardo Rodríguez,moved,DF,ch Switzerland,33,1.es Real Betis,6,6,517,5.7,0,1,1,0,0,0,0,0,Ricardo Rodríguez,1,0,0.0,0.17,0.0,0.0,,7,4,,,,,,,,,,,,
1106,,JASHARI Ardon,SUI,Switzerland,AC Milan,MF,23,181,,,,,,,,,,,,,,,,,,,,,,,,,,,,,,,,FIFA World Cup 2026 roster,Ardon Jashari,moved,MF,ch Switzerland,23,1.it Milan,3,1,72,0.8,0,0,0,0,0,0,0,0,Ardon Jashari,2,0,0.0,2.5,0.0,0.0,,0,0,,,,,,,,,,,,
1107,,SOW Djibril,SUI,Switzerland,Sevilla FC,MF,29,183,,,,,,,,,,,,,,,,,,,,,,,,,,,,,,,,FIFA World Cup 2026 roster,Djibril Sow,moved,MF,ch Switzerland,29,1.es Sevilla,4,2,253,2.8,0,0,0,0,0,0,0,0,Djibril Sow,2,1,50.0,0.71,0.36,0.0,0.0,1,2,,,,,,,,,,,,
1108,,FASSNACHT Christian,SUI,Switzerland,BSC Young Boys,FW,32,185,,,,,,,,,,,,,,,,,,,,,,,,,,,,,,,,FIFA World Cup 2026 roster,Christian Fassnacht,moved,"FW,MF",ch Switzerland,32,1.ch Young Boys,1,0,6,0.1,0,0,0,0,0,0,0,0,Christian Fassnacht,0,0,,0.0,0.0,,,1,0,,,,,,,,,,,,
1109,,VARGAS Ruben,SUI,Switzerland,Sevilla FC,FW,27,179,,,,,,,,,,,,,,,,,,,,,,,,,,,,,,,,FIFA World Cup 2026 roster,Ruben Vargas,moved,MF,ch Switzerland,27,1.es Sevilla,6,3,284,3.2,2,1,3,2,0,0,0,0,Ruben Vargas,6,4,66.7,1.9,1.27,0.33,0.5,2,2,,,,,,,,,,,,
1111,,OKAFOR Noah,SUI,Switzerland,Leeds United FC,FW,26,185,,,,,,,,,,,,,,,,,,,,,,,,,,,,,,,,FIFA World Cup 2026 roster,Noah Okafor,moved,"FW,MF",ch Switzerland,26,1.eng Leeds United,1,0,20,0.2,0,0,0,0,0,0,0,0,Noah Okafor,1,0,0.0,4.5,0.0,0.0,,1,0,,,,,,,,,,,,
1112,,AEBISCHER Michel,SUI,Switzerland,Pisa SC,MF,29,183,,,,,,,,,,,,,,,,,,,,,,,,,,,,,,,,FIFA World Cup 2026 roster,Michel Aebischer,moved,"MF,FW",ch Switzerland,29,1.it Pisa,4,2,156,1.7,0,0,0,0,0,0,0,0,Michel Aebischer,2,1,50.0,1.15,0.58,0.0,0.0,1,0,,,,,,,,,,,,
1114,,RIEDER Fabian,SUI,Switzerland,FC Augsburg,MF,24,181,,,,,,,,,,,,,,,,,,,,,,,,,,,,,,,,FIFA World Cup 2026 roster,Fabian Rieder,moved,"MF,FW",ch Switzerland,24,1.de Augsburg,5,3,302,3.4,0,0,0,0,0,0,0,0,Fabian Rieder,7,2,28.6,2.09,0.6,0.0,0.0,3,1,,,,,,,,,,,,
1115,,AMDOUNI Zeki,SUI,Switzerland,Burnley FC,FW,25,183,,,,,,,,,,,,,,,,,,,,,,,,,,,,,,,,FIFA World Cup 2026 roster,Zeki Amdouni,moved,"FW,MF",ch Switzerland,25,1.eng Burnley,4,0,73,0.8,0,0,0,0,0,0,0,0,Zeki Amdouni,1,0,0.0,1.23,0.0,0.0,,1,0,,,,,,,,,,,,
1117,,JAQUEZ Luca,SUI,Switzerland,VfB Stuttgart,DF,23,187,,,,,,,,,,,,,,,,,,,,,,,,,,,,,,,,FIFA World Cup 2026 roster,Luca Jaquez,moved,DF,ch Switzerland,23,1.de Stuttgart,2,1,78,0.9,0,0,0,0,0,0,0,0,Luca Jaquez,0,0,,0.0,0.0,,,0,1,,,,,,,,,,,,
1118,,ITTEN Cedric,SUI,Switzerland,Fortuna Düsseldorf,FW,29,190,,,,,,,,,,,,,,,,,,,,,,,,,,,,,,,,FIFA World Cup 2026 roster,Cedric Itten,moved,"FW,MF",ch Switzerland,29,2.de Düsseldorf,3,0,42,0.5,0,0,0,0,0,0,0,0,Cedric Itten,0,0,,0.0,0.0,,,0,0,,,,,,,,,,,,
1119,,CHAMAKH Mouhib,TUN,Tunisia,Club Africain,GK,24,189,,,,,,,,,,,,,,,,,,,,,,,,,,,,,,,,FIFA World Cup 2026 roster,Mouhib Chamakh,moved,GK,tn Tunisia,24,1.tn Club Africain,1,1,90,1.0,0,0,0,0,0,0,0,0,Mouhib Chamakh,0,0,,0.0,0.0,,,0,0,5.0,5.0,6.0,1.0,16.7,0.0,0.0,0.0,0.0,0.0,0.0,
1120,,ABDI Ali,TUN,Tunisia,OGC Nice,DF,32,177,,,,,,,,,,,,,,,,,,,,,,,,,,,,,,,,FIFA World Cup 2026 roster,Ali Abdi,moved,DF,tn Tunisia,32,1.fr Nice,3,3,269,3.0,0,0,0,0,0,0,0,0,Ali Abdi,1,0,0.0,0.33,0.0,0.0,,8,4,,,,,,,,,,,,
1121,,TALBI Montassar,TUN,Tunisia,FC Lorient,DF,28,190,,,,,,,,,,,,,,,,,,,,,,,,,,,,,,,,FIFA World Cup 2026 roster,Montassar Talbi,moved,DF,tn Tunisia,28,1.fr Lorient,3,3,270,3.0,0,0,0,0,0,0,0,0,Montassar Talbi,1,0,0.0,0.33,0.0,0.0,,2,5,,,,,,,,,,,,
1122,,REKIK Omar,TUN,Tunisia,NK Maribor,DF,24,188,,,,,,,,,,,,,,,,,,,,,,,,,,,,,,,,FIFA World Cup 2026 roster,Omar Rekik,moved,DF,tn Tunisia,24,1.si NK Maribor,2,2,180,2.0,1,0,1,1,0,0,0,0,Omar Rekik,1,1,100.0,0.5,0.5,1.0,1.0,2,3,,,,,,,,,,,,
1124,,BRONN Dylan,TUN,Tunisia,Servette FC,DF,30,186,,,,,,,,,,,,,,,,,,,,,,,,,,,,,,,,FIFA World Cup 2026 roster,Dylan Bronn,moved,DF,tn Tunisia,30,1.ch Servette FC,1,1,45,0.5,0,0,0,0,0,0,0,0,Dylan Bronn,0,0,,0.0,0.0,,,0,1,,,,,,,,,,,,
1125,,ACHOURI Elias,TUN,Tunisia,FC København,FW,27,187,,,,,,,,,,,,,,,,,,,,,,,,,,,,,,,,FIFA World Cup 2026 roster,Elias Achouri,moved,"FW,MF",tn Tunisia,27,1.dk FC Copenhagen,3,0,43,0.5,0,0,0,0,0,0,0,0,Elias Achouri,3,1,33.3,6.28,2.09,0.0,0.0,2,0,,,,,,,,,,,,
1126,,SAAD Elias,TUN,Tunisia,Hannover 96,FW,26,185,,,,,,,,,,,,,,,,,,,,,,,,,,,,,,,,FIFA World Cup 2026 roster,Elias Saad,moved,"MF,FW",tn Tunisia,26,2.de Hannover 96,2,2,116,1.3,0,0,0,0,0,0,0,0,Elias Saad,1,0,0.0,0.78,0.0,0.0,,1,0,,,,,,,,,,,,
1127,,MASTOURI Hazem,TUN,Tunisia,FC Dynamo Makhachkala,FW,28,191,,,,,,,,,,,,,,,,,,,,,,,,,,,,,,,,FIFA World Cup 2026 roster,Hazem Mastouri,moved,FW,tn Tunisia,28,1.ru D. Makhachkala,1,1,89,1.0,1,0,1,1,0,0,0,0,Hazem Mastouri,3,2,66.7,3.03,2.02,0.33,0.5,0,1,,,,,,,,,,,,
1128,,MEJBRI Hannibal,TUN,Tunisia,Burnley FC,MF,23,177,,,,,,,,,,,,,,,,,,,,,,,,,,,,,,,,FIFA World Cup 2026 roster,Hannibal Mejbri,moved,MF,tn Tunisia,23,1.eng Burnley,3,3,270,3.0,0,2,2,0,0,0,0,0,Hannibal Mejbri,3,1,33.3,1.0,0.33,0.0,0.0,4,1,,,,,,,,,,,,
1129,,GHARBI Ismael,TUN,Tunisia,FC Augsburg,MF,22,180,,,,,,,,,,,,,,,,,,,,,,,,,,,,,,,,FIFA World Cup 2026 roster,Ismaël Gharbi,moved,MF,tn Tunisia,22,1.de Augsburg,3,1,127,1.4,0,0,0,0,0,0,0,0,Ismaël Gharbi,3,0,0.0,2.13,0.0,0.0,,1,1,,,,,,,,,,,,
1130,,BEN OUANES Mortadha,TUN,Tunisia,Kasımpaşa SK,DF,31,188,,,,,,,,,,,,,,,,,,,,,,,,,,,,,,,,FIFA World Cup 2026 roster,Mortadha Ben Ouanes,moved,"DF,MF",tn Tunisia,31,1.tr Kasımpaşa,1,0,23,0.3,0,0,0,0,0,0,0,0,Mortadha Ben Ouanes,0,0,,0.0,0.0,,,0,0,,,,,,,,,,,,
1131,,KHEDIRA Rani,TUN,Tunisia,1. FC Union Berlin,MF,32,188,,,,,,,,,,,,,,,,,,,,,,,,,,,,,,,,FIFA World Cup 2026 roster,Rani Khedira,moved,MF,tn Tunisia,32,1.de Union Berlin,3,2,149,1.7,0,0,0,0,0,0,1,0,Rani Khedira,1,0,0.0,0.6,0.0,0.0,,1,2,,,,,,,,,,,,
1134,,DAHMEN Aymen,TUN,Tunisia,CS Sfaxien,GK,29,188,,,,,,,,,,,,,,,,,,,,,,,,,,,,,,,,FIFA World Cup 2026 roster,Aymen Dahmen,moved,GK,tn Tunisia,29,1.tn Ahly Sfaxien,2,2,180,2.0,0,0,0,0,0,0,0,0,Aymen Dahmen,0,0,,0.0,0.0,,,0,0,7.0,3.5,12.0,5.0,41.7,0.0,0.0,0.0,0.0,0.0,0.0,
1135,,SKHIRI Ellyes,TUN,Tunisia,Eintracht Frankfurt,MF,31,185,,,,,,,,,,,,,,,,,,,,,,,,,,,,,,,,FIFA World Cup 2026 roster,Ellyes Skhiri,moved,"MF,DF",tn Tunisia,31,1.de Frankfurt,3,3,250,2.8,0,0,0,0,0,0,0,0,Ellyes Skhiri,0,0,,0.0,0.0,,,1,2,,,,,,,,,,,,
1137,,CHAOUAT Firas,TUN,Tunisia,Club Africain,FW,30,185,,,,,,,,,,,,,,,,,,,,,,,,,,,,,,,,FIFA World Cup 2026 roster,Firas Chaouat,moved,FW,tn Tunisia,30,1.tn Club Africain,3,0,49,0.5,0,0,0,0,0,0,0,0,Firas Chaouat,0,0,,0.0,0.0,,,0,0,,,,,,,,,,,,
1138,,VALERY Yan,TUN,Tunisia,BSC Young Boys,DF,27,181,,,,,,,,,,,,,,,,,,,,,,,,,,,,,,,,FIFA World Cup 2026 roster,Yan Valery,moved,DF,tn Tunisia,27,1.ch Young Boys,3,3,251,2.8,0,0,0,0,0,0,0,0,Yan Valery,0,0,,0.0,0.0,,,1,4,,,,,,,,,,,,
1144,,TOUNEKTI Sebastian,TUN,Tunisia,Celtic FC,MF,23,182,,,,,,,,,,,,,,,,,,,,,,,,,,,,,,,,FIFA World Cup 2026 roster,Sebastian Tounekti,moved,FW,tn Tunisia,23,1.sct Celtic,3,1,84,0.9,0,0,0,0,0,0,0,0,Sebastian Tounekti,0,0,,0.0,0.0,,,0,0,,,,,,,,,,,,
1146,,CELIK Zeki,TUR,Türkiye,AS Roma,DF,29,180,,,,,,,,,,,,,,,,,,,,,,,,,,,,,,,,FIFA World Cup 2026 roster,Zeki Çelik,moved,DF,tr Türkiye,29,1.it Roma,2,2,163,1.8,0,0,0,0,0,0,0,0,Zeki Çelik,1,1,100.0,0.55,0.55,0.0,0.0,3,1,,,,,,,,,,,,
1147,,DEMIRAL Merih,TUR,Türkiye,Al Ahli FC,DF,28,190,,,,,,,,,,,,,,,,,,,,,,,,,,,,,,,,FIFA World Cup 2026 roster,Merih Demiral,moved,DF,tr Türkiye,28,1.sa Al-Ahli,2,2,180,2.0,0,0,0,0,0,0,0,0,Merih Demiral,6,2,33.3,3.0,1.0,0.0,0.0,1,1,,,,,,,,,,,,
1148,,SOYUNCU Caglar,TUR,Türkiye,Fenerbahçe SK,DF,30,185,,,,,,,,,,,,,,,,,,,,,,,,,,,,,,,,FIFA World Cup 2026 roster,Çağlar Söyüncü,moved,DF,tr Türkiye,30,1.tr Fenerbahçe,1,0,7,0.1,0,0,0,0,0,0,0,0,Çağlar Söyüncü,0,0,,0.0,0.0,,,0,0,,,,,,,,,,,,
1149,,OZCAN Salih,TUR,Türkiye,Borussia Dortmund,MF,28,182,,,,,,,,,,,,,,,,,,,,,,,,,,,,,,,,FIFA World Cup 2026 roster,Salih Özcan,moved,MF,tr Türkiye,28,1.de Dortmund,2,1,100,1.1,0,0,0,0,0,0,0,0,Salih Özcan,0,0,,0.0,0.0,,,1,4,,,,,,,,,,,,
1150,,KOKCU Orkun,TUR,Türkiye,Beşiktaş JK,MF,25,175,,,,,,,,,,,,,,,,,,,,,,,,,,,,,,,,FIFA World Cup 2026 roster,Orkun Kökçü,moved,MF,tr Türkiye,25,1.tr Beşiktaş,3,2,153,1.7,0,1,1,0,0,0,0,0,Orkun Kökçü,3,0,0.0,1.76,0.0,0.0,,1,0,,,,,,,,,,,,
1151,,AKTURKOGLU Kerem,TUR,Türkiye,Fenerbahçe SK,FW,27,172,,,,,,,,,,,,,,,,,,,,,,,,,,,,,,,,FIFA World Cup 2026 roster,Kerem Aktürkoğlu,moved,FW,tr Türkiye,27,1.tr Fenerbahçe,2,2,129,1.4,0,0,0,0,0,0,0,0,Kerem Aktürkoğlu,3,1,33.3,2.09,0.7,0.0,0.0,1,0,,,,,,,,,,,,
1152,,GULER Arda,TUR,Türkiye,Real Madrid C. F.,FW,21,175,,,,,,,,,,,,,,,,,,,,,,,,,,,,,,,,FIFA World Cup 2026 roster,Arda Güler,moved,MF,tr Türkiye,21,1.es Real Madrid,3,3,270,3.0,1,0,1,1,0,0,0,0,Arda Güler,12,4,33.3,4.0,1.33,0.08,0.25,3,2,,,,,,,,,,,,
1153,,GUL Deniz,TUR,Türkiye,FC Porto,FW,21,192,,,,,,,,,,,,,,,,,,,,,,,,,,,,,,,,FIFA World Cup 2026 roster,Deniz Gül,moved,FW,tr Türkiye,21,1.pt Porto,2,0,37,0.4,0,0,0,0,0,0,0,0,Deniz Gül,2,1,50.0,4.86,2.43,0.0,0.0,0,0,,,,,,,,,,,,
1154,,CALHANOGLU Hakan,TUR,Türkiye,FC Internazionale Milano,MF,32,178,,,,,,,,,,,,,,,,,,,,,,,,,,,,,,,,FIFA World Cup 2026 roster,Hakan Çalhanoğlu,moved,MF,tr Türkiye,32,1.it Inter,2,2,180,2.0,0,0,0,0,0,0,0,0,Hakan Çalhanoğlu,11,2,18.2,5.5,1.0,0.0,0.0,3,1,,,,,,,,,,,,
1159,,KABAK Ozan,TUR,Türkiye,TSG Hoffenheim,DF,26,187,,,,,,,,,,,,,,,,,,,,,,,,,,,,,,,,FIFA World Cup 2026 roster,Ozan Kabak,moved,DF,tr Türkiye,26,1.de Hoffenheim,1,1,90,1.0,0,0,0,0,0,0,0,0,Ozan Kabak,0,0,,0.0,0.0,,,2,0,,,,,,,,,,,,
1160,,YUKSEK Ismail,TUR,Türkiye,Fenerbahçe SK,MF,27,183,,,,,,,,,,,,,,,,,,,,,,,,,,,,,,,,FIFA World Cup 2026 roster,İsmail Yüksek,moved,MF,tr Türkiye,27,1.tr Fenerbahçe,2,2,139,1.5,0,0,0,0,0,0,0,0,İsmail Yüksek,5,0,0.0,3.24,0.0,0.0,,5,2,,,,,,,,,,,,
1162,,MULDUR Mert,TUR,Türkiye,Fenerbahçe SK,DF,27,184,,,,,,,,,,,,,,,,,,,,,,,,,,,,,,,,FIFA World Cup 2026 roster,Mert Müldür,moved,DF,tr Türkiye,27,1.tr Fenerbahçe,3,1,101,1.1,0,0,0,0,0,0,0,0,Mert Müldür,3,0,0.0,2.67,0.0,0.0,,2,1,,,,,,,,,,,,
1163,,AKGUN Yunus,TUR,Türkiye,Galatasaray SK,FW,25,173,,,,,,,,,,,,,,,,,,,,,,,,,,,,,,,,FIFA World Cup 2026 roster,Yunus Akgün,moved,MF,tr Türkiye,25,1.tr Galatasaray,2,1,88,1.0,0,0,0,0,0,0,1,0,Yunus Akgün,0,0,,0.0,0.0,,,0,0,,,,,,,,,,,,
1164,,KADIOGLU Ferdi,TUR,Türkiye,Brighton & Hove Albion FC,DF,26,174,,,,,,,,,,,,,,,,,,,,,,,,,,,,,,,,FIFA World Cup 2026 roster,Ferdi Kadioglu,moved,DF,tr Türkiye,26,1.eng Brighton,2,2,159,1.8,0,0,0,0,0,0,0,0,Ferdi Kadioglu,1,0,0.0,0.57,0.0,0.0,,2,1,,,,,,,,,,,,
1166,,AYHAN Kaan,TUR,Türkiye,Galatasaray SK,MF,31,185,,,,,,,,,,,,,,,,,,,,,,,,,,,,,,,,FIFA World Cup 2026 roster,Kaan Ayhan,moved,"DF,MF",tr Türkiye,31,1.tr Galatasaray,1,0,3,0.0,1,0,1,1,0,0,0,0,Kaan Ayhan,1,1,100.0,30.0,30.0,1.0,1.0,0,0,,,,,,,,,,,,
1170,,UZUN Can,TUR,Türkiye,Eintracht Frankfurt,FW,20,186,,,,,,,,,,,,,,,,,,,,,,,,,,,,,,,,FIFA World Cup 2026 roster,Can Uzun,moved,MF,tr Türkiye,20,1.de Frankfurt,2,0,38,0.4,0,1,1,0,0,0,0,0,Can Uzun,4,1,25.0,9.47,2.37,0.0,0.0,0,0,,,,,,,,,,,,
1171,,ROCHET Sergio,URU,Uruguay,SC Internacional,GK,33,189,,,,,,,,,,,,,,,,,,,,,,,,,,,,,,,,FIFA World Cup 2026 roster,Sergio Rochet,moved,GK,uy Uruguay,33,1.br Internacional,1,0,45,0.5,0,0,0,0,0,0,0,0,Sergio Rochet,0,0,,0.0,0.0,,,0,0,0.0,0.0,0.0,0.0,,0.0,,0.0,0.0,0.0,0.0,
1173,,CACERES Sebastian,URU,Uruguay,Club América,DF,26,180,,,,,,,,,,,,,,,,,,,,,,,,,,,,,,,,FIFA World Cup 2026 roster,Sebastián Cáceres,moved,DF,uy Uruguay,26,1.mx América,3,3,270,3.0,0,0,0,0,0,0,0,0,Sebastián Cáceres,3,0,0.0,1.0,0.0,0.0,,1,2,,,,,,,,,,,,
1175,,UGARTE Manuel,URU,Uruguay,Manchester United FC,MF,25,182,,,,,,,,,,,,,,,,,,,,,,,,,,,,,,,,FIFA World Cup 2026 roster,Manuel Ugarte,moved,MF,uy Uruguay,25,1.eng Manchester Utd,3,3,184,2.0,0,0,0,0,0,0,0,0,Manuel Ugarte,3,1,33.3,1.47,0.49,0.0,0.0,1,3,,,,,,,,,,,,
1176,,BENTANCUR Rodrigo,URU,Uruguay,Tottenham Hotspur FC,MF,28,187,,,,,,,,,,,,,,,,,,,,,,,,,,,,,,,,FIFA World Cup 2026 roster,Rodrigo Bentancur,moved,MF,uy Uruguay,28,1.eng Tottenham,3,3,270,3.0,0,0,0,0,0,0,1,0,Rodrigo Bentancur,4,0,0.0,1.33,0.0,0.0,,5,7,,,,,,,,,,,,
1177,,DE LA CRUZ Nicolas,URU,Uruguay,CR Flamengo,MF,29,167,,,,,,,,,,,,,,,,,,,,,,,,,,,,,,,,FIFA World Cup 2026 roster,Nicolás De La Cruz,moved,MF,uy Uruguay,29,1.br Flamengo,3,0,86,1.0,0,0,0,0,0,0,1,0,Nicolás De La Cruz,4,2,50.0,4.19,2.09,0.0,0.0,1,2,,,,,,,,,,,,
1178,,VALVERDE Federico,URU,Uruguay,Real Madrid C. F.,MF,27,182,,,,,,,,,,,,,,,,,,,,,,,,,,,,,,,,FIFA World Cup 2026 roster,Federico Valverde,moved,MF,uy Uruguay,27,1.es Real Madrid,3,3,236,2.6,0,0,0,0,0,0,0,0,Federico Valverde,10,2,20.0,3.81,0.76,0.0,0.0,2,3,,,,,,,,,,,,
1179,,NUNEZ Darwin,URU,Uruguay,Al Hilal SC,FW,26,185,,,,,,,,,,,,,,,,,,,,,,,,,,,,,,,,FIFA World Cup 2026 roster,Darwin Núñez,moved,FW,uy Uruguay,26,1.sa Al-Hilal,3,2,156,1.7,0,0,0,0,0,0,0,0,Darwin Núñez,2,0,0.0,1.15,0.0,0.0,,1,2,,,,,,,,,,,,
1183,,VARELA Guillermo,URU,Uruguay,CR Flamengo,DF,33,174,,,,,,,,,,,,,,,,,,,,,,,,,,,,,,,,FIFA World Cup 2026 roster,Guillermo Varela,moved,DF,uy Uruguay,33,1.br Flamengo,3,3,270,3.0,0,0,0,0,0,0,1,0,Guillermo Varela,2,0,0.0,0.67,0.0,0.0,,1,7,,,,,,,,,,,,
1184,,CANOBBIO Agustin,URU,Uruguay,Fluminense FC,MF,27,176,,,,,,,,,,,,,,,,,,,,,,,,,,,,,,,,FIFA World Cup 2026 roster,Agustín Canobbio,moved,FW,uy Uruguay,27,1.br Fluminense,3,2,224,2.5,1,0,1,1,0,0,0,1,Agustín Canobbio,4,1,25.0,1.61,0.4,0.25,1.0,3,2,,,,,,,,,,,,
1186,,OLIVERA Mathias,URU,Uruguay,SSC Napoli,DF,28,174,,,,,,,,,,,,,,,,,,,,,,,,,,,,,,,,FIFA World Cup 2026 roster,Mathías Olivera,moved,DF,uy Uruguay,28,1.it Napoli,3,3,270,3.0,0,0,0,0,0,0,1,0,Mathías Olivera,1,0,0.0,0.33,0.0,0.0,,4,2,,,,,,,,,,,,
1187,,VINA Matias,URU,Uruguay,CA River Plate,DF,28,180,,,,,,,,,,,,,,,,,,,,,,,,,,,,,,,,FIFA World Cup 2026 roster,Matías Viña,moved,DF,uy Uruguay,28,1.br Flamengo,1,1,45,0.5,0,0,0,0,0,0,0,0,Matías Viña,0,0,,0.0,0.0,,,0,0,,,,,,,,,,,,
1188,,RODRIGUEZ Brian,URU,Uruguay,Club América,FW,26,175,,,,,,,,,,,,,,,,,,,,,,,,,,,,,,,,FIFA World Cup 2026 roster,Brian Rodríguez,moved,"FW,MF",uy Uruguay,26,1.mx América,3,0,41,0.5,0,0,0,0,0,0,0,0,Brian Rodríguez,3,1,33.3,6.59,2.2,0.0,0.0,0,0,,,,,,,,,,,,
1189,,AGUIRRE Rodrigo,URU,Uruguay,Tigres UANL,FW,31,182,,,,,,,,,,,,,,,,,,,,,,,,,,,,,,,,FIFA World Cup 2026 roster,Rodrigo Aguirre,moved,FW,uy Uruguay,31,1.mx América,1,0,1,0.0,0,0,0,0,0,0,0,0,Rodrigo Aguirre,0,0,,0.0,0.0,,,0,0,,,,,,,,,,,,
1190,,ARAUJO Maxi,URU,Uruguay,Sporting CP,MF,26,176,,,,,,,,,,,,,,,,,,,,,,,,,,,,,,,,FIFA World Cup 2026 roster,Maxi Araújo,moved,"FW,MF",uy Uruguay,26,1.pt Sporting CP,3,3,250,2.8,2,1,3,2,0,0,0,0,Maxi Araújo,4,3,75.0,1.44,1.08,0.5,0.67,0,0,,,,,,,,,,,,
1191,,VINAS Federico,URU,Uruguay,Real Oviedo,FW,27,181,,,,,,,,,,,,,,,,,,,,,,,,,,,,,,,,FIFA World Cup 2026 roster,Federico Viñas,moved,FW,uy Uruguay,27,1.es Oviedo,3,2,192,2.1,0,0,0,0,0,0,0,0,Federico Viñas,6,3,50.0,2.81,1.41,0.0,0.0,2,1,,,,,,,,,,,,
1193,,MUSLERA Fernando,URU,Uruguay,Estudiantes LP,GK,39,190,,,,,,,,,,,,,,,,,,,,,,,,,,,,,,,,FIFA World Cup 2026 roster,Fernando Muslera,moved,GK,uy Uruguay,39,1.tr Galatasaray,3,3,225,2.5,0,0,0,0,0,0,0,0,Fernando Muslera,0,0,,0.0,0.0,,,0,0,4.0,1.6,8.0,4.0,50.0,0.0,0.0,0.0,0.0,0.0,0.0,
1197,,TURNER Matt,USA,USA,New England Revolution,GK,31,190,,,,,,,,,,,,,,,,,,,,,,,,,,,,,,,,FIFA World Cup 2026 roster,Matt Turner,moved,GK,us USA,31,1.us NE Revolution,1,1,90,1.0,0,0,0,0,0,0,0,0,Matt Turner,0,0,,0.0,0.0,,,0,0,3.0,3.0,3.0,0.0,0.0,0.0,0.0,0.0,0.0,0.0,0.0,
1198,,DEST Sergino,USA,USA,PSV Eindhoven,DF,25,173,,,,,,,,,,,,,,,,,,,,,,,,,,,,,,,,FIFA World Cup 2026 roster,Sergiño Dest,moved,MF,us USA,25,1.nl PSV,5,4,297,3.3,0,0,0,0,0,0,0,0,Sergiño Dest,3,1,33.3,0.91,0.3,0.0,0.0,1,5,,,,,,,,,,,,
1199,,RICHARDS Chris,USA,USA,Crystal Palace FC,DF,26,189,,,,,,,,,,,,,,,,,,,,,,,,,,,,,,,,FIFA World Cup 2026 roster,Chris Richards,moved,DF,us USA,26,1.eng Crystal Palace,4,4,360,4.0,0,0,0,0,0,0,1,0,Chris Richards,1,0,0.0,0.25,0.0,0.0,,3,4,,,,,,,,,,,,
1200,,ADAMS Tyler,USA,USA,AFC Bournemouth,MF,27,175,,,,,,,,,,,,,,,,,,,,,,,,,,,,,,,,FIFA World Cup 2026 roster,Tyler Adams,moved,MF,us USA,27,1.eng Bournemouth,4,4,341,3.8,0,0,0,0,0,0,1,0,Tyler Adams,0,0,,0.0,0.0,,,5,8,,,,,,,,,,,,
1201,,ROBINSON Antonee,USA,USA,Fulham FC,DF,28,183,,,,,,,,,,,,,,,,,,,,,,,,,,,,,,,,FIFA World Cup 2026 roster,Antonee Robinson,moved,"DF,MF",us USA,28,1.eng Fulham,4,4,348,3.9,0,0,0,0,0,0,1,0,Antonee Robinson,0,0,,0.0,0.0,,,4,6,,,,,,,,,,,,
1202,,TRUSTY Auston,USA,USA,Celtic FC,DF,27,190,,,,,,,,,,,,,,,,,,,,,,,,,,,,,,,,FIFA World Cup 2026 roster,Auston Trusty,moved,DF,us USA,27,1.sct Celtic,2,1,101,1.1,1,0,1,1,0,0,0,0,Auston Trusty,3,2,66.7,2.67,1.78,0.33,0.5,1,4,,,,,,,,,,,,
1204,,McKENNIE Weston,USA,USA,Juventus FC,MF,27,180,,,,,,,,,,,,,,,,,,,,,,,,,,,,,,,,FIFA World Cup 2026 roster,Weston McKennie,moved,MF,us USA,27,1.it Juventus,5,5,443,4.9,0,0,0,0,0,0,1,0,Weston McKennie,5,1,20.0,1.02,0.2,0.0,0.0,7,7,,,,,,,,,,,,
1205,,PEPI Ricardo,USA,USA,PSV Eindhoven,FW,23,185,,,,,,,,,,,,,,,,,,,,,,,,,,,,,,,,FIFA World Cup 2026 roster,Ricardo Pepi,moved,FW,us USA,23,1.nl PSV,5,2,204,2.3,0,0,0,0,0,0,0,0,Ricardo Pepi,5,0,0.0,2.21,0.0,0.0,,1,1,,,,,,,,,,,,
1206,,PULISIC Christian,USA,USA,AC Milan,FW,27,177,,,,,,,,,,,,,,,,,,,,,,,,,,,,,,,,FIFA World Cup 2026 roster,Christian Pulisic,moved,MF,us USA,27,1.it Milan,4,3,223,2.5,0,1,1,0,0,0,0,0,Christian Pulisic,4,2,50.0,1.61,0.81,0.0,0.0,1,0,,,,,,,,,,,,
1207,,AARONSON Brenden,USA,USA,Leeds United FC,FW,25,177,,,,,,,,,,,,,,,,,,,,,,,,,,,,,,,,FIFA World Cup 2026 roster,Brenden Aaronson,moved,MF,us USA,25,1.eng Leeds United,1,1,76,0.8,0,0,0,0,0,0,0,0,Brenden Aaronson,3,1,33.3,3.55,1.18,0.0,0.0,1,0,,,,,,,,,,,,
1208,,ROBINSON Miles,USA,USA,FC Cincinnatti,DF,29,187,,,,,,,,,,,,,,,,,,,,,,,,,,,,,,,,FIFA World Cup 2026 roster,Miles Robinson,moved,DF,us USA,29,1.us FC Cincinnati,1,1,90,1.0,0,0,0,0,0,0,0,0,Miles Robinson,1,0,0.0,1.0,0.0,0.0,,1,1,,,,,,,,,,,,
1209,,REAM Tim,USA,USA,Charlotte FC,DF,38,186,,,,,,,,,,,,,,,,,,,,,,,,,,,,,,,,FIFA World Cup 2026 roster,Tim Ream,moved,DF,us USA,38,1.us Charlotte,4,4,360,4.0,0,0,0,0,0,0,0,0,Tim Ream,0,0,,0.0,0.0,,,1,6,,,,,,,,,,,,
1210,,BERHALTER Sebastian,USA,USA,Vancouver Whitecaps FC,MF,25,175,,,,,,,,,,,,,,,,,,,,,,,,,,,,,,,,FIFA World Cup 2026 roster,Sebastian Berhalter,moved,MF,us USA,25,1.us Vancouver,5,1,187,2.1,1,1,2,1,0,0,1,0,Sebastian Berhalter,3,1,33.3,1.44,0.48,0.33,1.0,0,3,,,,,,,,,,,,
1212,,FREEMAN Alex,USA,USA,Villarreal CF,DF,21,188,,,,,,,,,,,,,,,,,,,,,,,,,,,,,,,,FIFA World Cup 2026 roster,Alex Freeman,moved,DF,us USA,21,1.es Villarreal,5,4,374,4.2,1,1,2,1,0,0,0,0,Alex Freeman,4,1,25.0,0.96,0.24,0.25,1.0,6,7,,,,,,,,,,,,
1213,,TILLMAN Malik,USA,USA,Bayer 04 Leverkusen,MF,24,187,,,,,,,,,,,,,,,,,,,,,,,,,,,,,,,,FIFA World Cup 2026 roster,Malik Tillman,moved,MF,us USA,24,1.de Leverkusen,5,4,356,4.0,2,1,3,2,0,0,1,0,Malik Tillman,8,4,50.0,2.02,1.01,0.25,0.5,7,5,,,,,,,,,,,,
1214,,ARFSTEN Max,USA,USA,Columbus Crew,DF,25,185,,,,,,,,,,,,,,,,,,,,,,,,,,,,,,,,FIFA World Cup 2026 roster,Max Arfsten,moved,MF,us USA,25,1.us Columbus Crew,1,0,1,0.0,0,0,0,0,0,0,0,0,Max Arfsten,0,0,,0.0,0.0,,,0,0,,,,,,,,,,,,
1215,,WRIGHT Haji,USA,USA,Coventry City FC,FW,28,191,,,,,,,,,,,,,,,,,,,,,,,,,,,,,,,,FIFA World Cup 2026 roster,Haji Wright,moved,"FW,MF",us USA,28,2.eng Coventry City,2,0,2,0.0,0,0,0,0,0,0,0,0,Haji Wright,0,0,,0.0,0.0,,,0,0,,,,,,,,,,,,
1216,,BALOGUN Folarin,USA,USA,AS Monaco,FW,24,179,,,,,,,,,,,,,,,,,,,,,,,,,,,,,,,,FIFA World Cup 2026 roster,Folarin Balogun,moved,FW,us USA,24,1.fr Monaco,4,4,312,3.5,3,0,3,3,0,0,1,1,Folarin Balogun,14,5,35.7,4.04,1.44,0.21,0.6,0,1,,,,,,,,,,,,
1217,,WEAH Timothy,USA,USA,Olympique Marseille,FW,26,183,,,,,,,,,,,,,,,,,,,,,,,,,,,,,,,,FIFA World Cup 2026 roster,Timothy Weah,moved,MF,us USA,26,1.fr Marseille,2,1,76,0.8,0,0,0,0,0,0,0,0,Timothy Weah,2,0,0.0,2.37,0.0,0.0,,0,0,,,,,,,,,,,,
1218,,McKENZIE Mark,USA,USA,Toulouse FC,DF,27,186,,,,,,,,,,,,,,,,,,,,,,,,,,,,,,,,FIFA World Cup 2026 roster,Mark McKenzie,moved,DF,us USA,27,1.fr Toulouse,1,1,90,1.0,0,0,0,0,0,0,0,0,Mark McKenzie,0,0,,0.0,0.0,,,1,1,,,,,,,,,,,,
1219,,SCALLY Joe,USA,USA,Borussia Mönchengladbach,DF,23,184,,,,,,,,,,,,,,,,,,,,,,,,,,,,,,,,FIFA World Cup 2026 roster,Joe Scally,moved,DF,us USA,23,1.de Gladbach,2,1,87,1.0,0,0,0,0,0,0,0,0,Joe Scally,0,0,,0.0,0.0,,,1,1,,,,,,,,,,,,
1220,,FREESE Matt,USA,USA,New York City FC,GK,27,198,,,,,,,,,,,,,,,,,,,,,,,,,,,,,,,,FIFA World Cup 2026 roster,Matt Freese,moved,GK,us USA,27,1.us NYCFC,4,4,360,4.0,0,0,0,0,0,0,0,0,Matt Freese,0,0,,0.0,0.0,,,0,0,5.0,1.25,13.0,8.0,61.5,2.0,50.0,0.0,0.0,0.0,0.0,
1223,,YUSUPOV Utkir,UZB,Uzbekistan,PFC Navbahor Namangan,GK,35,185,,,,,,,,,,,,,,,,,,,,,,,,,,,,,,,,FIFA World Cup 2026 roster,Utkir Yusupov,moved,GK,uz Uzbekistan,35,1.uz Navbahor,1,1,90,1.0,0,0,0,0,0,0,0,0,Utkir Yusupov,0,0,,0.0,0.0,,,0,0,3.0,3.0,4.0,1.0,25.0,0.0,0.0,0.0,0.0,0.0,0.0,
1224,,KHUSANOV Abdukodir,UZB,Uzbekistan,Manchester City FC,DF,22,186,,,,,,,,,,,,,,,,,,,,,,,,,,,,,,,,FIFA World Cup 2026 roster,Abdukodir Khusanov,moved,DF,uz Uzbekistan,22,1.eng Manchester City,3,3,270,3.0,0,0,0,0,0,0,2,0,Abdukodir Khusanov,0,0,,0.0,0.0,,,3,5,,,,,,,,,,,,
1225,,ALIJONOV Khojiakbar,UZB,Uzbekistan,Pakhtakor Tashkent FK,DF,29,180,,,,,,,,,,,,,,,,,,,,,,,,,,,,,,,,FIFA World Cup 2026 roster,Khojiakbar Alijonov,moved,MF,uz Uzbekistan,29,1.uz Pakhtakor Tashkent FK,2,1,135,1.5,0,0,0,0,0,0,0,0,Khojiakbar Alijonov,0,0,,0.0,0.0,,,2,5,,,,,,,,,,,,
1226,,SAYFIEV Farrukh,UZB,Uzbekistan,FK Neftchi Farg'ona,DF,35,183,,,,,,,,,,,,,,,,,,,,,,,,,,,,,,,,FIFA World Cup 2026 roster,Farrukh Sayfiev,moved,"DF,MF",uz Uzbekistan,35,1.uz Neftchi FK,1,0,45,0.5,0,0,0,0,0,0,0,0,Farrukh Sayfiev,0,0,,0.0,0.0,,,0,0,,,,,,,,,,,,
1227,,ASHURMATOV Rustam,UZB,Uzbekistan,Esteghlal Tehran FC,DF,29,186,,,,,,,,,,,,,,,,,,,,,,,,,,,,,,,,FIFA World Cup 2026 roster,Rustam Ashurmatov,moved,DF,uz Uzbekistan,29,1.ir Esteghlal,3,3,256,2.8,0,0,0,0,0,0,0,0,Rustam Ashurmatov,0,0,,0.0,0.0,,,2,7,,,,,,,,,,,,
1228,,MOZGOVOY Akmal,UZB,Uzbekistan,Pakhtakor Tashkent FK,MF,27,180,,,,,,,,,,,,,,,,,,,,,,,,,,,,,,,,FIFA World Cup 2026 roster,Akmal Mozgovoy,moved,MF,uz Uzbekistan,27,1.uz Pakhtakor Tashkent FK,3,2,216,2.4,0,1,1,0,0,0,0,0,Akmal Mozgovoy,1,0,0.0,0.42,0.0,0.0,,0,2,,,,,,,,,,,,
1229,,SHUKUROV Otabek,UZB,Uzbekistan,Baniyas Club,MF,29,183,,,,,,,,,,,,,,,,,,,,,,,,,,,,,,,,FIFA World Cup 2026 roster,Otabek Shukurov,moved,MF,uz Uzbekistan,29,1.ae Baniyas FC,3,3,237,2.6,0,0,0,0,0,0,0,0,Otabek Shukurov,2,0,0.0,0.76,0.0,0.0,,2,0,,,,,,,,,,,,
1230,,ISKANDEROV Jamshid,UZB,Uzbekistan,FK Neftchi Farg'ona,MF,32,171,,,,,,,,,,,,,,,,,,,,,,,,,,,,,,,,FIFA World Cup 2026 roster,Jamshid Iskanderov,moved,"FW,MF",uz Uzbekistan,32,1.uz Neftchi FK,1,0,9,0.1,0,0,0,0,0,0,0,0,Jamshid Iskanderov,0,0,,0.0,0.0,,,0,0,,,,,,,,,,,,
1233,,URUNOV Oston,UZB,Uzbekistan,Persepolis FC,MF,25,181,,,,,,,,,,,,,,,,,,,,,,,,,,,,,,,,FIFA World Cup 2026 roster,Oston Urunov,moved,MF,uz Uzbekistan,25,1.ir Persepolis,2,1,63,0.7,0,0,0,0,0,0,0,0,Oston Urunov,0,0,,0.0,0.0,,,0,1,,,,,,,,,,,,
1234,,NEMATOV Abduvohid,UZB,Uzbekistan,Nasaf Qarshi FC,GK,25,182,,,,,,,,,,,,,,,,,,,,,,,,,,,,,,,,FIFA World Cup 2026 roster,Abduvohid Nematov,moved,GK,uz Uzbekistan,25,1.uz FC Nasaf,2,2,180,2.0,0,0,0,0,0,0,0,0,Abduvohid Nematov,0,0,,0.0,0.0,,,0,0,8.0,4.0,13.0,5.0,38.5,0.0,0.0,1.0,1.0,0.0,0.0,0.0
1235,,NASRULLAEV Sherzod,UZB,Uzbekistan,Pakhtakor Tashkent FK,DF,27,183,,,,,,,,,,,,,,,,,,,,,,,,,,,,,,,,FIFA World Cup 2026 roster,Sherzod Nasrullaev,moved,"DF,MF",uz Uzbekistan,27,1.uz FC Nasaf,3,3,180,2.0,0,0,0,0,0,0,1,0,Sherzod Nasrullaev,1,1,100.0,0.5,0.5,0.0,0.0,2,2,,,,,,,,,,,,
1236,,SHOMURODOV Eldor,UZB,Uzbekistan,Başakşehir FK,FW,30,190,,,,,,,,,,,,,,,,,,,,,,,,,,,,,,,,FIFA World Cup 2026 roster,Eldor Shomurodov,moved,FW,uz Uzbekistan,30,1.tr Başakşehir,3,3,269,3.0,1,0,1,1,0,0,0,0,Eldor Shomurodov,4,2,50.0,1.34,0.67,0.25,0.5,4,0,,,,,,,,,,,,
1239,,KHAMDAMOV Dostonbek,UZB,Uzbekistan,Pakhtakor Tashkent FK,MF,29,178,,,,,,,,,,,,,,,,,,,,,,,,,,,,,,,,FIFA World Cup 2026 roster,Dostonbek Khamdamov,moved,MF,uz Uzbekistan,29,1.uz Pakhtakor Tashkent FK,2,1,103,1.1,0,0,0,0,0,0,0,0,Dostonbek Khamdamov,2,0,0.0,1.75,0.0,0.0,,4,2,,,,,,,,,,,,
1240,,ABDULLAEV Abdulla,UZB,Uzbekistan,Dibba FC,DF,28,181,,,,,,,,,,,,,,,,,,,,,,,,,,,,,,,,FIFA World Cup 2026 roster,Abdulla Abdullaev,moved,DF,uz Uzbekistan,28,1.ae Dibba Al Fujairah,2,2,180,2.0,0,0,0,0,0,0,0,0,Abdulla Abdullaev,0,0,,0.0,0.0,,,2,3,,,,,,,,,,,,
1242,,AMONOV Azizbek,UZB,Uzbekistan,FK Dinamo Samarkand,FW,28,181,,,,,,,,,,,,,,,,,,,,,,,,,,,,,,,,FIFA World Cup 2026 roster,Azizbek Amonov,moved,FW,uz Uzbekistan,28,1.uz FK Bukhara Nurafshon,1,0,14,0.2,0,0,0,0,0,0,0,0,Azizbek Amonov,1,0,0.0,6.43,0.0,0.0,,0,0,,,,,,,,,,,,
1243,,SERGEEV Igor,UZB,Uzbekistan,Persepolis FC,FW,33,185,,,,,,,,,,,,,,,,,,,,,,,,,,,,,,,,FIFA World Cup 2026 roster,Igor Sergeev,moved,FW,uz Uzbekistan,33,1.ir Persepolis,3,0,28,0.3,0,0,0,0,0,0,0,0,Igor Sergeev,0,0,,0.0,0.0,,,0,0,,,,,,,,,,,,
1245,,ESANOV Sherzod,UZB,Uzbekistan,FK Buxoro,MF,23,190,,,,,,,,,,,,,,,,,,,,,,,,,,,,,,,,FIFA World Cup 2026 roster,Sherzod Esanov,moved,MF,uz Uzbekistan,23,1.uz FK Bukhara Nurafshon,1,0,1,0.0,0,0,0,0,0,0,0,0,Sherzod Esanov,0,0,,0.0,0.0,,,0,1,,,,,,,,,,,,
1248,,UROZOV Jakhongir,UZB,Uzbekistan,FK Dinamo Samarkand,DF,22,190,,,,,,,,,,,,,,,,,,,,,,,,,,,,,,,,FIFA World Cup 2026 roster,Jakhongir Urozov,moved,DF,uz Uzbekistan,22,1.uz FK Dinamo Samarqand,2,1,95,1.1,0,0,0,0,0,0,0,0,Jakhongir Urozov,0,0,,0.0,0.0,,,0,1,,,,,,,,,,,,
