player_id,fbref_id,player_name,national_team,nationality,club,position,age,height_cm,foot,matches,starts,minutes,90s,goals,assists,yellow_cards,red_cards,shots,shots_on_target,passes_completed,passes_attempted,pass_completion_pct,progressive_passes,key_passes,tackles,tackles_won,interceptions,clearances,blocks,errors,sca,gca,saves,save_percentage,psxg,psxg_plus_minus,sweeper_actions,crosses_stopped,distance_covered,source
1,,MASTIL Melvin,ALG,Algeria,FC Stade Nyonnais,GK,26,194,,,,,,,,,,,,,,,,,,,,,,,,,,,,,,,,FIFA World Cup 2026 roster
2,,MANDI Aissa,ALG,Algeria,Lille OSC,DF,34,184,,,,,,,,,,,,,,,,,,,,,,,,,,,,,,,,FIFA World Cup 2026 roster
3,,ABADA Achref,ALG,Algeria,USM Alger,DF,26,185,,,,,,,,,,,,,,,,,,,,,,,,,,,,,,,,FIFA World Cup 2026 roster
4,,TOUGAI Mohamed Amine,ALG,Algeria,Espérance De Tunisie,DF,26,186,,,,,,,,,,,,,,,,,,,,,,,,,,,,,,,,FIFA World Cup 2026 roster
5,,BELAID Zineddine,ALG,Algeria,JS Kabylie,DF,27,186,,,,,,,,,,,,,,,,,,,,,,,,,,,,,,,,FIFA World Cup 2026 roster
6,,ZERROUKI Ramiz,ALG,Algeria,FC Twente,MF,28,183,,,,,,,,,,,,,,,,,,,,,,,,,,,,,,,,FIFA World Cup 2026 roster
7,,MAHREZ Riyad,ALG,Algeria,Al Ahli FC,FW,35,179,,,,,,,,,,,,,,,,,,,,,,,,,,,,,,,,FIFA World Cup 2026 roster
8,,AOUAR Houssem,ALG,Algeria,Al Ittihad,MF,27,175,,,,,,,,,,,,,,,,,,,,,,,,,,,,,,,,FIFA World Cup 2026 roster
9,,GOUIRI Amine,ALG,Algeria,Olympique Marseille,FW,26,180,,,,,,,,,,,,,,,,,,,,,,,,,,,,,,,,FIFA World Cup 2026 roster
10,,CHAIBI Fares,ALG,Algeria,Eintracht Frankfurt,MF,23,183,,,,,,,,,,,,,,,,,,,,,,,,,,,,,,,,FIFA World Cup 2026 roster
11,,HADJ MOUSSA Anis,ALG,Algeria,Feyenoord Rotterdam,FW,24,176,,,,,,,,,,,,,,,,,,,,,,,,,,,,,,,,FIFA World Cup 2026 roster
12,,BENBOUALI Nadhir,ALG,Algeria,Györi ETO FC,FW,26,190,,,,,,,,,,,,,,,,,,,,,,,,,,,,,,,,FIFA World Cup 2026 roster
13,,HADJAM Jaouen,ALG,Algeria,BSC Young Boys,DF,23,185,,,,,,,,,,,,,,,,,,,,,,,,,,,,,,,,FIFA World Cup 2026 roster
14,,BOUDAOUI Hicham,ALG,Algeria,OGC Nice,MF,26,175,,,,,,,,,,,,,,,,,,,,,,,,,,,,,,,,FIFA World Cup 2026 roster
15,,AIT-NOURI Rayan,ALG,Algeria,Manchester City FC,DF,25,180,,,,,,,,,,,,,,,,,,,,,,,,,,,,,,,,FIFA World Cup 2026 roster
16,,BENBOT Oussama,ALG,Algeria,USM Alger,GK,31,188,,,,,,,,,,,,,,,,,,,,,,,,,,,,,,,,FIFA World Cup 2026 roster
17,,BELGHALI Rafik,ALG,Algeria,Hellas Verona FC,DF,24,180,,,,,,,,,,,,,,,,,,,,,,,,,,,,,,,,FIFA World Cup 2026 roster
18,,AMOURA Mohamed,ALG,Algeria,VfL Wolfsburg,FW,26,170,,,,,,,,,,,,,,,,,,,,,,,,,,,,,,,,FIFA World Cup 2026 roster
19,,BENTALEB Nabil,ALG,Algeria,Lille OSC,MF,31,189,,,,,,,,,,,,,,,,,,,,,,,,,,,,,,,,FIFA World Cup 2026 roster
20,,BOULBINA Adil,ALG,Algeria,Al Duhail SC,FW,23,183,,,,,,,,,,,,,,,,,,,,,,,,,,,,,,,,FIFA World Cup 2026 roster
21,,BENSEBAINI Ramy,ALG,Algeria,Borussia Dortmund,DF,31,187,,,,,,,,,,,,,,,,,,,,,,,,,,,,,,,,FIFA World Cup 2026 roster
22,,MAZA Ibrahim,ALG,Algeria,Bayer 04 Leverkusen,MF,20,180,,,,,,,,,,,,,,,,,,,,,,,,,,,,,,,,FIFA World Cup 2026 roster
23,,ZIDANE Luca,ALG,Algeria,Granada CF,GK,28,183,,,,,,,,,,,,,,,,,,,,,,,,,,,,,,,,FIFA World Cup 2026 roster
24,,TITRAOUI Yassine,ALG,Algeria,Sporting Charleroi,MF,22,180,,,,,,,,,,,,,,,,,,,,,,,,,,,,,,,,FIFA World Cup 2026 roster
25,,GHEDJEMIS Fares,ALG,Algeria,Frosinone,FW,23,183,,,,,,,,,,,,,,,,,,,,,,,,,,,,,,,,FIFA World Cup 2026 roster
26,,CHERGUI Samir,ALG,Algeria,Paris FC,DF,27,185,,,,,,,,,,,,,,,,,,,,,,,,,,,,,,,,FIFA World Cup 2026 roster
27,,MUSSO Juan,ARG,Argentina,Atlético De Madrid,GK,32,193,,,,,,,,,,,,,,,,,,,,,,,,,,,,,,,,FIFA World Cup 2026 roster
28,,BALERDI Leonardo,ARG,Argentina,Olympique Marseille,DF,27,188,,,,,,,,,,,,,,,,,,,,,,,,,,,,,,,,FIFA World Cup 2026 roster
29,,TAGLIAFICO Nicolas,ARG,Argentina,Olympique Lyonnais,DF,33,172,,,,,,,,,,,,,,,,,,,,,,,,,,,,,,,,FIFA World Cup 2026 roster
30,,MONTIEL Gonzalo,ARG,Argentina,CA River Plate,DF,29,175,,,,,,,,,,,,,,,,,,,,,,,,,,,,,,,,FIFA World Cup 2026 roster
31,,PAREDES Leandro,ARG,Argentina,CA Boca Juniors,MF,31,182,,,,,,,,,,,,,,,,,,,,,,,,,,,,,,,,FIFA World Cup 2026 roster
32,,MARTINEZ Lisandro,ARG,Argentina,Manchester United FC,DF,28,175,,,,,,,,,,,,,,,,,,,,,,,,,,,,,,,,FIFA World Cup 2026 roster
33,,DE PAUL Rodrigo,ARG,Argentina,Inter Miami CF,MF,32,178,,,,,,,,,,,,,,,,,,,,,,,,,,,,,,,,FIFA World Cup 2026 roster
34,,BARCO Valentin,ARG,Argentina,RC Strasbourg,MF,21,172,,,,,,,,,,,,,,,,,,,,,,,,,,,,,,,,FIFA World Cup 2026 roster
35,,ALVAREZ Julian,ARG,Argentina,Atlético De Madrid,FW,26,170,,,,,,,,,,,,,,,,,,,,,,,,,,,,,,,,FIFA World Cup 2026 roster
36,,MESSI Lionel,ARG,Argentina,Inter Miami CF,FW,38,170,,,,,,,,,,,,,,,,,,,,,,,,,,,,,,,,FIFA World Cup 2026 roster
37,,LO CELSO Giovani,ARG,Argentina,Real Betis,MF,30,177,,,,,,,,,,,,,,,,,,,,,,,,,,,,,,,,FIFA World Cup 2026 roster
38,,RULLI Geronimo,ARG,Argentina,Olympique Marseille,GK,34,189,,,,,,,,,,,,,,,,,,,,,,,,,,,,,,,,FIFA World Cup 2026 roster
39,,ROMERO Cristian,ARG,Argentina,Tottenham Hotspur FC,DF,28,185,,,,,,,,,,,,,,,,,,,,,,,,,,,,,,,,FIFA World Cup 2026 roster
40,,PALACIOS Exequiel,ARG,Argentina,Bayer 04 Leverkusen,MF,27,177,,,,,,,,,,,,,,,,,,,,,,,,,,,,,,,,FIFA World Cup 2026 roster
41,,GONZALEZ Nico,ARG,Argentina,Atlético De Madrid,MF,28,180,,,,,,,,,,,,,,,,,,,,,,,,,,,,,,,,FIFA World Cup 2026 roster
42,,ALMADA Thiago,ARG,Argentina,Atlético De Madrid,FW,25,171,,,,,,,,,,,,,,,,,,,,,,,,,,,,,,,,FIFA World Cup 2026 roster
43,,SIMEONE Giuliano,ARG,Argentina,Atlético De Madrid,FW,23,174,,,,,,,,,,,,,,,,,,,,,,,,,,,,,,,,FIFA World Cup 2026 roster
44,,PAZ Nico,ARG,Argentina,Como,FW,21,185,,,,,,,,,,,,,,,,,,,,,,,,,,,,,,,,FIFA World Cup 2026 roster
45,,OTAMENDI Nicolas,ARG,Argentina,SL Benfica,DF,38,182,,,,,,,,,,,,,,,,,,,,,,,,,,,,,,,,FIFA World Cup 2026 roster
46,,MAC ALLISTER Alexis,ARG,Argentina,Liverpool FC,MF,27,176,,,,,,,,,,,,,,,,,,,,,,,,,,,,,,,,FIFA World Cup 2026 roster
47,,LOPEZ Jose Manuel,ARG,Argentina,SE Palmeiras,FW,25,190,,,,,,,,,,,,,,,,,,,,,,,,,,,,,,,,FIFA World Cup 2026 roster
48,,MARTINEZ Lautaro,ARG,Argentina,FC Internazionale Milano,FW,28,175,,,,,,,,,,,,,,,,,,,,,,,,,,,,,,,,FIFA World Cup 2026 roster
49,,MARTINEZ Emiliano,ARG,Argentina,Aston Villa FC,GK,33,195,,,,,,,,,,,,,,,,,,,,,,,,,,,,,,,,FIFA World Cup 2026 roster
50,,FERNANDEZ Enzo,ARG,Argentina,Chelsea FC,MF,25,178,,,,,,,,,,,,,,,,,,,,,,,,,,,,,,,,FIFA World Cup 2026 roster
51,,MEDINA Facundo,ARG,Argentina,Olympique Marseille,DF,27,184,,,,,,,,,,,,,,,,,,,,,,,,,,,,,,,,FIFA World Cup 2026 roster
52,,MOLINA Nahuel,ARG,Argentina,Atlético De Madrid,DF,28,179,,,,,,,,,,,,,,,,,,,,,,,,,,,,,,,,FIFA World Cup 2026 roster
53,,RYAN Mathew,AUS,Australia,Levante UD,GK,34,184,,,,,,,,,,,,,,,,,,,,,,,,,,,,,,,,FIFA World Cup 2026 roster
54,,DEGENEK Milos,AUS,Australia,APOEL FC,DF,32,187,,,,,,,,,,,,,,,,,,,,,,,,,,,,,,,,FIFA World Cup 2026 roster
55,,CIRCATI Alessandro,AUS,Australia,Parma,DF,22,191,,,,,,,,,,,,,,,,,,,,,,,,,,,,,,,,FIFA World Cup 2026 roster
56,,ITALIANO Jacob,AUS,Australia,Grazer AK,DF,24,177,,,,,,,,,,,,,,,,,,,,,,,,,,,,,,,,FIFA World Cup 2026 roster
57,,BOS Jordan,AUS,Australia,Feyenoord Rotterdam,DF,23,180,,,,,,,,,,,,,,,,,,,,,,,,,,,,,,,,FIFA World Cup 2026 roster
58,,GERIA Jason,AUS,Australia,Albirex Niigata,DF,33,181,,,,,,,,,,,,,,,,,,,,,,,,,,,,,,,,FIFA World Cup 2026 roster
59,,LECKIE Mathew,AUS,Australia,Melbourne City FC,FW,35,181,,,,,,,,,,,,,,,,,,,,,,,,,,,,,,,,FIFA World Cup 2026 roster
60,,METCALFE Connor,AUS,Australia,FC St. Pauli,MF,26,183,,,,,,,,,,,,,,,,,,,,,,,,,,,,,,,,FIFA World Cup 2026 roster
61,,TOURE Mohamed,AUS,Australia,Norwich City FC,FW,22,186,,,,,,,,,,,,,,,,,,,,,,,,,,,,,,,,FIFA World Cup 2026 roster
62,,HRUSTIC Ajdin,AUS,Australia,SC Heracles Almelo,FW,29,180,,,,,,,,,,,,,,,,,,,,,,,,,,,,,,,,FIFA World Cup 2026 roster
63,,MABIL Awer,AUS,Australia,CD Castellón,FW,30,178,,,,,,,,,,,,,,,,,,,,,,,,,,,,,,,,FIFA World Cup 2026 roster
64,,IZZO Paul,AUS,Australia,Randers FC,GK,31,184,,,,,,,,,,,,,,,,,,,,,,,,,,,,,,,,FIFA World Cup 2026 roster
65,,ONEILL Aiden,AUS,Australia,New York City FC,MF,27,180,,,,,,,,,,,,,,,,,,,,,,,,,,,,,,,,FIFA World Cup 2026 roster
66,,DEVLIN Cameron,AUS,Australia,Heart Of Midlothian FC,MF,28,170,,,,,,,,,,,,,,,,,,,,,,,,,,,,,,,,FIFA World Cup 2026 roster
67,,TREWIN Kai,AUS,Australia,New York City FC,DF,25,183,,,,,,,,,,,,,,,,,,,,,,,,,,,,,,,,FIFA World Cup 2026 roster
68,,BEHICH Aziz,AUS,Australia,Melbourne City FC,DF,35,170,,,,,,,,,,,,,,,,,,,,,,,,,,,,,,,,FIFA World Cup 2026 roster
69,,IRANKUNDA Nestory,AUS,Australia,Watford FC,FW,20,165,,,,,,,,,,,,,,,,,,,,,,,,,,,,,,,,FIFA World Cup 2026 roster
70,,BEACH Patrick,AUS,Australia,Melbourne City FC,GK,22,189,,,,,,,,,,,,,,,,,,,,,,,,,,,,,,,,FIFA World Cup 2026 roster
71,,SOUTTAR Harry,AUS,Australia,Leicester City FC,DF,27,198,,,,,,,,,,,,,,,,,,,,,,,,,,,,,,,,FIFA World Cup 2026 roster
72,,VOLPATO Cristian,AUS,Australia,US Sassuolo,FW,22,187,,,,,,,,,,,,,,,,,,,,,,,,,,,,,,,,FIFA World Cup 2026 roster
73,,BURGESS Cameron,AUS,Australia,Swansea City AFC,DF,30,194,,,,,,,,,,,,,,,,,,,,,,,,,,,,,,,,FIFA World Cup 2026 roster
74,,IRVINE Jackson,AUS,Australia,FC St. Pauli,MF,33,189,,,,,,,,,,,,,,,,,,,,,,,,,,,,,,,,FIFA World Cup 2026 roster
75,,VELUPILLAY Nishan,AUS,Australia,Melbourne Victory FC,FW,25,181,,,,,,,,,,,,,,,,,,,,,,,,,,,,,,,,FIFA World Cup 2026 roster
76,,OKON-ENGSTLER Paul,AUS,Australia,Sydney FC,MF,21,185,,,,,,,,,,,,,,,,,,,,,,,,,,,,,,,,FIFA World Cup 2026 roster
77,,HERRINGTON Lucas,AUS,Australia,Colorado Rapids,DF,18,193,,,,,,,,,,,,,,,,,,,,,,,,,,,,,,,,FIFA World Cup 2026 roster
78,,YENGI Tete,AUS,Australia,FC Machida Zelvia,FW,25,197,,,,,,,,,,,,,,,,,,,,,,,,,,,,,,,,FIFA World Cup 2026 roster
79,,SCHLAGER Alexander,AUT,Austria,FC Red Bull Salzburg,GK,30,188,,,,,,,,,,,,,,,,,,,,,,,,,,,,,,,,FIFA World Cup 2026 roster
80,,AFFENGRUBER David,AUT,Austria,Elche CF,DF,25,185,,,,,,,,,,,,,,,,,,,,,,,,,,,,,,,,FIFA World Cup 2026 roster
81,,DANSO Kevin,AUT,Austria,Tottenham Hotspur FC,DF,27,190,,,,,,,,,,,,,,,,,,,,,,,,,,,,,,,,FIFA World Cup 2026 roster
82,,SCHLAGER Xaver,AUT,Austria,RB Leipzig,MF,28,174,,,,,,,,,,,,,,,,,,,,,,,,,,,,,,,,FIFA World Cup 2026 roster
83,,POSCH Stefan,AUT,Austria,1. FSV Mainz 05,DF,29,188,,,,,,,,,,,,,,,,,,,,,,,,,,,,,,,,FIFA World Cup 2026 roster
84,,SEIWALD Nicolas,AUT,Austria,RB Leipzig,MF,25,179,,,,,,,,,,,,,,,,,,,,,,,,,,,,,,,,FIFA World Cup 2026 roster
85,,ARNAUTOVIC Marko,AUT,Austria,FK Crvena Zvezda,FW,37,192,,,,,,,,,,,,,,,,,,,,,,,,,,,,,,,,FIFA World Cup 2026 roster
86,,ALABA David,AUT,Austria,Real Madrid C. F.,DF,33,180,,,,,,,,,,,,,,,,,,,,,,,,,,,,,,,,FIFA World Cup 2026 roster
87,,SABITZER Marcel,AUT,Austria,Borussia Dortmund,MF,32,178,,,,,,,,,,,,,,,,,,,,,,,,,,,,,,,,FIFA World Cup 2026 roster
88,,GRILLITSCH Florian,AUT,Austria,SC Braga,MF,30,186,,,,,,,,,,,,,,,,,,,,,,,,,,,,,,,,FIFA World Cup 2026 roster
89,,GREGORITSCH Michael,AUT,Austria,FC Augsburg,FW,32,193,,,,,,,,,,,,,,,,,,,,,,,,,,,,,,,,FIFA World Cup 2026 roster
90,,WIEGELE Florian,AUT,Austria,FC Viktoria Plzeň,GK,25,205,,,,,,,,,,,,,,,,,,,,,,,,,,,,,,,,FIFA World Cup 2026 roster
91,,PENTZ Patrick,AUT,Austria,Brøndby IF,GK,29,183,,,,,,,,,,,,,,,,,,,,,,,,,,,,,,,,FIFA World Cup 2026 roster
92,,KALAJDZIC Sasa,AUT,Austria,LASK Linz,FW,28,200,,,,,,,,,,,,,,,,,,,,,,,,,,,,,,,,FIFA World Cup 2026 roster
93,,LIENHART Philipp,AUT,Austria,SC Freiburg,DF,29,189,,,,,,,,,,,,,,,,,,,,,,,,,,,,,,,,FIFA World Cup 2026 roster
94,,MWENE Phillip,AUT,Austria,1. FSV Mainz 05,DF,32,170,,,,,,,,,,,,,,,,,,,,,,,,,,,,,,,,FIFA World Cup 2026 roster
95,,CHUKWUEMEKA Carney,AUT,Austria,Borussia Dortmund,MF,22,187,,,,,,,,,,,,,,,,,,,,,,,,,,,,,,,,FIFA World Cup 2026 roster
96,,SCHMID Romano,AUT,Austria,SV Werder Bremen,MF,26,168,,,,,,,,,,,,,,,,,,,,,,,,,,,,,,,,FIFA World Cup 2026 roster
97,,BAUMGARTNER Christoph,AUT,Austria,RB Leipzig,MF,26,180,,,,,,,,,,,,,,,,,,,,,,,,,,,,,,,,FIFA World Cup 2026 roster
98,,LAIMER Konrad,AUT,Austria,FC Bayern München,MF,29,180,,,,,,,,,,,,,,,,,,,,,,,,,,,,,,,,FIFA World Cup 2026 roster
99,,WIMMER Patrick,AUT,Austria,VfL Wolfsburg,FW,25,182,,,,,,,,,,,,,,,,,,,,,,,,,,,,,,,,FIFA World Cup 2026 roster
100,,PRASS Alexander,AUT,Austria,TSG Hoffenheim,MF,25,180,,,,,,,,,,,,,,,,,,,,,,,,,,,,,,,,FIFA World Cup 2026 roster
101,,FRIEDL Marco,AUT,Austria,SV Werder Bremen,DF,28,187,,,,,,,,,,,,,,,,,,,,,,,,,,,,,,,,FIFA World Cup 2026 roster
102,,WANNER Paul,AUT,Austria,PSV Eindhoven,MF,20,185,,,,,,,,,,,,,,,,,,,,,,,,,,,,,,,,FIFA World Cup 2026 roster
103,,SVOBODA Michael,AUT,Austria,Venezia FC,DF,27,195,,,,,,,,,,,,,,,,,,,,,,,,,,,,,,,,FIFA World Cup 2026 roster
104,,SCHOEPF Alessandro,AUT,Austria,Wolfsberger AC,MF,32,178,,,,,,,,,,,,,,,,,,,,,,,,,,,,,,,,FIFA World Cup 2026 roster
105,,COURTOIS Thibaut,BEL,Belgium,Real Madrid C. F.,GK,34,199,,,,,,,,,,,,,,,,,,,,,,,,,,,,,,,,FIFA World Cup 2026 roster
106,,DEBAST Zeno,BEL,Belgium,Sporting CP,DF,22,189,,,,,,,,,,,,,,,,,,,,,,,,,,,,,,,,FIFA World Cup 2026 roster
107,,THEATE Arthur,BEL,Belgium,Eintracht Frankfurt,DF,26,185,,,,,,,,,,,,,,,,,,,,,,,,,,,,,,,,FIFA World Cup 2026 roster
108,,MECHELE Brandon,BEL,Belgium,Club Brugge,DF,33,190,,,,,,,,,,,,,,,,,,,,,,,,,,,,,,,,FIFA World Cup 2026 roster
109,,DE CUYPER Maxim,BEL,Belgium,Brighton & Hove Albion FC,DF,25,182,,,,,,,,,,,,,,,,,,,,,,,,,,,,,,,,FIFA World Cup 2026 roster
110,,WITSEL Axel,BEL,Belgium,Girona FC,MF,37,186,,,,,,,,,,,,,,,,,,,,,,,,,,,,,,,,FIFA World Cup 2026 roster
111,,DE BRUYNE Kevin,BEL,Belgium,SSC Napoli,MF,34,181,,,,,,,,,,,,,,,,,,,,,,,,,,,,,,,,FIFA World Cup 2026 roster
112,,TIELEMANS Youri,BEL,Belgium,Aston Villa FC,MF,29,176,,,,,,,,,,,,,,,,,,,,,,,,,,,,,,,,FIFA World Cup 2026 roster
113,,LUKAKU Romelu,BEL,Belgium,SSC Napoli,FW,33,190,,,,,,,,,,,,,,,,,,,,,,,,,,,,,,,,FIFA World Cup 2026 roster
114,,TROSSARD Leandro,BEL,Belgium,Arsenal FC,FW,31,172,,,,,,,,,,,,,,,,,,,,,,,,,,,,,,,,FIFA World Cup 2026 roster
115,,DOKU Jeremy,BEL,Belgium,Manchester City FC,FW,24,173,,,,,,,,,,,,,,,,,,,,,,,,,,,,,,,,FIFA World Cup 2026 roster
116,,LAMMENS Senne,BEL,Belgium,Manchester United FC,GK,23,193,,,,,,,,,,,,,,,,,,,,,,,,,,,,,,,,FIFA World Cup 2026 roster
117,,PENDERS Mike,BEL,Belgium,RC Strasbourg,GK,20,200,,,,,,,,,,,,,,,,,,,,,,,,,,,,,,,,FIFA World Cup 2026 roster
118,,LUKEBAKIO Dodi,BEL,Belgium,SL Benfica,FW,28,184,,,,,,,,,,,,,,,,,,,,,,,,,,,,,,,,FIFA World Cup 2026 roster
119,,MEUNIER Thomas,BEL,Belgium,Lille OSC,DF,34,190,,,,,,,,,,,,,,,,,,,,,,,,,,,,,,,,FIFA World Cup 2026 roster
120,,DE WINTER Koni,BEL,Belgium,AC Milan,DF,23,191,,,,,,,,,,,,,,,,,,,,,,,,,,,,,,,,FIFA World Cup 2026 roster
121,,DE KETELAERE Charles,BEL,Belgium,Atalanta Bergamo,FW,25,192,,,,,,,,,,,,,,,,,,,,,,,,,,,,,,,,FIFA World Cup 2026 roster
122,,SEYS Joaquin,BEL,Belgium,Club Brugge,DF,21,178,,,,,,,,,,,,,,,,,,,,,,,,,,,,,,,,FIFA World Cup 2026 roster
123,,MOREIRA Diego,BEL,Belgium,RC Strasbourg,MF,21,179,,,,,,,,,,,,,,,,,,,,,,,,,,,,,,,,FIFA World Cup 2026 roster
124,,VANAKEN Hans,BEL,Belgium,Club Brugge,MF,33,195,,,,,,,,,,,,,,,,,,,,,,,,,,,,,,,,FIFA World Cup 2026 roster
125,,CASTAGNE Timothy,BEL,Belgium,Fulham FC,DF,30,185,,,,,,,,,,,,,,,,,,,,,,,,,,,,,,,,FIFA World Cup 2026 roster
126,,SAELEMAEKERS Alexis,BEL,Belgium,AC Milan,MF,26,180,,,,,,,,,,,,,,,,,,,,,,,,,,,,,,,,FIFA World Cup 2026 roster
127,,RASKIN Nicolas,BEL,Belgium,Rangers FC,MF,25,178,,,,,,,,,,,,,,,,,,,,,,,,,,,,,,,,FIFA World Cup 2026 roster
128,,ONANA Amadou,BEL,Belgium,Aston Villa FC,MF,24,192,,,,,,,,,,,,,,,,,,,,,,,,,,,,,,,,FIFA World Cup 2026 roster
129,,NGOY Nathan,BEL,Belgium,Lille OSC,DF,23,183,,,,,,,,,,,,,,,,,,,,,,,,,,,,,,,,FIFA World Cup 2026 roster
130,,FERNANDEZ-PARDO Matias,BEL,Belgium,Lille OSC,FW,21,188,,,,,,,,,,,,,,,,,,,,,,,,,,,,,,,,FIFA World Cup 2026 roster
131,,VASILJ Nikola,BIH,Bosnia And Herzegovina,FC St. Pauli,GK,30,193,,,,,,,,,,,,,,,,,,,,,,,,,,,,,,,,FIFA World Cup 2026 roster
132,,MUJAKIC Nihad,BIH,Bosnia And Herzegovina,Gaziantep FK,DF,28,189,,,,,,,,,,,,,,,,,,,,,,,,,,,,,,,,FIFA World Cup 2026 roster
133,,HADZIKADUNIC Dennis,BIH,Bosnia And Herzegovina,UC Sampdoria,DF,27,191,,,,,,,,,,,,,,,,,,,,,,,,,,,,,,,,FIFA World Cup 2026 roster
134,,MUHAREMOVIC Tarik,BIH,Bosnia And Herzegovina,US Sassuolo,DF,23,192,,,,,,,,,,,,,,,,,,,,,,,,,,,,,,,,FIFA World Cup 2026 roster
135,,KOLASINAC Sead,BIH,Bosnia And Herzegovina,Atalanta Bergamo,DF,32,183,,,,,,,,,,,,,,,,,,,,,,,,,,,,,,,,FIFA World Cup 2026 roster
136,,TAHIROVIC Benjamin,BIH,Bosnia And Herzegovina,Brøndby IF,MF,23,191,,,,,,,,,,,,,,,,,,,,,,,,,,,,,,,,FIFA World Cup 2026 roster
137,,DEDIC Amar,BIH,Bosnia And Herzegovina,SL Benfica,DF,23,180,,,,,,,,,,,,,,,,,,,,,,,,,,,,,,,,FIFA World Cup 2026 roster
138,,GIGOVIC Armin,BIH,Bosnia And Herzegovina,BSC Young Boys,MF,24,187,,,,,,,,,,,,,,,,,,,,,,,,,,,,,,,,FIFA World Cup 2026 roster
139,,BAZDAR Samed,BIH,Bosnia And Herzegovina,Jagiellonia Białystok,FW,22,189,,,,,,,,,,,,,,,,,,,,,,,,,,,,,,,,FIFA World Cup 2026 roster
140,,DEMIROVIC Ermedin,BIH,Bosnia And Herzegovina,VfB Stuttgart,FW,28,185,,,,,,,,,,,,,,,,,,,,,,,,,,,,,,,,FIFA World Cup 2026 roster
141,,DZEKO Edin,BIH,Bosnia And Herzegovina,FC Schalke 04,FW,40,192,,,,,,,,,,,,,,,,,,,,,,,,,,,,,,,,FIFA World Cup 2026 roster
142,,JURKAS Mladen,BIH,Bosnia And Herzegovina,FK Borac Banja Luka,GK,18,193,,,,,,,,,,,,,,,,,,,,,,,,,,,,,,,,FIFA World Cup 2026 roster
143,,BASIC Ivan,BIH,Bosnia And Herzegovina,FC Astana,MF,24,178,,,,,,,,,,,,,,,,,,,,,,,,,,,,,,,,FIFA World Cup 2026 roster
144,,SUNJIC Ivan,BIH,Bosnia And Herzegovina,Pafos FC,MF,29,183,,,,,,,,,,,,,,,,,,,,,,,,,,,,,,,,FIFA World Cup 2026 roster
145,,MEMIC Amar,BIH,Bosnia And Herzegovina,FC Viktoria Plzeň,MF,25,176,,,,,,,,,,,,,,,,,,,,,,,,,,,,,,,,FIFA World Cup 2026 roster
146,,HADZIAHMETOVIC Amir,BIH,Bosnia And Herzegovina,Hull City FC,MF,29,179,,,,,,,,,,,,,,,,,,,,,,,,,,,,,,,,FIFA World Cup 2026 roster
147,,BURNIC Dzenis,BIH,Bosnia And Herzegovina,Karlsruher SC,MF,28,182,,,,,,,,,,,,,,,,,,,,,,,,,,,,,,,,FIFA World Cup 2026 roster
148,,KATIC Nikola,BIH,Bosnia And Herzegovina,FC Schalke 04,DF,29,194,,,,,,,,,,,,,,,,,,,,,,,,,,,,,,,,FIFA World Cup 2026 roster
149,,ALAJBEGOVIC Kerim,BIH,Bosnia And Herzegovina,FC Red Bull Salzburg,FW,18,186,,,,,,,,,,,,,,,,,,,,,,,,,,,,,,,,FIFA World Cup 2026 roster
150,,BAJRAKTAREVIC Esmir,BIH,Bosnia And Herzegovina,PSV Eindhoven,FW,21,175,,,,,,,,,,,,,,,,,,,,,,,,,,,,,,,,FIFA World Cup 2026 roster
151,,RADELJIC Stjepan,BIH,Bosnia And Herzegovina,HNK Rijeka,DF,28,201,,,,,,,,,,,,,,,,,,,,,,,,,,,,,,,,FIFA World Cup 2026 roster
152,,ZLOMISLIC Martin,BIH,Bosnia And Herzegovina,HNK Rijeka,GK,27,189,,,,,,,,,,,,,,,,,,,,,,,,,,,,,,,,FIFA World Cup 2026 roster
153,,TABAKOVIC Haris,BIH,Bosnia And Herzegovina,Borussia Mönchengladbach,FW,31,196,,,,,,,,,,,,,,,,,,,,,,,,,,,,,,,,FIFA World Cup 2026 roster
154,,CELIK Nidal,BIH,Bosnia And Herzegovina,RC Lens,DF,19,192,,,,,,,,,,,,,,,,,,,,,,,,,,,,,,,,FIFA World Cup 2026 roster
155,,LUKIC Jovo,BIH,Bosnia And Herzegovina,Universitatea Cluj,FW,27,190,,,,,,,,,,,,,,,,,,,,,,,,,,,,,,,,FIFA World Cup 2026 roster
156,,MAHMIC Ermin,BIH,Bosnia And Herzegovina,FC Slovan Liberec,MF,21,182,,,,,,,,,,,,,,,,,,,,,,,,,,,,,,,,FIFA World Cup 2026 roster
157,,ALISSON,BRA,Brazil,Liverpool FC,GK,33,193,,,,,,,,,,,,,,,,,,,,,,,,,,,,,,,,FIFA World Cup 2026 roster
158,,EDERSON SILVA,BRA,Brazil,Atalanta Bergamo,MF,26,184,,,,,,,,,,,,,,,,,,,,,,,,,,,,,,,,FIFA World Cup 2026 roster
159,,GABRIEL MAGALHAES,BRA,Brazil,Arsenal FC,DF,28,190,,,,,,,,,,,,,,,,,,,,,,,,,,,,,,,,FIFA World Cup 2026 roster
160,,MARQUINHOS,BRA,Brazil,Paris Saint-Germain,DF,32,183,,,,,,,,,,,,,,,,,,,,,,,,,,,,,,,,FIFA World Cup 2026 roster
161,,CASEMIRO,BRA,Brazil,Manchester United FC,MF,34,185,,,,,,,,,,,,,,,,,,,,,,,,,,,,,,,,FIFA World Cup 2026 roster
162,,ALEX SANDRO,BRA,Brazil,CR Flamengo,DF,35,180,,,,,,,,,,,,,,,,,,,,,,,,,,,,,,,,FIFA World Cup 2026 roster
163,,VINICIUS JUNIOR,BRA,Brazil,Real Madrid C. F.,FW,25,176,,,,,,,,,,,,,,,,,,,,,,,,,,,,,,,,FIFA World Cup 2026 roster
164,,BRUNO GUIMARAES,BRA,Brazil,Newcastle United FC,MF,28,182,,,,,,,,,,,,,,,,,,,,,,,,,,,,,,,,FIFA World Cup 2026 roster
165,,MATHEUS CUNHA,BRA,Brazil,Manchester United FC,FW,27,183,,,,,,,,,,,,,,,,,,,,,,,,,,,,,,,,FIFA World Cup 2026 roster
166,,NEYMAR JR,BRA,Brazil,Santos FC,FW,34,175,,,,,,,,,,,,,,,,,,,,,,,,,,,,,,,,FIFA World Cup 2026 roster
167,,RAPHINHA,BRA,Brazil,FC Barcelona,FW,29,176,,,,,,,,,,,,,,,,,,,,,,,,,,,,,,,,FIFA World Cup 2026 roster
168,,WEVERTON,BRA,Brazil,Grêmio FBPA,GK,38,189,,,,,,,,,,,,,,,,,,,,,,,,,,,,,,,,FIFA World Cup 2026 roster
169,,DANILO,BRA,Brazil,CR Flamengo,DF,34,184,,,,,,,,,,,,,,,,,,,,,,,,,,,,,,,,FIFA World Cup 2026 roster
170,,BREMER,BRA,Brazil,Juventus FC,DF,29,188,,,,,,,,,,,,,,,,,,,,,,,,,,,,,,,,FIFA World Cup 2026 roster
171,,LEO PEREIRA,BRA,Brazil,CR Flamengo,DF,30,189,,,,,,,,,,,,,,,,,,,,,,,,,,,,,,,,FIFA World Cup 2026 roster
172,,DOUGLAS SANTOS,BRA,Brazil,FC Zenit St. Petersburg,DF,32,173,,,,,,,,,,,,,,,,,,,,,,,,,,,,,,,,FIFA World Cup 2026 roster
173,,FABINHO,BRA,Brazil,Al Ittihad,MF,32,188,,,,,,,,,,,,,,,,,,,,,,,,,,,,,,,,FIFA World Cup 2026 roster
174,,DANILO SANTOS,BRA,Brazil,Botafogo,MF,25,177,,,,,,,,,,,,,,,,,,,,,,,,,,,,,,,,FIFA World Cup 2026 roster
175,,ENDRICK,BRA,Brazil,Olympique Lyonnais,FW,19,172,,,,,,,,,,,,,,,,,,,,,,,,,,,,,,,,FIFA World Cup 2026 roster
176,,LUCAS PAQUETA,BRA,Brazil,CR Flamengo,MF,28,183,,,,,,,,,,,,,,,,,,,,,,,,,,,,,,,,FIFA World Cup 2026 roster
177,,LUIZ HENRIQUE,BRA,Brazil,FC Zenit St. Petersburg,FW,25,182,,,,,,,,,,,,,,,,,,,,,,,,,,,,,,,,FIFA World Cup 2026 roster
178,,GABRIEL MARTINELLI,BRA,Brazil,Arsenal FC,FW,24,178,,,,,,,,,,,,,,,,,,,,,,,,,,,,,,,,FIFA World Cup 2026 roster
179,,EDERSON,BRA,Brazil,Fenerbahçe SK,GK,32,188,,,,,,,,,,,,,,,,,,,,,,,,,,,,,,,,FIFA World Cup 2026 roster
180,,ROGER IBANEZ,BRA,Brazil,Al Ahli FC,DF,27,186,,,,,,,,,,,,,,,,,,,,,,,,,,,,,,,,FIFA World Cup 2026 roster
181,,IGOR THIAGO,BRA,Brazil,Brentford FC,FW,24,190,,,,,,,,,,,,,,,,,,,,,,,,,,,,,,,,FIFA World Cup 2026 roster
182,,RAYAN,BRA,Brazil,AFC Bournemouth,FW,19,187,,,,,,,,,,,,,,,,,,,,,,,,,,,,,,,,FIFA World Cup 2026 roster
183,,VOZINHA,CPV,Cabo Verde,GD Chaves,GK,40,189,,,,,,,,,,,,,,,,,,,,,,,,,,,,,,,,FIFA World Cup 2026 roster
184,,STOPIRA,CPV,Cabo Verde,SCU Torreense,DF,38,178,,,,,,,,,,,,,,,,,,,,,,,,,,,,,,,,FIFA World Cup 2026 roster
185,,DINEY BORGES,CPV,Cabo Verde,Al Bataeh Club,DF,31,185,,,,,,,,,,,,,,,,,,,,,,,,,,,,,,,,FIFA World Cup 2026 roster
186,,PICO LOPES,CPV,Cabo Verde,Shamrock Rovers FC,DF,33,186,,,,,,,,,,,,,,,,,,,,,,,,,,,,,,,,FIFA World Cup 2026 roster
187,,LOGAN COSTA,CPV,Cabo Verde,Villarreal CF,DF,25,190,,,,,,,,,,,,,,,,,,,,,,,,,,,,,,,,FIFA World Cup 2026 roster
188,,KEVIN PINA,CPV,Cabo Verde,FC Krasnodar,MF,29,177,,,,,,,,,,,,,,,,,,,,,,,,,,,,,,,,FIFA World Cup 2026 roster
189,,JOVANE CABRAL,CPV,Cabo Verde,CF Estrela Da Amadora,MF,27,174,,,,,,,,,,,,,,,,,,,,,,,,,,,,,,,,FIFA World Cup 2026 roster
190,,JOAO PAULO,CPV,Cabo Verde,FC FCSB,MF,28,180,,,,,,,,,,,,,,,,,,,,,,,,,,,,,,,,FIFA World Cup 2026 roster
191,,GILSON BENCHIMOL,CPV,Cabo Verde,FC Akron Tolyatti,FW,24,187,,,,,,,,,,,,,,,,,,,,,,,,,,,,,,,,FIFA World Cup 2026 roster
192,,JAMIRO MONTEIRO,CPV,Cabo Verde,PEC Zwolle,MF,32,175,,,,,,,,,,,,,,,,,,,,,,,,,,,,,,,,FIFA World Cup 2026 roster
193,,GARRY RODRIGUES,CPV,Cabo Verde,Apollon Limassol,MF,35,173,,,,,,,,,,,,,,,,,,,,,,,,,,,,,,,,FIFA World Cup 2026 roster
194,,MARCIO ROSA,CPV,Cabo Verde,PFC Montana,GK,29,186,,,,,,,,,,,,,,,,,,,,,,,,,,,,,,,,FIFA World Cup 2026 roster
195,,SIDNY LOPES CABRAL,CPV,Cabo Verde,SL Benfica,DF,23,176,,,,,,,,,,,,,,,,,,,,,,,,,,,,,,,,FIFA World Cup 2026 roster
196,,DEROY DUARTE,CPV,Cabo Verde,PFC Ludogorets Razgrad,MF,26,177,,,,,,,,,,,,,,,,,,,,,,,,,,,,,,,,FIFA World Cup 2026 roster
197,,LAROS DUARTE,CPV,Cabo Verde,Puskás Akadémia FC,MF,29,180,,,,,,,,,,,,,,,,,,,,,,,,,,,,,,,,FIFA World Cup 2026 roster
198,,YANNICK SEMEDO,CPV,Cabo Verde,SC Farense,MF,30,176,,,,,,,,,,,,,,,,,,,,,,,,,,,,,,,,FIFA World Cup 2026 roster
199,,WILLY SEMEDO,CPV,Cabo Verde,AC Omonia,MF,32,185,,,,,,,,,,,,,,,,,,,,,,,,,,,,,,,,FIFA World Cup 2026 roster
200,,TELMO ARCANJO,CPV,Cabo Verde,Vitória SC,MF,24,180,,,,,,,,,,,,,,,,,,,,,,,,,,,,,,,,FIFA World Cup 2026 roster
201,,DAILON LIVRAMENTO,CPV,Cabo Verde,Casa Pia AC,FW,25,185,,,,,,,,,,,,,,,,,,,,,,,,,,,,,,,,FIFA World Cup 2026 roster
202,,RYAN MENDES,CPV,Cabo Verde,Iğdır FK,FW,36,178,,,,,,,,,,,,,,,,,,,,,,,,,,,,,,,,FIFA World Cup 2026 roster
203,,NUNO DA COSTA,CPV,Cabo Verde,Başakşehir FK,MF,35,182,,,,,,,,,,,,,,,,,,,,,,,,,,,,,,,,FIFA World Cup 2026 roster
204,,STEVEN MOREIRA,CPV,Cabo Verde,Columbus Crew,DF,31,178,,,,,,,,,,,,,,,,,,,,,,,,,,,,,,,,FIFA World Cup 2026 roster
205,,CJ DOS SANTOS,CPV,Cabo Verde,San Diego FC,GK,25,189,,,,,,,,,,,,,,,,,,,,,,,,,,,,,,,,FIFA World Cup 2026 roster
206,,WAGNER PINA,CPV,Cabo Verde,Trabzonspor,DF,23,180,,,,,,,,,,,,,,,,,,,,,,,,,,,,,,,,FIFA World Cup 2026 roster
207,,KELVIN PIRES,CPV,Cabo Verde,SJK,DF,26,193,,,,,,,,,,,,,,,,,,,,,,,,,,,,,,,,FIFA World Cup 2026 roster
208,,HELIO VARELA,CPV,Cabo Verde,Maccabi Tel-Aviv FC,MF,24,176,,,,,,,,,,,,,,,,,,,,,,,,,,,,,,,,FIFA World Cup 2026 roster
209,,ST. CLAIR Dayne,CAN,Canada,Inter Miami CF,GK,29,191,,,,,,,,,,,,,,,,,,,,,,,,,,,,,,,,FIFA World Cup 2026 roster
210,,JOHNSTON Alistair,CAN,Canada,Celtic FC,DF,27,180,,,,,,,,,,,,,,,,,,,,,,,,,,,,,,,,FIFA World Cup 2026 roster
211,,JONES Alfie,CAN,Canada,Middlesbrough FC,DF,28,191,,,,,,,,,,,,,,,,,,,,,,,,,,,,,,,,FIFA World Cup 2026 roster
212,,DE FOUGEROLLES Luc,CAN,Canada,FCV Dender EH,DF,20,183,,,,,,,,,,,,,,,,,,,,,,,,,,,,,,,,FIFA World Cup 2026 roster
213,,WATERMAN Joel,CAN,Canada,Chicago Fire FC,DF,30,185,,,,,,,,,,,,,,,,,,,,,,,,,,,,,,,,FIFA World Cup 2026 roster
214,,CHOINIERE Mathieu,CAN,Canada,LAFC,MF,27,173,,,,,,,,,,,,,,,,,,,,,,,,,,,,,,,,FIFA World Cup 2026 roster
215,,EUSTAQUIO Stephen,CAN,Canada,LAFC,MF,29,175,,,,,,,,,,,,,,,,,,,,,,,,,,,,,,,,FIFA World Cup 2026 roster
216,,KONE Ismael,CAN,Canada,US Sassuolo,MF,23,188,,,,,,,,,,,,,,,,,,,,,,,,,,,,,,,,FIFA World Cup 2026 roster
217,,LARIN Cyle,CAN,Canada,Southampton FC,FW,31,188,,,,,,,,,,,,,,,,,,,,,,,,,,,,,,,,FIFA World Cup 2026 roster
218,,DAVID Jonathan,CAN,Canada,Juventus FC,FW,26,175,,,,,,,,,,,,,,,,,,,,,,,,,,,,,,,,FIFA World Cup 2026 roster
219,,MILLAR Liam,CAN,Canada,Hull City FC,MF,26,176,,,,,,,,,,,,,,,,,,,,,,,,,,,,,,,,FIFA World Cup 2026 roster
220,,OLUWASEYI Tani,CAN,Canada,Villarreal CF,FW,26,187,,,,,,,,,,,,,,,,,,,,,,,,,,,,,,,,FIFA World Cup 2026 roster
221,,CORNELIUS Derek,CAN,Canada,Rangers FC,DF,28,186,,,,,,,,,,,,,,,,,,,,,,,,,,,,,,,,FIFA World Cup 2026 roster
222,,SHAFFELBURG Jacob,CAN,Canada,LAFC,MF,26,181,,,,,,,,,,,,,,,,,,,,,,,,,,,,,,,,FIFA World Cup 2026 roster
223,,BOMBITO Moise,CAN,Canada,OGC Nice,DF,26,190,,,,,,,,,,,,,,,,,,,,,,,,,,,,,,,,FIFA World Cup 2026 roster
224,,CREPEAU Maxime,CAN,Canada,Orlando City SC,GK,32,185,,,,,,,,,,,,,,,,,,,,,,,,,,,,,,,,FIFA World Cup 2026 roster
225,,BUCHANAN Tajon,CAN,Canada,Villarreal CF,FW,27,183,,,,,,,,,,,,,,,,,,,,,,,,,,,,,,,,FIFA World Cup 2026 roster
226,,GOODMAN Owen,CAN,Canada,Barnsley,GK,22,193,,,,,,,,,,,,,,,,,,,,,,,,,,,,,,,,FIFA World Cup 2026 roster
227,,DAVIES Alphonso,CAN,Canada,FC Bayern München,DF,25,183,,,,,,,,,,,,,,,,,,,,,,,,,,,,,,,,FIFA World Cup 2026 roster
228,,AHMED Ali,CAN,Canada,Norwich City FC,FW,25,180,,,,,,,,,,,,,,,,,,,,,,,,,,,,,,,,FIFA World Cup 2026 roster
229,,OSORIO Jonathan,CAN,Canada,Toronto FC,MF,33,175,,,,,,,,,,,,,,,,,,,,,,,,,,,,,,,,FIFA World Cup 2026 roster
230,,LARYEA Richie,CAN,Canada,Toronto FC,DF,31,175,,,,,,,,,,,,,,,,,,,,,,,,,,,,,,,,FIFA World Cup 2026 roster
231,,SIGUR Niko,CAN,Canada,HNK Hajduk Split,DF,22,178,,,,,,,,,,,,,,,,,,,,,,,,,,,,,,,,FIFA World Cup 2026 roster
232,,DAVID Promise,CAN,Canada,Royale Union Saint-Gilloise,FW,24,195,,,,,,,,,,,,,,,,,,,,,,,,,,,,,,,,FIFA World Cup 2026 roster
233,,SALIBA Nathan,CAN,Canada,RSC Anderlecht,MF,22,174,,,,,,,,,,,,,,,,,,,,,,,,,,,,,,,,FIFA World Cup 2026 roster
234,,FLORES Marcelo,CAN,Canada,Tigres UANL,MF,22,164,,,,,,,,,,,,,,,,,,,,,,,,,,,,,,,,FIFA World Cup 2026 roster
235,,OSPINA David,COL,Colombia,Atlético Nacional,GK,37,183,,,,,,,,,,,,,,,,,,,,,,,,,,,,,,,,FIFA World Cup 2026 roster
236,,MUNOZ Daniel,COL,Colombia,Crystal Palace FC,DF,30,180,,,,,,,,,,,,,,,,,,,,,,,,,,,,,,,,FIFA World Cup 2026 roster
237,,LUCUMI Jhon,COL,Colombia,Bologna FC,DF,27,187,,,,,,,,,,,,,,,,,,,,,,,,,,,,,,,,FIFA World Cup 2026 roster
238,,ARIAS Santiago,COL,Colombia,CA Independiente,DF,34,177,,,,,,,,,,,,,,,,,,,,,,,,,,,,,,,,FIFA World Cup 2026 roster
239,,CASTANO Kevin,COL,Colombia,CA River Plate,MF,25,179,,,,,,,,,,,,,,,,,,,,,,,,,,,,,,,,FIFA World Cup 2026 roster
240,,RIOS Richard,COL,Colombia,SL Benfica,MF,26,185,,,,,,,,,,,,,,,,,,,,,,,,,,,,,,,,FIFA World Cup 2026 roster
241,,DIAZ Luis,COL,Colombia,FC Bayern München,FW,29,179,,,,,,,,,,,,,,,,,,,,,,,,,,,,,,,,FIFA World Cup 2026 roster
242,,CARRASCAL Jorge,COL,Colombia,CR Flamengo,MF,28,180,,,,,,,,,,,,,,,,,,,,,,,,,,,,,,,,FIFA World Cup 2026 roster
243,,CORDOBA Jhon,COL,Colombia,FC Krasnodar,FW,33,186,,,,,,,,,,,,,,,,,,,,,,,,,,,,,,,,FIFA World Cup 2026 roster
244,,RODRIGUEZ James,COL,Colombia,Minnesota United FC,MF,34,181,,,,,,,,,,,,,,,,,,,,,,,,,,,,,,,,FIFA World Cup 2026 roster
245,,ARIAS Jhon,COL,Colombia,SE Palmeiras,MF,28,168,,,,,,,,,,,,,,,,,,,,,,,,,,,,,,,,FIFA World Cup 2026 roster
246,,VARGAS Camilo,COL,Colombia,Atlas FC,GK,37,183,,,,,,,,,,,,,,,,,,,,,,,,,,,,,,,,FIFA World Cup 2026 roster
247,,MINA Yerry,COL,Colombia,Cagliari,DF,31,195,,,,,,,,,,,,,,,,,,,,,,,,,,,,,,,,FIFA World Cup 2026 roster
248,,PUERTA Gustavo,COL,Colombia,Racing Santander,DF,22,173,,,,,,,,,,,,,,,,,,,,,,,,,,,,,,,,FIFA World Cup 2026 roster
249,,PORTILLA Juan,COL,Colombia,Athletico Paranaense,MF,27,181,,,,,,,,,,,,,,,,,,,,,,,,,,,,,,,,FIFA World Cup 2026 roster
250,,LERMA Jefferson,COL,Colombia,Crystal Palace FC,MF,31,180,,,,,,,,,,,,,,,,,,,,,,,,,,,,,,,,FIFA World Cup 2026 roster
251,,MOJICA Johan,COL,Colombia,RCD Mallorca,DF,33,184,,,,,,,,,,,,,,,,,,,,,,,,,,,,,,,,FIFA World Cup 2026 roster
252,,DITTA Willer,COL,Colombia,CF Cruz Azul,DF,28,179,,,,,,,,,,,,,,,,,,,,,,,,,,,,,,,,FIFA World Cup 2026 roster
253,,HERNANDEZ Cucho,COL,Colombia,Real Betis,FW,27,176,,,,,,,,,,,,,,,,,,,,,,,,,,,,,,,,FIFA World Cup 2026 roster
254,,QUINTERO Juan,COL,Colombia,CA River Plate,MF,33,167,,,,,,,,,,,,,,,,,,,,,,,,,,,,,,,,FIFA World Cup 2026 roster
255,,CAMPAZ Jaminton,COL,Colombia,CA Rosario Central,FW,26,166,,,,,,,,,,,,,,,,,,,,,,,,,,,,,,,,FIFA World Cup 2026 roster
256,,MACHADO Deiver,COL,Colombia,FC Nantes,DF,32,173,,,,,,,,,,,,,,,,,,,,,,,,,,,,,,,,FIFA World Cup 2026 roster
257,,SANCHEZ Davinson,COL,Colombia,Galatasaray SK,DF,29,188,,,,,,,,,,,,,,,,,,,,,,,,,,,,,,,,FIFA World Cup 2026 roster
258,,MONTERO Alvaro,COL,Colombia,CA Vélez Sarsfield,GK,31,201,,,,,,,,,,,,,,,,,,,,,,,,,,,,,,,,FIFA World Cup 2026 roster
259,,SUAREZ Luis,COL,Colombia,Sporting CP,FW,28,179,,,,,,,,,,,,,,,,,,,,,,,,,,,,,,,,FIFA World Cup 2026 roster
260,,GOMEZ Andres,COL,Colombia,CR Vasco Da Gama,FW,23,170,,,,,,,,,,,,,,,,,,,,,,,,,,,,,,,,FIFA World Cup 2026 roster
261,,MPASI Lionel,COD,Congo DR,Le Havre AC,GK,31,182,,,,,,,,,,,,,,,,,,,,,,,,,,,,,,,,FIFA World Cup 2026 roster
262,,WAN-BISSAKA Aaron,COD,Congo DR,West Ham United FC,DF,28,183,,,,,,,,,,,,,,,,,,,,,,,,,,,,,,,,FIFA World Cup 2026 roster
263,,KAPUADI Steve,COD,Congo DR,Widzew Łódź,DF,28,196,,,,,,,,,,,,,,,,,,,,,,,,,,,,,,,,FIFA World Cup 2026 roster
264,,TUANZEBE Axel,COD,Congo DR,Burnley FC,DF,28,188,,,,,,,,,,,,,,,,,,,,,,,,,,,,,,,,FIFA World Cup 2026 roster
265,,BATUBINSIKA Dylan,COD,Congo DR,AEL FC,DF,30,185,,,,,,,,,,,,,,,,,,,,,,,,,,,,,,,,FIFA World Cup 2026 roster
266,,MUKAU Ngalayel,COD,Congo DR,Lille OSC,MF,21,186,,,,,,,,,,,,,,,,,,,,,,,,,,,,,,,,FIFA World Cup 2026 roster
267,,MBUKU Nathanael,COD,Congo DR,Montpellier HSC,MF,24,170,,,,,,,,,,,,,,,,,,,,,,,,,,,,,,,,FIFA World Cup 2026 roster
268,,MOUTOUSSAMY Samuel,COD,Congo DR,Atromitos FC,MF,29,176,,,,,,,,,,,,,,,,,,,,,,,,,,,,,,,,FIFA World Cup 2026 roster
269,,CIPENGA Brian,COD,Congo DR,CD Castellón,FW,28,172,,,,,,,,,,,,,,,,,,,,,,,,,,,,,,,,FIFA World Cup 2026 roster
270,,BONGONDA Theo,COD,Congo DR,FC Spartak Moscow,MF,30,176,,,,,,,,,,,,,,,,,,,,,,,,,,,,,,,,FIFA World Cup 2026 roster
271,,KAKUTA Gael,COD,Congo DR,AEL FC,FW,34,174,,,,,,,,,,,,,,,,,,,,,,,,,,,,,,,,FIFA World Cup 2026 roster
272,,KAYEMBE Joris,COD,Congo DR,KRC Genk,DF,31,180,,,,,,,,,,,,,,,,,,,,,,,,,,,,,,,,FIFA World Cup 2026 roster
273,,ELIA Meschack,COD,Congo DR,Alanyaspor,FW,28,173,,,,,,,,,,,,,,,,,,,,,,,,,,,,,,,,FIFA World Cup 2026 roster
274,,SADIKI Noah,COD,Congo DR,Sunderland AFC,MF,21,165,,,,,,,,,,,,,,,,,,,,,,,,,,,,,,,,FIFA World Cup 2026 roster
275,,TSHIBOLA Aaron,COD,Congo DR,Kilmarnock FC,MF,31,184,,,,,,,,,,,,,,,,,,,,,,,,,,,,,,,,FIFA World Cup 2026 roster
276,,FAYULU Timothy,COD,Congo DR,FC Noah,GK,26,192,,,,,,,,,,,,,,,,,,,,,,,,,,,,,,,,FIFA World Cup 2026 roster
277,,BAKAMBU Cedric,COD,Congo DR,Real Betis,FW,35,182,,,,,,,,,,,,,,,,,,,,,,,,,,,,,,,,FIFA World Cup 2026 roster
278,,PICKEL Charles,COD,Congo DR,RCD Espanyol,MF,29,187,,,,,,,,,,,,,,,,,,,,,,,,,,,,,,,,FIFA World Cup 2026 roster
279,,MAYELE Fiston,COD,Congo DR,Pyramids FC,FW,31,185,,,,,,,,,,,,,,,,,,,,,,,,,,,,,,,,FIFA World Cup 2026 roster
280,,WISSA Yoane,COD,Congo DR,Newcastle United FC,FW,29,176,,,,,,,,,,,,,,,,,,,,,,,,,,,,,,,,FIFA World Cup 2026 roster
281,,EPOLO Matthieu,COD,Congo DR,Standard Liège,GK,21,183,,,,,,,,,,,,,,,,,,,,,,,,,,,,,,,,FIFA World Cup 2026 roster
282,,MBEMBA Chancel,COD,Congo DR,Lille OSC,DF,31,182,,,,,,,,,,,,,,,,,,,,,,,,,,,,,,,,FIFA World Cup 2026 roster
283,,BANZA Simon,COD,Congo DR,Al Jazira,FW,29,189,,,,,,,,,,,,,,,,,,,,,,,,,,,,,,,,FIFA World Cup 2026 roster
284,,KALULU Gedeon,COD,Congo DR,Aris Limassol FC,DF,28,178,,,,,,,,,,,,,,,,,,,,,,,,,,,,,,,,FIFA World Cup 2026 roster
285,,KAYEMBE Edo,COD,Congo DR,Watford FC,MF,28,183,,,,,,,,,,,,,,,,,,,,,,,,,,,,,,,,FIFA World Cup 2026 roster
286,,MASUAKU Arthur,COD,Congo DR,RC Lens,DF,32,179,,,,,,,,,,,,,,,,,,,,,,,,,,,,,,,,FIFA World Cup 2026 roster
287,,FOFANA Yahia,CIV,Côte D'Ivoire,Çaykur Rizespor,GK,25,194,,,,,,,,,,,,,,,,,,,,,,,,,,,,,,,,FIFA World Cup 2026 roster
288,,DIOMANDE Ousmane,CIV,Côte D'Ivoire,Sporting CP,DF,22,190,,,,,,,,,,,,,,,,,,,,,,,,,,,,,,,,FIFA World Cup 2026 roster
289,,KONAN Ghislain,CIV,Côte D'Ivoire,Gil Vicente FC,DF,30,176,,,,,,,,,,,,,,,,,,,,,,,,,,,,,,,,FIFA World Cup 2026 roster
290,,SERI Jean Michael,CIV,Côte D'Ivoire,NK Maribor,MF,34,168,,,,,,,,,,,,,,,,,,,,,,,,,,,,,,,,FIFA World Cup 2026 roster
291,,SINGO Wilfried,CIV,Côte D'Ivoire,Galatasaray SK,DF,25,182,,,,,,,,,,,,,,,,,,,,,,,,,,,,,,,,FIFA World Cup 2026 roster
292,,FOFANA Seko,CIV,Côte D'Ivoire,FC Porto,MF,31,185,,,,,,,,,,,,,,,,,,,,,,,,,,,,,,,,FIFA World Cup 2026 roster
293,,KOSSOUNOU Odilon,CIV,Côte D'Ivoire,Atalanta Bergamo,DF,25,191,,,,,,,,,,,,,,,,,,,,,,,,,,,,,,,,FIFA World Cup 2026 roster
294,,KESSIE Franck,CIV,Côte D'Ivoire,Al Ahli FC,MF,29,183,,,,,,,,,,,,,,,,,,,,,,,,,,,,,,,,FIFA World Cup 2026 roster
295,,BONNY Ange-Yoan,CIV,Côte D'Ivoire,FC Internazionale Milano,FW,22,189,,,,,,,,,,,,,,,,,,,,,,,,,,,,,,,,FIFA World Cup 2026 roster
296,,ADINGRA Simon,CIV,Côte D'Ivoire,AS Monaco,FW,24,175,,,,,,,,,,,,,,,,,,,,,,,,,,,,,,,,FIFA World Cup 2026 roster
297,,DIOMANDE Yan,CIV,Côte D'Ivoire,RB Leipzig,FW,19,180,,,,,,,,,,,,,,,,,,,,,,,,,,,,,,,,FIFA World Cup 2026 roster
298,,WAHI Elye,CIV,Côte D'Ivoire,OGC Nice,FW,23,181,,,,,,,,,,,,,,,,,,,,,,,,,,,,,,,,FIFA World Cup 2026 roster
299,,OPERI Christopher,CIV,Côte D'Ivoire,Başakşehir FK,DF,29,183,,,,,,,,,,,,,,,,,,,,,,,,,,,,,,,,FIFA World Cup 2026 roster
300,,DIAKITE Oumar,CIV,Côte D'Ivoire,Cercle Brugge,FW,22,182,,,,,,,,,,,,,,,,,,,,,,,,,,,,,,,,FIFA World Cup 2026 roster
301,,DIALLO Amad,CIV,Côte D'Ivoire,Manchester United FC,FW,23,173,,,,,,,,,,,,,,,,,,,,,,,,,,,,,,,,FIFA World Cup 2026 roster
302,,KONE Mohamed,CIV,Côte D'Ivoire,Sporting Charleroi,GK,24,186,,,,,,,,,,,,,,,,,,,,,,,,,,,,,,,,FIFA World Cup 2026 roster
303,,DOUE Guela,CIV,Côte D'Ivoire,RC Strasbourg,DF,23,187,,,,,,,,,,,,,,,,,,,,,,,,,,,,,,,,FIFA World Cup 2026 roster
304,,SANGARE Ibrahim,CIV,Côte D'Ivoire,Nottingham Forest FC,MF,28,191,,,,,,,,,,,,,,,,,,,,,,,,,,,,,,,,FIFA World Cup 2026 roster
305,,PEPE Nicolas,CIV,Côte D'Ivoire,Villarreal CF,FW,31,183,,,,,,,,,,,,,,,,,,,,,,,,,,,,,,,,FIFA World Cup 2026 roster
306,,AGBADOU Emmanuel,CIV,Côte D'Ivoire,Beşiktaş JK,DF,28,185,,,,,,,,,,,,,,,,,,,,,,,,,,,,,,,,FIFA World Cup 2026 roster
307,,NDICKA Evan,CIV,Côte D'Ivoire,AS Roma,DF,26,192,,,,,,,,,,,,,,,,,,,,,,,,,,,,,,,,FIFA World Cup 2026 roster
308,,GUESSAND Evann,CIV,Côte D'Ivoire,Crystal Palace FC,FW,24,188,,,,,,,,,,,,,,,,,,,,,,,,,,,,,,,,FIFA World Cup 2026 roster
309,,LAFONT Alban,CIV,Côte D'Ivoire,Panathinaikos FC,GK,27,196,,,,,,,,,,,,,,,,,,,,,,,,,,,,,,,,FIFA World Cup 2026 roster
310,,TOURE Bazoumana,CIV,Côte D'Ivoire,TSG Hoffenheim,FW,20,178,,,,,,,,,,,,,,,,,,,,,,,,,,,,,,,,FIFA World Cup 2026 roster
311,,GUIAGON Parfait,CIV,Côte D'Ivoire,Sporting Charleroi,MF,25,165,,,,,,,,,,,,,,,,,,,,,,,,,,,,,,,,FIFA World Cup 2026 roster
312,,OULAI Christ Inao,CIV,Côte D'Ivoire,Trabzonspor,MF,20,173,,,,,,,,,,,,,,,,,,,,,,,,,,,,,,,,FIFA World Cup 2026 roster
313,,LIVAKOVIC Dominik,CRO,Croatia,GNK Dinamo Zagreb,GK,31,188,,,,,,,,,,,,,,,,,,,,,,,,,,,,,,,,FIFA World Cup 2026 roster
314,,STANISIC Josip,CRO,Croatia,FC Bayern München,DF,26,186,,,,,,,,,,,,,,,,,,,,,,,,,,,,,,,,FIFA World Cup 2026 roster
315,,PONGRACIC Marin,CRO,Croatia,ACF Fiorentina,DF,28,193,,,,,,,,,,,,,,,,,,,,,,,,,,,,,,,,FIFA World Cup 2026 roster
316,,GVARDIOL Josko,CRO,Croatia,Manchester City FC,DF,24,185,,,,,,,,,,,,,,,,,,,,,,,,,,,,,,,,FIFA World Cup 2026 roster
317,,CALETA-CAR Duje,CRO,Croatia,Real Sociedad,DF,29,193,,,,,,,,,,,,,,,,,,,,,,,,,,,,,,,,FIFA World Cup 2026 roster
318,,SUTALO Josip,CRO,Croatia,AFC Ajax,DF,26,185,,,,,,,,,,,,,,,,,,,,,,,,,,,,,,,,FIFA World Cup 2026 roster
319,,MORO Nikola,CRO,Croatia,Bologna FC,MF,28,183,,,,,,,,,,,,,,,,,,,,,,,,,,,,,,,,FIFA World Cup 2026 roster
320,,KOVACIC Mateo,CRO,Croatia,Manchester City FC,MF,32,178,,,,,,,,,,,,,,,,,,,,,,,,,,,,,,,,FIFA World Cup 2026 roster
321,,KRAMARIC Andrej,CRO,Croatia,TSG Hoffenheim,FW,34,177,,,,,,,,,,,,,,,,,,,,,,,,,,,,,,,,FIFA World Cup 2026 roster
322,,MODRIC Luka,CRO,Croatia,AC Milan,MF,40,172,,,,,,,,,,,,,,,,,,,,,,,,,,,,,,,,FIFA World Cup 2026 roster
323,,BUDIMIR Ante,CRO,Croatia,CA Osasuna,FW,34,190,,,,,,,,,,,,,,,,,,,,,,,,,,,,,,,,FIFA World Cup 2026 roster
324,,PANDUR Ivor,CRO,Croatia,Hull City FC,GK,26,187,,,,,,,,,,,,,,,,,,,,,,,,,,,,,,,,FIFA World Cup 2026 roster
325,,VLASIC Nikola,CRO,Croatia,Torino FC,MF,28,179,,,,,,,,,,,,,,,,,,,,,,,,,,,,,,,,FIFA World Cup 2026 roster
326,,PERISIC Ivan,CRO,Croatia,PSV Eindhoven,FW,37,186,,,,,,,,,,,,,,,,,,,,,,,,,,,,,,,,FIFA World Cup 2026 roster
327,,PASALIC Mario,CRO,Croatia,Atalanta Bergamo,MF,31,188,,,,,,,,,,,,,,,,,,,,,,,,,,,,,,,,FIFA World Cup 2026 roster
328,,BATURINA Martin,CRO,Croatia,Como,MF,23,172,,,,,,,,,,,,,,,,,,,,,,,,,,,,,,,,FIFA World Cup 2026 roster
329,,SUCIC Petar,CRO,Croatia,FC Internazionale Milano,MF,22,183,,,,,,,,,,,,,,,,,,,,,,,,,,,,,,,,FIFA World Cup 2026 roster
330,,JAKIC Kristijan,CRO,Croatia,FC Augsburg,DF,29,181,,,,,,,,,,,,,,,,,,,,,,,,,,,,,,,,FIFA World Cup 2026 roster
331,,FRUK Toni,CRO,Croatia,HNK Rijeka,MF,25,177,,,,,,,,,,,,,,,,,,,,,,,,,,,,,,,,FIFA World Cup 2026 roster
332,,MATANOVIC Igor,CRO,Croatia,SC Freiburg,FW,23,194,,,,,,,,,,,,,,,,,,,,,,,,,,,,,,,,FIFA World Cup 2026 roster
333,,SUCIC Luka,CRO,Croatia,Real Sociedad,MF,23,185,,,,,,,,,,,,,,,,,,,,,,,,,,,,,,,,FIFA World Cup 2026 roster
334,,VUSKOVIC Luka,CRO,Croatia,Hamburger SV,DF,19,193,,,,,,,,,,,,,,,,,,,,,,,,,,,,,,,,FIFA World Cup 2026 roster
335,,KOTARSKI Dominik,CRO,Croatia,FC København,GK,26,190,,,,,,,,,,,,,,,,,,,,,,,,,,,,,,,,FIFA World Cup 2026 roster
336,,PASALIC Marco,CRO,Croatia,Orlando City SC,FW,25,177,,,,,,,,,,,,,,,,,,,,,,,,,,,,,,,,FIFA World Cup 2026 roster
337,,ERLIC Martin,CRO,Croatia,FC Midtjylland,DF,28,192,,,,,,,,,,,,,,,,,,,,,,,,,,,,,,,,FIFA World Cup 2026 roster
338,,MUSA Petar,CRO,Croatia,FC Dallas,FW,28,190,,,,,,,,,,,,,,,,,,,,,,,,,,,,,,,,FIFA World Cup 2026 roster
339,,ROOM Eloy,CUW,Curaçao,Miami FC,GK,37,190,,,,,,,,,,,,,,,,,,,,,,,,,,,,,,,,FIFA World Cup 2026 roster
340,,SAMBO Shurandy,CUW,Curaçao,Sparta Rotterdam,DF,24,174,,,,,,,,,,,,,,,,,,,,,,,,,,,,,,,,FIFA World Cup 2026 roster
341,,GAARI Jurien,CUW,Curaçao,Abha Club,DF,32,183,,,,,,,,,,,,,,,,,,,,,,,,,,,,,,,,FIFA World Cup 2026 roster
342,,VAN EIJMA Roshon,CUW,Curaçao,RKC Waalwijk,DF,28,186,,,,,,,,,,,,,,,,,,,,,,,,,,,,,,,,FIFA World Cup 2026 roster
343,,FLORANUS Sherel,CUW,Curaçao,PEC Zwolle,DF,27,181,,,,,,,,,,,,,,,,,,,,,,,,,,,,,,,,FIFA World Cup 2026 roster
344,,ROEMERATOE Godfried,CUW,Curaçao,RKC Waalwijk,MF,26,178,,,,,,,,,,,,,,,,,,,,,,,,,,,,,,,,FIFA World Cup 2026 roster
345,,BACUNA Juninho,CUW,Curaçao,FC Volendam,MF,28,178,,,,,,,,,,,,,,,,,,,,,,,,,,,,,,,,FIFA World Cup 2026 roster
346,,COMENENCIA Livano,CUW,Curaçao,FC Zürich,MF,22,185,,,,,,,,,,,,,,,,,,,,,,,,,,,,,,,,FIFA World Cup 2026 roster
347,,LOCADIA Juergen,CUW,Curaçao,Miami FC,FW,32,193,,,,,,,,,,,,,,,,,,,,,,,,,,,,,,,,FIFA World Cup 2026 roster
348,,BACUNA Leandro,CUW,Curaçao,Iğdır FK,MF,34,180,,,,,,,,,,,,,,,,,,,,,,,,,,,,,,,,FIFA World Cup 2026 roster
349,,ANTONISSE Jeremy,CUW,Curaçao,AE Kifisia FC,FW,24,164,,,,,,,,,,,,,,,,,,,,,,,,,,,,,,,,FIFA World Cup 2026 roster
350,,HANSEN Sontje,CUW,Curaçao,Middlesbrough FC,FW,24,176,,,,,,,,,,,,,,,,,,,,,,,,,,,,,,,,FIFA World Cup 2026 roster
351,,NOSLIN Tyrese,CUW,Curaçao,SC Telstar,FW,23,182,,,,,,,,,,,,,,,,,,,,,,,,,,,,,,,,FIFA World Cup 2026 roster
352,,GORRE Kenji,CUW,Curaçao,Maccabi Haifa FC,FW,31,174,,,,,,,,,,,,,,,,,,,,,,,,,,,,,,,,FIFA World Cup 2026 roster
353,,MARTHA Arjany,CUW,Curaçao,Rotherham United FC,MF,22,180,,,,,,,,,,,,,,,,,,,,,,,,,,,,,,,,FIFA World Cup 2026 roster
354,,MARGARITHA Jearl,CUW,Curaçao,SK Beveren,FW,26,181,,,,,,,,,,,,,,,,,,,,,,,,,,,,,,,,FIFA World Cup 2026 roster
355,,KUWAS Brandley,CUW,Curaçao,FC Volendam,FW,33,181,,,,,,,,,,,,,,,,,,,,,,,,,,,,,,,,FIFA World Cup 2026 roster
356,,OBISPO Armando,CUW,Curaçao,PSV Eindhoven,DF,27,185,,,,,,,,,,,,,,,,,,,,,,,,,,,,,,,,FIFA World Cup 2026 roster
357,,KASTANEER Gervane,CUW,Curaçao,Terengganu FC,FW,30,189,,,,,,,,,,,,,,,,,,,,,,,,,,,,,,,,FIFA World Cup 2026 roster
358,,BRENET Joshua,CUW,Curaçao,Kayserispor,DF,32,181,,,,,,,,,,,,,,,,,,,,,,,,,,,,,,,,FIFA World Cup 2026 roster
359,,CHONG Tahith,CUW,Curaçao,Sheeld United FC,MF,26,185,,,,,,,,,,,,,,,,,,,,,,,,,,,,,,,,FIFA World Cup 2026 roster
360,,FELIDA Kevin,CUW,Curaçao,FC Den Bosch,MF,26,174,,,,,,,,,,,,,,,,,,,,,,,,,,,,,,,,FIFA World Cup 2026 roster
361,,BAZOER Riechedly,CUW,Curaçao,Konyaspor,DF,29,184,,,,,,,,,,,,,,,,,,,,,,,,,,,,,,,,FIFA World Cup 2026 roster
362,,FONVILLE Deveron,CUW,Curaçao,NEC Nijmegen,DF,23,188,,,,,,,,,,,,,,,,,,,,,,,,,,,,,,,,FIFA World Cup 2026 roster
363,,BODAK Tyrick,CUW,Curaçao,SC Telstar,GK,24,190,,,,,,,,,,,,,,,,,,,,,,,,,,,,,,,,FIFA World Cup 2026 roster
364,,DOORNBUSCH Trevor,CUW,Curaçao,VVV Venlo,GK,26,188,,,,,,,,,,,,,,,,,,,,,,,,,,,,,,,,FIFA World Cup 2026 roster
365,,KOVAR Matej,CZE,Czechia,PSV Eindhoven,GK,26,196,,,,,,,,,,,,,,,,,,,,,,,,,,,,,,,,FIFA World Cup 2026 roster
366,,ZIMA David,CZE,Czechia,SK Slavia Praha,DF,25,190,,,,,,,,,,,,,,,,,,,,,,,,,,,,,,,,FIFA World Cup 2026 roster
367,,HOLES Tomas,CZE,Czechia,SK Slavia Praha,DF,33,180,,,,,,,,,,,,,,,,,,,,,,,,,,,,,,,,FIFA World Cup 2026 roster
368,,HRANAC Robin,CZE,Czechia,TSG Hoffenheim,DF,26,189,,,,,,,,,,,,,,,,,,,,,,,,,,,,,,,,FIFA World Cup 2026 roster
369,,COUFAL Vladimir,CZE,Czechia,TSG Hoffenheim,DF,33,175,,,,,,,,,,,,,,,,,,,,,,,,,,,,,,,,FIFA World Cup 2026 roster
370,,CHALOUPEK Stepan,CZE,Czechia,SK Slavia Praha,DF,23,188,,,,,,,,,,,,,,,,,,,,,,,,,,,,,,,,FIFA World Cup 2026 roster
371,,KREJCI Ladislav,CZE,Czechia,Wolverhampton Wanderers FC,DF,27,191,,,,,,,,,,,,,,,,,,,,,,,,,,,,,,,,FIFA World Cup 2026 roster
372,,DARIDA Vladimir,CZE,Czechia,FC Hradec Králové,MF,35,172,,,,,,,,,,,,,,,,,,,,,,,,,,,,,,,,FIFA World Cup 2026 roster
373,,HLOZEK Adam,CZE,Czechia,TSG Hoffenheim,FW,23,188,,,,,,,,,,,,,,,,,,,,,,,,,,,,,,,,FIFA World Cup 2026 roster
374,,SCHICK Patrik,CZE,Czechia,Bayer 04 Leverkusen,FW,30,191,,,,,,,,,,,,,,,,,,,,,,,,,,,,,,,,FIFA World Cup 2026 roster
375,,KUCHTA Jan,CZE,Czechia,AC Sparta Praha,FW,29,185,,,,,,,,,,,,,,,,,,,,,,,,,,,,,,,,FIFA World Cup 2026 roster
376,,CERV Lukas,CZE,Czechia,FC Viktoria Plzeň,MF,25,182,,,,,,,,,,,,,,,,,,,,,,,,,,,,,,,,FIFA World Cup 2026 roster
377,,CHYTIL Mojmir,CZE,Czechia,SK Slavia Praha,FW,27,187,,,,,,,,,,,,,,,,,,,,,,,,,,,,,,,,FIFA World Cup 2026 roster
378,,JURASEK David,CZE,Czechia,SK Slavia Praha,DF,25,183,,,,,,,,,,,,,,,,,,,,,,,,,,,,,,,,FIFA World Cup 2026 roster
379,,SULC Pavel,CZE,Czechia,Olympique Lyonnais,FW,25,177,,,,,,,,,,,,,,,,,,,,,,,,,,,,,,,,FIFA World Cup 2026 roster
380,,STANEK Jindrich,CZE,Czechia,SK Slavia Praha,GK,30,192,,,,,,,,,,,,,,,,,,,,,,,,,,,,,,,,FIFA World Cup 2026 roster
381,,PROVOD Lukas,CZE,Czechia,SK Slavia Praha,MF,29,191,,,,,,,,,,,,,,,,,,,,,,,,,,,,,,,,FIFA World Cup 2026 roster
382,,SADILEK Michal,CZE,Czechia,SK Slavia Praha,MF,27,169,,,,,,,,,,,,,,,,,,,,,,,,,,,,,,,,FIFA World Cup 2026 roster
383,,CHORY Tomas,CZE,Czechia,SK Slavia Praha,FW,31,199,,,,,,,,,,,,,,,,,,,,,,,,,,,,,,,,FIFA World Cup 2026 roster
384,,ZELENY Jaroslav,CZE,Czechia,AC Sparta Praha,DF,33,190,,,,,,,,,,,,,,,,,,,,,,,,,,,,,,,,FIFA World Cup 2026 roster
385,,DOUDERA David,CZE,Czechia,SK Slavia Praha,DF,28,175,,,,,,,,,,,,,,,,,,,,,,,,,,,,,,,,FIFA World Cup 2026 roster
386,,SOUCEK Tomas,CZE,Czechia,West Ham United FC,MF,31,192,,,,,,,,,,,,,,,,,,,,,,,,,,,,,,,,FIFA World Cup 2026 roster
387,,HORNICEK Lukas,CZE,Czechia,SC Braga,GK,23,198,,,,,,,,,,,,,,,,,,,,,,,,,,,,,,,,FIFA World Cup 2026 roster
388,,SOJKA Alexandr,CZE,Czechia,FC Viktoria Plzeň,MF,23,188,,,,,,,,,,,,,,,,,,,,,,,,,,,,,,,,FIFA World Cup 2026 roster
389,,SOCHUREK Hugo,CZE,Czechia,AC Sparta Praha,MF,18,183,,,,,,,,,,,,,,,,,,,,,,,,,,,,,,,,FIFA World Cup 2026 roster
390,,VISINSKY Denis,CZE,Czechia,FC Viktoria Plzeň,FW,23,178,,,,,,,,,,,,,,,,,,,,,,,,,,,,,,,,FIFA World Cup 2026 roster
391,,GALINDEZ Hernan,ECU,Ecuador,CA Huracán,GK,39,189,,,,,,,,,,,,,,,,,,,,,,,,,,,,,,,,FIFA World Cup 2026 roster
392,,TORRES Felix,ECU,Ecuador,SC Internacional,DF,29,187,,,,,,,,,,,,,,,,,,,,,,,,,,,,,,,,FIFA World Cup 2026 roster
393,,HINCAPIE Piero,ECU,Ecuador,Arsenal FC,DF,24,183,,,,,,,,,,,,,,,,,,,,,,,,,,,,,,,,FIFA World Cup 2026 roster
394,,ORDONEZ Joel,ECU,Ecuador,Club Brugge,DF,22,188,,,,,,,,,,,,,,,,,,,,,,,,,,,,,,,,FIFA World Cup 2026 roster
395,,ALCIVAR Jordy,ECU,Ecuador,Independiente Del Valle,MF,26,168,,,,,,,,,,,,,,,,,,,,,,,,,,,,,,,,FIFA World Cup 2026 roster
396,,PACHO Willian,ECU,Ecuador,Paris Saint-Germain,DF,24,188,,,,,,,,,,,,,,,,,,,,,,,,,,,,,,,,FIFA World Cup 2026 roster
397,,ESTUPINAN Pervis,ECU,Ecuador,AC Milan,DF,28,175,,,,,,,,,,,,,,,,,,,,,,,,,,,,,,,,FIFA World Cup 2026 roster
398,,VALENCIA Anthony,ECU,Ecuador,Royal Antwerp FC,MF,22,173,,,,,,,,,,,,,,,,,,,,,,,,,,,,,,,,FIFA World Cup 2026 roster
399,,YEBOAH John,ECU,Ecuador,Venezia FC,FW,25,170,,,,,,,,,,,,,,,,,,,,,,,,,,,,,,,,FIFA World Cup 2026 roster
400,,PAEZ Kendry,ECU,Ecuador,CA River Plate,MF,19,178,,,,,,,,,,,,,,,,,,,,,,,,,,,,,,,,FIFA World Cup 2026 roster
401,,RODRIGUEZ Kevin,ECU,Ecuador,Royale Union Saint-Gilloise,FW,26,190,,,,,,,,,,,,,,,,,,,,,,,,,,,,,,,,FIFA World Cup 2026 roster
402,,RAMIREZ Moises,ECU,Ecuador,AE Kifisia FC,GK,25,185,,,,,,,,,,,,,,,,,,,,,,,,,,,,,,,,FIFA World Cup 2026 roster
403,,VALENCIA Enner,ECU,Ecuador,CF Pachuca,FW,36,177,,,,,,,,,,,,,,,,,,,,,,,,,,,,,,,,FIFA World Cup 2026 roster
404,,MINDA Alan,ECU,Ecuador,Atlético Mineiro,MF,23,174,,,,,,,,,,,,,,,,,,,,,,,,,,,,,,,,FIFA World Cup 2026 roster
405,,VITE Pedro,ECU,Ecuador,Pumas UNAM,MF,24,172,,,,,,,,,,,,,,,,,,,,,,,,,,,,,,,,FIFA World Cup 2026 roster
406,,CAICEDO Jordy,ECU,Ecuador,CA Huracán,FW,28,186,,,,,,,,,,,,,,,,,,,,,,,,,,,,,,,,FIFA World Cup 2026 roster
407,,PRECIADO Angelo,ECU,Ecuador,Atlético Mineiro,DF,28,174,,,,,,,,,,,,,,,,,,,,,,,,,,,,,,,,FIFA World Cup 2026 roster
408,,CASTILLO Denil,ECU,Ecuador,FC Midtjylland,MF,22,189,,,,,,,,,,,,,,,,,,,,,,,,,,,,,,,,FIFA World Cup 2026 roster
409,,PLATA Gonzalo,ECU,Ecuador,CR Flamengo,FW,25,178,,,,,,,,,,,,,,,,,,,,,,,,,,,,,,,,FIFA World Cup 2026 roster
410,,ANGULO Nilson,ECU,Ecuador,Sunderland AFC,FW,22,184,,,,,,,,,,,,,,,,,,,,,,,,,,,,,,,,FIFA World Cup 2026 roster
411,,FRANCO Alan,ECU,Ecuador,Atlético Mineiro,MF,27,175,,,,,,,,,,,,,,,,,,,,,,,,,,,,,,,,FIFA World Cup 2026 roster
412,,VALLE Gonzalo,ECU,Ecuador,LDU Quito,GK,30,186,,,,,,,,,,,,,,,,,,,,,,,,,,,,,,,,FIFA World Cup 2026 roster
413,,CAICEDO Moises,ECU,Ecuador,Chelsea FC,MF,24,178,,,,,,,,,,,,,,,,,,,,,,,,,,,,,,,,FIFA World Cup 2026 roster
414,,AREVALO Jeremy,ECU,Ecuador,VfB Stuttgart,FW,21,182,,,,,,,,,,,,,,,,,,,,,,,,,,,,,,,,FIFA World Cup 2026 roster
415,,POROZO Jackson,ECU,Ecuador,Club Tijuana,DF,25,192,,,,,,,,,,,,,,,,,,,,,,,,,,,,,,,,FIFA World Cup 2026 roster
416,,MEDINA Yaimar,ECU,Ecuador,KRC Genk,DF,21,173,,,,,,,,,,,,,,,,,,,,,,,,,,,,,,,,FIFA World Cup 2026 roster
417,,MOHAMED ELSHENAWY,EGY,Egypt,Al Ahly FC,GK,37,191,,,,,,,,,,,,,,,,,,,,,,,,,,,,,,,,FIFA World Cup 2026 roster
418,,YASSER IBRAHIM,EGY,Egypt,Al Ahly FC,DF,33,185,,,,,,,,,,,,,,,,,,,,,,,,,,,,,,,,FIFA World Cup 2026 roster
419,,MOHAMED HANY,EGY,Egypt,Al Ahly FC,DF,30,175,,,,,,,,,,,,,,,,,,,,,,,,,,,,,,,,FIFA World Cup 2026 roster
420,,HOSSAM ABDELMAGUID,EGY,Egypt,Zamalek SC,DF,25,193,,,,,,,,,,,,,,,,,,,,,,,,,,,,,,,,FIFA World Cup 2026 roster
421,,RAMY RABIA,EGY,Egypt,Al Ain FC,DF,33,183,,,,,,,,,,,,,,,,,,,,,,,,,,,,,,,,FIFA World Cup 2026 roster
422,,MOHAMED ABDELMONEIM,EGY,Egypt,OGC Nice,DF,27,184,,,,,,,,,,,,,,,,,,,,,,,,,,,,,,,,FIFA World Cup 2026 roster
423,,TREZEGUET,EGY,Egypt,Al Ahly FC,FW,31,181,,,,,,,,,,,,,,,,,,,,,,,,,,,,,,,,FIFA World Cup 2026 roster
424,,EMAM ASHOUR,EGY,Egypt,Al Ahly FC,MF,28,180,,,,,,,,,,,,,,,,,,,,,,,,,,,,,,,,FIFA World Cup 2026 roster
425,,HAMZA ABDELKARIM,EGY,Egypt,FC Barcelona,FW,18,182,,,,,,,,,,,,,,,,,,,,,,,,,,,,,,,,FIFA World Cup 2026 roster
426,,MOHAMED SALAH,EGY,Egypt,Liverpool FC,FW,33,175,,,,,,,,,,,,,,,,,,,,,,,,,,,,,,,,FIFA World Cup 2026 roster
427,,MOSTAFA ZICO,EGY,Egypt,Pyramids FC,MF,29,179,,,,,,,,,,,,,,,,,,,,,,,,,,,,,,,,FIFA World Cup 2026 roster
428,,HAISSEM HASSAN,EGY,Egypt,Real Oviedo,FW,24,175,,,,,,,,,,,,,,,,,,,,,,,,,,,,,,,,FIFA World Cup 2026 roster
429,,AHMED FATOUH,EGY,Egypt,Zamalek SC,DF,28,177,,,,,,,,,,,,,,,,,,,,,,,,,,,,,,,,FIFA World Cup 2026 roster
430,,HAMDY FATHY,EGY,Egypt,Al Wakrah SC,MF,31,183,,,,,,,,,,,,,,,,,,,,,,,,,,,,,,,,FIFA World Cup 2026 roster
431,,KARIM HAFEZ,EGY,Egypt,Pyramids FC,DF,30,174,,,,,,,,,,,,,,,,,,,,,,,,,,,,,,,,FIFA World Cup 2026 roster
432,,MAHDY SOLIMAN,EGY,Egypt,Zamalek SC,GK,39,189,,,,,,,,,,,,,,,,,,,,,,,,,,,,,,,,FIFA World Cup 2026 roster
433,,MOHANAD LASHIN,EGY,Egypt,Pyramids FC,MF,30,186,,,,,,,,,,,,,,,,,,,,,,,,,,,,,,,,FIFA World Cup 2026 roster
434,,NABIL DONGA,EGY,Egypt,Al Najmah SC,MF,30,179,,,,,,,,,,,,,,,,,,,,,,,,,,,,,,,,FIFA World Cup 2026 roster
435,,MARAWAN ATTIA,EGY,Egypt,Al Ahly FC,MF,27,176,,,,,,,,,,,,,,,,,,,,,,,,,,,,,,,,FIFA World Cup 2026 roster
436,,IBRAHIM ADEL,EGY,Egypt,FC Nordsjælland,FW,25,178,,,,,,,,,,,,,,,,,,,,,,,,,,,,,,,,FIFA World Cup 2026 roster
437,,MAHMOUD SABER,EGY,Egypt,ZED FC,MF,24,170,,,,,,,,,,,,,,,,,,,,,,,,,,,,,,,,FIFA World Cup 2026 roster
438,,OMAR MARMOUSH,EGY,Egypt,Manchester City FC,FW,27,180,,,,,,,,,,,,,,,,,,,,,,,,,,,,,,,,FIFA World Cup 2026 roster
439,,MOSTAFA SHOUBIR,EGY,Egypt,Al Ahly FC,GK,26,195,,,,,,,,,,,,,,,,,,,,,,,,,,,,,,,,FIFA World Cup 2026 roster
440,,TAREK ALAA,EGY,Egypt,ZED FC,DF,24,178,,,,,,,,,,,,,,,,,,,,,,,,,,,,,,,,FIFA World Cup 2026 roster
441,,ZIZO,EGY,Egypt,Al Ahly FC,FW,30,175,,,,,,,,,,,,,,,,,,,,,,,,,,,,,,,,FIFA World Cup 2026 roster
442,,MOHAMED ALAA,EGY,Egypt,El Gouna FC,GK,27,188,,,,,,,,,,,,,,,,,,,,,,,,,,,,,,,,FIFA World Cup 2026 roster
443,,PICKFORD Jordan,ENG,England,Everton FC,GK,32,185,,,,,,,,,,,,,,,,,,,,,,,,,,,,,,,,FIFA World Cup 2026 roster
444,,KONSA Ezri,ENG,England,Aston Villa FC,DF,28,180,,,,,,,,,,,,,,,,,,,,,,,,,,,,,,,,FIFA World Cup 2026 roster
445,,OREILLY Nico,ENG,England,Manchester City FC,DF,21,177,,,,,,,,,,,,,,,,,,,,,,,,,,,,,,,,FIFA World Cup 2026 roster
446,,RICE Declan,ENG,England,Arsenal FC,MF,27,185,,,,,,,,,,,,,,,,,,,,,,,,,,,,,,,,FIFA World Cup 2026 roster
447,,STONES John,ENG,England,Manchester City FC,DF,32,188,,,,,,,,,,,,,,,,,,,,,,,,,,,,,,,,FIFA World Cup 2026 roster
448,,GUEHI Marc,ENG,England,Manchester City FC,DF,25,183,,,,,,,,,,,,,,,,,,,,,,,,,,,,,,,,FIFA World Cup 2026 roster
449,,SAKA Bukayo,ENG,England,Arsenal FC,FW,24,178,,,,,,,,,,,,,,,,,,,,,,,,,,,,,,,,FIFA World Cup 2026 roster
450,,ANDERSON Elliot,ENG,England,Nottingham Forest FC,MF,23,179,,,,,,,,,,,,,,,,,,,,,,,,,,,,,,,,FIFA World Cup 2026 roster
451,,KANE Harry,ENG,England,FC Bayern München,FW,32,190,,,,,,,,,,,,,,,,,,,,,,,,,,,,,,,,FIFA World Cup 2026 roster
452,,BELLINGHAM Jude,ENG,England,Real Madrid C. F.,MF,22,183,,,,,,,,,,,,,,,,,,,,,,,,,,,,,,,,FIFA World Cup 2026 roster
453,,RASHFORD Marcus,ENG,England,FC Barcelona,FW,28,180,,,,,,,,,,,,,,,,,,,,,,,,,,,,,,,,FIFA World Cup 2026 roster
454,,LIVRAMENTO Tino,ENG,England,Newcastle United FC,DF,23,182,,,,,,,,,,,,,,,,,,,,,,,,,,,,,,,,FIFA World Cup 2026 roster
455,,HENDERSON Dean,ENG,England,Crystal Palace FC,GK,29,188,,,,,,,,,,,,,,,,,,,,,,,,,,,,,,,,FIFA World Cup 2026 roster
456,,HENDERSON Jordan,ENG,England,Brentford FC,MF,35,183,,,,,,,,,,,,,,,,,,,,,,,,,,,,,,,,FIFA World Cup 2026 roster
457,,BURN Dan,ENG,England,Newcastle United FC,DF,34,201,,,,,,,,,,,,,,,,,,,,,,,,,,,,,,,,FIFA World Cup 2026 roster
458,,MAINOO Kobbie,ENG,England,Manchester United FC,MF,21,183,,,,,,,,,,,,,,,,,,,,,,,,,,,,,,,,FIFA World Cup 2026 roster
459,,ROGERS Morgan,ENG,England,Aston Villa FC,MF,23,187,,,,,,,,,,,,,,,,,,,,,,,,,,,,,,,,FIFA World Cup 2026 roster
460,,GORDON Anthony,ENG,England,Newcastle United FC,FW,25,182,,,,,,,,,,,,,,,,,,,,,,,,,,,,,,,,FIFA World Cup 2026 roster
461,,WATKINS Ollie,ENG,England,Aston Villa FC,FW,30,180,,,,,,,,,,,,,,,,,,,,,,,,,,,,,,,,FIFA World Cup 2026 roster
462,,MADUEKE Noni,ENG,England,Arsenal FC,FW,24,182,,,,,,,,,,,,,,,,,,,,,,,,,,,,,,,,FIFA World Cup 2026 roster
463,,EZE Eberechi,ENG,England,Arsenal FC,MF,27,178,,,,,,,,,,,,,,,,,,,,,,,,,,,,,,,,FIFA World Cup 2026 roster
464,,TONEY Ivan,ENG,England,Al Ahli FC,FW,30,185,,,,,,,,,,,,,,,,,,,,,,,,,,,,,,,,FIFA World Cup 2026 roster
465,,TRAFFORD James,ENG,England,Manchester City FC,GK,23,197,,,,,,,,,,,,,,,,,,,,,,,,,,,,,,,,FIFA World Cup 2026 roster
466,,JAMES Reece,ENG,England,Chelsea FC,DF,26,180,,,,,,,,,,,,,,,,,,,,,,,,,,,,,,,,FIFA World Cup 2026 roster
467,,SPENCE Djed,ENG,England,Tottenham Hotspur FC,DF,25,184,,,,,,,,,,,,,,,,,,,,,,,,,,,,,,,,FIFA World Cup 2026 roster
468,,QUANSAH Jarell,ENG,England,Bayer 04 Leverkusen,DF,23,190,,,,,,,,,,,,,,,,,,,,,,,,,,,,,,,,FIFA World Cup 2026 roster
469,,SAMBA Brice,FRA,France,Stade Rennais FC,GK,32,187,,,,,,,,,,,,,,,,,,,,,,,,,,,,,,,,FIFA World Cup 2026 roster
470,,GUSTO Malo,FRA,France,Chelsea FC,DF,23,179,,,,,,,,,,,,,,,,,,,,,,,,,,,,,,,,FIFA World Cup 2026 roster
471,,DIGNE Lucas,FRA,France,Aston Villa FC,DF,32,178,,,,,,,,,,,,,,,,,,,,,,,,,,,,,,,,FIFA World Cup 2026 roster
472,,UPAMECANO Dayot,FRA,France,FC Bayern München,DF,27,186,,,,,,,,,,,,,,,,,,,,,,,,,,,,,,,,FIFA World Cup 2026 roster
473,,KOUNDE Jules,FRA,France,FC Barcelona,DF,27,178,,,,,,,,,,,,,,,,,,,,,,,,,,,,,,,,FIFA World Cup 2026 roster
474,,KONE Manu,FRA,France,AS Roma,MF,25,185,,,,,,,,,,,,,,,,,,,,,,,,,,,,,,,,FIFA World Cup 2026 roster
475,,DEMBELE Ousmane,FRA,France,Paris Saint-Germain,FW,29,179,,,,,,,,,,,,,,,,,,,,,,,,,,,,,,,,FIFA World Cup 2026 roster
476,,TCHOUAMENI Aurelien,FRA,France,Real Madrid C. F.,MF,26,188,,,,,,,,,,,,,,,,,,,,,,,,,,,,,,,,FIFA World Cup 2026 roster
477,,THURAM Marcus,FRA,France,FC Internazionale Milano,FW,28,192,,,,,,,,,,,,,,,,,,,,,,,,,,,,,,,,FIFA World Cup 2026 roster
478,,MBAPPE Kylian,FRA,France,Real Madrid C. F.,FW,27,180,,,,,,,,,,,,,,,,,,,,,,,,,,,,,,,,FIFA World Cup 2026 roster
479,,OLISE Michael,FRA,France,FC Bayern München,FW,24,184,,,,,,,,,,,,,,,,,,,,,,,,,,,,,,,,FIFA World Cup 2026 roster
480,,BARCOLA Bradley,FRA,France,Paris Saint-Germain,FW,23,187,,,,,,,,,,,,,,,,,,,,,,,,,,,,,,,,FIFA World Cup 2026 roster
481,,KANTE Ngolo,FRA,France,Fenerbahçe SK,MF,35,171,,,,,,,,,,,,,,,,,,,,,,,,,,,,,,,,FIFA World Cup 2026 roster
482,,RABIOT Adrien,FRA,France,AC Milan,MF,31,191,,,,,,,,,,,,,,,,,,,,,,,,,,,,,,,,FIFA World Cup 2026 roster
483,,KONATE Ibrahima,FRA,France,Liverpool FC,DF,27,194,,,,,,,,,,,,,,,,,,,,,,,,,,,,,,,,FIFA World Cup 2026 roster
484,,MAIGNAN Mike,FRA,France,AC Milan,GK,30,191,,,,,,,,,,,,,,,,,,,,,,,,,,,,,,,,FIFA World Cup 2026 roster
485,,SALIBA William,FRA,France,Arsenal FC,DF,25,192,,,,,,,,,,,,,,,,,,,,,,,,,,,,,,,,FIFA World Cup 2026 roster
486,,ZAIRE-EMERY Warren,FRA,France,Paris Saint-Germain,MF,20,176,,,,,,,,,,,,,,,,,,,,,,,,,,,,,,,,FIFA World Cup 2026 roster
487,,HERNANDEZ Theo,FRA,France,Al Hilal SC,DF,28,184,,,,,,,,,,,,,,,,,,,,,,,,,,,,,,,,FIFA World Cup 2026 roster
488,,DOUE Desire,FRA,France,Paris Saint-Germain,FW,21,182,,,,,,,,,,,,,,,,,,,,,,,,,,,,,,,,FIFA World Cup 2026 roster
489,,HERNANDEZ Lucas,FRA,France,Paris Saint-Germain,DF,30,184,,,,,,,,,,,,,,,,,,,,,,,,,,,,,,,,FIFA World Cup 2026 roster
490,,MATETA Jean-Philippe,FRA,France,Crystal Palace FC,FW,28,192,,,,,,,,,,,,,,,,,,,,,,,,,,,,,,,,FIFA World Cup 2026 roster
491,,RISSER Robin,FRA,France,RC Lens,GK,21,193,,,,,,,,,,,,,,,,,,,,,,,,,,,,,,,,FIFA World Cup 2026 roster
492,,CHERKI Rayan,FRA,France,Manchester City FC,MF,22,180,,,,,,,,,,,,,,,,,,,,,,,,,,,,,,,,FIFA World Cup 2026 roster
493,,AKLIOUCHE Maghnes,FRA,France,AS Monaco,MF,24,183,,,,,,,,,,,,,,,,,,,,,,,,,,,,,,,,FIFA World Cup 2026 roster
494,,LACROIX Maxence,FRA,France,Crystal Palace FC,DF,26,192,,,,,,,,,,,,,,,,,,,,,,,,,,,,,,,,FIFA World Cup 2026 roster
495,,NEUER Manuel,GER,Germany,FC Bayern München,GK,40,193,,,,,,,,,,,,,,,,,,,,,,,,,,,,,,,,FIFA World Cup 2026 roster
496,,RUEDIGER Antonio,GER,Germany,Real Madrid C. F.,DF,33,190,,,,,,,,,,,,,,,,,,,,,,,,,,,,,,,,FIFA World Cup 2026 roster
497,,ANTON Waldemar,GER,Germany,Borussia Dortmund,DF,29,189,,,,,,,,,,,,,,,,,,,,,,,,,,,,,,,,FIFA World Cup 2026 roster
498,,TAH Jonathan,GER,Germany,FC Bayern München,DF,30,195,,,,,,,,,,,,,,,,,,,,,,,,,,,,,,,,FIFA World Cup 2026 roster
499,,PAVLOVIC Aleksandar,GER,Germany,FC Bayern München,MF,22,188,,,,,,,,,,,,,,,,,,,,,,,,,,,,,,,,FIFA World Cup 2026 roster
500,,KIMMICH Joshua,GER,Germany,FC Bayern München,DF,31,177,,,,,,,,,,,,,,,,,,,,,,,,,,,,,,,,FIFA World Cup 2026 roster
501,,HAVERTZ Kai,GER,Germany,Arsenal FC,FW,27,190,,,,,,,,,,,,,,,,,,,,,,,,,,,,,,,,FIFA World Cup 2026 roster
502,,GORETZKA Leon,GER,Germany,FC Bayern München,MF,31,189,,,,,,,,,,,,,,,,,,,,,,,,,,,,,,,,FIFA World Cup 2026 roster
503,,LEWELING Jamie,GER,Germany,VfB Stuttgart,MF,25,185,,,,,,,,,,,,,,,,,,,,,,,,,,,,,,,,FIFA World Cup 2026 roster
504,,MUSIALA Jamal,GER,Germany,FC Bayern München,MF,23,180,,,,,,,,,,,,,,,,,,,,,,,,,,,,,,,,FIFA World Cup 2026 roster
505,,WOLTEMADE Nick,GER,Germany,Newcastle United FC,FW,24,198,,,,,,,,,,,,,,,,,,,,,,,,,,,,,,,,FIFA World Cup 2026 roster
506,,BAUMANN Oliver,GER,Germany,TSG Hoffenheim,GK,36,187,,,,,,,,,,,,,,,,,,,,,,,,,,,,,,,,FIFA World Cup 2026 roster
507,,GROSS Pascal,GER,Germany,Brighton & Hove Albion FC,MF,34,181,,,,,,,,,,,,,,,,,,,,,,,,,,,,,,,,FIFA World Cup 2026 roster
508,,BEIER Maximilian,GER,Germany,Borussia Dortmund,FW,23,185,,,,,,,,,,,,,,,,,,,,,,,,,,,,,,,,FIFA World Cup 2026 roster
509,,SCHLOTTERBECK Nico,GER,Germany,Borussia Dortmund,DF,26,191,,,,,,,,,,,,,,,,,,,,,,,,,,,,,,,,FIFA World Cup 2026 roster
510,,STILLER Angelo,GER,Germany,VfB Stuttgart,MF,25,183,,,,,,,,,,,,,,,,,,,,,,,,,,,,,,,,FIFA World Cup 2026 roster
511,,WIRTZ Florian,GER,Germany,Liverpool FC,MF,23,176,,,,,,,,,,,,,,,,,,,,,,,,,,,,,,,,FIFA World Cup 2026 roster
512,,BROWN Nathaniel,GER,Germany,Eintracht Frankfurt,DF,22,176,,,,,,,,,,,,,,,,,,,,,,,,,,,,,,,,FIFA World Cup 2026 roster
513,,SANE Leroy,GER,Germany,Galatasaray SK,MF,30,183,,,,,,,,,,,,,,,,,,,,,,,,,,,,,,,,FIFA World Cup 2026 roster
514,,AMIRI Nadiem,GER,Germany,1. FSV Mainz 05,MF,29,178,,,,,,,,,,,,,,,,,,,,,,,,,,,,,,,,FIFA World Cup 2026 roster
515,,NUEBEL Alexander,GER,Germany,VfB Stuttgart,GK,29,193,,,,,,,,,,,,,,,,,,,,,,,,,,,,,,,,FIFA World Cup 2026 roster
516,,RAUM David,GER,Germany,RB Leipzig,DF,28,180,,,,,,,,,,,,,,,,,,,,,,,,,,,,,,,,FIFA World Cup 2026 roster
517,,NMECHA Felix,GER,Germany,Borussia Dortmund,MF,25,190,,,,,,,,,,,,,,,,,,,,,,,,,,,,,,,,FIFA World Cup 2026 roster
518,,THIAW Malick,GER,Germany,Newcastle United FC,DF,24,194,,,,,,,,,,,,,,,,,,,,,,,,,,,,,,,,FIFA World Cup 2026 roster
519,,OUEDRAOGO Assan,GER,Germany,RB Leipzig,MF,20,191,,,,,,,,,,,,,,,,,,,,,,,,,,,,,,,,FIFA World Cup 2026 roster
520,,UNDAV Deniz,GER,Germany,VfB Stuttgart,FW,29,179,,,,,,,,,,,,,,,,,,,,,,,,,,,,,,,,FIFA World Cup 2026 roster
521,,ZIGI Lawrence Ati,GHA,Ghana,FC St. Gallen,GK,29,188,,,,,,,,,,,,,,,,,,,,,,,,,,,,,,,,FIFA World Cup 2026 roster
522,,SEIDU Alidu,GHA,Ghana,Stade Rennais FC,DF,26,173,,,,,,,,,,,,,,,,,,,,,,,,,,,,,,,,FIFA World Cup 2026 roster
523,,YIRENKYI Caleb,GHA,Ghana,FC Nordsjælland,MF,20,182,,,,,,,,,,,,,,,,,,,,,,,,,,,,,,,,FIFA World Cup 2026 roster
524,,ADJETEY Jonas,GHA,Ghana,VfL Wolfsburg,DF,22,188,,,,,,,,,,,,,,,,,,,,,,,,,,,,,,,,FIFA World Cup 2026 roster
525,,PARTEY Thomas,GHA,Ghana,Villarreal CF,MF,32,185,,,,,,,,,,,,,,,,,,,,,,,,,,,,,,,,FIFA World Cup 2026 roster
526,,MUMIN Abdul,GHA,Ghana,Rayo Vallecano,DF,28,188,,,,,,,,,,,,,,,,,,,,,,,,,,,,,,,,FIFA World Cup 2026 roster
527,,FATAWU Abdul,GHA,Ghana,Leicester City FC,FW,22,177,,,,,,,,,,,,,,,,,,,,,,,,,,,,,,,,FIFA World Cup 2026 roster
528,,SIBO Kwasi,GHA,Ghana,Real Oviedo,MF,27,183,,,,,,,,,,,,,,,,,,,,,,,,,,,,,,,,FIFA World Cup 2026 roster
529,,AYEW Jordan,GHA,Ghana,Leicester City FC,FW,34,182,,,,,,,,,,,,,,,,,,,,,,,,,,,,,,,,FIFA World Cup 2026 roster
530,,THOMAS-ASANTE Brandon,GHA,Ghana,Coventry City FC,FW,27,182,,,,,,,,,,,,,,,,,,,,,,,,,,,,,,,,FIFA World Cup 2026 roster
531,,SEMENYO Antoine,GHA,Ghana,Manchester City FC,MF,26,185,,,,,,,,,,,,,,,,,,,,,,,,,,,,,,,,FIFA World Cup 2026 roster
532,,ANANG Joseph,GHA,Ghana,St Patrick's Athletic FC,GK,26,190,,,,,,,,,,,,,,,,,,,,,,,,,,,,,,,,FIFA World Cup 2026 roster
533,,BAAH Christopher Bonsu,GHA,Ghana,Al Qadsiah FC,FW,21,172,,,,,,,,,,,,,,,,,,,,,,,,,,,,,,,,FIFA World Cup 2026 roster
534,,MENSAH Gideon,GHA,Ghana,AJ Auxerre,DF,27,178,,,,,,,,,,,,,,,,,,,,,,,,,,,,,,,,FIFA World Cup 2026 roster
535,,OWUSU Elisha,GHA,Ghana,AJ Auxerre,MF,28,182,,,,,,,,,,,,,,,,,,,,,,,,,,,,,,,,FIFA World Cup 2026 roster
536,,ASARE Benjamin,GHA,Ghana,Hearts Of Oak SC,GK,33,188,,,,,,,,,,,,,,,,,,,,,,,,,,,,,,,,FIFA World Cup 2026 roster
537,,RAHMAN Baba,GHA,Ghana,PAOK Saloniki,DF,31,179,,,,,,,,,,,,,,,,,,,,,,,,,,,,,,,,FIFA World Cup 2026 roster
538,,OPOKU Jerome,GHA,Ghana,Başakşehir FK,DF,27,197,,,,,,,,,,,,,,,,,,,,,,,,,,,,,,,,FIFA World Cup 2026 roster
539,,WILLIAMS Inaki,GHA,Ghana,Athletic Club,FW,31,186,,,,,,,,,,,,,,,,,,,,,,,,,,,,,,,,FIFA World Cup 2026 roster
540,,BOAKYE Augustine,GHA,Ghana,AS Saint-Etienne,MF,25,178,,,,,,,,,,,,,,,,,,,,,,,,,,,,,,,,FIFA World Cup 2026 roster
541,,OPPONG Kojo Peprah,GHA,Ghana,OGC Nice,DF,22,185,,,,,,,,,,,,,,,,,,,,,,,,,,,,,,,,FIFA World Cup 2026 roster
542,,SULEMANA Kamaldeen,GHA,Ghana,Atalanta Bergamo,FW,24,174,,,,,,,,,,,,,,,,,,,,,,,,,,,,,,,,FIFA World Cup 2026 roster
543,,LUCKASSEN Derrick,GHA,Ghana,Pafos FC,DF,30,188,,,,,,,,,,,,,,,,,,,,,,,,,,,,,,,,FIFA World Cup 2026 roster
544,,NUAMAH Ernest,GHA,Ghana,Olympique Lyonnais,FW,22,178,,,,,,,,,,,,,,,,,,,,,,,,,,,,,,,,FIFA World Cup 2026 roster
545,,ADU Prince,GHA,Ghana,FC Viktoria Plzeň,FW,22,179,,,,,,,,,,,,,,,,,,,,,,,,,,,,,,,,FIFA World Cup 2026 roster
546,,SENAYA Marvin,GHA,Ghana,AJ Auxerre,DF,25,181,,,,,,,,,,,,,,,,,,,,,,,,,,,,,,,,FIFA World Cup 2026 roster
547,,PLACIDE Johny,HAI,Haiti,SC Bastia,GK,38,181,,,,,,,,,,,,,,,,,,,,,,,,,,,,,,,,FIFA World Cup 2026 roster
548,,ARCUS Carlens,HAI,Haiti,Angers SCO,DF,29,180,,,,,,,,,,,,,,,,,,,,,,,,,,,,,,,,FIFA World Cup 2026 roster
549,,THERMONCY Keeto,HAI,Haiti,BSC Young Boys,DF,20,179,,,,,,,,,,,,,,,,,,,,,,,,,,,,,,,,FIFA World Cup 2026 roster
550,,ADE Ricardo,HAI,Haiti,LDU Quito,DF,36,190,,,,,,,,,,,,,,,,,,,,,,,,,,,,,,,,FIFA World Cup 2026 roster
551,,DELCROIX Hannes,HAI,Haiti,FC Lugano,DF,27,183,,,,,,,,,,,,,,,,,,,,,,,,,,,,,,,,FIFA World Cup 2026 roster
552,,SAINTE Carl,HAI,Haiti,El Paso Locomotive FC,MF,23,182,,,,,,,,,,,,,,,,,,,,,,,,,,,,,,,,FIFA World Cup 2026 roster
553,,ETIENNE Derrick,HAI,Haiti,Toronto FC,FW,29,178,,,,,,,,,,,,,,,,,,,,,,,,,,,,,,,,FIFA World Cup 2026 roster
554,,EXPERIENCE Martin,HAI,Haiti,AS Nancy,DF,27,178,,,,,,,,,,,,,,,,,,,,,,,,,,,,,,,,FIFA World Cup 2026 roster
555,,NAZON Duckens,HAI,Haiti,Esteghlal Tehran FC,FW,32,181,,,,,,,,,,,,,,,,,,,,,,,,,,,,,,,,FIFA World Cup 2026 roster
556,,BELLEGARDE Jean-Ricner,HAI,Haiti,Wolverhampton Wanderers FC,MF,27,170,,,,,,,,,,,,,,,,,,,,,,,,,,,,,,,,FIFA World Cup 2026 roster
557,,DEEDSON Louicius,HAI,Haiti,FC Dallas,FW,25,178,,,,,,,,,,,,,,,,,,,,,,,,,,,,,,,,FIFA World Cup 2026 roster
558,,PIERRE Alexandre,HAI,Haiti,FC Sochaux-Montbéliard,GK,25,190,,,,,,,,,,,,,,,,,,,,,,,,,,,,,,,,FIFA World Cup 2026 roster
559,,LACROIX Markhus,HAI,Haiti,Colorado Springs Switchbacks FC,DF,32,175,,,,,,,,,,,,,,,,,,,,,,,,,,,,,,,,FIFA World Cup 2026 roster
560,,PIERRE Leverton,HAI,Haiti,FC Vizela,MF,28,181,,,,,,,,,,,,,,,,,,,,,,,,,,,,,,,,FIFA World Cup 2026 roster
561,,PROVIDENCE Ruben,HAI,Haiti,Almere City FC,FW,24,178,,,,,,,,,,,,,,,,,,,,,,,,,,,,,,,,FIFA World Cup 2026 roster
562,,JOSEPH Lenny,HAI,Haiti,Ferencvárosi TC,FW,25,182,,,,,,,,,,,,,,,,,,,,,,,,,,,,,,,,FIFA World Cup 2026 roster
563,,JEAN JACQUES Danley,HAI,Haiti,Philadelphia Union,MF,26,182,,,,,,,,,,,,,,,,,,,,,,,,,,,,,,,,FIFA World Cup 2026 roster
564,,ISIDOR Wilson,HAI,Haiti,Sunderland AFC,FW,25,184,,,,,,,,,,,,,,,,,,,,,,,,,,,,,,,,FIFA World Cup 2026 roster
565,,FORTUNE Yassin,HAI,Haiti,FC Vizela,FW,27,186,,,,,,,,,,,,,,,,,,,,,,,,,,,,,,,,FIFA World Cup 2026 roster
566,,PIERROT Frantzdy,HAI,Haiti,Çaykur Rizespor,FW,31,194,,,,,,,,,,,,,,,,,,,,,,,,,,,,,,,,FIFA World Cup 2026 roster
567,,CASIMIR Josue,HAI,Haiti,AJ Auxerre,FW,24,178,,,,,,,,,,,,,,,,,,,,,,,,,,,,,,,,FIFA World Cup 2026 roster
568,,DUVERNE Jean-Kevin,HAI,Haiti,KAA Gent,DF,28,184,,,,,,,,,,,,,,,,,,,,,,,,,,,,,,,,FIFA World Cup 2026 roster
569,,DUVERGER Josue,HAI,Haiti,FC Cosmos Koblenz,GK,26,187,,,,,,,,,,,,,,,,,,,,,,,,,,,,,,,,FIFA World Cup 2026 roster
570,,PAUGAIN Wilguens,HAI,Haiti,SV Zulte Waregem,DF,24,180,,,,,,,,,,,,,,,,,,,,,,,,,,,,,,,,FIFA World Cup 2026 roster
571,,SIMON Dominique,HAI,Haiti,FC Tatran Prešov,MF,25,178,,,,,,,,,,,,,,,,,,,,,,,,,,,,,,,,FIFA World Cup 2026 roster
572,,PIERRE Woodensky,HAI,Haiti,Violette AC,MF,21,177,,,,,,,,,,,,,,,,,,,,,,,,,,,,,,,,FIFA World Cup 2026 roster
573,,BEIRANVAND Alireza,IRN,IR Iran,Tractor Sazi Tabriz FC,GK,33,195,,,,,,,,,,,,,,,,,,,,,,,,,,,,,,,,FIFA World Cup 2026 roster
574,,HARDANI Saleh,IRN,IR Iran,Esteghlal Tehran FC,DF,27,176,,,,,,,,,,,,,,,,,,,,,,,,,,,,,,,,FIFA World Cup 2026 roster
575,,HAJISAFI Ehsan,IRN,IR Iran,Sepahan SC,DF,36,178,,,,,,,,,,,,,,,,,,,,,,,,,,,,,,,,FIFA World Cup 2026 roster
576,,KHALILZADEH Shoja,IRN,IR Iran,Tractor Sazi Tabriz FC,DF,37,183,,,,,,,,,,,,,,,,,,,,,,,,,,,,,,,,FIFA World Cup 2026 roster
577,,MOHAMMADI Milad,IRN,IR Iran,Persepolis FC,DF,32,175,,,,,,,,,,,,,,,,,,,,,,,,,,,,,,,,FIFA World Cup 2026 roster
578,,EZATOLAHI Saeid,IRN,IR Iran,Shabab Al Ahli Club,MF,29,189,,,,,,,,,,,,,,,,,,,,,,,,,,,,,,,,FIFA World Cup 2026 roster
579,,JAHANBAKHSH Alireza,IRN,IR Iran,FCV Dender EH,MF,32,180,,,,,,,,,,,,,,,,,,,,,,,,,,,,,,,,FIFA World Cup 2026 roster
580,,MOHEBBI Mohammad,IRN,IR Iran,FC Rostov,MF,27,187,,,,,,,,,,,,,,,,,,,,,,,,,,,,,,,,FIFA World Cup 2026 roster
581,,TAREMI Mehdi,IRN,IR Iran,Olympiacos FC,FW,33,187,,,,,,,,,,,,,,,,,,,,,,,,,,,,,,,,FIFA World Cup 2026 roster
582,,GHAYEDI Mehdi,IRN,IR Iran,Al Nasr SC,FW,27,166,,,,,,,,,,,,,,,,,,,,,,,,,,,,,,,,FIFA World Cup 2026 roster
583,,ALIPOUR Ali,IRN,IR Iran,Persepolis FC,FW,30,181,,,,,,,,,,,,,,,,,,,,,,,,,,,,,,,,FIFA World Cup 2026 roster
584,,NIAZMAND Payam,IRN,IR Iran,Persepolis FC,GK,31,193,,,,,,,,,,,,,,,,,,,,,,,,,,,,,,,,FIFA World Cup 2026 roster
585,,KANANI Hossein,IRN,IR Iran,Persepolis FC,DF,32,188,,,,,,,,,,,,,,,,,,,,,,,,,,,,,,,,FIFA World Cup 2026 roster
586,,GHODDOS Saman,IRN,IR Iran,Al Ittihad Kalba SCC,MF,32,176,,,,,,,,,,,,,,,,,,,,,,,,,,,,,,,,FIFA World Cup 2026 roster
587,,CHESHMI Roozbeh,IRN,IR Iran,Esteghlal Tehran FC,MF,32,192,,,,,,,,,,,,,,,,,,,,,,,,,,,,,,,,FIFA World Cup 2026 roster
588,,TORABI Mehdi,IRN,IR Iran,Tractor Sazi Tabriz FC,MF,31,185,,,,,,,,,,,,,,,,,,,,,,,,,,,,,,,,FIFA World Cup 2026 roster
589,,YOUSEFI Arya,IRN,IR Iran,Sepahan SC,DF,24,181,,,,,,,,,,,,,,,,,,,,,,,,,,,,,,,,FIFA World Cup 2026 roster
590,,HOSSEINZADEH Amirhossein,IRN,IR Iran,Tractor Sazi Tabriz FC,FW,25,178,,,,,,,,,,,,,,,,,,,,,,,,,,,,,,,,FIFA World Cup 2026 roster
591,,NEMATI Ali,IRN,IR Iran,Foolad Khuzestan FC,DF,30,182,,,,,,,,,,,,,,,,,,,,,,,,,,,,,,,,FIFA World Cup 2026 roster
592,,MOGHANLOO Shahriyar,IRN,IR Iran,Al Ittihad Kalba SCC,FW,31,189,,,,,,,,,,,,,,,,,,,,,,,,,,,,,,,,FIFA World Cup 2026 roster
593,,GHORBANI Mohammad,IRN,IR Iran,Al Wahda SC,MF,24,190,,,,,,,,,,,,,,,,,,,,,,,,,,,,,,,,FIFA World Cup 2026 roster
594,,HOSSEINI Hossein,IRN,IR Iran,Sepahan SC,GK,33,189,,,,,,,,,,,,,,,,,,,,,,,,,,,,,,,,FIFA World Cup 2026 roster
595,,REZAEIAN Ramin,IRN,IR Iran,Foolad Khuzestan FC,DF,36,184,,,,,,,,,,,,,,,,,,,,,,,,,,,,,,,,FIFA World Cup 2026 roster
596,,DARGAHI Dennis,IRN,IR Iran,Standard Liège,FW,29,182,,,,,,,,,,,,,,,,,,,,,,,,,,,,,,,,FIFA World Cup 2026 roster
597,,IRI Danial,IRN,IR Iran,Malavan Anzali FC,DF,22,182,,,,,,,,,,,,,,,,,,,,,,,,,,,,,,,,FIFA World Cup 2026 roster
598,,RAZAGHINIA Amirmohammad,IRN,IR Iran,Esteghlal Tehran FC,MF,20,187,,,,,,,,,,,,,,,,,,,,,,,,,,,,,,,,FIFA World Cup 2026 roster
599,,FAHAD TALIB,IRQ,Iraq,Al Talaba SC,GK,31,192,,,,,,,,,,,,,,,,,,,,,,,,,,,,,,,,FIFA World Cup 2026 roster
600,,REBIN SULAKA,IRQ,Iraq,Port FC,DF,34,193,,,,,,,,,,,,,,,,,,,,,,,,,,,,,,,,FIFA World Cup 2026 roster
601,,HUSSEIN ALI,IRQ,Iraq,Pogoń Szczecin,DF,24,182,,,,,,,,,,,,,,,,,,,,,,,,,,,,,,,,FIFA World Cup 2026 roster
602,,ZAID TAHSEEN,IRQ,Iraq,Pakhtakor Tashkent FK,DF,25,187,,,,,,,,,,,,,,,,,,,,,,,,,,,,,,,,FIFA World Cup 2026 roster
603,,AKAM HASHIM,IRQ,Iraq,Al Zawra'a SC,DF,27,184,,,,,,,,,,,,,,,,,,,,,,,,,,,,,,,,FIFA World Cup 2026 roster
604,,MUNAF YOUNUS,IRQ,Iraq,Al Shorta SC,DF,29,184,,,,,,,,,,,,,,,,,,,,,,,,,,,,,,,,FIFA World Cup 2026 roster
605,,YOUSSEF AMYN,IRQ,Iraq,AEK Larnaca FC,MF,22,172,,,,,,,,,,,,,,,,,,,,,,,,,,,,,,,,FIFA World Cup 2026 roster
606,,IBRAHIM BAYESH,IRQ,Iraq,Al Dhafra SCC,MF,26,180,,,,,,,,,,,,,,,,,,,,,,,,,,,,,,,,FIFA World Cup 2026 roster
607,,ALI ALHAMADI,IRQ,Iraq,Luton Town FC,FW,24,187,,,,,,,,,,,,,,,,,,,,,,,,,,,,,,,,FIFA World Cup 2026 roster
608,,MOHANAD ALI,IRQ,Iraq,Dibba FC,FW,25,183,,,,,,,,,,,,,,,,,,,,,,,,,,,,,,,,FIFA World Cup 2026 roster
609,,AHMED QASIM,IRQ,Iraq,Nashville SC,FW,22,183,,,,,,,,,,,,,,,,,,,,,,,,,,,,,,,,FIFA World Cup 2026 roster
610,,JALAL HASSAN,IRQ,Iraq,Al Zawra'a SC,GK,35,188,,,,,,,,,,,,,,,,,,,,,,,,,,,,,,,,FIFA World Cup 2026 roster
611,,ALI YOUSIF,IRQ,Iraq,Al Talaba SC,FW,30,180,,,,,,,,,,,,,,,,,,,,,,,,,,,,,,,,FIFA World Cup 2026 roster
612,,ZIDANE IQBAL,IRQ,Iraq,FC Utrecht,MF,23,183,,,,,,,,,,,,,,,,,,,,,,,,,,,,,,,,FIFA World Cup 2026 roster
613,,AHMED MAKNAZI,IRQ,Iraq,Al Karma SC,DF,24,183,,,,,,,,,,,,,,,,,,,,,,,,,,,,,,,,FIFA World Cup 2026 roster
614,,AMIR ALAMMARI,IRQ,Iraq,KS Cracovia,MF,28,180,,,,,,,,,,,,,,,,,,,,,,,,,,,,,,,,FIFA World Cup 2026 roster
615,,ALI JASIM,IRQ,Iraq,Al Najmah SC,FW,22,178,,,,,,,,,,,,,,,,,,,,,,,,,,,,,,,,FIFA World Cup 2026 roster
616,,AYMEN HUSSEIN,IRQ,Iraq,Al Karma SC,FW,30,190,,,,,,,,,,,,,,,,,,,,,,,,,,,,,,,,FIFA World Cup 2026 roster
617,,KEVIN YAKOB,IRQ,Iraq,Aarhus GF,MF,25,180,,,,,,,,,,,,,,,,,,,,,,,,,,,,,,,,FIFA World Cup 2026 roster
618,,AIMAR SHER,IRQ,Iraq,Sarpsborg 08 FF,MF,23,180,,,,,,,,,,,,,,,,,,,,,,,,,,,,,,,,FIFA World Cup 2026 roster
619,,MARKO FARJI,IRQ,Iraq,Venezia FC,FW,22,185,,,,,,,,,,,,,,,,,,,,,,,,,,,,,,,,FIFA World Cup 2026 roster
620,,AHMED BASIL,IRQ,Iraq,Al Shorta SC,GK,29,184,,,,,,,,,,,,,,,,,,,,,,,,,,,,,,,,FIFA World Cup 2026 roster
621,,MERCHAS DOSKI,IRQ,Iraq,FC Viktoria Plzeň,DF,26,173,,,,,,,,,,,,,,,,,,,,,,,,,,,,,,,,FIFA World Cup 2026 roster
622,,ZAID ISMAEL,IRQ,Iraq,Al Talaba SC,MF,24,185,,,,,,,,,,,,,,,,,,,,,,,,,,,,,,,,FIFA World Cup 2026 roster
623,,MUSTAFA SAADOON,IRQ,Iraq,Al Shorta SC,DF,25,181,,,,,,,,,,,,,,,,,,,,,,,,,,,,,,,,FIFA World Cup 2026 roster
624,,FRANS PUTROS,IRQ,Iraq,Persib Bandung,DF,32,182,,,,,,,,,,,,,,,,,,,,,,,,,,,,,,,,FIFA World Cup 2026 roster
625,,SUZUKI Zion,JPN,Japan,Parma,GK,23,190,,,,,,,,,,,,,,,,,,,,,,,,,,,,,,,,FIFA World Cup 2026 roster
626,,SUGAWARA Yukinari,JPN,Japan,SV Werder Bremen,DF,25,179,,,,,,,,,,,,,,,,,,,,,,,,,,,,,,,,FIFA World Cup 2026 roster
627,,TANIGUCHI Shogo,JPN,Japan,Sint-Truiden VV,DF,34,185,,,,,,,,,,,,,,,,,,,,,,,,,,,,,,,,FIFA World Cup 2026 roster
628,,ITAKURA Kou,JPN,Japan,AFC Ajax,DF,29,188,,,,,,,,,,,,,,,,,,,,,,,,,,,,,,,,FIFA World Cup 2026 roster
629,,NAGATOMO Yuto,JPN,Japan,FC Tokyo,DF,39,170,,,,,,,,,,,,,,,,,,,,,,,,,,,,,,,,FIFA World Cup 2026 roster
630,,ENDO Wataru,JPN,Japan,Liverpool FC,MF,33,178,,,,,,,,,,,,,,,,,,,,,,,,,,,,,,,,FIFA World Cup 2026 roster
631,,TANAKA Ao,JPN,Japan,Leeds United FC,MF,27,180,,,,,,,,,,,,,,,,,,,,,,,,,,,,,,,,FIFA World Cup 2026 roster
632,,KUBO Takefusa,JPN,Japan,Real Sociedad,MF,25,173,,,,,,,,,,,,,,,,,,,,,,,,,,,,,,,,FIFA World Cup 2026 roster
633,,GOTO Keisuke,JPN,Japan,Sint-Truiden VV,FW,21,191,,,,,,,,,,,,,,,,,,,,,,,,,,,,,,,,FIFA World Cup 2026 roster
634,,DOAN Ritsu,JPN,Japan,Eintracht Frankfurt,MF,27,172,,,,,,,,,,,,,,,,,,,,,,,,,,,,,,,,FIFA World Cup 2026 roster
635,,MAEDA Daizen,JPN,Japan,Celtic FC,MF,28,173,,,,,,,,,,,,,,,,,,,,,,,,,,,,,,,,FIFA World Cup 2026 roster
636,,OSAKO Keisuke,JPN,Japan,Sanfrecce Hiroshima,GK,26,188,,,,,,,,,,,,,,,,,,,,,,,,,,,,,,,,FIFA World Cup 2026 roster
637,,NAKAMURA Keito,JPN,Japan,Stade Reims,MF,25,180,,,,,,,,,,,,,,,,,,,,,,,,,,,,,,,,FIFA World Cup 2026 roster
638,,ITO Junya,JPN,Japan,KRC Genk,MF,33,177,,,,,,,,,,,,,,,,,,,,,,,,,,,,,,,,FIFA World Cup 2026 roster
639,,KAMADA Daichi,JPN,Japan,Crystal Palace FC,MF,29,180,,,,,,,,,,,,,,,,,,,,,,,,,,,,,,,,FIFA World Cup 2026 roster
640,,WATANABE Tsuyoshi,JPN,Japan,Feyenoord Rotterdam,DF,29,184,,,,,,,,,,,,,,,,,,,,,,,,,,,,,,,,FIFA World Cup 2026 roster
641,,SUZUKI Yuito,JPN,Japan,SC Freiburg,MF,24,175,,,,,,,,,,,,,,,,,,,,,,,,,,,,,,,,FIFA World Cup 2026 roster
642,,UEDA Ayase,JPN,Japan,Feyenoord Rotterdam,FW,27,182,,,,,,,,,,,,,,,,,,,,,,,,,,,,,,,,FIFA World Cup 2026 roster
643,,OGAWA Koki,JPN,Japan,NEC Nijmegen,FW,28,186,,,,,,,,,,,,,,,,,,,,,,,,,,,,,,,,FIFA World Cup 2026 roster
644,,SEKO Ayumu,JPN,Japan,Le Havre AC,DF,26,186,,,,,,,,,,,,,,,,,,,,,,,,,,,,,,,,FIFA World Cup 2026 roster
645,,ITO Hiroki,JPN,Japan,FC Bayern München,DF,27,188,,,,,,,,,,,,,,,,,,,,,,,,,,,,,,,,FIFA World Cup 2026 roster
646,,TOMIYASU Takehiro,JPN,Japan,AFC Ajax,DF,27,187,,,,,,,,,,,,,,,,,,,,,,,,,,,,,,,,FIFA World Cup 2026 roster
647,,HAYAKAWA Tomoki,JPN,Japan,Kashima Antlers,GK,27,187,,,,,,,,,,,,,,,,,,,,,,,,,,,,,,,,FIFA World Cup 2026 roster
648,,SANO Kaishu,JPN,Japan,1. FSV Mainz 05,MF,25,176,,,,,,,,,,,,,,,,,,,,,,,,,,,,,,,,FIFA World Cup 2026 roster
649,,SUZUKI Junnosuke,JPN,Japan,FC København,DF,22,180,,,,,,,,,,,,,,,,,,,,,,,,,,,,,,,,FIFA World Cup 2026 roster
650,,SHIOGAI Kento,JPN,Japan,VfL Wolfsburg,FW,21,180,,,,,,,,,,,,,,,,,,,,,,,,,,,,,,,,FIFA World Cup 2026 roster
651,,YAZEED ABULAILA,JOR,Jordan,Al Hussein SC,GK,33,188,,,,,,,,,,,,,,,,,,,,,,,,,,,,,,,,FIFA World Cup 2026 roster
652,,MOHAMMAD ABUHASHEESH,JOR,Jordan,Al Karma SC,DF,31,179,,,,,,,,,,,,,,,,,,,,,,,,,,,,,,,,FIFA World Cup 2026 roster
653,,ABDALLAH NASIB,JOR,Jordan,Al Zawra'a SC,DF,32,184,,,,,,,,,,,,,,,,,,,,,,,,,,,,,,,,FIFA World Cup 2026 roster
654,,HUSAM ABUDAHAB,JOR,Jordan,Al Faisaly SC,DF,26,186,,,,,,,,,,,,,,,,,,,,,,,,,,,,,,,,FIFA World Cup 2026 roster
655,,YAZAN ALARAB,JOR,Jordan,FC Seoul,DF,30,185,,,,,,,,,,,,,,,,,,,,,,,,,,,,,,,,FIFA World Cup 2026 roster
656,,AMER JAMOUS,JOR,Jordan,Al Zawra'a SC,MF,23,177,,,,,,,,,,,,,,,,,,,,,,,,,,,,,,,,FIFA World Cup 2026 roster
657,,MOHAMMAD ABUZRAIQ,JOR,Jordan,Raja Casablanca,FW,28,170,,,,,,,,,,,,,,,,,,,,,,,,,,,,,,,,FIFA World Cup 2026 roster
658,,NOOR ALRAWABDEH,JOR,Jordan,Selangor FC,MF,29,182,,,,,,,,,,,,,,,,,,,,,,,,,,,,,,,,FIFA World Cup 2026 roster
659,,ALI OLWAN,JOR,Jordan,Al Sailiya SC,FW,26,182,,,,,,,,,,,,,,,,,,,,,,,,,,,,,,,,FIFA World Cup 2026 roster
660,,MOUSA ALTAMARI,JOR,Jordan,Stade Rennais FC,FW,29,176,,,,,,,,,,,,,,,,,,,,,,,,,,,,,,,,FIFA World Cup 2026 roster
661,,ODEH FAKHOURY,JOR,Jordan,Pyramids FC,FW,20,180,,,,,,,,,,,,,,,,,,,,,,,,,,,,,,,,FIFA World Cup 2026 roster
662,,NOUR BANIATEYAH,JOR,Jordan,Al Faisaly SC,GK,33,179,,,,,,,,,,,,,,,,,,,,,,,,,,,,,,,,FIFA World Cup 2026 roster
663,,MAHMOUD ALMARDI,JOR,Jordan,Al Hussein SC,FW,32,173,,,,,,,,,,,,,,,,,,,,,,,,,,,,,,,,FIFA World Cup 2026 roster
664,,RAJAEI AYED,JOR,Jordan,Al Hussein SC,MF,32,175,,,,,,,,,,,,,,,,,,,,,,,,,,,,,,,,FIFA World Cup 2026 roster
665,,IBRAHIM SADEH,JOR,Jordan,Al Karma SC,MF,26,175,,,,,,,,,,,,,,,,,,,,,,,,,,,,,,,,FIFA World Cup 2026 roster
666,,MOHAMMAD ABUALNADI,JOR,Jordan,Selangor FC,DF,25,185,,,,,,,,,,,,,,,,,,,,,,,,,,,,,,,,FIFA World Cup 2026 roster
667,,SALEEM OBAID,JOR,Jordan,Al Hussein SC,DF,34,187,,,,,,,,,,,,,,,,,,,,,,,,,,,,,,,,FIFA World Cup 2026 roster
668,,MOHAMMAD ABUGHOUSH,JOR,Jordan,Al Hussein SC,MF,20,182,,,,,,,,,,,,,,,,,,,,,,,,,,,,,,,,FIFA World Cup 2026 roster
669,,SAED ALROSAN,JOR,Jordan,Al Hussein SC,DF,29,186,,,,,,,,,,,,,,,,,,,,,,,,,,,,,,,,FIFA World Cup 2026 roster
670,,MOHANNAD ABUTAHA,JOR,Jordan,Al-Quwa Al-Jawiya,MF,23,173,,,,,,,,,,,,,,,,,,,,,,,,,,,,,,,,FIFA World Cup 2026 roster
671,,NIZAR ALRASHDAN,JOR,Jordan,Qatar SC,MF,27,183,,,,,,,,,,,,,,,,,,,,,,,,,,,,,,,,FIFA World Cup 2026 roster
672,,ABDALLAH ALFAKHORI,JOR,Jordan,Al Wahdat SC,GK,26,190,,,,,,,,,,,,,,,,,,,,,,,,,,,,,,,,FIFA World Cup 2026 roster
673,,EHSAN HADDAD,JOR,Jordan,Al Hussein SC,DF,32,174,,,,,,,,,,,,,,,,,,,,,,,,,,,,,,,,FIFA World Cup 2026 roster
674,,ALI AZAIZEH,JOR,Jordan,Al Shabab FC,FW,22,178,,,,,,,,,,,,,,,,,,,,,,,,,,,,,,,,FIFA World Cup 2026 roster
675,,MOHAMMAD ALDAOUD,JOR,Jordan,Al Wahdat SC,MF,34,185,,,,,,,,,,,,,,,,,,,,,,,,,,,,,,,,FIFA World Cup 2026 roster
676,,ANAS BADAWI,JOR,Jordan,Al Faisaly SC,DF,28,174,,,,,,,,,,,,,,,,,,,,,,,,,,,,,,,,FIFA World Cup 2026 roster
677,,KIM Seunggyu,KOR,Korea Republic,FC Tokyo,GK,35,187,,,,,,,,,,,,,,,,,,,,,,,,,,,,,,,,FIFA World Cup 2026 roster
678,,LEE Hanbeom,KOR,Korea Republic,FC Midtjylland,DF,23,188,,,,,,,,,,,,,,,,,,,,,,,,,,,,,,,,FIFA World Cup 2026 roster
679,,LEE Gihyuk,KOR,Korea Republic,Gangwon FC,MF,25,184,,,,,,,,,,,,,,,,,,,,,,,,,,,,,,,,FIFA World Cup 2026 roster
680,,KIM Minjae,KOR,Korea Republic,FC Bayern München,DF,29,190,,,,,,,,,,,,,,,,,,,,,,,,,,,,,,,,FIFA World Cup 2026 roster
681,,KIM Taehyeon,KOR,Korea Republic,Kashima Antlers,DF,25,186,,,,,,,,,,,,,,,,,,,,,,,,,,,,,,,,FIFA World Cup 2026 roster
682,,HWANG Inbeom,KOR,Korea Republic,Feyenoord Rotterdam,MF,29,177,,,,,,,,,,,,,,,,,,,,,,,,,,,,,,,,FIFA World Cup 2026 roster
683,,SON Heungmin,KOR,Korea Republic,LAFC,FW,33,183,,,,,,,,,,,,,,,,,,,,,,,,,,,,,,,,FIFA World Cup 2026 roster
684,,PAIK Seungho,KOR,Korea Republic,Birmingham City FC,MF,29,182,,,,,,,,,,,,,,,,,,,,,,,,,,,,,,,,FIFA World Cup 2026 roster
685,,CHO Guesung,KOR,Korea Republic,FC Midtjylland,FW,28,188,,,,,,,,,,,,,,,,,,,,,,,,,,,,,,,,FIFA World Cup 2026 roster
686,,LEE Jaesung,KOR,Korea Republic,1. FSV Mainz 05,MF,33,180,,,,,,,,,,,,,,,,,,,,,,,,,,,,,,,,FIFA World Cup 2026 roster
687,,HWANG Heechan,KOR,Korea Republic,Wolverhampton Wanderers FC,MF,30,177,,,,,,,,,,,,,,,,,,,,,,,,,,,,,,,,FIFA World Cup 2026 roster
688,,SONG Bumkeun,KOR,Korea Republic,Jeonbuk Hyundai Motors FC,GK,28,196,,,,,,,,,,,,,,,,,,,,,,,,,,,,,,,,FIFA World Cup 2026 roster
689,,LEE Taeseok,KOR,Korea Republic,FK Austria Wien,DF,23,174,,,,,,,,,,,,,,,,,,,,,,,,,,,,,,,,FIFA World Cup 2026 roster
690,,CHO Wije,KOR,Korea Republic,Jeonbuk Hyundai Motors FC,DF,24,190,,,,,,,,,,,,,,,,,,,,,,,,,,,,,,,,FIFA World Cup 2026 roster
691,,KIM Moonhwan,KOR,Korea Republic,Daejeon Hana Citizen FC,DF,30,173,,,,,,,,,,,,,,,,,,,,,,,,,,,,,,,,FIFA World Cup 2026 roster
692,,PARK Jinseob,KOR,Korea Republic,Zhejiang FC,DF,30,183,,,,,,,,,,,,,,,,,,,,,,,,,,,,,,,,FIFA World Cup 2026 roster
693,,BAE Junho,KOR,Korea Republic,Stoke City FC,MF,22,180,,,,,,,,,,,,,,,,,,,,,,,,,,,,,,,,FIFA World Cup 2026 roster
694,,OH Hyeongyu,KOR,Korea Republic,Beşiktaş JK,FW,25,183,,,,,,,,,,,,,,,,,,,,,,,,,,,,,,,,FIFA World Cup 2026 roster
695,,LEE Kangin,KOR,Korea Republic,Paris Saint-Germain,MF,25,174,,,,,,,,,,,,,,,,,,,,,,,,,,,,,,,,FIFA World Cup 2026 roster
696,,YANG Hyunjun,KOR,Korea Republic,Celtic FC,MF,24,179,,,,,,,,,,,,,,,,,,,,,,,,,,,,,,,,FIFA World Cup 2026 roster
697,,JO Hyeonwoo,KOR,Korea Republic,Ulsan HD,GK,34,189,,,,,,,,,,,,,,,,,,,,,,,,,,,,,,,,FIFA World Cup 2026 roster
698,,SEOL Youngwoo,KOR,Korea Republic,FK Crvena Zvezda,DF,27,180,,,,,,,,,,,,,,,,,,,,,,,,,,,,,,,,FIFA World Cup 2026 roster
699,,CASTROP Jens,KOR,Korea Republic,Borussia Mönchengladbach,DF,22,178,,,,,,,,,,,,,,,,,,,,,,,,,,,,,,,,FIFA World Cup 2026 roster
700,,KIM Jingyu,KOR,Korea Republic,Jeonbuk Hyundai Motors FC,MF,29,177,,,,,,,,,,,,,,,,,,,,,,,,,,,,,,,,FIFA World Cup 2026 roster
701,,EOM Jisung,KOR,Korea Republic,Swansea City AFC,MF,24,177,,,,,,,,,,,,,,,,,,,,,,,,,,,,,,,,FIFA World Cup 2026 roster
702,,LEE Donggyeong,KOR,Korea Republic,Ulsan HD,MF,28,175,,,,,,,,,,,,,,,,,,,,,,,,,,,,,,,,FIFA World Cup 2026 roster
703,,RANGEL Raul,MEX,Mexico,CD Guadalajara,GK,26,190,,,,,,,,,,,,,,,,,,,,,,,,,,,,,,,,FIFA World Cup 2026 roster
704,,SANCHEZ Jorge,MEX,Mexico,PAOK Saloniki,DF,28,176,,,,,,,,,,,,,,,,,,,,,,,,,,,,,,,,FIFA World Cup 2026 roster
705,,MONTES Cesar,MEX,Mexico,FC Lokomotiv Moscow,DF,29,191,,,,,,,,,,,,,,,,,,,,,,,,,,,,,,,,FIFA World Cup 2026 roster
706,,ALVAREZ Edson,MEX,Mexico,Fenerbahçe SK,DF,28,180,,,,,,,,,,,,,,,,,,,,,,,,,,,,,,,,FIFA World Cup 2026 roster
707,,VASQUEZ Johan,MEX,Mexico,Genoa CFC,DF,27,182,,,,,,,,,,,,,,,,,,,,,,,,,,,,,,,,FIFA World Cup 2026 roster
708,,LIRA Erik,MEX,Mexico,CF Cruz Azul,MF,26,172,,,,,,,,,,,,,,,,,,,,,,,,,,,,,,,,FIFA World Cup 2026 roster
709,,ROMO Luis,MEX,Mexico,CD Guadalajara,MF,31,183,,,,,,,,,,,,,,,,,,,,,,,,,,,,,,,,FIFA World Cup 2026 roster
710,,FIDALGO Alvaro,MEX,Mexico,Real Betis,MF,29,175,,,,,,,,,,,,,,,,,,,,,,,,,,,,,,,,FIFA World Cup 2026 roster
711,,JIMENEZ Raul,MEX,Mexico,Fulham FC,FW,35,188,,,,,,,,,,,,,,,,,,,,,,,,,,,,,,,,FIFA World Cup 2026 roster
712,,VEGA Alexis,MEX,Mexico,Deportivo Toluca FC,FW,28,175,,,,,,,,,,,,,,,,,,,,,,,,,,,,,,,,FIFA World Cup 2026 roster
713,,GIMENEZ Santiago,MEX,Mexico,AC Milan,FW,25,180,,,,,,,,,,,,,,,,,,,,,,,,,,,,,,,,FIFA World Cup 2026 roster
714,,ACEVEDO Carlos,MEX,Mexico,Club Santos Laguna,GK,30,185,,,,,,,,,,,,,,,,,,,,,,,,,,,,,,,,FIFA World Cup 2026 roster
715,,OCHOA Guillermo,MEX,Mexico,AEL Limassol,GK,40,185,,,,,,,,,,,,,,,,,,,,,,,,,,,,,,,,FIFA World Cup 2026 roster
716,,GONZALEZ Armando,MEX,Mexico,CD Guadalajara,FW,23,182,,,,,,,,,,,,,,,,,,,,,,,,,,,,,,,,FIFA World Cup 2026 roster
717,,REYES Israel,MEX,Mexico,Club América,DF,26,181,,,,,,,,,,,,,,,,,,,,,,,,,,,,,,,,FIFA World Cup 2026 roster
718,,QUINONES Julian,MEX,Mexico,Al Qadsiah FC,FW,29,177,,,,,,,,,,,,,,,,,,,,,,,,,,,,,,,,FIFA World Cup 2026 roster
719,,PINEDA Orbelin,MEX,Mexico,AEK Athens,MF,30,169,,,,,,,,,,,,,,,,,,,,,,,,,,,,,,,,FIFA World Cup 2026 roster
720,,VARGAS Obed,MEX,Mexico,Atlético De Madrid,MF,20,175,,,,,,,,,,,,,,,,,,,,,,,,,,,,,,,,FIFA World Cup 2026 roster
721,,MORA Gilberto,MEX,Mexico,Club Tijuana,MF,17,175,,,,,,,,,,,,,,,,,,,,,,,,,,,,,,,,FIFA World Cup 2026 roster
722,,CHAVEZ Mateo,MEX,Mexico,AZ Alkmaar,DF,22,178,,,,,,,,,,,,,,,,,,,,,,,,,,,,,,,,FIFA World Cup 2026 roster
723,,HUERTA Cesar,MEX,Mexico,RSC Anderlecht,FW,25,171,,,,,,,,,,,,,,,,,,,,,,,,,,,,,,,,FIFA World Cup 2026 roster
724,,MARTINEZ Guillermo,MEX,Mexico,Pumas UNAM,FW,31,191,,,,,,,,,,,,,,,,,,,,,,,,,,,,,,,,FIFA World Cup 2026 roster
725,,GALLARDO Jesus,MEX,Mexico,Deportivo Toluca FC,DF,31,174,,,,,,,,,,,,,,,,,,,,,,,,,,,,,,,,FIFA World Cup 2026 roster
726,,CHAVEZ Luis,MEX,Mexico,FC Dynamo Moscow,MF,30,178,,,,,,,,,,,,,,,,,,,,,,,,,,,,,,,,FIFA World Cup 2026 roster
727,,ALVARADO Roberto,MEX,Mexico,CD Guadalajara,FW,27,176,,,,,,,,,,,,,,,,,,,,,,,,,,,,,,,,FIFA World Cup 2026 roster
728,,GUTIERREZ Brian,MEX,Mexico,CD Guadalajara,MF,22,178,,,,,,,,,,,,,,,,,,,,,,,,,,,,,,,,FIFA World Cup 2026 roster
729,,BOUNOU Yassine,MAR,Morocco,Al Hilal SC,GK,35,192,,,,,,,,,,,,,,,,,,,,,,,,,,,,,,,,FIFA World Cup 2026 roster
730,,HAKIMI Achraf,MAR,Morocco,Paris Saint-Germain,DF,27,180,,,,,,,,,,,,,,,,,,,,,,,,,,,,,,,,FIFA World Cup 2026 roster
731,,MAZRAOUI Noussair,MAR,Morocco,Manchester United FC,DF,28,183,,,,,,,,,,,,,,,,,,,,,,,,,,,,,,,,FIFA World Cup 2026 roster
732,,AMRABAT Sofyan,MAR,Morocco,Real Betis,MF,29,185,,,,,,,,,,,,,,,,,,,,,,,,,,,,,,,,FIFA World Cup 2026 roster
733,,AGUERD Nayef,MAR,Morocco,Olympique Marseille,DF,30,190,,,,,,,,,,,,,,,,,,,,,,,,,,,,,,,,FIFA World Cup 2026 roster
734,,BOUADDI Ayyoub,MAR,Morocco,Lille OSC,MF,18,185,,,,,,,,,,,,,,,,,,,,,,,,,,,,,,,,FIFA World Cup 2026 roster
735,,TALBI Chemsdine,MAR,Morocco,Sunderland AFC,MF,21,175,,,,,,,,,,,,,,,,,,,,,,,,,,,,,,,,FIFA World Cup 2026 roster
736,,OUNAHI Azzedine,MAR,Morocco,Girona FC,MF,26,182,,,,,,,,,,,,,,,,,,,,,,,,,,,,,,,,FIFA World Cup 2026 roster
737,,RAHIMI Soufiane,MAR,Morocco,Al Ain FC,FW,30,180,,,,,,,,,,,,,,,,,,,,,,,,,,,,,,,,FIFA World Cup 2026 roster
738,,DIAZ Brahim,MAR,Morocco,Real Madrid C. F.,FW,26,170,,,,,,,,,,,,,,,,,,,,,,,,,,,,,,,,FIFA World Cup 2026 roster
739,,SAIBARI Ismael,MAR,Morocco,PSV Eindhoven,MF,25,185,,,,,,,,,,,,,,,,,,,,,,,,,,,,,,,,FIFA World Cup 2026 roster
740,,EL KAJOUI Munir,MAR,Morocco,RS Berkane,GK,37,190,,,,,,,,,,,,,,,,,,,,,,,,,,,,,,,,FIFA World Cup 2026 roster
741,,EL OUAHDI Zakaria,MAR,Morocco,KRC Genk,DF,24,171,,,,,,,,,,,,,,,,,,,,,,,,,,,,,,,,FIFA World Cup 2026 roster
742,,DIOP Issa,MAR,Morocco,Fulham FC,DF,29,194,,,,,,,,,,,,,,,,,,,,,,,,,,,,,,,,FIFA World Cup 2026 roster
743,,EL MOURABET Samir,MAR,Morocco,RC Strasbourg,MF,20,187,,,,,,,,,,,,,,,,,,,,,,,,,,,,,,,,FIFA World Cup 2026 roster
744,,YASSINE Gessime,MAR,Morocco,RC Strasbourg,MF,20,172,,,,,,,,,,,,,,,,,,,,,,,,,,,,,,,,FIFA World Cup 2026 roster
745,,EZZALZOULI Abde,MAR,Morocco,Real Betis,FW,24,177,,,,,,,,,,,,,,,,,,,,,,,,,,,,,,,,FIFA World Cup 2026 roster
746,,RIAD Chadi,MAR,Morocco,Crystal Palace FC,DF,22,186,,,,,,,,,,,,,,,,,,,,,,,,,,,,,,,,FIFA World Cup 2026 roster
747,,BELAMMARI Youssef,MAR,Morocco,Al Ahly FC,DF,27,175,,,,,,,,,,,,,,,,,,,,,,,,,,,,,,,,FIFA World Cup 2026 roster
748,,EL KAABI Ayoub,MAR,Morocco,Olympiacos FC,FW,32,182,,,,,,,,,,,,,,,,,,,,,,,,,,,,,,,,FIFA World Cup 2026 roster
749,,AMAIMOUNI Ayoube,MAR,Morocco,Eintracht Frankfurt,FW,21,179,,,,,,,,,,,,,,,,,,,,,,,,,,,,,,,,FIFA World Cup 2026 roster
750,,TAGNAOUTI Ahmed Reda,MAR,Morocco,ASFAR,GK,30,194,,,,,,,,,,,,,,,,,,,,,,,,,,,,,,,,FIFA World Cup 2026 roster
751,,EL KHANNOUSS Bilal,MAR,Morocco,VfB Stuttgart,MF,22,180,,,,,,,,,,,,,,,,,,,,,,,,,,,,,,,,FIFA World Cup 2026 roster
752,,EL AYNAOUI Neil,MAR,Morocco,AS Roma,MF,24,185,,,,,,,,,,,,,,,,,,,,,,,,,,,,,,,,FIFA World Cup 2026 roster
753,,HALHAL Redouane,MAR,Morocco,KV Mechelen,DF,23,189,,,,,,,,,,,,,,,,,,,,,,,,,,,,,,,,FIFA World Cup 2026 roster
754,,SALAH EDDINE Anass,MAR,Morocco,PSV Eindhoven,DF,24,181,,,,,,,,,,,,,,,,,,,,,,,,,,,,,,,,FIFA World Cup 2026 roster
755,,VERBRUGGEN Bart,NED,Netherlands,Brighton & Hove Albion FC,GK,23,193,,,,,,,,,,,,,,,,,,,,,,,,,,,,,,,,FIFA World Cup 2026 roster
756,,GEERTRUIDA Lutsharel,NED,Netherlands,Sunderland AFC,DF,25,185,,,,,,,,,,,,,,,,,,,,,,,,,,,,,,,,FIFA World Cup 2026 roster
757,,DE ROON Marten,NED,Netherlands,Atalanta Bergamo,MF,35,186,,,,,,,,,,,,,,,,,,,,,,,,,,,,,,,,FIFA World Cup 2026 roster
758,,VAN DIJK Virgil,NED,Netherlands,Liverpool FC,DF,34,195,,,,,,,,,,,,,,,,,,,,,,,,,,,,,,,,FIFA World Cup 2026 roster
759,,AKE Nathan,NED,Netherlands,Manchester City FC,DF,31,180,,,,,,,,,,,,,,,,,,,,,,,,,,,,,,,,FIFA World Cup 2026 roster
760,,VAN HECKE Jan Paul,NED,Netherlands,Brighton & Hove Albion FC,DF,26,189,,,,,,,,,,,,,,,,,,,,,,,,,,,,,,,,FIFA World Cup 2026 roster
761,,KLUIVERT Justin,NED,Netherlands,AFC Bournemouth,MF,27,173,,,,,,,,,,,,,,,,,,,,,,,,,,,,,,,,FIFA World Cup 2026 roster
762,,GRAVENBERCH Ryan,NED,Netherlands,Liverpool FC,MF,24,190,,,,,,,,,,,,,,,,,,,,,,,,,,,,,,,,FIFA World Cup 2026 roster
763,,WEGHORST Wout,NED,Netherlands,AFC Ajax,FW,33,197,,,,,,,,,,,,,,,,,,,,,,,,,,,,,,,,FIFA World Cup 2026 roster
764,,DEPAY Memphis,NED,Netherlands,SC Corinthians,FW,32,178,,,,,,,,,,,,,,,,,,,,,,,,,,,,,,,,FIFA World Cup 2026 roster
765,,GAKPO Cody,NED,Netherlands,Liverpool FC,FW,27,193,,,,,,,,,,,,,,,,,,,,,,,,,,,,,,,,FIFA World Cup 2026 roster
766,,WIEFFER Mats,NED,Netherlands,Brighton & Hove Albion FC,DF,26,189,,,,,,,,,,,,,,,,,,,,,,,,,,,,,,,,FIFA World Cup 2026 roster
767,,ROEFS Robin,NED,Netherlands,Sunderland AFC,GK,23,193,,,,,,,,,,,,,,,,,,,,,,,,,,,,,,,,FIFA World Cup 2026 roster
768,,REIJNDERS Tijjani,NED,Netherlands,Manchester City FC,MF,27,178,,,,,,,,,,,,,,,,,,,,,,,,,,,,,,,,FIFA World Cup 2026 roster
769,,VAN DE VEN Micky,NED,Netherlands,Tottenham Hotspur FC,DF,25,193,,,,,,,,,,,,,,,,,,,,,,,,,,,,,,,,FIFA World Cup 2026 roster
770,,TIL Guus,NED,Netherlands,PSV Eindhoven,MF,28,188,,,,,,,,,,,,,,,,,,,,,,,,,,,,,,,,FIFA World Cup 2026 roster
771,,LANG Noa,NED,Netherlands,Galatasaray SK,FW,26,176,,,,,,,,,,,,,,,,,,,,,,,,,,,,,,,,FIFA World Cup 2026 roster
772,,MALEN Donyell,NED,Netherlands,AS Roma,FW,27,178,,,,,,,,,,,,,,,,,,,,,,,,,,,,,,,,FIFA World Cup 2026 roster
773,,BROBBEY Brian,NED,Netherlands,Sunderland AFC,FW,24,181,,,,,,,,,,,,,,,,,,,,,,,,,,,,,,,,FIFA World Cup 2026 roster
774,,KOOPMEINERS Teun,NED,Netherlands,Juventus FC,MF,28,185,,,,,,,,,,,,,,,,,,,,,,,,,,,,,,,,FIFA World Cup 2026 roster
775,,DE JONG Frenkie,NED,Netherlands,FC Barcelona,MF,29,181,,,,,,,,,,,,,,,,,,,,,,,,,,,,,,,,FIFA World Cup 2026 roster
776,,DUMFRIES Denzel,NED,Netherlands,FC Internazionale Milano,DF,30,188,,,,,,,,,,,,,,,,,,,,,,,,,,,,,,,,FIFA World Cup 2026 roster
777,,FLEKKEN Mark,NED,Netherlands,Bayer 04 Leverkusen,GK,32,195,,,,,,,,,,,,,,,,,,,,,,,,,,,,,,,,FIFA World Cup 2026 roster
778,,SUMMERVILLE Crysencio,NED,Netherlands,West Ham United FC,FW,24,172,,,,,,,,,,,,,,,,,,,,,,,,,,,,,,,,FIFA World Cup 2026 roster
779,,HATO Jorrel,NED,Netherlands,Chelsea FC,DF,20,182,,,,,,,,,,,,,,,,,,,,,,,,,,,,,,,,FIFA World Cup 2026 roster
780,,TIMBER Quinten,NED,Netherlands,Olympique Marseille,MF,24,176,,,,,,,,,,,,,,,,,,,,,,,,,,,,,,,,FIFA World Cup 2026 roster
781,,CROCOMBE Max,NZL,New Zealand,Millwall FC,GK,32,190,,,,,,,,,,,,,,,,,,,,,,,,,,,,,,,,FIFA World Cup 2026 roster
782,,PAYNE Tim,NZL,New Zealand,Wellington Phoenix FC,DF,32,179,,,,,,,,,,,,,,,,,,,,,,,,,,,,,,,,FIFA World Cup 2026 roster
783,,DE VRIES Francis,NZL,New Zealand,Auckland FC,DF,31,181,,,,,,,,,,,,,,,,,,,,,,,,,,,,,,,,FIFA World Cup 2026 roster
784,,BINDON Tyler,NZL,New Zealand,Sheeld United FC,DF,21,190,,,,,,,,,,,,,,,,,,,,,,,,,,,,,,,,FIFA World Cup 2026 roster
785,,BOXALL Michael,NZL,New Zealand,Minnesota United FC,DF,37,191,,,,,,,,,,,,,,,,,,,,,,,,,,,,,,,,FIFA World Cup 2026 roster
786,,BELL Joe,NZL,New Zealand,Viking Stavanger,MF,27,182,,,,,,,,,,,,,,,,,,,,,,,,,,,,,,,,FIFA World Cup 2026 roster
787,,GARBETT Matthew,NZL,New Zealand,Peterborough United FC,MF,24,192,,,,,,,,,,,,,,,,,,,,,,,,,,,,,,,,FIFA World Cup 2026 roster
788,,STAMENIC Marko,NZL,New Zealand,Swansea City AFC,MF,24,188,,,,,,,,,,,,,,,,,,,,,,,,,,,,,,,,FIFA World Cup 2026 roster
789,,WOOD Chris,NZL,New Zealand,Nottingham Forest FC,FW,34,191,,,,,,,,,,,,,,,,,,,,,,,,,,,,,,,,FIFA World Cup 2026 roster
790,,SINGH Sarpreet,NZL,New Zealand,Wellington Phoenix FC,MF,27,180,,,,,,,,,,,,,,,,,,,,,,,,,,,,,,,,FIFA World Cup 2026 roster
791,,JUST Elijah,NZL,New Zealand,Motherwell FC,MF,26,176,,,,,,,,,,,,,,,,,,,,,,,,,,,,,,,,FIFA World Cup 2026 roster
792,,PAULSEN Alex,NZL,New Zealand,Lechia Gdańsk,GK,23,193,,,,,,,,,,,,,,,,,,,,,,,,,,,,,,,,FIFA World Cup 2026 roster
793,,CACACE Liberato,NZL,New Zealand,Wrexham AFC,DF,25,182,,,,,,,,,,,,,,,,,,,,,,,,,,,,,,,,FIFA World Cup 2026 roster
794,,RUFER Alex,NZL,New Zealand,Wellington Phoenix FC,MF,29,180,,,,,,,,,,,,,,,,,,,,,,,,,,,,,,,,FIFA World Cup 2026 roster
795,,PIJNAKER Nando,NZL,New Zealand,Auckland FC,DF,27,185,,,,,,,,,,,,,,,,,,,,,,,,,,,,,,,,FIFA World Cup 2026 roster
796,,SURMAN Finn,NZL,New Zealand,Portland Timbers,DF,22,190,,,,,,,,,,,,,,,,,,,,,,,,,,,,,,,,FIFA World Cup 2026 roster
797,,BARBAROUSES Kosta,NZL,New Zealand,WS Wanderers FC,FW,36,171,,,,,,,,,,,,,,,,,,,,,,,,,,,,,,,,FIFA World Cup 2026 roster
798,,WAINE Ben,NZL,New Zealand,Port Vale FC,FW,25,185,,,,,,,,,,,,,,,,,,,,,,,,,,,,,,,,FIFA World Cup 2026 roster
799,,OLD Ben,NZL,New Zealand,AS Saint-Etienne,MF,23,173,,,,,,,,,,,,,,,,,,,,,,,,,,,,,,,,FIFA World Cup 2026 roster
800,,McCOWATT Callum,NZL,New Zealand,Silkeborg IF,MF,27,180,,,,,,,,,,,,,,,,,,,,,,,,,,,,,,,,FIFA World Cup 2026 roster
801,,RANDALL Jesse,NZL,New Zealand,Auckland FC,FW,23,176,,,,,,,,,,,,,,,,,,,,,,,,,,,,,,,,FIFA World Cup 2026 roster
802,,WOUD Michael,NZL,New Zealand,Auckland FC,GK,27,196,,,,,,,,,,,,,,,,,,,,,,,,,,,,,,,,FIFA World Cup 2026 roster
803,,THOMAS Ryan,NZL,New Zealand,PEC Zwolle,MF,31,176,,,,,,,,,,,,,,,,,,,,,,,,,,,,,,,,FIFA World Cup 2026 roster
804,,ELLIOT Callan,NZL,New Zealand,Auckland FC,DF,26,177,,,,,,,,,,,,,,,,,,,,,,,,,,,,,,,,FIFA World Cup 2026 roster
805,,BAYLISS Lachlan,NZL,New Zealand,Newcastle United Jets FC,MF,23,178,,,,,,,,,,,,,,,,,,,,,,,,,,,,,,,,FIFA World Cup 2026 roster
806,,SMITH Tommy,NZL,New Zealand,Braintree Town FC,DF,36,188,,,,,,,,,,,,,,,,,,,,,,,,,,,,,,,,FIFA World Cup 2026 roster
807,,NYLAND Orjan,NOR,Norway,Sevilla FC,GK,35,192,,,,,,,,,,,,,,,,,,,,,,,,,,,,,,,,FIFA World Cup 2026 roster
808,,THORSBY Morten,NOR,Norway,US Cremonese,MF,30,188,,,,,,,,,,,,,,,,,,,,,,,,,,,,,,,,FIFA World Cup 2026 roster
809,,AJER Kristoffer,NOR,Norway,Brentford FC,DF,28,198,,,,,,,,,,,,,,,,,,,,,,,,,,,,,,,,FIFA World Cup 2026 roster
810,,OSTIGARD Leo,NOR,Norway,Genoa CFC,DF,26,183,,,,,,,,,,,,,,,,,,,,,,,,,,,,,,,,FIFA World Cup 2026 roster
811,,MOLLER WOLFE David,NOR,Norway,Wolverhampton Wanderers FC,DF,24,185,,,,,,,,,,,,,,,,,,,,,,,,,,,,,,,,FIFA World Cup 2026 roster
812,,BERG Patrick,NOR,Norway,FK Bodø/Glimt,MF,28,178,,,,,,,,,,,,,,,,,,,,,,,,,,,,,,,,FIFA World Cup 2026 roster
813,,SORLOTH Alexander,NOR,Norway,Atlético De Madrid,FW,30,196,,,,,,,,,,,,,,,,,,,,,,,,,,,,,,,,FIFA World Cup 2026 roster
814,,BERGE Sander,NOR,Norway,Fulham FC,MF,28,195,,,,,,,,,,,,,,,,,,,,,,,,,,,,,,,,FIFA World Cup 2026 roster
815,,HAALAND Erling,NOR,Norway,Manchester City FC,FW,25,195,,,,,,,,,,,,,,,,,,,,,,,,,,,,,,,,FIFA World Cup 2026 roster
816,,ODEGAARD Martin,NOR,Norway,Arsenal FC,MF,27,178,,,,,,,,,,,,,,,,,,,,,,,,,,,,,,,,FIFA World Cup 2026 roster
817,,STRAND LARSEN Jorgen,NOR,Norway,Crystal Palace FC,FW,26,193,,,,,,,,,,,,,,,,,,,,,,,,,,,,,,,,FIFA World Cup 2026 roster
818,,TANGVIK Sander,NOR,Norway,Hamburger SV,GK,23,193,,,,,,,,,,,,,,,,,,,,,,,,,,,,,,,,FIFA World Cup 2026 roster
819,,SELVIK Egil,NOR,Norway,Watford FC,GK,28,187,,,,,,,,,,,,,,,,,,,,,,,,,,,,,,,,FIFA World Cup 2026 roster
820,,AURSNES Fredrik,NOR,Norway,SL Benfica,MF,30,181,,,,,,,,,,,,,,,,,,,,,,,,,,,,,,,,FIFA World Cup 2026 roster
821,,BJORKAN Fredrik Andre,NOR,Norway,FK Bodø/Glimt,DF,27,180,,,,,,,,,,,,,,,,,,,,,,,,,,,,,,,,FIFA World Cup 2026 roster
822,,HOLMGREN PEDERSEN Marcus,NOR,Norway,Torino FC,DF,25,184,,,,,,,,,,,,,,,,,,,,,,,,,,,,,,,,FIFA World Cup 2026 roster
823,,HEGGEM Torbjorn,NOR,Norway,Bologna FC,DF,27,192,,,,,,,,,,,,,,,,,,,,,,,,,,,,,,,,FIFA World Cup 2026 roster
824,,THORSTVEDT Kristian,NOR,Norway,US Sassuolo,MF,27,189,,,,,,,,,,,,,,,,,,,,,,,,,,,,,,,,FIFA World Cup 2026 roster
825,,AASGAARD Thelo,NOR,Norway,Rangers FC,MF,24,188,,,,,,,,,,,,,,,,,,,,,,,,,,,,,,,,FIFA World Cup 2026 roster
826,,NUSA Antonio,NOR,Norway,RB Leipzig,FW,21,183,,,,,,,,,,,,,,,,,,,,,,,,,,,,,,,,FIFA World Cup 2026 roster
827,,SCHJELDERUP Andreas,NOR,Norway,SL Benfica,MF,22,177,,,,,,,,,,,,,,,,,,,,,,,,,,,,,,,,FIFA World Cup 2026 roster
828,,BOBB Oscar,NOR,Norway,Fulham FC,MF,22,177,,,,,,,,,,,,,,,,,,,,,,,,,,,,,,,,FIFA World Cup 2026 roster
829,,HAUGE Jens Petter,NOR,Norway,FK Bodø/Glimt,MF,26,184,,,,,,,,,,,,,,,,,,,,,,,,,,,,,,,,FIFA World Cup 2026 roster
830,,LANGAS Sondre,NOR,Norway,Derby County FC,DF,25,190,,,,,,,,,,,,,,,,,,,,,,,,,,,,,,,,FIFA World Cup 2026 roster
831,,FALCHENER Henrik,NOR,Norway,Viking Stavanger,DF,23,194,,,,,,,,,,,,,,,,,,,,,,,,,,,,,,,,FIFA World Cup 2026 roster
832,,RYERSON Julian,NOR,Norway,Borussia Dortmund,FW,28,186,,,,,,,,,,,,,,,,,,,,,,,,,,,,,,,,FIFA World Cup 2026 roster
833,,MEJIA Luis,PAN,Panama,Club Nacional,GK,35,193,,,,,,,,,,,,,,,,,,,,,,,,,,,,,,,,FIFA World Cup 2026 roster
834,,BLACKMAN Cesar,PAN,Panama,ŠK Slovan Bratislava,DF,28,174,,,,,,,,,,,,,,,,,,,,,,,,,,,,,,,,FIFA World Cup 2026 roster
835,,CORDOBA Jose,PAN,Panama,Norwich City FC,DF,25,189,,,,,,,,,,,,,,,,,,,,,,,,,,,,,,,,FIFA World Cup 2026 roster
836,,ESCOBAR Fidel,PAN,Panama,Deportivo Saprissa,DF,31,184,,,,,,,,,,,,,,,,,,,,,,,,,,,,,,,,FIFA World Cup 2026 roster
837,,FARINA Edgardo,PAN,Panama,FC Pari Nizhny Novgorod,DF,24,195,,,,,,,,,,,,,,,,,,,,,,,,,,,,,,,,FIFA World Cup 2026 roster
838,,MARTINEZ Cristian,PAN,Panama,Hapoel Kiryat Shmona FC,MF,29,170,,,,,,,,,,,,,,,,,,,,,,,,,,,,,,,,FIFA World Cup 2026 roster
839,,RODRIGUEZ Jose Luis,PAN,Panama,FC Juárez,MF,27,180,,,,,,,,,,,,,,,,,,,,,,,,,,,,,,,,FIFA World Cup 2026 roster
840,,CARRASQUILLA Adalberto,PAN,Panama,Pumas UNAM,MF,27,171,,,,,,,,,,,,,,,,,,,,,,,,,,,,,,,,FIFA World Cup 2026 roster
841,,RODRIGUEZ Tomas,PAN,Panama,Deportivo Saprissa,FW,27,183,,,,,,,,,,,,,,,,,,,,,,,,,,,,,,,,FIFA World Cup 2026 roster
842,,DIAZ Ismael,PAN,Panama,Club León,MF,29,184,,,,,,,,,,,,,,,,,,,,,,,,,,,,,,,,FIFA World Cup 2026 roster
843,,BARCENAS Edgar Yoel,PAN,Panama,Mazatlán FC,MF,32,175,,,,,,,,,,,,,,,,,,,,,,,,,,,,,,,,FIFA World Cup 2026 roster
844,,SAMUDIO Cesar,PAN,Panama,CD Marathón,GK,32,189,,,,,,,,,,,,,,,,,,,,,,,,,,,,,,,,FIFA World Cup 2026 roster
845,,RAMOS Jiovany,PAN,Panama,Puerto Cabello CF,DF,29,188,,,,,,,,,,,,,,,,,,,,,,,,,,,,,,,,FIFA World Cup 2026 roster
846,,HARVEY Carlos,PAN,Panama,Minnesota United FC,DF,26,184,,,,,,,,,,,,,,,,,,,,,,,,,,,,,,,,FIFA World Cup 2026 roster
847,,DAVIS Eric,PAN,Panama,CD Plaza Amador,DF,35,180,,,,,,,,,,,,,,,,,,,,,,,,,,,,,,,,FIFA World Cup 2026 roster
848,,ANDRADE Andres,PAN,Panama,LASK Linz,DF,27,187,,,,,,,,,,,,,,,,,,,,,,,,,,,,,,,,FIFA World Cup 2026 roster
849,,FAJARDO Jose,PAN,Panama,CD Universidad Católica,FW,32,184,,,,,,,,,,,,,,,,,,,,,,,,,,,,,,,,FIFA World Cup 2026 roster
850,,WATERMAN Cecilio,PAN,Panama,CD Universidad De Concepción,FW,35,180,,,,,,,,,,,,,,,,,,,,,,,,,,,,,,,,FIFA World Cup 2026 roster
851,,QUINTERO Alberto,PAN,Panama,CD Plaza Amador,MF,38,165,,,,,,,,,,,,,,,,,,,,,,,,,,,,,,,,FIFA World Cup 2026 roster
852,,GODOY Anibal,PAN,Panama,San Diego FC,MF,36,184,,,,,,,,,,,,,,,,,,,,,,,,,,,,,,,,FIFA World Cup 2026 roster
853,,YANIS Cesar,PAN,Panama,CD Cobresal,MF,30,160,,,,,,,,,,,,,,,,,,,,,,,,,,,,,,,,FIFA World Cup 2026 roster
854,,MOSQUERA Orlando,PAN,Panama,Al Fayha FC,GK,31,191,,,,,,,,,,,,,,,,,,,,,,,,,,,,,,,,FIFA World Cup 2026 roster
855,,MURILLO Amir,PAN,Panama,Beşiktaş JK,DF,30,185,,,,,,,,,,,,,,,,,,,,,,,,,,,,,,,,FIFA World Cup 2026 roster
856,,LONDONO Azarias,PAN,Panama,CD Universidad Católica,FW,24,185,,,,,,,,,,,,,,,,,,,,,,,,,,,,,,,,FIFA World Cup 2026 roster
857,,MILLER Roderick,PAN,Panama,Turan Tovuz,DF,34,190,,,,,,,,,,,,,,,,,,,,,,,,,,,,,,,,FIFA World Cup 2026 roster
858,,GUTIERREZ Jorge,PAN,Panama,Deportivo La Guaira,DF,27,171,,,,,,,,,,,,,,,,,,,,,,,,,,,,,,,,FIFA World Cup 2026 roster
859,,FERNANDEZ Gatito,PAR,Paraguay,Cerro Porteño,GK,38,191,,,,,,,,,,,,,,,,,,,,,,,,,,,,,,,,FIFA World Cup 2026 roster
860,,VELAZQUEZ Gustavo,PAR,Paraguay,Cerro Porteño,DF,35,189,,,,,,,,,,,,,,,,,,,,,,,,,,,,,,,,FIFA World Cup 2026 roster
861,,ALDERETE Omar,PAR,Paraguay,Sunderland AFC,DF,29,190,,,,,,,,,,,,,,,,,,,,,,,,,,,,,,,,FIFA World Cup 2026 roster
862,,CACERES Juan Jose,PAR,Paraguay,FC Dynamo Moscow,DF,26,187,,,,,,,,,,,,,,,,,,,,,,,,,,,,,,,,FIFA World Cup 2026 roster
863,,BALBUENA Fabian,PAR,Paraguay,Grêmio FBPA,DF,34,188,,,,,,,,,,,,,,,,,,,,,,,,,,,,,,,,FIFA World Cup 2026 roster
864,,ALONSO Junior,PAR,Paraguay,Atlético Mineiro,DF,33,184,,,,,,,,,,,,,,,,,,,,,,,,,,,,,,,,FIFA World Cup 2026 roster
865,,SOSA Ramon,PAR,Paraguay,SE Palmeiras,MF,26,178,,,,,,,,,,,,,,,,,,,,,,,,,,,,,,,,FIFA World Cup 2026 roster
866,,GOMEZ Diego,PAR,Paraguay,Brighton & Hove Albion FC,MF,23,183,,,,,,,,,,,,,,,,,,,,,,,,,,,,,,,,FIFA World Cup 2026 roster
867,,SANABRIA Antonio,PAR,Paraguay,US Cremonese,FW,30,180,,,,,,,,,,,,,,,,,,,,,,,,,,,,,,,,FIFA World Cup 2026 roster
868,,ALMIRON Miguel,PAR,Paraguay,Atlanta United FC,MF,32,178,,,,,,,,,,,,,,,,,,,,,,,,,,,,,,,,FIFA World Cup 2026 roster
869,,MAURICIO,PAR,Paraguay,SE Palmeiras,MF,24,175,,,,,,,,,,,,,,,,,,,,,,,,,,,,,,,,FIFA World Cup 2026 roster
870,,GILL Orlando,PAR,Paraguay,CA San Lorenzo,GK,26,190,,,,,,,,,,,,,,,,,,,,,,,,,,,,,,,,FIFA World Cup 2026 roster
871,,CANALE Jose,PAR,Paraguay,CA Lanús,DF,29,192,,,,,,,,,,,,,,,,,,,,,,,,,,,,,,,,FIFA World Cup 2026 roster
872,,CUBAS Andres,PAR,Paraguay,Vancouver Whitecaps FC,MF,30,166,,,,,,,,,,,,,,,,,,,,,,,,,,,,,,,,FIFA World Cup 2026 roster
873,,GOMEZ Gustavo,PAR,Paraguay,SE Palmeiras,DF,33,179,,,,,,,,,,,,,,,,,,,,,,,,,,,,,,,,FIFA World Cup 2026 roster
874,,BOBADILLA Damian,PAR,Paraguay,São Paulo FC,MF,24,180,,,,,,,,,,,,,,,,,,,,,,,,,,,,,,,,FIFA World Cup 2026 roster
875,,ROMERO GAMARRA Alejandro,PAR,Paraguay,Al Ain FC,FW,31,165,,,,,,,,,,,,,,,,,,,,,,,,,,,,,,,,FIFA World Cup 2026 roster
876,,ARCE Alex,PAR,Paraguay,CS Independiente Rivadavia,FW,30,188,,,,,,,,,,,,,,,,,,,,,,,,,,,,,,,,FIFA World Cup 2026 roster
877,,ENCISO Julio,PAR,Paraguay,RC Strasbourg,FW,22,168,,,,,,,,,,,,,,,,,,,,,,,,,,,,,,,,FIFA World Cup 2026 roster
878,,OJEDA Braian,PAR,Paraguay,Orlando City SC,MF,25,173,,,,,,,,,,,,,,,,,,,,,,,,,,,,,,,,FIFA World Cup 2026 roster
879,,AVALOS Gabriel,PAR,Paraguay,CA Independiente,FW,34,185,,,,,,,,,,,,,,,,,,,,,,,,,,,,,,,,FIFA World Cup 2026 roster
880,,OLVEIRA Gaston,PAR,Paraguay,Club Olimpia,GK,33,191,,,,,,,,,,,,,,,,,,,,,,,,,,,,,,,,FIFA World Cup 2026 roster
881,,GALARZA Matias,PAR,Paraguay,Atlanta United FC,MF,24,175,,,,,,,,,,,,,,,,,,,,,,,,,,,,,,,,FIFA World Cup 2026 roster
882,,CABALLERO Gustavo,PAR,Paraguay,Portsmouth FC,MF,24,189,,,,,,,,,,,,,,,,,,,,,,,,,,,,,,,,FIFA World Cup 2026 roster
883,,PITTA Isidro,PAR,Paraguay,Red Bull Bragantino,FW,26,185,,,,,,,,,,,,,,,,,,,,,,,,,,,,,,,,FIFA World Cup 2026 roster
884,,MAIDANA Alexandro,PAR,Paraguay,CA Talleres,DF,20,173,,,,,,,,,,,,,,,,,,,,,,,,,,,,,,,,FIFA World Cup 2026 roster
885,,DIOGO COSTA,POR,Portugal,FC Porto,GK,26,188,,,,,,,,,,,,,,,,,,,,,,,,,,,,,,,,FIFA World Cup 2026 roster
886,,NELSON SEMEDO,POR,Portugal,Fenerbahçe SK,DF,32,179,,,,,,,,,,,,,,,,,,,,,,,,,,,,,,,,FIFA World Cup 2026 roster
887,,RUBEN DIAS,POR,Portugal,Manchester City FC,DF,29,187,,,,,,,,,,,,,,,,,,,,,,,,,,,,,,,,FIFA World Cup 2026 roster
888,,TOMAS ARAUJO,POR,Portugal,SL Benfica,DF,24,187,,,,,,,,,,,,,,,,,,,,,,,,,,,,,,,,FIFA World Cup 2026 roster
889,,DIOGO DALOT,POR,Portugal,Manchester United FC,DF,27,184,,,,,,,,,,,,,,,,,,,,,,,,,,,,,,,,FIFA World Cup 2026 roster
890,,MATHEUS NUNES,POR,Portugal,Manchester City FC,MF,27,183,,,,,,,,,,,,,,,,,,,,,,,,,,,,,,,,FIFA World Cup 2026 roster
891,,CRISTIANO RONALDO,POR,Portugal,Al Nassr FC,FW,41,185,,,,,,,,,,,,,,,,,,,,,,,,,,,,,,,,FIFA World Cup 2026 roster
892,,BRUNO FERNANDES,POR,Portugal,Manchester United FC,MF,31,183,,,,,,,,,,,,,,,,,,,,,,,,,,,,,,,,FIFA World Cup 2026 roster
893,,GONCALO RAMOS,POR,Portugal,Paris Saint-Germain,FW,24,185,,,,,,,,,,,,,,,,,,,,,,,,,,,,,,,,FIFA World Cup 2026 roster
894,,BERNARDO SILVA,POR,Portugal,Manchester City FC,MF,31,173,,,,,,,,,,,,,,,,,,,,,,,,,,,,,,,,FIFA World Cup 2026 roster
895,,JOAO FELIX,POR,Portugal,Al Nassr FC,FW,26,179,,,,,,,,,,,,,,,,,,,,,,,,,,,,,,,,FIFA World Cup 2026 roster
896,,JOSE SA,POR,Portugal,Wolverhampton Wanderers FC,GK,33,192,,,,,,,,,,,,,,,,,,,,,,,,,,,,,,,,FIFA World Cup 2026 roster
897,,RENATO VEIGA,POR,Portugal,Villarreal CF,DF,22,188,,,,,,,,,,,,,,,,,,,,,,,,,,,,,,,,FIFA World Cup 2026 roster
898,,GONCALO INACIO,POR,Portugal,Sporting CP,DF,24,185,,,,,,,,,,,,,,,,,,,,,,,,,,,,,,,,FIFA World Cup 2026 roster
899,,JOAO NEVES,POR,Portugal,Paris Saint-Germain,MF,21,171,,,,,,,,,,,,,,,,,,,,,,,,,,,,,,,,FIFA World Cup 2026 roster
900,,FRANCISCO TRINCAO,POR,Portugal,Sporting CP,FW,26,184,,,,,,,,,,,,,,,,,,,,,,,,,,,,,,,,FIFA World Cup 2026 roster
901,,RAFAEL LEAO,POR,Portugal,AC Milan,FW,27,188,,,,,,,,,,,,,,,,,,,,,,,,,,,,,,,,FIFA World Cup 2026 roster
902,,PEDRO NETO,POR,Portugal,Chelsea FC,FW,26,174,,,,,,,,,,,,,,,,,,,,,,,,,,,,,,,,FIFA World Cup 2026 roster
903,,GONCALO GUEDES,POR,Portugal,Real Sociedad,FW,29,179,,,,,,,,,,,,,,,,,,,,,,,,,,,,,,,,FIFA World Cup 2026 roster
904,,JOAO CANCELO,POR,Portugal,FC Barcelona,DF,32,173,,,,,,,,,,,,,,,,,,,,,,,,,,,,,,,,FIFA World Cup 2026 roster
905,,RUBEN NEVES,POR,Portugal,Al Hilal SC,MF,29,183,,,,,,,,,,,,,,,,,,,,,,,,,,,,,,,,FIFA World Cup 2026 roster
906,,RUI SILVA,POR,Portugal,Sporting CP,GK,32,191,,,,,,,,,,,,,,,,,,,,,,,,,,,,,,,,FIFA World Cup 2026 roster
907,,VITINHA,POR,Portugal,Paris Saint-Germain,MF,26,170,,,,,,,,,,,,,,,,,,,,,,,,,,,,,,,,FIFA World Cup 2026 roster
908,,SAMU COSTA,POR,Portugal,RCD Mallorca,DF,25,185,,,,,,,,,,,,,,,,,,,,,,,,,,,,,,,,FIFA World Cup 2026 roster
909,,NUNO MENDES,POR,Portugal,Paris Saint-Germain,DF,23,177,,,,,,,,,,,,,,,,,,,,,,,,,,,,,,,,FIFA World Cup 2026 roster
910,,FRANCISCO CONCEICAO,POR,Portugal,Juventus FC,FW,23,166,,,,,,,,,,,,,,,,,,,,,,,,,,,,,,,,FIFA World Cup 2026 roster
911,,MAHMOUD ABUNADA,QAT,Qatar,Al Rayyan SC,GK,26,185,,,,,,,,,,,,,,,,,,,,,,,,,,,,,,,,FIFA World Cup 2026 roster
912,,PEDRO MIGUEL,QAT,Qatar,Al Sadd SC,DF,35,180,,,,,,,,,,,,,,,,,,,,,,,,,,,,,,,,FIFA World Cup 2026 roster
913,,LUCAS MENDES,QAT,Qatar,Al Wakrah SC,DF,35,179,,,,,,,,,,,,,,,,,,,,,,,,,,,,,,,,FIFA World Cup 2026 roster
914,,ISSA LAYE,QAT,Qatar,Al Arabi SC,DF,28,178,,,,,,,,,,,,,,,,,,,,,,,,,,,,,,,,FIFA World Cup 2026 roster
915,,JASSEM GABER,QAT,Qatar,Al Rayyan SC,DF,24,181,,,,,,,,,,,,,,,,,,,,,,,,,,,,,,,,FIFA World Cup 2026 roster
916,,ABDULAZIZ HATEM,QAT,Qatar,Al Rayyan SC,MF,36,179,,,,,,,,,,,,,,,,,,,,,,,,,,,,,,,,FIFA World Cup 2026 roster
917,,AHMED ALAAELDIN,QAT,Qatar,Al Rayyan SC,FW,33,179,,,,,,,,,,,,,,,,,,,,,,,,,,,,,,,,FIFA World Cup 2026 roster
918,,EDMILSON JUNIOR,QAT,Qatar,Al Duhail SC,FW,31,180,,,,,,,,,,,,,,,,,,,,,,,,,,,,,,,,FIFA World Cup 2026 roster
919,,MOHAMMED MUNTARI,QAT,Qatar,Al Gharafa SC,FW,32,192,,,,,,,,,,,,,,,,,,,,,,,,,,,,,,,,FIFA World Cup 2026 roster
920,,HASSAN ALHAYDOS,QAT,Qatar,Al Sadd SC,FW,35,174,,,,,,,,,,,,,,,,,,,,,,,,,,,,,,,,FIFA World Cup 2026 roster
921,,AKRAM AFIF,QAT,Qatar,Al Sadd SC,FW,29,176,,,,,,,,,,,,,,,,,,,,,,,,,,,,,,,,FIFA World Cup 2026 roster
922,,KARIM BOUDIAF,QAT,Qatar,Al Duhail SC,MF,35,190,,,,,,,,,,,,,,,,,,,,,,,,,,,,,,,,FIFA World Cup 2026 roster
923,,AYOUB ALOUI,QAT,Qatar,Al Gharafa SC,DF,21,181,,,,,,,,,,,,,,,,,,,,,,,,,,,,,,,,FIFA World Cup 2026 roster
924,,HOMAM AHMED,QAT,Qatar,Cultural Leonesa,DF,26,188,,,,,,,,,,,,,,,,,,,,,,,,,,,,,,,,FIFA World Cup 2026 roster
925,,YUSUF ABDURISAG,QAT,Qatar,Al Wakrah SC,FW,26,171,,,,,,,,,,,,,,,,,,,,,,,,,,,,,,,,FIFA World Cup 2026 roster
926,,BOUALEM KHOUKHI,QAT,Qatar,Al Sadd SC,DF,35,185,,,,,,,,,,,,,,,,,,,,,,,,,,,,,,,,FIFA World Cup 2026 roster
927,,AHMED ALGANEHI,QAT,Qatar,Al Gharafa SC,MF,25,175,,,,,,,,,,,,,,,,,,,,,,,,,,,,,,,,FIFA World Cup 2026 roster
928,,SULTAN ALBRAKE,QAT,Qatar,Al Duhail SC,DF,30,178,,,,,,,,,,,,,,,,,,,,,,,,,,,,,,,,FIFA World Cup 2026 roster
929,,ALMOEZ ALI,QAT,Qatar,Al Duhail SC,FW,29,180,,,,,,,,,,,,,,,,,,,,,,,,,,,,,,,,FIFA World Cup 2026 roster
930,,AHMED FATHY,QAT,Qatar,Al Arabi SC,MF,33,171,,,,,,,,,,,,,,,,,,,,,,,,,,,,,,,,FIFA World Cup 2026 roster
931,,SALAH ZAKARIA,QAT,Qatar,Al Duhail SC,GK,27,186,,,,,,,,,,,,,,,,,,,,,,,,,,,,,,,,FIFA World Cup 2026 roster
932,,MESHAAL BARSHAM,QAT,Qatar,Al Sadd SC,GK,28,180,,,,,,,,,,,,,,,,,,,,,,,,,,,,,,,,FIFA World Cup 2026 roster
933,,ASSIM MADIBO,QAT,Qatar,Al Wakrah SC,MF,29,168,,,,,,,,,,,,,,,,,,,,,,,,,,,,,,,,FIFA World Cup 2026 roster
934,,TAHSIN MOHAMMED,QAT,Qatar,Al Duhail SC,FW,19,166,,,,,,,,,,,,,,,,,,,,,,,,,,,,,,,,FIFA World Cup 2026 roster
935,,ALHASHMI ALHUSSEIN,QAT,Qatar,Al Arabi SC,DF,22,182,,,,,,,,,,,,,,,,,,,,,,,,,,,,,,,,FIFA World Cup 2026 roster
936,,MOHAMED MANAI,QAT,Qatar,Al Shamal SC,FW,23,180,,,,,,,,,,,,,,,,,,,,,,,,,,,,,,,,FIFA World Cup 2026 roster
937,,NAWAF ALAQIDI,KSA,Saudi Arabia,Al Nassr FC,GK,26,186,,,,,,,,,,,,,,,,,,,,,,,,,,,,,,,,FIFA World Cup 2026 roster
938,,ALI MAJRASHI,KSA,Saudi Arabia,Al Ahli FC,DF,26,169,,,,,,,,,,,,,,,,,,,,,,,,,,,,,,,,FIFA World Cup 2026 roster
939,,ALI LAJAMI,KSA,Saudi Arabia,Al Hilal SC,DF,30,177,,,,,,,,,,,,,,,,,,,,,,,,,,,,,,,,FIFA World Cup 2026 roster
940,,ABDULELAH ALAMRI,KSA,Saudi Arabia,Al Nassr FC,DF,29,185,,,,,,,,,,,,,,,,,,,,,,,,,,,,,,,,FIFA World Cup 2026 roster
941,,HASSAN ALTAMBAKTI,KSA,Saudi Arabia,Al Hilal SC,DF,27,183,,,,,,,,,,,,,,,,,,,,,,,,,,,,,,,,FIFA World Cup 2026 roster
942,,NASSER ALDAWSARI,KSA,Saudi Arabia,Al Hilal SC,MF,27,178,,,,,,,,,,,,,,,,,,,,,,,,,,,,,,,,FIFA World Cup 2026 roster
943,,MUSAB ALJUWAYR,KSA,Saudi Arabia,Al Qadsiah FC,MF,22,175,,,,,,,,,,,,,,,,,,,,,,,,,,,,,,,,FIFA World Cup 2026 roster
944,,AIMAN YAHYA,KSA,Saudi Arabia,Al Nassr FC,FW,25,173,,,,,,,,,,,,,,,,,,,,,,,,,,,,,,,,FIFA World Cup 2026 roster
945,,FERAS ALBRIKAN,KSA,Saudi Arabia,Al Ahli FC,FW,26,185,,,,,,,,,,,,,,,,,,,,,,,,,,,,,,,,FIFA World Cup 2026 roster
946,,SALEM ALDAWSARI,KSA,Saudi Arabia,Al Hilal SC,FW,34,173,,,,,,,,,,,,,,,,,,,,,,,,,,,,,,,,FIFA World Cup 2026 roster
947,,SALEH ALSHEHRI,KSA,Saudi Arabia,Al Ittihad,FW,32,184,,,,,,,,,,,,,,,,,,,,,,,,,,,,,,,,FIFA World Cup 2026 roster
948,,SAUD ABDULHAMID,KSA,Saudi Arabia,RC Lens,DF,26,172,,,,,,,,,,,,,,,,,,,,,,,,,,,,,,,,FIFA World Cup 2026 roster
949,,NAWAF BU WASHL,KSA,Saudi Arabia,Al Nassr FC,DF,26,173,,,,,,,,,,,,,,,,,,,,,,,,,,,,,,,,FIFA World Cup 2026 roster
950,,HASSAN KADISH,KSA,Saudi Arabia,Al Ittihad,DF,33,179,,,,,,,,,,,,,,,,,,,,,,,,,,,,,,,,FIFA World Cup 2026 roster
951,,ABDULLAH ALKHAIBARI,KSA,Saudi Arabia,Al Nassr FC,MF,29,175,,,,,,,,,,,,,,,,,,,,,,,,,,,,,,,,FIFA World Cup 2026 roster
952,,ZIYAD ALJOHANI,KSA,Saudi Arabia,Al Ahli FC,MF,24,180,,,,,,,,,,,,,,,,,,,,,,,,,,,,,,,,FIFA World Cup 2026 roster
953,,KHALID ALGHANNAM,KSA,Saudi Arabia,Al Ettifaq FC,FW,25,171,,,,,,,,,,,,,,,,,,,,,,,,,,,,,,,,FIFA World Cup 2026 roster
954,,ALA ALHAJJI,KSA,Saudi Arabia,Neom SC,MF,30,178,,,,,,,,,,,,,,,,,,,,,,,,,,,,,,,,FIFA World Cup 2026 roster
955,,ABDULLAH ALHAMDDAN,KSA,Saudi Arabia,Al Nassr FC,FW,26,186,,,,,,,,,,,,,,,,,,,,,,,,,,,,,,,,FIFA World Cup 2026 roster
956,,SULTAN MANDASH,KSA,Saudi Arabia,Al Hilal SC,FW,31,172,,,,,,,,,,,,,,,,,,,,,,,,,,,,,,,,FIFA World Cup 2026 roster
957,,MOHAMMED ALOWAIS,KSA,Saudi Arabia,Al Ula Saudi FC,GK,34,185,,,,,,,,,,,,,,,,,,,,,,,,,,,,,,,,FIFA World Cup 2026 roster
958,,AHMED ALKASSAR,KSA,Saudi Arabia,Al Qadsiah FC,GK,35,178,,,,,,,,,,,,,,,,,,,,,,,,,,,,,,,,FIFA World Cup 2026 roster
959,,MOHAMED KANNO,KSA,Saudi Arabia,Al Hilal SC,MF,31,191,,,,,,,,,,,,,,,,,,,,,,,,,,,,,,,,FIFA World Cup 2026 roster
960,,MOTEB ALHARBI,KSA,Saudi Arabia,Al Hilal SC,DF,26,177,,,,,,,,,,,,,,,,,,,,,,,,,,,,,,,,FIFA World Cup 2026 roster
961,,JEHAD THIKRI,KSA,Saudi Arabia,Al Qadsiah FC,DF,24,184,,,,,,,,,,,,,,,,,,,,,,,,,,,,,,,,FIFA World Cup 2026 roster
962,,MOHAMMED ABU ALSHAMAT,KSA,Saudi Arabia,Al Qadsiah FC,DF,23,170,,,,,,,,,,,,,,,,,,,,,,,,,,,,,,,,FIFA World Cup 2026 roster
963,,GUNN Angus,SCO,Scotland,Nottingham Forest FC,GK,30,196,,,,,,,,,,,,,,,,,,,,,,,,,,,,,,,,FIFA World Cup 2026 roster
964,,HICKEY Aaron,SCO,Scotland,Brentford FC,DF,24,185,,,,,,,,,,,,,,,,,,,,,,,,,,,,,,,,FIFA World Cup 2026 roster
965,,ROBERTSON Andy,SCO,Scotland,Liverpool FC,DF,32,178,,,,,,,,,,,,,,,,,,,,,,,,,,,,,,,,FIFA World Cup 2026 roster
966,,McTOMINAY Scott,SCO,Scotland,SSC Napoli,MF,29,193,,,,,,,,,,,,,,,,,,,,,,,,,,,,,,,,FIFA World Cup 2026 roster
967,,HANLEY Grant,SCO,Scotland,Hibernian FC,DF,34,188,,,,,,,,,,,,,,,,,,,,,,,,,,,,,,,,FIFA World Cup 2026 roster
968,,TIERNEY Kieran,SCO,Scotland,Celtic FC,DF,29,180,,,,,,,,,,,,,,,,,,,,,,,,,,,,,,,,FIFA World Cup 2026 roster
969,,McGINN John,SCO,Scotland,Aston Villa FC,MF,31,178,,,,,,,,,,,,,,,,,,,,,,,,,,,,,,,,FIFA World Cup 2026 roster
970,,FLETCHER Tyler,SCO,Scotland,Manchester United FC,MF,19,183,,,,,,,,,,,,,,,,,,,,,,,,,,,,,,,,FIFA World Cup 2026 roster
971,,DYKES Lyndon,SCO,Scotland,Charlton Athletic FC,FW,30,188,,,,,,,,,,,,,,,,,,,,,,,,,,,,,,,,FIFA World Cup 2026 roster
972,,ADAMS Che,SCO,Scotland,Torino FC,FW,29,175,,,,,,,,,,,,,,,,,,,,,,,,,,,,,,,,FIFA World Cup 2026 roster
973,,CHRISTIE Ryan,SCO,Scotland,AFC Bournemouth,MF,31,178,,,,,,,,,,,,,,,,,,,,,,,,,,,,,,,,FIFA World Cup 2026 roster
974,,KELLY Liam,SCO,Scotland,Rangers FC,GK,30,184,,,,,,,,,,,,,,,,,,,,,,,,,,,,,,,,FIFA World Cup 2026 roster
975,,HENDRY Jack,SCO,Scotland,Al Ettifaq FC,DF,31,192,,,,,,,,,,,,,,,,,,,,,,,,,,,,,,,,FIFA World Cup 2026 roster
976,,STEWART Ross,SCO,Scotland,Southampton FC,FW,29,188,,,,,,,,,,,,,,,,,,,,,,,,,,,,,,,,FIFA World Cup 2026 roster
977,,SOUTTAR John,SCO,Scotland,Rangers FC,DF,29,186,,,,,,,,,,,,,,,,,,,,,,,,,,,,,,,,FIFA World Cup 2026 roster
978,,HYAM Dominic,SCO,Scotland,Wrexham AFC,DF,30,188,,,,,,,,,,,,,,,,,,,,,,,,,,,,,,,,FIFA World Cup 2026 roster
979,,GANNON-DOAK Ben,SCO,Scotland,AFC Bournemouth,FW,20,173,,,,,,,,,,,,,,,,,,,,,,,,,,,,,,,,FIFA World Cup 2026 roster
980,,HIRST George,SCO,Scotland,Ipswich Town FC,FW,27,191,,,,,,,,,,,,,,,,,,,,,,,,,,,,,,,,FIFA World Cup 2026 roster
981,,FERGUSON Lewis,SCO,Scotland,Bologna FC,MF,26,181,,,,,,,,,,,,,,,,,,,,,,,,,,,,,,,,FIFA World Cup 2026 roster
982,,SHANKLAND Lawrence,SCO,Scotland,Heart Of Midlothian FC,FW,30,185,,,,,,,,,,,,,,,,,,,,,,,,,,,,,,,,FIFA World Cup 2026 roster
983,,GORDON Craig,SCO,Scotland,Heart Of Midlothian FC,GK,43,193,,,,,,,,,,,,,,,,,,,,,,,,,,,,,,,,FIFA World Cup 2026 roster
984,,PATTERSON Nathan,SCO,Scotland,Everton FC,DF,24,183,,,,,,,,,,,,,,,,,,,,,,,,,,,,,,,,FIFA World Cup 2026 roster
985,,McLEAN Kenny,SCO,Scotland,Norwich City FC,MF,34,183,,,,,,,,,,,,,,,,,,,,,,,,,,,,,,,,FIFA World Cup 2026 roster
986,,RALSTON Anthony,SCO,Scotland,Celtic FC,DF,27,178,,,,,,,,,,,,,,,,,,,,,,,,,,,,,,,,FIFA World Cup 2026 roster
987,,CURTIS Findlay,SCO,Scotland,Kilmarnock FC,FW,20,180,,,,,,,,,,,,,,,,,,,,,,,,,,,,,,,,FIFA World Cup 2026 roster
988,,McKENNA Scott,SCO,Scotland,GNK Dinamo Zagreb,DF,29,189,,,,,,,,,,,,,,,,,,,,,,,,,,,,,,,,FIFA World Cup 2026 roster
989,,DIOUF Yehvann,SEN,Senegal,OGC Nice,GK,26,188,,,,,,,,,,,,,,,,,,,,,,,,,,,,,,,,FIFA World Cup 2026 roster
990,,SARR Mamadou,SEN,Senegal,Chelsea FC,DF,20,194,,,,,,,,,,,,,,,,,,,,,,,,,,,,,,,,FIFA World Cup 2026 roster
991,,KOULIBALY Kalidou,SEN,Senegal,Al Hilal SC,DF,34,186,,,,,,,,,,,,,,,,,,,,,,,,,,,,,,,,FIFA World Cup 2026 roster
992,,SECK Abdoulaye,SEN,Senegal,Maccabi Haifa FC,DF,34,192,,,,,,,,,,,,,,,,,,,,,,,,,,,,,,,,FIFA World Cup 2026 roster
993,,GUEYE Idrissa Gana,SEN,Senegal,Everton FC,MF,36,174,,,,,,,,,,,,,,,,,,,,,,,,,,,,,,,,FIFA World Cup 2026 roster
994,,CISS Pathe,SEN,Senegal,Rayo Vallecano,MF,32,186,,,,,,,,,,,,,,,,,,,,,,,,,,,,,,,,FIFA World Cup 2026 roster
995,,DIAO Assane,SEN,Senegal,Como,FW,20,185,,,,,,,,,,,,,,,,,,,,,,,,,,,,,,,,FIFA World Cup 2026 roster
996,,CAMARA Lamine,SEN,Senegal,AS Monaco,MF,22,174,,,,,,,,,,,,,,,,,,,,,,,,,,,,,,,,FIFA World Cup 2026 roster
997,,DIENG Bamba,SEN,Senegal,FC Lorient,FW,26,178,,,,,,,,,,,,,,,,,,,,,,,,,,,,,,,,FIFA World Cup 2026 roster
998,,MANE Sadio,SEN,Senegal,Al Nassr FC,FW,34,175,,,,,,,,,,,,,,,,,,,,,,,,,,,,,,,,FIFA World Cup 2026 roster
999,,JACKSON Nicolas,SEN,Senegal,FC Bayern München,FW,24,187,,,,,,,,,,,,,,,,,,,,,,,,,,,,,,,,FIFA World Cup 2026 roster
1000,,NDIAYE Cherif,SEN,Senegal,Samsunspor,FW,30,190,,,,,,,,,,,,,,,,,,,,,,,,,,,,,,,,FIFA World Cup 2026 roster
1001,,NDIAYE Iliman,SEN,Senegal,Everton FC,FW,26,180,,,,,,,,,,,,,,,,,,,,,,,,,,,,,,,,FIFA World Cup 2026 roster
1002,,JAKOBS Ismail,SEN,Senegal,Galatasaray SK,DF,26,184,,,,,,,,,,,,,,,,,,,,,,,,,,,,,,,,FIFA World Cup 2026 roster
1003,,DIATTA Krepin,SEN,Senegal,AS Monaco,DF,27,173,,,,,,,,,,,,,,,,,,,,,,,,,,,,,,,,FIFA World Cup 2026 roster
1004,,MENDY Edouard,SEN,Senegal,Al Ahli FC,GK,34,194,,,,,,,,,,,,,,,,,,,,,,,,,,,,,,,,FIFA World Cup 2026 roster
1005,,SARR Pape Matar,SEN,Senegal,Tottenham Hotspur FC,MF,23,185,,,,,,,,,,,,,,,,,,,,,,,,,,,,,,,,FIFA World Cup 2026 roster
1006,,SARR Ismaila,SEN,Senegal,Crystal Palace FC,FW,28,185,,,,,,,,,,,,,,,,,,,,,,,,,,,,,,,,FIFA World Cup 2026 roster
1007,,NIAKHATE Moussa,SEN,Senegal,Olympique Lyonnais,DF,30,190,,,,,,,,,,,,,,,,,,,,,,,,,,,,,,,,FIFA World Cup 2026 roster
1008,,MBAYE Ibrahim,SEN,Senegal,Paris Saint-Germain,FW,18,175,,,,,,,,,,,,,,,,,,,,,,,,,,,,,,,,FIFA World Cup 2026 roster
1009,,DIARRA Habib,SEN,Senegal,Sunderland AFC,MF,22,178,,,,,,,,,,,,,,,,,,,,,,,,,,,,,,,,FIFA World Cup 2026 roster
1010,,NDIAYE Bara Sapoko,SEN,Senegal,FC Bayern München,MF,18,180,,,,,,,,,,,,,,,,,,,,,,,,,,,,,,,,FIFA World Cup 2026 roster
1011,,DIAW Mory,SEN,Senegal,Le Havre AC,GK,32,197,,,,,,,,,,,,,,,,,,,,,,,,,,,,,,,,FIFA World Cup 2026 roster
1012,,MENDY Antoine,SEN,Senegal,OGC Nice,DF,22,187,,,,,,,,,,,,,,,,,,,,,,,,,,,,,,,,FIFA World Cup 2026 roster
1013,,DIOUF El Hadji Malick,SEN,Senegal,West Ham United FC,DF,21,177,,,,,,,,,,,,,,,,,,,,,,,,,,,,,,,,FIFA World Cup 2026 roster
1014,,GUEYE Pape,SEN,Senegal,Villarreal CF,MF,27,189,,,,,,,,,,,,,,,,,,,,,,,,,,,,,,,,FIFA World Cup 2026 roster
1015,,WILLIAMS Ronwen,RSA,South Africa,Mamelodi Sundowns FC,GK,34,184,,,,,,,,,,,,,,,,,,,,,,,,,,,,,,,,FIFA World Cup 2026 roster
1016,,MATULUDI Thabang,RSA,South Africa,Polokwane City FC,DF,27,189,,,,,,,,,,,,,,,,,,,,,,,,,,,,,,,,FIFA World Cup 2026 roster
1017,,NDAMANE Khulumani,RSA,South Africa,Mamelodi Sundowns FC,DF,22,183,,,,,,,,,,,,,,,,,,,,,,,,,,,,,,,,FIFA World Cup 2026 roster
1018,,MOKOENA Teboho,RSA,South Africa,Mamelodi Sundowns FC,MF,29,177,,,,,,,,,,,,,,,,,,,,,,,,,,,,,,,,FIFA World Cup 2026 roster
1019,,MBATHA Thalente,RSA,South Africa,Orlando Pirates FC,MF,26,179,,,,,,,,,,,,,,,,,,,,,,,,,,,,,,,,FIFA World Cup 2026 roster
1020,,MODIBA Aubrey,RSA,South Africa,Mamelodi Sundowns FC,DF,30,171,,,,,,,,,,,,,,,,,,,,,,,,,,,,,,,,FIFA World Cup 2026 roster
1021,,APPOLLIS Oswin,RSA,South Africa,Orlando Pirates FC,FW,24,171,,,,,,,,,,,,,,,,,,,,,,,,,,,,,,,,FIFA World Cup 2026 roster
1022,,MOREMI Tshepang,RSA,South Africa,Orlando Pirates FC,FW,25,169,,,,,,,,,,,,,,,,,,,,,,,,,,,,,,,,FIFA World Cup 2026 roster
1023,,FOSTER Lyle,RSA,South Africa,Burnley FC,FW,25,185,,,,,,,,,,,,,,,,,,,,,,,,,,,,,,,,FIFA World Cup 2026 roster
1024,,MOFOKENG Relebohile,RSA,South Africa,Orlando Pirates FC,FW,21,168,,,,,,,,,,,,,,,,,,,,,,,,,,,,,,,,FIFA World Cup 2026 roster
1025,,ZWANE Themba,RSA,South Africa,Mamelodi Sundowns FC,MF,36,178,,,,,,,,,,,,,,,,,,,,,,,,,,,,,,,,FIFA World Cup 2026 roster
1026,,MASEKO Thapelo,RSA,South Africa,AEL Limassol,FW,22,178,,,,,,,,,,,,,,,,,,,,,,,,,,,,,,,,FIFA World Cup 2026 roster
1027,,SITHOLE Sphephelo,RSA,South Africa,CD Tondela,MF,27,197,,,,,,,,,,,,,,,,,,,,,,,,,,,,,,,,FIFA World Cup 2026 roster
1028,,MBOKAZI Mbekezeli,RSA,South Africa,Chicago Fire FC,DF,20,177,,,,,,,,,,,,,,,,,,,,,,,,,,,,,,,,FIFA World Cup 2026 roster
1029,,RAYNERS Iqraam,RSA,South Africa,Mamelodi Sundowns FC,FW,30,174,,,,,,,,,,,,,,,,,,,,,,,,,,,,,,,,FIFA World Cup 2026 roster
1030,,CHAINE Sipho,RSA,South Africa,Orlando Pirates FC,GK,29,186,,,,,,,,,,,,,,,,,,,,,,,,,,,,,,,,FIFA World Cup 2026 roster
1031,,MAKGOPA Evidence,RSA,South Africa,Orlando Pirates FC,FW,26,183,,,,,,,,,,,,,,,,,,,,,,,,,,,,,,,,FIFA World Cup 2026 roster
1032,,KABINI Samukele,RSA,South Africa,Molde FK,DF,22,179,,,,,,,,,,,,,,,,,,,,,,,,,,,,,,,,FIFA World Cup 2026 roster
1033,,SIBISI Nkosinathi,RSA,South Africa,Orlando Pirates FC,DF,30,172,,,,,,,,,,,,,,,,,,,,,,,,,,,,,,,,FIFA World Cup 2026 roster
1034,,MUDAU Khuliso,RSA,South Africa,Mamelodi Sundowns FC,DF,31,179,,,,,,,,,,,,,,,,,,,,,,,,,,,,,,,,FIFA World Cup 2026 roster
1035,,OKON Ime,RSA,South Africa,Hannover 96,DF,22,187,,,,,,,,,,,,,,,,,,,,,,,,,,,,,,,,FIFA World Cup 2026 roster
1036,,GOSS Ricardo,RSA,South Africa,Siwelele FC,GK,32,181,,,,,,,,,,,,,,,,,,,,,,,,,,,,,,,,FIFA World Cup 2026 roster
1037,,ADAMS Jayden,RSA,South Africa,Mamelodi Sundowns FC,MF,25,177,,,,,,,,,,,,,,,,,,,,,,,,,,,,,,,,FIFA World Cup 2026 roster
1038,,MAKHANYA Olwethu,RSA,South Africa,Philadelphia Union,DF,22,185,,,,,,,,,,,,,,,,,,,,,,,,,,,,,,,,FIFA World Cup 2026 roster
1039,,SEBELEBELE Kamogelo,RSA,South Africa,Orlando Pirates FC,FW,23,166,,,,,,,,,,,,,,,,,,,,,,,,,,,,,,,,FIFA World Cup 2026 roster
1040,,CROSS Bradley,RSA,South Africa,Kaizer Chiefs FC,DF,25,175,,,,,,,,,,,,,,,,,,,,,,,,,,,,,,,,FIFA World Cup 2026 roster
1041,,RAYA David,ESP,Spain,Arsenal FC,GK,30,186,,,,,,,,,,,,,,,,,,,,,,,,,,,,,,,,FIFA World Cup 2026 roster
1042,,PUBILL Marc,ESP,Spain,Atlético De Madrid,DF,22,191,,,,,,,,,,,,,,,,,,,,,,,,,,,,,,,,FIFA World Cup 2026 roster
1043,,GRIMALDO Alex,ESP,Spain,Bayer 04 Leverkusen,DF,30,171,,,,,,,,,,,,,,,,,,,,,,,,,,,,,,,,FIFA World Cup 2026 roster
1044,,GARCIA Eric,ESP,Spain,FC Barcelona,DF,25,183,,,,,,,,,,,,,,,,,,,,,,,,,,,,,,,,FIFA World Cup 2026 roster
1045,,LLORENTE Marcos,ESP,Spain,Atlético De Madrid,DF,31,183,,,,,,,,,,,,,,,,,,,,,,,,,,,,,,,,FIFA World Cup 2026 roster
1046,,MERINO Mikel,ESP,Spain,Arsenal FC,MF,29,188,,,,,,,,,,,,,,,,,,,,,,,,,,,,,,,,FIFA World Cup 2026 roster
1047,,TORRES Ferran,ESP,Spain,FC Barcelona,FW,26,183,,,,,,,,,,,,,,,,,,,,,,,,,,,,,,,,FIFA World Cup 2026 roster
1048,,RUIZ Fabian,ESP,Spain,Paris Saint-Germain,MF,30,188,,,,,,,,,,,,,,,,,,,,,,,,,,,,,,,,FIFA World Cup 2026 roster
1049,,GAVI,ESP,Spain,FC Barcelona,MF,21,173,,,,,,,,,,,,,,,,,,,,,,,,,,,,,,,,FIFA World Cup 2026 roster
1050,,OLMO Dani,ESP,Spain,FC Barcelona,FW,28,179,,,,,,,,,,,,,,,,,,,,,,,,,,,,,,,,FIFA World Cup 2026 roster
1051,,PINO Yeremy,ESP,Spain,Crystal Palace FC,FW,23,174,,,,,,,,,,,,,,,,,,,,,,,,,,,,,,,,FIFA World Cup 2026 roster
1052,,PORRO Pedro,ESP,Spain,Tottenham Hotspur FC,DF,26,173,,,,,,,,,,,,,,,,,,,,,,,,,,,,,,,,FIFA World Cup 2026 roster
1053,,GARCIA Joan,ESP,Spain,FC Barcelona,GK,25,194,,,,,,,,,,,,,,,,,,,,,,,,,,,,,,,,FIFA World Cup 2026 roster
1054,,LAPORTE Aymeric,ESP,Spain,Athletic Club,DF,32,191,,,,,,,,,,,,,,,,,,,,,,,,,,,,,,,,FIFA World Cup 2026 roster
1055,,BAENA Alex,ESP,Spain,Atlético De Madrid,MF,24,172,,,,,,,,,,,,,,,,,,,,,,,,,,,,,,,,FIFA World Cup 2026 roster
1056,,RODRI,ESP,Spain,Manchester City FC,MF,29,190,,,,,,,,,,,,,,,,,,,,,,,,,,,,,,,,FIFA World Cup 2026 roster
1057,,WILLIAMS Nico,ESP,Spain,Athletic Club,FW,23,181,,,,,,,,,,,,,,,,,,,,,,,,,,,,,,,,FIFA World Cup 2026 roster
1058,,ZUBIMENDI Martin,ESP,Spain,Arsenal FC,MF,27,181,,,,,,,,,,,,,,,,,,,,,,,,,,,,,,,,FIFA World Cup 2026 roster
1059,,YAMAL Lamine,ESP,Spain,FC Barcelona,FW,18,183,,,,,,,,,,,,,,,,,,,,,,,,,,,,,,,,FIFA World Cup 2026 roster
1060,,PEDRI,ESP,Spain,FC Barcelona,MF,23,174,,,,,,,,,,,,,,,,,,,,,,,,,,,,,,,,FIFA World Cup 2026 roster
1061,,OYARZABAL Mikel,ESP,Spain,Real Sociedad,FW,29,181,,,,,,,,,,,,,,,,,,,,,,,,,,,,,,,,FIFA World Cup 2026 roster
1062,,CUBARSI Pau,ESP,Spain,FC Barcelona,DF,19,183,,,,,,,,,,,,,,,,,,,,,,,,,,,,,,,,FIFA World Cup 2026 roster
1063,,SIMON Unai,ESP,Spain,Athletic Club,GK,29,190,,,,,,,,,,,,,,,,,,,,,,,,,,,,,,,,FIFA World Cup 2026 roster
1064,,CUCURELLA Marc,ESP,Spain,Chelsea FC,DF,27,173,,,,,,,,,,,,,,,,,,,,,,,,,,,,,,,,FIFA World Cup 2026 roster
1065,,MUNOZ Victor,ESP,Spain,CA Osasuna,FW,22,173,,,,,,,,,,,,,,,,,,,,,,,,,,,,,,,,FIFA World Cup 2026 roster
1066,,IGLESIAS Borja,ESP,Spain,RC Celta Vigo,FW,33,187,,,,,,,,,,,,,,,,,,,,,,,,,,,,,,,,FIFA World Cup 2026 roster
1067,,WIDELL ZETTERSTROM Jacob,SWE,Sweden,Derby County FC,GK,27,197,,,,,,,,,,,,,,,,,,,,,,,,,,,,,,,,FIFA World Cup 2026 roster
1068,,LAGERBIELKE Gustaf,SWE,Sweden,SC Braga,DF,26,193,,,,,,,,,,,,,,,,,,,,,,,,,,,,,,,,FIFA World Cup 2026 roster
1069,,LINDELOF Victor,SWE,Sweden,Aston Villa FC,DF,31,187,,,,,,,,,,,,,,,,,,,,,,,,,,,,,,,,FIFA World Cup 2026 roster
1070,,HIEN Isak,SWE,Sweden,Atalanta Bergamo,DF,27,191,,,,,,,,,,,,,,,,,,,,,,,,,,,,,,,,FIFA World Cup 2026 roster
1071,,GUDMUNDSSON Gabriel,SWE,Sweden,Leeds United FC,DF,27,181,,,,,,,,,,,,,,,,,,,,,,,,,,,,,,,,FIFA World Cup 2026 roster
1072,,JOHANSSON Herman,SWE,Sweden,FC Dallas,DF,28,190,,,,,,,,,,,,,,,,,,,,,,,,,,,,,,,,FIFA World Cup 2026 roster
1073,,BERGVALL Lucas,SWE,Sweden,Tottenham Hotspur FC,MF,20,187,,,,,,,,,,,,,,,,,,,,,,,,,,,,,,,,FIFA World Cup 2026 roster
1074,,SVENSSON Daniel,SWE,Sweden,Borussia Dortmund,DF,24,183,,,,,,,,,,,,,,,,,,,,,,,,,,,,,,,,FIFA World Cup 2026 roster
1075,,ISAK Alexander,SWE,Sweden,Liverpool FC,FW,26,190,,,,,,,,,,,,,,,,,,,,,,,,,,,,,,,,FIFA World Cup 2026 roster
1076,,NYGREN Benjamin,SWE,Sweden,Celtic FC,MF,24,187,,,,,,,,,,,,,,,,,,,,,,,,,,,,,,,,FIFA World Cup 2026 roster
1077,,ELANGA Anthony,SWE,Sweden,Newcastle United FC,FW,24,178,,,,,,,,,,,,,,,,,,,,,,,,,,,,,,,,FIFA World Cup 2026 roster
1078,,JOHANSSON Viktor,SWE,Sweden,Stoke City FC,GK,27,187,,,,,,,,,,,,,,,,,,,,,,,,,,,,,,,,FIFA World Cup 2026 roster
1079,,SEMA Ken,SWE,Sweden,Pafos FC,MF,32,180,,,,,,,,,,,,,,,,,,,,,,,,,,,,,,,,FIFA World Cup 2026 roster
1080,,EKDAL Hjalmar,SWE,Sweden,Burnley FC,DF,27,187,,,,,,,,,,,,,,,,,,,,,,,,,,,,,,,,FIFA World Cup 2026 roster
1081,,STARFELT Carl,SWE,Sweden,RC Celta Vigo,DF,31,185,,,,,,,,,,,,,,,,,,,,,,,,,,,,,,,,FIFA World Cup 2026 roster
1082,,KARLSTROM Jesper,SWE,Sweden,Udinese,MF,30,182,,,,,,,,,,,,,,,,,,,,,,,,,,,,,,,,FIFA World Cup 2026 roster
1083,,GYOKERES Viktor,SWE,Sweden,Arsenal FC,FW,28,189,,,,,,,,,,,,,,,,,,,,,,,,,,,,,,,,FIFA World Cup 2026 roster
1084,,AYARI Yasin,SWE,Sweden,Brighton & Hove Albion FC,MF,22,172,,,,,,,,,,,,,,,,,,,,,,,,,,,,,,,,FIFA World Cup 2026 roster
1085,,SVANBERG Mattias,SWE,Sweden,VfL Wolfsburg,MF,27,186,,,,,,,,,,,,,,,,,,,,,,,,,,,,,,,,FIFA World Cup 2026 roster
1086,,SMITH Eric,SWE,Sweden,FC St. Pauli,DF,29,192,,,,,,,,,,,,,,,,,,,,,,,,,,,,,,,,FIFA World Cup 2026 roster
1087,,BERNHARDSSON Alexander,SWE,Sweden,Holstein Kiel,DF,27,184,,,,,,,,,,,,,,,,,,,,,,,,,,,,,,,,FIFA World Cup 2026 roster
1088,,ZENELI Besfort,SWE,Sweden,Royale Union Saint-Gilloise,MF,23,187,,,,,,,,,,,,,,,,,,,,,,,,,,,,,,,,FIFA World Cup 2026 roster
1089,,NORDFELDT Kristoffer,SWE,Sweden,AIK Stockholm,GK,36,190,,,,,,,,,,,,,,,,,,,,,,,,,,,,,,,,FIFA World Cup 2026 roster
1090,,STROUD Elliot,SWE,Sweden,Mjällby AIF,DF,23,185,,,,,,,,,,,,,,,,,,,,,,,,,,,,,,,,FIFA World Cup 2026 roster
1091,,NILSSON Gustaf,SWE,Sweden,Club Brugge,FW,29,197,,,,,,,,,,,,,,,,,,,,,,,,,,,,,,,,FIFA World Cup 2026 roster
1092,,ALI Taha,SWE,Sweden,Malmö FF,FW,27,174,,,,,,,,,,,,,,,,,,,,,,,,,,,,,,,,FIFA World Cup 2026 roster
1093,,KOBEL Gregor,SUI,Switzerland,Borussia Dortmund,GK,28,196,,,,,,,,,,,,,,,,,,,,,,,,,,,,,,,,FIFA World Cup 2026 roster
1094,,MUHEIM Miro,SUI,Switzerland,Hamburger SV,DF,28,182,,,,,,,,,,,,,,,,,,,,,,,,,,,,,,,,FIFA World Cup 2026 roster
1095,,WIDMER Silvan,SUI,Switzerland,1. FSV Mainz 05,DF,33,183,,,,,,,,,,,,,,,,,,,,,,,,,,,,,,,,FIFA World Cup 2026 roster
1096,,ELVEDI Nico,SUI,Switzerland,Borussia Mönchengladbach,DF,29,189,,,,,,,,,,,,,,,,,,,,,,,,,,,,,,,,FIFA World Cup 2026 roster
1097,,AKANJI Manuel,SUI,Switzerland,FC Internazionale Milano,DF,30,188,,,,,,,,,,,,,,,,,,,,,,,,,,,,,,,,FIFA World Cup 2026 roster
1098,,ZAKARIA Denis,SUI,Switzerland,AS Monaco,MF,29,189,,,,,,,,,,,,,,,,,,,,,,,,,,,,,,,,FIFA World Cup 2026 roster
1099,,EMBOLO Breel,SUI,Switzerland,Stade Rennais FC,FW,29,184,,,,,,,,,,,,,,,,,,,,,,,,,,,,,,,,FIFA World Cup 2026 roster
1100,,FREULER Remo,SUI,Switzerland,Bologna FC,MF,34,181,,,,,,,,,,,,,,,,,,,,,,,,,,,,,,,,FIFA World Cup 2026 roster
1101,,MANZAMBI Johan,SUI,Switzerland,SC Freiburg,MF,20,182,,,,,,,,,,,,,,,,,,,,,,,,,,,,,,,,FIFA World Cup 2026 roster
1102,,XHAKA Granit,SUI,Switzerland,Sunderland AFC,MF,33,183,,,,,,,,,,,,,,,,,,,,,,,,,,,,,,,,FIFA World Cup 2026 roster
1103,,NDOYE Dan,SUI,Switzerland,Nottingham Forest FC,FW,25,184,,,,,,,,,,,,,,,,,,,,,,,,,,,,,,,,FIFA World Cup 2026 roster
1104,,MVOGO Yvon,SUI,Switzerland,FC Lorient,GK,32,190,,,,,,,,,,,,,,,,,,,,,,,,,,,,,,,,FIFA World Cup 2026 roster
1105,,RODRIGUEZ Ricardo,SUI,Switzerland,Real Betis,DF,33,182,,,,,,,,,,,,,,,,,,,,,,,,,,,,,,,,FIFA World Cup 2026 roster
1106,,JASHARI Ardon,SUI,Switzerland,AC Milan,MF,23,181,,,,,,,,,,,,,,,,,,,,,,,,,,,,,,,,FIFA World Cup 2026 roster
1107,,SOW Djibril,SUI,Switzerland,Sevilla FC,MF,29,183,,,,,,,,,,,,,,,,,,,,,,,,,,,,,,,,FIFA World Cup 2026 roster
1108,,FASSNACHT Christian,SUI,Switzerland,BSC Young Boys,FW,32,185,,,,,,,,,,,,,,,,,,,,,,,,,,,,,,,,FIFA World Cup 2026 roster
1109,,VARGAS Ruben,SUI,Switzerland,Sevilla FC,FW,27,179,,,,,,,,,,,,,,,,,,,,,,,,,,,,,,,,FIFA World Cup 2026 roster
1110,,COEMERT Eray,SUI,Switzerland,Valencia CF,DF,28,183,,,,,,,,,,,,,,,,,,,,,,,,,,,,,,,,FIFA World Cup 2026 roster
1111,,OKAFOR Noah,SUI,Switzerland,Leeds United FC,FW,26,185,,,,,,,,,,,,,,,,,,,,,,,,,,,,,,,,FIFA World Cup 2026 roster
1112,,AEBISCHER Michel,SUI,Switzerland,Pisa SC,MF,29,183,,,,,,,,,,,,,,,,,,,,,,,,,,,,,,,,FIFA World Cup 2026 roster
1113,,KELLER Marvin,SUI,Switzerland,BSC Young Boys,GK,23,189,,,,,,,,,,,,,,,,,,,,,,,,,,,,,,,,FIFA World Cup 2026 roster
1114,,RIEDER Fabian,SUI,Switzerland,FC Augsburg,MF,24,181,,,,,,,,,,,,,,,,,,,,,,,,,,,,,,,,FIFA World Cup 2026 roster
1115,,AMDOUNI Zeki,SUI,Switzerland,Burnley FC,FW,25,183,,,,,,,,,,,,,,,,,,,,,,,,,,,,,,,,FIFA World Cup 2026 roster
1116,,AMENDA Aurele,SUI,Switzerland,Eintracht Frankfurt,DF,22,194,,,,,,,,,,,,,,,,,,,,,,,,,,,,,,,,FIFA World Cup 2026 roster
1117,,JAQUEZ Luca,SUI,Switzerland,VfB Stuttgart,DF,23,187,,,,,,,,,,,,,,,,,,,,,,,,,,,,,,,,FIFA World Cup 2026 roster
1118,,ITTEN Cedric,SUI,Switzerland,Fortuna Düsseldorf,FW,29,190,,,,,,,,,,,,,,,,,,,,,,,,,,,,,,,,FIFA World Cup 2026 roster
1119,,CHAMAKH Mouhib,TUN,Tunisia,Club Africain,GK,24,189,,,,,,,,,,,,,,,,,,,,,,,,,,,,,,,,FIFA World Cup 2026 roster
1120,,ABDI Ali,TUN,Tunisia,OGC Nice,DF,32,177,,,,,,,,,,,,,,,,,,,,,,,,,,,,,,,,FIFA World Cup 2026 roster
1121,,TALBI Montassar,TUN,Tunisia,FC Lorient,DF,28,190,,,,,,,,,,,,,,,,,,,,,,,,,,,,,,,,FIFA World Cup 2026 roster
1122,,REKIK Omar,TUN,Tunisia,NK Maribor,DF,24,188,,,,,,,,,,,,,,,,,,,,,,,,,,,,,,,,FIFA World Cup 2026 roster
1123,,AROUS Adam,TUN,Tunisia,Kasımpaşa SK,DF,21,188,,,,,,,,,,,,,,,,,,,,,,,,,,,,,,,,FIFA World Cup 2026 roster
1124,,BRONN Dylan,TUN,Tunisia,Servette FC,DF,30,186,,,,,,,,,,,,,,,,,,,,,,,,,,,,,,,,FIFA World Cup 2026 roster
1125,,ACHOURI Elias,TUN,Tunisia,FC København,FW,27,187,,,,,,,,,,,,,,,,,,,,,,,,,,,,,,,,FIFA World Cup 2026 roster
1126,,SAAD Elias,TUN,Tunisia,Hannover 96,FW,26,185,,,,,,,,,,,,,,,,,,,,,,,,,,,,,,,,FIFA World Cup 2026 roster
1127,,MASTOURI Hazem,TUN,Tunisia,FC Dynamo Makhachkala,FW,28,191,,,,,,,,,,,,,,,,,,,,,,,,,,,,,,,,FIFA World Cup 2026 roster
1128,,MEJBRI Hannibal,TUN,Tunisia,Burnley FC,MF,23,177,,,,,,,,,,,,,,,,,,,,,,,,,,,,,,,,FIFA World Cup 2026 roster
1129,,GHARBI Ismael,TUN,Tunisia,FC Augsburg,MF,22,180,,,,,,,,,,,,,,,,,,,,,,,,,,,,,,,,FIFA World Cup 2026 roster
1130,,BEN OUANES Mortadha,TUN,Tunisia,Kasımpaşa SK,DF,31,188,,,,,,,,,,,,,,,,,,,,,,,,,,,,,,,,FIFA World Cup 2026 roster
1131,,KHEDIRA Rani,TUN,Tunisia,1. FC Union Berlin,MF,32,188,,,,,,,,,,,,,,,,,,,,,,,,,,,,,,,,FIFA World Cup 2026 roster
1132,,AYARI Khalil,TUN,Tunisia,Paris Saint-Germain,MF,21,174,,,,,,,,,,,,,,,,,,,,,,,,,,,,,,,,FIFA World Cup 2026 roster
1133,,HADJ MAHMOUD Mohamed,TUN,Tunisia,FC Lugano,MF,26,179,,,,,,,,,,,,,,,,,,,,,,,,,,,,,,,,FIFA World Cup 2026 roster
1134,,DAHMEN Aymen,TUN,Tunisia,CS Sfaxien,GK,29,188,,,,,,,,,,,,,,,,,,,,,,,,,,,,,,,,FIFA World Cup 2026 roster
1135,,SKHIRI Ellyes,TUN,Tunisia,Eintracht Frankfurt,MF,31,185,,,,,,,,,,,,,,,,,,,,,,,,,,,,,,,,FIFA World Cup 2026 roster
1136,,ELLOUMI Rayan,TUN,Tunisia,Vancouver Whitecaps FC,FW,18,180,,,,,,,,,,,,,,,,,,,,,,,,,,,,,,,,FIFA World Cup 2026 roster
1137,,CHAOUAT Firas,TUN,Tunisia,Club Africain,FW,30,185,,,,,,,,,,,,,,,,,,,,,,,,,,,,,,,,FIFA World Cup 2026 roster
1138,,VALERY Yan,TUN,Tunisia,BSC Young Boys,DF,27,181,,,,,,,,,,,,,,,,,,,,,,,,,,,,,,,,FIFA World Cup 2026 roster
1139,,BEN HMIDA Mohamed Amine,TUN,Tunisia,Espérance De Tunisie,DF,30,181,,,,,,,,,,,,,,,,,,,,,,,,,,,,,,,,FIFA World Cup 2026 roster
1140,,BEN HESSEN Sabri,TUN,Tunisia,Étoile Du Sahel,GK,29,189,,,,,,,,,,,,,,,,,,,,,,,,,,,,,,,,FIFA World Cup 2026 roster
1141,,NEFFATI Moutaz,TUN,Tunisia,IFK Norrköping FK,DF,21,182,,,,,,,,,,,,,,,,,,,,,,,,,,,,,,,,FIFA World Cup 2026 roster
1142,,CHIKHAOUI Raed,TUN,Tunisia,US Monastir,DF,22,191,,,,,,,,,,,,,,,,,,,,,,,,,,,,,,,,FIFA World Cup 2026 roster
1143,,SLIMANE Anis,TUN,Tunisia,Norwich City FC,MF,25,188,,,,,,,,,,,,,,,,,,,,,,,,,,,,,,,,FIFA World Cup 2026 roster
1144,,TOUNEKTI Sebastian,TUN,Tunisia,Celtic FC,MF,23,182,,,,,,,,,,,,,,,,,,,,,,,,,,,,,,,,FIFA World Cup 2026 roster
1145,,GUNOK Mert,TUR,Türkiye,Fenerbahçe SK,GK,37,196,,,,,,,,,,,,,,,,,,,,,,,,,,,,,,,,FIFA World Cup 2026 roster
1146,,CELIK Zeki,TUR,Türkiye,AS Roma,DF,29,180,,,,,,,,,,,,,,,,,,,,,,,,,,,,,,,,FIFA World Cup 2026 roster
1147,,DEMIRAL Merih,TUR,Türkiye,Al Ahli FC,DF,28,190,,,,,,,,,,,,,,,,,,,,,,,,,,,,,,,,FIFA World Cup 2026 roster
1148,,SOYUNCU Caglar,TUR,Türkiye,Fenerbahçe SK,DF,30,185,,,,,,,,,,,,,,,,,,,,,,,,,,,,,,,,FIFA World Cup 2026 roster
1149,,OZCAN Salih,TUR,Türkiye,Borussia Dortmund,MF,28,182,,,,,,,,,,,,,,,,,,,,,,,,,,,,,,,,FIFA World Cup 2026 roster
1150,,KOKCU Orkun,TUR,Türkiye,Beşiktaş JK,MF,25,175,,,,,,,,,,,,,,,,,,,,,,,,,,,,,,,,FIFA World Cup 2026 roster
1151,,AKTURKOGLU Kerem,TUR,Türkiye,Fenerbahçe SK,FW,27,172,,,,,,,,,,,,,,,,,,,,,,,,,,,,,,,,FIFA World Cup 2026 roster
1152,,GULER Arda,TUR,Türkiye,Real Madrid C. F.,FW,21,175,,,,,,,,,,,,,,,,,,,,,,,,,,,,,,,,FIFA World Cup 2026 roster
1153,,GUL Deniz,TUR,Türkiye,FC Porto,FW,21,192,,,,,,,,,,,,,,,,,,,,,,,,,,,,,,,,FIFA World Cup 2026 roster
1154,,CALHANOGLU Hakan,TUR,Türkiye,FC Internazionale Milano,MF,32,178,,,,,,,,,,,,,,,,,,,,,,,,,,,,,,,,FIFA World Cup 2026 roster
1155,,YILDIZ Kenan,TUR,Türkiye,Juventus FC,FW,21,187,,,,,,,,,,,,,,,,,,,,,,,,,,,,,,,,FIFA World Cup 2026 roster
1156,,BAYINDIR Altay,TUR,Türkiye,Manchester United FC,GK,28,198,,,,,,,,,,,,,,,,,,,,,,,,,,,,,,,,FIFA World Cup 2026 roster
1157,,ELMALI Eren,TUR,Türkiye,Galatasaray SK,DF,25,181,,,,,,,,,,,,,,,,,,,,,,,,,,,,,,,,FIFA World Cup 2026 roster
1158,,BARDAKCI Abdulkerim,TUR,Türkiye,Galatasaray SK,DF,31,185,,,,,,,,,,,,,,,,,,,,,,,,,,,,,,,,FIFA World Cup 2026 roster
1159,,KABAK Ozan,TUR,Türkiye,TSG Hoffenheim,DF,26,187,,,,,,,,,,,,,,,,,,,,,,,,,,,,,,,,FIFA World Cup 2026 roster
1160,,YUKSEK Ismail,TUR,Türkiye,Fenerbahçe SK,MF,27,183,,,,,,,,,,,,,,,,,,,,,,,,,,,,,,,,FIFA World Cup 2026 roster
1161,,KAHVECI Irfan Can,TUR,Türkiye,Kasımpaşa SK,FW,30,180,,,,,,,,,,,,,,,,,,,,,,,,,,,,,,,,FIFA World Cup 2026 roster
1162,,MULDUR Mert,TUR,Türkiye,Fenerbahçe SK,DF,27,184,,,,,,,,,,,,,,,,,,,,,,,,,,,,,,,,FIFA World Cup 2026 roster
1163,,AKGUN Yunus,TUR,Türkiye,Galatasaray SK,FW,25,173,,,,,,,,,,,,,,,,,,,,,,,,,,,,,,,,FIFA World Cup 2026 roster
1164,,KADIOGLU Ferdi,TUR,Türkiye,Brighton & Hove Albion FC,DF,26,174,,,,,,,,,,,,,,,,,,,,,,,,,,,,,,,,FIFA World Cup 2026 roster
1165,,YILMAZ Baris Alper,TUR,Türkiye,Galatasaray SK,FW,26,186,,,,,,,,,,,,,,,,,,,,,,,,,,,,,,,,FIFA World Cup 2026 roster
1166,,AYHAN Kaan,TUR,Türkiye,Galatasaray SK,MF,31,185,,,,,,,,,,,,,,,,,,,,,,,,,,,,,,,,FIFA World Cup 2026 roster
1167,,CAKIR Ugurcan,TUR,Türkiye,Galatasaray SK,GK,30,191,,,,,,,,,,,,,,,,,,,,,,,,,,,,,,,,FIFA World Cup 2026 roster
1168,,AYDIN Oguz,TUR,Türkiye,Fenerbahçe SK,FW,25,183,,,,,,,,,,,,,,,,,,,,,,,,,,,,,,,,FIFA World Cup 2026 roster
1169,,AKAYDIN Samet,TUR,Türkiye,Çaykur Rizespor,DF,32,190,,,,,,,,,,,,,,,,,,,,,,,,,,,,,,,,FIFA World Cup 2026 roster
1170,,UZUN Can,TUR,Türkiye,Eintracht Frankfurt,FW,20,186,,,,,,,,,,,,,,,,,,,,,,,,,,,,,,,,FIFA World Cup 2026 roster
1171,,ROCHET Sergio,URU,Uruguay,SC Internacional,GK,33,189,,,,,,,,,,,,,,,,,,,,,,,,,,,,,,,,FIFA World Cup 2026 roster
1172,,GIMENEZ Jose Maria,URU,Uruguay,Atlético De Madrid,DF,31,186,,,,,,,,,,,,,,,,,,,,,,,,,,,,,,,,FIFA World Cup 2026 roster
1173,,CACERES Sebastian,URU,Uruguay,Club América,DF,26,180,,,,,,,,,,,,,,,,,,,,,,,,,,,,,,,,FIFA World Cup 2026 roster
1174,,ARAUJO Ronald,URU,Uruguay,FC Barcelona,DF,27,185,,,,,,,,,,,,,,,,,,,,,,,,,,,,,,,,FIFA World Cup 2026 roster
1175,,UGARTE Manuel,URU,Uruguay,Manchester United FC,MF,25,182,,,,,,,,,,,,,,,,,,,,,,,,,,,,,,,,FIFA World Cup 2026 roster
1176,,BENTANCUR Rodrigo,URU,Uruguay,Tottenham Hotspur FC,MF,28,187,,,,,,,,,,,,,,,,,,,,,,,,,,,,,,,,FIFA World Cup 2026 roster
1177,,DE LA CRUZ Nicolas,URU,Uruguay,CR Flamengo,MF,29,167,,,,,,,,,,,,,,,,,,,,,,,,,,,,,,,,FIFA World Cup 2026 roster
1178,,VALVERDE Federico,URU,Uruguay,Real Madrid C. F.,MF,27,182,,,,,,,,,,,,,,,,,,,,,,,,,,,,,,,,FIFA World Cup 2026 roster
1179,,NUNEZ Darwin,URU,Uruguay,Al Hilal SC,FW,26,185,,,,,,,,,,,,,,,,,,,,,,,,,,,,,,,,FIFA World Cup 2026 roster
1180,,DE ARRASCAETA Giorgian,URU,Uruguay,CR Flamengo,MF,32,177,,,,,,,,,,,,,,,,,,,,,,,,,,,,,,,,FIFA World Cup 2026 roster
1181,,PELLISTRI Facundo,URU,Uruguay,Panathinaikos FC,FW,24,174,,,,,,,,,,,,,,,,,,,,,,,,,,,,,,,,FIFA World Cup 2026 roster
1182,,MELE Santiago,URU,Uruguay,CF Monterrey,GK,28,185,,,,,,,,,,,,,,,,,,,,,,,,,,,,,,,,FIFA World Cup 2026 roster
1183,,VARELA Guillermo,URU,Uruguay,CR Flamengo,DF,33,174,,,,,,,,,,,,,,,,,,,,,,,,,,,,,,,,FIFA World Cup 2026 roster
1184,,CANOBBIO Agustin,URU,Uruguay,Fluminense FC,MF,27,176,,,,,,,,,,,,,,,,,,,,,,,,,,,,,,,,FIFA World Cup 2026 roster
1185,,MARTINEZ Emiliano,URU,Uruguay,SE Palmeiras,MF,26,184,,,,,,,,,,,,,,,,,,,,,,,,,,,,,,,,FIFA World Cup 2026 roster
1186,,OLIVERA Mathias,URU,Uruguay,SSC Napoli,DF,28,174,,,,,,,,,,,,,,,,,,,,,,,,,,,,,,,,FIFA World Cup 2026 roster
1187,,VINA Matias,URU,Uruguay,CA River Plate,DF,28,180,,,,,,,,,,,,,,,,,,,,,,,,,,,,,,,,FIFA World Cup 2026 roster
1188,,RODRIGUEZ Brian,URU,Uruguay,Club América,FW,26,175,,,,,,,,,,,,,,,,,,,,,,,,,,,,,,,,FIFA World Cup 2026 roster
1189,,AGUIRRE Rodrigo,URU,Uruguay,Tigres UANL,FW,31,182,,,,,,,,,,,,,,,,,,,,,,,,,,,,,,,,FIFA World Cup 2026 roster
1190,,ARAUJO Maxi,URU,Uruguay,Sporting CP,MF,26,176,,,,,,,,,,,,,,,,,,,,,,,,,,,,,,,,FIFA World Cup 2026 roster
1191,,VINAS Federico,URU,Uruguay,Real Oviedo,FW,27,181,,,,,,,,,,,,,,,,,,,,,,,,,,,,,,,,FIFA World Cup 2026 roster
1192,,PIQUEREZ Joaquin,URU,Uruguay,SE Palmeiras,MF,27,185,,,,,,,,,,,,,,,,,,,,,,,,,,,,,,,,FIFA World Cup 2026 roster
1193,,MUSLERA Fernando,URU,Uruguay,Estudiantes LP,GK,39,190,,,,,,,,,,,,,,,,,,,,,,,,,,,,,,,,FIFA World Cup 2026 roster
1194,,BUENO Santiago,URU,Uruguay,Wolverhampton Wanderers FC,DF,27,191,,,,,,,,,,,,,,,,,,,,,,,,,,,,,,,,FIFA World Cup 2026 roster
1195,,SANABRIA Juan Manuel,URU,Uruguay,Real Salt Lake,MF,26,170,,,,,,,,,,,,,,,,,,,,,,,,,,,,,,,,FIFA World Cup 2026 roster
1196,,ZALAZAR Rodrigo,URU,Uruguay,SC Braga,MF,26,175,,,,,,,,,,,,,,,,,,,,,,,,,,,,,,,,FIFA World Cup 2026 roster
1197,,TURNER Matt,USA,USA,New England Revolution,GK,31,190,,,,,,,,,,,,,,,,,,,,,,,,,,,,,,,,FIFA World Cup 2026 roster
1198,,DEST Sergino,USA,USA,PSV Eindhoven,DF,25,173,,,,,,,,,,,,,,,,,,,,,,,,,,,,,,,,FIFA World Cup 2026 roster
1199,,RICHARDS Chris,USA,USA,Crystal Palace FC,DF,26,189,,,,,,,,,,,,,,,,,,,,,,,,,,,,,,,,FIFA World Cup 2026 roster
1200,,ADAMS Tyler,USA,USA,AFC Bournemouth,MF,27,175,,,,,,,,,,,,,,,,,,,,,,,,,,,,,,,,FIFA World Cup 2026 roster
1201,,ROBINSON Antonee,USA,USA,Fulham FC,DF,28,183,,,,,,,,,,,,,,,,,,,,,,,,,,,,,,,,FIFA World Cup 2026 roster
1202,,TRUSTY Auston,USA,USA,Celtic FC,DF,27,190,,,,,,,,,,,,,,,,,,,,,,,,,,,,,,,,FIFA World Cup 2026 roster
1203,,REYNA Giovanni,USA,USA,Borussia Mönchengladbach,MF,23,187,,,,,,,,,,,,,,,,,,,,,,,,,,,,,,,,FIFA World Cup 2026 roster
1204,,McKENNIE Weston,USA,USA,Juventus FC,MF,27,180,,,,,,,,,,,,,,,,,,,,,,,,,,,,,,,,FIFA World Cup 2026 roster
1205,,PEPI Ricardo,USA,USA,PSV Eindhoven,FW,23,185,,,,,,,,,,,,,,,,,,,,,,,,,,,,,,,,FIFA World Cup 2026 roster
1206,,PULISIC Christian,USA,USA,AC Milan,FW,27,177,,,,,,,,,,,,,,,,,,,,,,,,,,,,,,,,FIFA World Cup 2026 roster
1207,,AARONSON Brenden,USA,USA,Leeds United FC,FW,25,177,,,,,,,,,,,,,,,,,,,,,,,,,,,,,,,,FIFA World Cup 2026 roster
1208,,ROBINSON Miles,USA,USA,FC Cincinnatti,DF,29,187,,,,,,,,,,,,,,,,,,,,,,,,,,,,,,,,FIFA World Cup 2026 roster
1209,,REAM Tim,USA,USA,Charlotte FC,DF,38,186,,,,,,,,,,,,,,,,,,,,,,,,,,,,,,,,FIFA World Cup 2026 roster
1210,,BERHALTER Sebastian,USA,USA,Vancouver Whitecaps FC,MF,25,175,,,,,,,,,,,,,,,,,,,,,,,,,,,,,,,,FIFA World Cup 2026 roster
1211,,ROLDAN Cristian,USA,USA,Seattle Sounders FC,MF,31,173,,,,,,,,,,,,,,,,,,,,,,,,,,,,,,,,FIFA World Cup 2026 roster
1212,,FREEMAN Alex,USA,USA,Villarreal CF,DF,21,188,,,,,,,,,,,,,,,,,,,,,,,,,,,,,,,,FIFA World Cup 2026 roster
1213,,TILLMAN Malik,USA,USA,Bayer 04 Leverkusen,MF,24,187,,,,,,,,,,,,,,,,,,,,,,,,,,,,,,,,FIFA World Cup 2026 roster
1214,,ARFSTEN Max,USA,USA,Columbus Crew,DF,25,185,,,,,,,,,,,,,,,,,,,,,,,,,,,,,,,,FIFA World Cup 2026 roster
1215,,WRIGHT Haji,USA,USA,Coventry City FC,FW,28,191,,,,,,,,,,,,,,,,,,,,,,,,,,,,,,,,FIFA World Cup 2026 roster
1216,,BALOGUN Folarin,USA,USA,AS Monaco,FW,24,179,,,,,,,,,,,,,,,,,,,,,,,,,,,,,,,,FIFA World Cup 2026 roster
1217,,WEAH Timothy,USA,USA,Olympique Marseille,FW,26,183,,,,,,,,,,,,,,,,,,,,,,,,,,,,,,,,FIFA World Cup 2026 roster
1218,,McKENZIE Mark,USA,USA,Toulouse FC,DF,27,186,,,,,,,,,,,,,,,,,,,,,,,,,,,,,,,,FIFA World Cup 2026 roster
1219,,SCALLY Joe,USA,USA,Borussia Mönchengladbach,DF,23,184,,,,,,,,,,,,,,,,,,,,,,,,,,,,,,,,FIFA World Cup 2026 roster
1220,,FREESE Matt,USA,USA,New York City FC,GK,27,198,,,,,,,,,,,,,,,,,,,,,,,,,,,,,,,,FIFA World Cup 2026 roster
1221,,BRADY Chris,USA,USA,Chicago Fire FC,GK,22,193,,,,,,,,,,,,,,,,,,,,,,,,,,,,,,,,FIFA World Cup 2026 roster
1222,,ZENDEJAS Alex,USA,USA,Club América,FW,28,167,,,,,,,,,,,,,,,,,,,,,,,,,,,,,,,,FIFA World Cup 2026 roster
1223,,YUSUPOV Utkir,UZB,Uzbekistan,PFC Navbahor Namangan,GK,35,185,,,,,,,,,,,,,,,,,,,,,,,,,,,,,,,,FIFA World Cup 2026 roster
1224,,KHUSANOV Abdukodir,UZB,Uzbekistan,Manchester City FC,DF,22,186,,,,,,,,,,,,,,,,,,,,,,,,,,,,,,,,FIFA World Cup 2026 roster
1225,,ALIJONOV Khojiakbar,UZB,Uzbekistan,Pakhtakor Tashkent FK,DF,29,180,,,,,,,,,,,,,,,,,,,,,,,,,,,,,,,,FIFA World Cup 2026 roster
1226,,SAYFIEV Farrukh,UZB,Uzbekistan,FK Neftchi Farg'ona,DF,35,183,,,,,,,,,,,,,,,,,,,,,,,,,,,,,,,,FIFA World Cup 2026 roster
1227,,ASHURMATOV Rustam,UZB,Uzbekistan,Esteghlal Tehran FC,DF,29,186,,,,,,,,,,,,,,,,,,,,,,,,,,,,,,,,FIFA World Cup 2026 roster
1228,,MOZGOVOY Akmal,UZB,Uzbekistan,Pakhtakor Tashkent FK,MF,27,180,,,,,,,,,,,,,,,,,,,,,,,,,,,,,,,,FIFA World Cup 2026 roster
1229,,SHUKUROV Otabek,UZB,Uzbekistan,Baniyas Club,MF,29,183,,,,,,,,,,,,,,,,,,,,,,,,,,,,,,,,FIFA World Cup 2026 roster
1230,,ISKANDEROV Jamshid,UZB,Uzbekistan,FK Neftchi Farg'ona,MF,32,171,,,,,,,,,,,,,,,,,,,,,,,,,,,,,,,,FIFA World Cup 2026 roster
1231,,XAMROBEKOV Odiljon,UZB,Uzbekistan,Tractor Sazi Tabriz FC,MF,30,180,,,,,,,,,,,,,,,,,,,,,,,,,,,,,,,,FIFA World Cup 2026 roster
1232,,MASHARIPOV Jaloliddin,UZB,Uzbekistan,Esteghlal Tehran FC,MF,32,174,,,,,,,,,,,,,,,,,,,,,,,,,,,,,,,,FIFA World Cup 2026 roster
1233,,URUNOV Oston,UZB,Uzbekistan,Persepolis FC,MF,25,181,,,,,,,,,,,,,,,,,,,,,,,,,,,,,,,,FIFA World Cup 2026 roster
1234,,NEMATOV Abduvohid,UZB,Uzbekistan,Nasaf Qarshi FC,GK,25,182,,,,,,,,,,,,,,,,,,,,,,,,,,,,,,,,FIFA World Cup 2026 roster
1235,,NASRULLAEV Sherzod,UZB,Uzbekistan,Pakhtakor Tashkent FK,DF,27,183,,,,,,,,,,,,,,,,,,,,,,,,,,,,,,,,FIFA World Cup 2026 roster
1236,,SHOMURODOV Eldor,UZB,Uzbekistan,Başakşehir FK,FW,30,190,,,,,,,,,,,,,,,,,,,,,,,,,,,,,,,,FIFA World Cup 2026 roster
1237,,ESHMURODOV Umar,UZB,Uzbekistan,Nasaf Qarshi FC,DF,33,185,,,,,,,,,,,,,,,,,,,,,,,,,,,,,,,,FIFA World Cup 2026 roster
1238,,ERGASHEV Botirali,UZB,Uzbekistan,FK Neftchi Farg'ona,GK,30,189,,,,,,,,,,,,,,,,,,,,,,,,,,,,,,,,FIFA World Cup 2026 roster
1239,,KHAMDAMOV Dostonbek,UZB,Uzbekistan,Pakhtakor Tashkent FK,MF,29,178,,,,,,,,,,,,,,,,,,,,,,,,,,,,,,,,FIFA World Cup 2026 roster
1240,,ABDULLAEV Abdulla,UZB,Uzbekistan,Dibba FC,DF,28,181,,,,,,,,,,,,,,,,,,,,,,,,,,,,,,,,FIFA World Cup 2026 roster
1241,,GANIEV Azizjon,UZB,Uzbekistan,Al Bataeh Club,MF,28,178,,,,,,,,,,,,,,,,,,,,,,,,,,,,,,,,FIFA World Cup 2026 roster
1242,,AMONOV Azizbek,UZB,Uzbekistan,FK Dinamo Samarkand,FW,28,181,,,,,,,,,,,,,,,,,,,,,,,,,,,,,,,,FIFA World Cup 2026 roster
1243,,SERGEEV Igor,UZB,Uzbekistan,Persepolis FC,FW,33,185,,,,,,,,,,,,,,,,,,,,,,,,,,,,,,,,FIFA World Cup 2026 roster
1244,,FAYZULLAEV Abbosbek,UZB,Uzbekistan,Başakşehir FK,MF,22,167,,,,,,,,,,,,,,,,,,,,,,,,,,,,,,,,FIFA World Cup 2026 roster
1245,,ESANOV Sherzod,UZB,Uzbekistan,FK Buxoro,MF,23,190,,,,,,,,,,,,,,,,,,,,,,,,,,,,,,,,FIFA World Cup 2026 roster
1246,,KARIMOV Behruzjon,UZB,Uzbekistan,Surkhon FK,DF,18,172,,,,,,,,,,,,,,,,,,,,,,,,,,,,,,,,FIFA World Cup 2026 roster
1247,,ULMASALIYEV Avazbek,UZB,Uzbekistan,OKMK FK,DF,26,187,,,,,,,,,,,,,,,,,,,,,,,,,,,,,,,,FIFA World Cup 2026 roster
1248,,UROZOV Jakhongir,UZB,Uzbekistan,FK Dinamo Samarkand,DF,22,190,,,,,,,,,,,,,,,,,,,,,,,,,,,,,,,,FIFA World Cup 2026 roster
