player_id,player_name,national_team,club,position,age,height_cm,matches,starts,minutes,90s,goals,assists,goals_assists,goals_minus_pk,penalties,penalties_attempted,yellow_cards,red_cards,shots,shots_on_target,shot_on_target_pct,shots_p90,shots_on_target_p90,goals_per_shot,goals_per_sot,tackles_won,interceptions,goals_against,ga90,shots_on_target_against,saves,save_pct,clean_sheets,clean_sheet_pct,pk_attempted,pk_allowed,pk_saved,pk_missed,pk_save_pct,goals_p90,assists_p90,tackles_won_p90,interceptions_p90,saves_p90,clean_sheets_p90,goals_p90_pct,assists_p90_pct,shots_p90_pct,shots_on_target_p90_pct,tackles_won_p90_pct,interceptions_p90_pct,save_pct_pct,saves_p90_pct,clean_sheets_p90_pct
2,Aïssa Mandi,ALG,Lille OSC,DF,34,184,4,4,360,4.0,0,0,0,0,0,0,0,0,0,0,,0.0,0.0,,,3,4,,,,,,,,,,,,,0.0,0.0,0.75,1.0,,,,,,,49.82993197278912,53.91156462585034,,,
5,Zineddine Belaïd,ALG,JS Kabylie,DF,27,186,2,0,25,0.3,0,0,0,0,0,0,0,0,0,0,,0.0,0.0,,,0,0,,,,,,,,,,,,,0.0,0.0,0.0,0.0,,,,,,,11.73469387755102,10.034013605442176,,,
6,Ramiz Zerrouki,ALG,FC Twente,MF,28,183,3,2,111,1.2,0,0,0,0,0,0,1,0,0,0,,0.0,0.0,,,1,2,,,,,,,,,,,,,0.0,0.0,0.8108108108108109,1.6216216216216215,,,,40.569395017793596,11.387900355871885,,47.330960854092524,79.7153024911032,,,
7,Riyad Mahrez,ALG,Al Ahli FC,FW,35,179,4,3,262,2.9,2,1,3,2,0,0,0,0,6,3,50.0,2.06,1.03,0.33,0.67,2,1,,,,,,,,,,,,,0.6870229007633587,0.3435114503816793,0.6870229007633587,0.3435114503816793,,,84.8249027237354,85.99221789883269,56.03112840466926,68.8715953307393,,,,,
8,Houssem Aouar,ALG,Al Ittihad,MF,27,175,3,2,173,1.9,0,2,2,0,0,0,0,0,3,1,33.3,1.56,0.52,0.0,0.0,1,0,,,,,,,,,,,,,0.0,1.0404624277456649,0.5202312138728323,0.0,,,,98.93238434163702,64.59074733096085,,35.587188612099645,14.23487544483986,,,
9,Amine Gouiri,ALG,Olympique Marseille,FW,26,180,4,3,251,2.8,1,0,1,1,0,0,0,0,3,2,66.7,1.08,0.72,0.33,0.5,1,0,,,,,,,,,,,,,0.3585657370517928,0.0,0.3585657370517928,0.0,,,78.21011673151752,38.715953307393,32.295719844357976,60.89494163424124,,,,,
10,Fares Chaïbi,ALG,Eintracht Frankfurt,MF,23,183,4,4,360,4.0,0,0,0,0,0,0,1,0,9,3,33.3,2.25,0.75,0.0,0.0,5,3,,,,,,,,,,,,,0.0,0.0,1.25,0.75,,,,40.569395017793596,81.85053380782918,,64.41281138790036,51.95729537366548,,,
11,Anis Hadj Moussa,ALG,Feyenoord Rotterdam,FW,24,176,3,1,98,1.1,0,0,0,0,0,0,0,0,2,0,0.0,1.84,0.0,0.0,,0,1,,,,,,,,,,,,,0.0,0.0,0.0,0.9183673469387754,,,35.40856031128405,38.715953307393,49.80544747081712,23.151750972762645,,,,,
12,Nadhir Benbouali,ALG,Györi ETO FC,FW,26,190,1,0,45,0.5,1,0,1,1,0,0,0,0,2,2,100.0,4.0,4.0,0.5,0.5,1,0,,,,,,,,,,,,,2.0,0.0,2.0,0.0,,,99.22178988326849,38.715953307393,86.18677042801556,99.22178988326849,,,,,
13,Jaouen Hadjam,ALG,BSC Young Boys,DF,23,185,3,1,109,1.2,0,0,0,0,0,0,0,0,1,0,0.0,0.83,0.0,0.0,,1,1,,,,,,,,,,,,,0.0,0.0,0.8256880733944955,0.8256880733944955,,,,,,,52.55102040816326,43.87755102040816,,,
14,Hicham Boudaoui,ALG,OGC Nice,MF,26,175,3,2,128,1.4,0,0,0,0,0,0,1,0,0,0,,0.0,0.0,,,1,2,,,,,,,,,,,,,0.0,0.0,0.703125,1.40625,,,,40.569395017793596,11.387900355871885,,41.99288256227758,72.59786476868328,,,
15,Rayan Aït-Nouri,ALG,Manchester City FC,DF,25,180,4,3,284,3.2,0,0,0,0,0,0,0,0,1,0,0.0,0.32,0.0,0.0,,13,5,,,,,,,,,,,,,0.0,0.0,4.119718309859155,1.5845070422535212,,,,,,,97.95918367346938,79.93197278911565,,,
16,Oussama Benbot,ALG,USM Alger,GK,31,188,1,1,90,1.0,0,0,0,0,0,0,0,0,0,0,,0.0,0.0,,,0,0,3.0,3.0,3.0,0.0,0.0,0.0,0.0,0.0,0.0,0.0,0.0,,0.0,0.0,0.0,0.0,0.0,0.0,,,,,,,2.8301886792452833,5.357142857142857,26.785714285714285
17,Rafik Belghali,ALG,Hellas Verona FC,DF,24,180,4,4,331,3.7,1,0,1,1,0,0,0,0,3,1,33.3,0.82,0.27,0.33,1.0,3,1,,,,,,,,,,,,,0.2719033232628399,0.0,0.8157099697885197,0.2719033232628399,,,,,,,51.02040816326531,21.428571428571427,,,
18,Mohamed Amoura,ALG,VfL Wolfsburg,FW,26,170,1,0,27,0.3,0,0,0,0,0,0,0,0,0,0,,0.0,0.0,,,0,0,,,,,,,,,,,,,0.0,0.0,0.0,0.0,,,35.40856031128405,38.715953307393,11.478599221789883,23.151750972762645,,,,,
19,Nabil Bentaleb,ALG,Lille OSC,MF,31,189,4,3,285,3.2,0,0,0,0,0,0,0,0,1,0,0.0,0.32,0.0,0.0,,4,3,,,,,,,,,,,,,0.0,0.0,1.263157894736842,0.9473684210526316,,,,40.569395017793596,24.733096085409255,,65.48042704626334,58.718861209964416,,,
20,Adil Boulbina,ALG,Al Duhail SC,FW,23,183,2,0,19,0.2,0,0,0,0,0,0,0,0,0,0,,0.0,0.0,,,0,0,,,,,,,,,,,,,0.0,0.0,0.0,0.0,,,35.40856031128405,38.715953307393,11.478599221789883,23.151750972762645,,,,,
21,Ramy Bensebaini,ALG,Borussia Dortmund,DF,31,187,4,4,360,4.0,0,0,0,0,0,0,0,0,2,0,0.0,0.5,0.0,0.0,,6,7,,,,,,,,,,,,,0.0,0.0,1.5,1.75,,,,,,,79.421768707483,84.35374149659864,,,
22,Ibrahim Maza,ALG,Bayer 04 Leverkusen,MF,20,180,4,4,351,3.9,0,0,0,0,0,0,0,0,11,3,27.3,2.82,0.77,0.0,0.0,2,0,,,,,,,,,,,,,0.0,0.0,0.5128205128205129,0.0,,,,40.569395017793596,88.96797153024912,,35.231316725978644,14.23487544483986,,,
23,Luca Zidane,ALG,Granada CF,GK,28,183,3,3,270,3.0,0,0,0,0,0,0,0,0,0,0,,0.0,0.0,,,0,0,6.0,2.0,14.0,8.0,57.1,0.0,0.0,0.0,0.0,0.0,0.0,,0.0,0.0,0.0,0.0,2.666666666666667,0.0,,,,,,,39.62264150943396,55.35714285714286,26.785714285714285
25,Farés Ghedjemis,ALG,Frosinone,FW,23,183,1,0,1,0.0,0,0,0,0,0,0,0,0,0,0,,0.0,0.0,,,0,0,,,,,,,,,,,,,0.0,0.0,0.0,0.0,,,35.40856031128405,38.715953307393,11.478599221789883,23.151750972762645,,,,,
26,Samir Chergui,ALG,Paris FC,DF,27,185,1,0,20,0.2,0,0,0,0,0,0,0,0,0,0,,0.0,0.0,,,0,0,,,,,,,,,,,,,0.0,0.0,0.0,0.0,,,,,,,11.73469387755102,10.034013605442176,,,
29,Nicolás Tagliafico,ARG,Olympique Lyonnais,DF,33,172,7,5,476,5.3,0,0,0,0,0,0,0,0,0,0,,0.0,0.0,,,4,6,,,,,,,,,,,,,0.0,0.0,0.7563025210084033,1.134453781512605,,,,,,,50.68027210884354,63.60544217687075,,,
30,Gonzalo Montiel,ARG,CA River Plate,DF,29,175,6,2,192,2.1,0,1,1,0,0,0,1,0,1,0,0.0,0.47,0.0,0.0,,3,3,,,,,,,,,,,,,0.0,0.46875,1.40625,1.40625,,,,,,,77.21088435374149,74.48979591836735,,,
31,Leandro Paredes,ARG,CA Boca Juniors,MF,31,182,7,4,473,5.3,0,0,0,0,0,0,2,0,4,1,25.0,0.76,0.19,0.0,0.0,6,5,,,,,,,,,,,,,0.0,0.0,1.1416490486257929,0.9513742071881608,,,,40.569395017793596,37.36654804270463,,61.92170818505338,59.07473309608541,,,
32,Lisandro Martínez,ARG,Manchester United FC,DF,28,175,7,7,624,6.9,1,1,2,1,0,0,2,0,4,2,50.0,0.58,0.29,0.25,0.5,7,6,,,,,,,,,,,,,0.1442307692307692,0.1442307692307692,1.0096153846153846,0.8653846153846154,,,,,,,61.564625850340136,45.91836734693878,,,
33,Rodrigo De Paul,ARG,Inter Miami CF,MF,32,178,7,6,491,5.5,0,1,1,0,0,0,1,0,2,1,50.0,0.37,0.18,0.0,0.0,4,6,,,,,,,,,,,,,0.0,0.1832993890020366,0.7331975560081466,1.09979633401222,,,,82.56227758007117,26.334519572953734,,43.41637010676156,63.70106761565836,,,
34,Valentín Barco,ARG,RC Strasbourg,MF,21,172,1,0,20,0.2,0,0,0,0,0,0,0,0,0,0,,0.0,0.0,,,0,0,,,,,,,,,,,,,0.0,0.0,0.0,0.0,,,,40.569395017793596,11.387900355871885,,12.98932384341637,14.23487544483986,,,
35,Julián Álvarez,ARG,Atlético De Madrid,FW,26,170,8,5,602,6.7,1,0,1,1,0,0,0,0,11,5,45.5,1.64,0.75,0.09,0.2,4,3,,,,,,,,,,,,,0.1495016611295681,0.0,0.5980066445182725,0.4485049833887043,,,71.20622568093385,38.715953307393,44.94163424124514,62.06225680933852,,,,,
36,Lionel Messi,ARG,Inter Miami CF,FW,38,170,8,7,740,8.2,8,4,12,8,0,2,0,0,35,18,51.4,4.26,2.19,0.23,0.44,10,0,,,,,,,,,,,,,0.972972972972973,0.4864864864864865,1.2162162162162162,0.0,,,93.57976653696498,91.05058365758755,88.13229571984435,92.60700389105058,,,,,
37,Giovani Lo Celso,ARG,Real Betis,MF,30,177,1,1,59,0.7,1,0,1,1,0,0,0,0,1,1,100.0,1.53,1.53,1.0,1.0,0,1,,,,,,,,,,,,,1.5254237288135593,0.0,0.0,1.5254237288135593,,,,40.569395017793596,64.05693950177937,,12.98932384341637,77.40213523131672,,,
39,Cristian Romero,ARG,Tottenham Hotspur FC,DF,28,185,7,7,608,6.8,1,0,1,1,0,0,2,0,3,1,33.3,0.44,0.15,0.33,1.0,10,11,,,,,,,,,,,,,0.1480263157894736,0.0,1.4802631578947367,1.6282894736842106,,,,,,,78.91156462585033,81.29251700680273,,,
40,Exequiel Palacios,ARG,Bayer 04 Leverkusen,MF,27,177,1,1,90,1.0,0,0,0,0,0,0,0,0,0,0,,0.0,0.0,,,0,5,,,,,,,,,,,,,0.0,0.0,0.0,5.0,,,,40.569395017793596,11.387900355871885,,12.98932384341637,98.93238434163702,,,
41,Nicolás González,ARG,Atlético De Madrid,MF,28,180,7,1,259,2.9,0,1,1,0,0,0,0,0,7,1,14.3,2.43,0.35,0.0,0.0,3,1,,,,,,,,,,,,,0.0,0.3474903474903475,1.0424710424710424,0.3474903474903475,,,,89.6797153024911,83.98576512455516,,57.29537366548043,33.80782918149466,,,
42,Thiago Almada,ARG,Atlético De Madrid,FW,25,171,5,3,241,2.7,0,0,0,0,0,0,1,0,5,2,40.0,1.87,0.75,0.0,0.0,4,0,,,,,,,,,,,,,0.0,0.0,1.4937759336099583,0.0,,,35.40856031128405,38.715953307393,50.583657587548636,62.06225680933852,,,,,
43,Giuliano Simeone,ARG,Atlético De Madrid,FW,23,174,3,2,192,2.1,0,0,0,0,0,0,0,0,1,0,0.0,0.47,0.0,0.0,,3,1,,,,,,,,,,,,,0.0,0.0,1.40625,0.46875,,,35.40856031128405,38.715953307393,23.73540856031128,23.151750972762645,,,,,
44,Nicolás Paz,ARG,Como,FW,21,185,2,1,71,0.8,0,0,0,0,0,0,0,0,1,0,0.0,1.27,0.0,0.0,,2,0,,,,,,,,,,,,,0.0,0.0,2.535211267605634,0.0,,,35.40856031128405,38.715953307393,35.797665369649806,23.151750972762645,,,,,
45,Nicolás Otamendi,ARG,SL Benfica,DF,38,182,7,1,247,2.7,0,0,0,0,0,0,0,0,1,0,0.0,0.36,0.0,0.0,,2,6,,,,,,,,,,,,,0.0,0.0,0.728744939271255,2.1862348178137654,,,,,,,48.29931972789115,92.85714285714286,,,
46,Alexis Mac Allister,ARG,Liverpool FC,MF,27,176,8,7,750,8.3,1,1,2,1,0,0,1,0,13,4,30.8,1.56,0.48,0.08,0.25,12,9,,,,,,,,,,,,,0.12,0.12,1.44,1.08,,,,81.13879003558719,64.59074733096085,,73.30960854092527,62.63345195729537,,,
48,Lautaro Martínez,ARG,FC Internazionale Milano,FW,28,175,7,4,310,3.4,3,1,4,2,1,1,1,0,10,4,40.0,2.9,1.16,0.3,0.75,1,1,,,,,,,,,,,,,0.8709677419354839,0.2903225806451613,0.2903225806451613,0.2903225806451613,,,91.43968871595331,84.04669260700389,70.8171206225681,71.78988326848248,,,,,
49,Emiliano Martínez,ARG,Aston Villa FC,GK,33,195,8,8,810,9.0,0,0,0,0,0,0,0,0,0,0,,0.0,0.0,,,0,0,8.0,0.89,28.0,20.0,71.4,2.0,25.0,0.0,0.0,0.0,0.0,,0.0,0.0,0.0,0.0,2.2222222222222223,0.2222222222222222,,,,,,,71.69811320754717,39.285714285714285,55.35714285714286
50,Enzo Fernández,ARG,Chelsea FC,MF,25,178,7,7,659,7.3,2,0,2,2,0,0,2,1,12,4,33.3,1.64,0.55,0.17,0.5,7,6,,,,,,,,,,,,,0.2731411229135053,0.0,0.9559939301972686,0.8194233687405159,,,,40.569395017793596,66.90391459074732,,52.313167259786475,55.51601423487544,,,
51,Facundo Medina,ARG,Olympique Marseille,DF,27,184,5,3,308,3.4,0,1,1,0,0,0,1,0,0,0,,0.0,0.0,,,7,2,,,,,,,,,,,,,0.0,0.2922077922077922,2.0454545454545454,0.5844155844155845,,,,,,,91.83673469387756,35.714285714285715,,,
52,Nahuel Molina,ARG,Atlético De Madrid,DF,28,179,7,5,528,5.9,0,0,0,0,0,0,0,0,1,0,0.0,0.17,0.0,0.0,,3,8,,,,,,,,,,,,,0.0,0.0,0.5113636363636364,1.3636363636363638,,,,,,,40.816326530612244,73.29931972789116,,,
53,Mathew Ryan,AUS,Levante UD,GK,34,184,1,0,2,0.0,0,0,0,0,0,0,0,0,0,0,,0.0,0.0,,,0,0,0.0,0.0,0.0,0.0,,0.0,,0.0,0.0,0.0,0.0,,0.0,0.0,0.0,0.0,0.0,0.0,,,,,,,,5.357142857142857,26.785714285714285
55,Alessandro Circati,AUS,Parma,DF,22,191,4,4,390,4.3,0,0,0,0,0,0,1,0,3,0,0.0,0.69,0.0,0.0,,7,2,,,,,,,,,,,,,0.0,0.0,1.6153846153846152,0.4615384615384615,,,,,,,80.95238095238095,27.55102040816326,,,
56,Jacob Italiano,AUS,Grazer AK,DF,24,177,2,2,163,1.8,0,0,0,0,0,0,1,0,1,0,0.0,0.55,0.0,0.0,,2,1,,,,,,,,,,,,,0.0,0.0,1.1042944785276074,0.5521472392638037,,,,,,,67.3469387755102,32.82312925170068,,,
58,Jason Geria,AUS,Albirex Niigata,DF,33,181,2,0,62,0.7,0,0,0,0,0,0,0,0,0,0,,0.0,0.0,,,1,2,,,,,,,,,,,,,0.0,0.0,1.4516129032258065,2.903225806451613,,,,,,,78.4013605442177,96.93877551020408,,,
59,Mathew Leckie,AUS,Melbourne City FC,FW,35,181,1,1,60,0.7,0,0,0,0,0,0,0,0,1,0,0.0,1.5,0.0,0.0,,0,0,,,,,,,,,,,,,0.0,0.0,0.0,0.0,,,35.40856031128405,38.715953307393,40.07782101167315,23.151750972762645,,,,,
60,Connor Metcalfe,AUS,FC St. Pauli,MF,26,183,4,3,315,3.5,1,0,1,1,0,0,0,0,5,2,40.0,1.43,0.57,0.2,0.5,5,2,,,,,,,,,,,,,0.2857142857142857,0.0,1.4285714285714284,0.5714285714285714,,,,40.569395017793596,60.320284697508896,,72.41992882562278,43.41637010676156,,,
62,Ajdin Hrustic,AUS,SC Heracles Almelo,FW,29,180,2,0,80,0.9,0,0,0,0,0,0,0,0,3,0,0.0,3.38,0.0,0.0,,0,0,,,,,,,,,,,,,0.0,0.0,0.0,0.0,,,35.40856031128405,38.715953307393,78.59922178988327,23.151750972762645,,,,,
63,Awer Mabil,AUS,CD Castellón,FW,30,178,1,0,30,0.3,0,0,0,0,0,0,0,0,1,0,0.0,3.0,0.0,0.0,,0,0,,,,,,,,,,,,,0.0,0.0,0.0,0.0,,,35.40856031128405,38.715953307393,72.76264591439688,23.151750972762645,,,,,
65,Aiden O'Neill,AUS,New York City FC,MF,27,180,4,4,360,4.0,0,0,0,0,0,0,0,0,2,0,0.0,0.5,0.0,0.0,,2,2,,,,,,,,,,,,,0.0,0.0,0.5,0.5,,,,40.569395017793596,29.537366548042705,,34.16370106761566,40.569395017793596,,,
67,Kai Trewin,AUS,New York City FC,DF,25,183,1,0,75,0.8,0,0,0,0,0,0,0,0,1,0,0.0,1.2,0.0,0.0,,0,2,,,,,,,,,,,,,0.0,0.0,0.0,2.4000000000000004,,,,,,,11.73469387755102,94.5578231292517,,,
68,Aziz Behich,AUS,Melbourne City FC,DF,35,170,3,2,217,2.4,0,0,0,0,0,0,0,0,1,1,100.0,0.41,0.41,0.0,0.0,4,1,,,,,,,,,,,,,0.0,0.0,1.6589861751152073,0.4147465437788018,,,,,,,82.31292517006803,26.190476190476193,,,
69,Nestory Irankunda,AUS,Watford FC,FW,20,165,4,3,261,2.9,1,0,1,1,0,0,0,0,6,2,33.3,2.07,0.69,0.17,0.5,0,1,,,,,,,,,,,,,0.3448275862068965,0.0,0.0,0.3448275862068965,,,77.431906614786,38.715953307393,56.42023346303502,58.5603112840467,,,,,
70,Patrick Beach,AUS,Melbourne City FC,GK,22,189,4,4,388,4.3,0,0,0,0,0,0,0,0,0,0,,0.0,0.0,,,0,0,3.0,0.7,17.0,14.0,82.4,2.0,50.0,0.0,0.0,0.0,0.0,,0.0,0.0,0.0,0.0,3.2474226804123707,0.4639175257731959,,,,,,,92.45283018867924,69.64285714285714,85.71428571428571
71,Harry Souttar,AUS,Leicester City FC,DF,27,198,4,4,390,4.3,0,0,0,0,0,0,1,0,1,1,100.0,0.23,0.23,0.0,0.0,0,4,,,,,,,,,,,,,0.0,0.0,0.0,0.9230769230769232,,,,,,,11.73469387755102,48.63945578231292,,,
72,Cristian Volpato,AUS,US Sassuolo,FW,22,187,3,2,160,1.8,0,0,0,0,0,0,0,0,4,1,25.0,2.25,0.56,0.0,0.0,1,0,,,,,,,,,,,,,0.0,0.0,0.5625,0.0,,,35.40856031128405,38.715953307393,59.92217898832685,53.30739299610895,,,,,
73,Cameron Burgess,AUS,Swansea City AFC,DF,30,194,2,2,135,1.5,0,0,0,0,0,0,0,0,0,0,,0.0,0.0,,,1,1,,,,,,,,,,,,,0.0,0.0,0.6666666666666667,0.6666666666666667,,,,,,,45.06802721088435,38.265306122448976,,,
74,Jackson Irvine,AUS,FC St. Pauli,MF,33,189,4,2,223,2.5,0,0,0,0,0,0,1,0,3,1,33.3,1.21,0.4,0.0,0.0,1,1,,,,,,,,,,,,,0.0,0.0,0.4035874439461883,0.4035874439461883,,,,40.569395017793596,52.84697508896797,,30.96085409252669,36.29893238434164,,,
75,Nishan Velupillay,AUS,Melbourne Victory FC,FW,25,181,2,1,75,0.8,0,0,0,0,0,0,0,0,0,0,,0.0,0.0,,,1,0,,,,,,,,,,,,,0.0,0.0,1.2000000000000002,0.0,,,35.40856031128405,38.715953307393,11.478599221789883,23.151750972762645,,,,,
76,Paul Okon-Engstler,AUS,Sydney FC,MF,21,185,4,2,197,2.2,0,1,1,0,0,0,0,0,0,0,,0.0,0.0,,,2,5,,,,,,,,,,,,,0.0,0.4568527918781725,0.9137055837563453,2.284263959390863,,,,93.23843416370107,11.387900355871885,,51.245551601423486,92.88256227758008,,,
77,Lucas Herrington,AUS,Colorado Rapids,DF,18,193,2,2,210,2.3,0,0,0,0,0,0,0,0,0,0,,0.0,0.0,,,1,2,,,,,,,,,,,,,0.0,0.0,0.4285714285714286,0.8571428571428572,,,,,,,34.69387755102041,45.57823129251701,,,
78,Tete Yengi,AUS,FC Machida Zelvia,FW,25,197,2,0,24,0.3,0,0,0,0,0,0,0,0,1,1,100.0,3.75,3.75,0.0,0.0,2,0,,,,,,,,,,,,,0.0,0.0,7.5,0.0,,,35.40856031128405,38.715953307393,82.68482490272373,98.44357976653697,,,,,
79,Alexander Schlager,AUT,FC Red Bull Salzburg,GK,30,188,4,4,360,4.0,0,0,0,0,0,0,0,0,0,0,,0.0,0.0,,,0,0,9.0,2.25,22.0,13.0,59.1,0.0,0.0,1.0,0.0,0.0,1.0,,0.0,0.0,0.0,0.0,3.25,0.0,,,,,,,47.16981132075472,71.42857142857143,26.785714285714285
81,Kevin Danso,AUT,Tottenham Hotspur FC,DF,27,190,4,2,241,2.7,0,0,0,0,0,0,0,0,1,0,0.0,0.37,0.0,0.0,,1,0,,,,,,,,,,,,,0.0,0.0,0.3734439834024896,0.0,,,,,,,31.97278911564626,10.034013605442176,,,
82,Xaver Schlager,AUT,RB Leipzig,MF,28,174,4,4,238,2.6,0,1,1,0,0,0,0,0,1,0,0.0,0.38,0.0,0.0,,3,7,,,,,,,,,,,,,0.0,0.3781512605042016,1.134453781512605,2.647058823529412,,,,90.74733096085409,27.580071174377224,,60.67615658362989,94.83985765124555,,,
83,Stefan Posch,AUT,1. FSV Mainz 05,DF,29,188,4,4,331,3.7,0,0,0,0,0,0,2,0,3,0,0.0,0.82,0.0,0.0,,4,10,,,,,,,,,,,,,0.0,0.0,1.0876132930513596,2.719033232628399,,,,,,,67.00680272108843,95.91836734693877,,,
84,Nicolas Seiwald,AUT,RB Leipzig,MF,25,179,4,4,315,3.5,0,0,0,0,0,0,0,0,3,0,0.0,0.86,0.0,0.0,,5,4,,,,,,,,,,,,,0.0,0.0,1.4285714285714284,1.1428571428571428,,,,40.569395017793596,39.8576512455516,,72.41992882562278,65.12455516014235,,,
85,Marko Arnautović,AUT,FK Crvena Zvezda,FW,37,192,4,1,144,1.6,2,0,2,1,1,1,1,0,3,3,100.0,1.87,1.87,0.67,0.67,0,0,,,,,,,,,,,,,1.25,0.0,0.0,0.0,,,97.27626459143968,38.715953307393,50.583657587548636,87.54863813229572,,,,,
86,David Alaba,AUT,Real Madrid C. F.,DF,33,180,4,4,275,3.1,0,1,1,0,0,0,0,0,2,0,0.0,0.65,0.0,0.0,,1,4,,,,,,,,,,,,,0.0,0.3272727272727272,0.3272727272727272,1.309090909090909,,,,,,,27.89115646258503,69.72789115646259,,,
87,Marcel Sabitzer,AUT,Borussia Dortmund,MF,32,178,4,4,360,4.0,1,0,1,1,0,0,1,0,5,2,40.0,1.25,0.5,0.2,0.5,2,6,,,,,,,,,,,,,0.25,0.0,0.5,1.5,,,,40.569395017793596,54.270462633451956,,34.16370106761566,75.80071174377224,,,
88,Florian Grillitsch,AUT,SC Braga,MF,30,186,2,0,90,1.0,0,0,0,0,0,0,0,0,0,0,,0.0,0.0,,,1,0,,,,,,,,,,,,,0.0,0.0,1.0,0.0,,,,40.569395017793596,11.387900355871885,,55.16014234875445,14.23487544483986,,,
89,Michael Gregoritsch,AUT,FC Augsburg,FW,32,193,3,2,188,2.1,0,1,1,0,0,0,0,0,1,0,0.0,0.48,0.0,0.0,,0,0,,,,,,,,,,,,,0.0,0.4787234042553191,0.0,0.0,,,35.40856031128405,90.6614785992218,24.124513618677042,23.151750972762645,,,,,
92,Saša Kalajdžić,AUT,LASK Linz,FW,28,200,3,1,77,0.9,1,0,1,1,0,0,0,0,4,1,25.0,4.68,1.17,0.25,1.0,0,0,,,,,,,,,,,,,1.168831168831169,0.0,0.0,0.0,,,96.10894941634241,38.715953307393,91.05058365758755,72.568093385214,,,,,
93,Philipp Lienhart,AUT,SC Freiburg,DF,29,189,2,2,180,2.0,0,0,0,0,0,0,0,0,1,0,0.0,0.5,0.0,0.0,,1,1,,,,,,,,,,,,,0.0,0.0,0.5,0.5,,,,,,,38.775510204081634,30.102040816326532,,,
94,Phillipp Mwene,AUT,1. FSV Mainz 05,DF,32,170,2,2,147,1.6,0,0,0,0,0,0,0,0,1,0,0.0,0.61,0.0,0.0,,0,3,,,,,,,,,,,,,0.0,0.0,0.0,1.8367346938775508,,,,,,,11.73469387755102,85.37414965986395,,,
95,Carney Chukwuemeka,AUT,Borussia Dortmund,MF,22,187,3,0,83,0.9,0,0,0,0,0,0,0,0,2,1,50.0,2.17,1.08,0.0,0.0,0,0,,,,,,,,,,,,,0.0,0.0,0.0,0.0,,,,40.569395017793596,81.13879003558719,,12.98932384341637,14.23487544483986,,,
96,Romano Schmid,AUT,SV Werder Bremen,MF,26,168,4,4,263,2.9,1,0,1,1,0,0,0,0,2,1,50.0,0.68,0.34,0.5,1.0,4,0,,,,,,,,,,,,,0.3422053231939163,0.0,1.368821292775665,0.0,,,,40.569395017793596,33.629893238434164,,69.7508896797153,14.23487544483986,,,
98,Konrad Laimer,AUT,FC Bayern München,MF,29,180,4,4,360,4.0,0,1,1,0,0,0,1,0,1,0,0.0,0.25,0.0,0.0,,6,2,,,,,,,,,,,,,0.0,0.25,1.5,0.5,,,,84.34163701067615,23.131672597864767,,75.80071174377224,40.569395017793596,,,
99,Patrick Wimmer,AUT,VfL Wolfsburg,FW,25,182,2,0,21,0.2,0,0,0,0,0,0,0,0,1,0,0.0,4.29,0.0,0.0,,0,2,,,,,,,,,,,,,0.0,0.0,0.0,8.571428571428571,,,35.40856031128405,38.715953307393,88.715953307393,23.151750972762645,,,,,
100,Alexander Prass,AUT,TSG Hoffenheim,MF,25,180,2,0,29,0.3,0,0,0,0,0,0,0,0,0,0,,0.0,0.0,,,0,0,,,,,,,,,,,,,0.0,0.0,0.0,0.0,,,,40.569395017793596,11.387900355871885,,12.98932384341637,14.23487544483986,,,
101,Marco Friedl,AUT,SV Werder Bremen,DF,28,187,1,0,24,0.3,0,0,0,0,0,0,0,0,0,0,,0.0,0.0,,,0,0,,,,,,,,,,,,,0.0,0.0,0.0,0.0,,,,,,,11.73469387755102,10.034013605442176,,,
102,Paul Wanner,AUT,PSV Eindhoven,MF,20,185,4,2,234,2.6,0,0,0,0,0,0,0,0,1,0,0.0,0.38,0.0,0.0,,1,2,,,,,,,,,,,,,0.0,0.0,0.3846153846153846,0.7692307692307693,,,,40.569395017793596,27.580071174377224,,30.071174377224196,52.66903914590747,,,
105,Thibaut Courtois,BEL,Real Madrid C. F.,GK,34,199,6,6,550,6.1,0,0,0,0,0,0,0,0,0,0,,0.0,0.0,,,0,0,6.0,0.98,20.0,14.0,70.0,1.0,16.7,0.0,0.0,0.0,0.0,,0.0,0.0,0.0,0.0,2.290909090909091,0.1636363636363636,,,,,,,66.98113207547169,44.642857142857146,53.57142857142857
107,Arthur Theate,BEL,Eintracht Frankfurt,DF,26,185,3,2,228,2.5,0,0,0,0,0,0,0,0,5,1,20.0,1.97,0.39,0.0,0.0,0,3,,,,,,,,,,,,,0.0,0.0,0.0,1.1842105263157894,,,,,,,11.73469387755102,64.62585034013605,,,
108,Brandon Mechele,BEL,Club Brugge,DF,33,190,6,6,570,6.3,0,0,0,0,0,0,1,0,5,1,20.0,0.79,0.16,0.0,0.0,4,4,,,,,,,,,,,,,0.0,0.0,0.631578947368421,0.631578947368421,,,,,,,43.707482993197274,36.734693877551024,,,
109,Maxim De Cuyper,BEL,Brighton & Hove Albion FC,DF,25,182,6,5,442,4.9,0,0,0,0,0,0,1,0,10,6,60.0,2.04,1.22,0.0,0.0,2,6,,,,,,,,,,,,,0.0,0.0,0.4072398190045249,1.2217194570135748,,,,,,,34.35374149659864,65.98639455782312,,,
110,Axel Witsel,BEL,Girona FC,MF,37,186,2,0,33,0.4,0,0,0,0,0,0,1,0,0,0,,0.0,0.0,,,0,0,,,,,,,,,,,,,0.0,0.0,0.0,0.0,,,,40.569395017793596,11.387900355871885,,12.98932384341637,14.23487544483986,,,
111,Kevin De Bruyne,BEL,SSC Napoli,MF,34,181,5,5,382,4.2,1,0,1,1,0,0,1,0,20,5,25.0,4.71,1.18,0.05,0.2,2,0,,,,,,,,,,,,,0.2356020942408377,0.0,0.4712041884816754,0.0,,,,40.569395017793596,95.72953736654804,,32.028469750889684,14.23487544483986,,,
112,Youri Tielemans,BEL,Aston Villa FC,MF,29,176,5,5,474,5.3,2,0,2,1,1,1,0,0,11,3,27.3,2.09,0.57,0.18,0.67,6,2,,,,,,,,,,,,,0.3797468354430379,0.0,1.139240506329114,0.3797468354430379,,,,40.569395017793596,79.1814946619217,,61.387900355871885,35.587188612099645,,,
113,Romelu Lukaku,BEL,SSC Napoli,FW,33,190,6,1,233,2.6,3,1,4,3,0,0,1,0,6,3,50.0,2.32,1.16,0.5,1.0,0,0,,,,,,,,,,,,,1.158798283261803,0.3862660944206008,0.0,0.0,,,95.71984435797665,88.32684824902724,62.06225680933852,71.78988326848248,,,,,
114,Leandro Trossard,BEL,Arsenal FC,FW,31,172,6,6,506,5.6,2,2,4,2,0,0,0,0,17,3,17.6,3.02,0.53,0.12,0.67,1,4,,,,,,,,,,,,,0.3557312252964427,0.3557312252964427,0.1778656126482213,0.7114624505928854,,,77.82101167315176,86.38132295719845,73.54085603112841,52.33463035019456,,,,,
115,Jeremy Doku,BEL,Manchester City FC,FW,24,173,5,4,309,3.4,0,0,0,0,0,0,0,0,3,1,33.3,0.87,0.29,0.0,0.0,1,3,,,,,,,,,,,,,0.0,0.0,0.2912621359223301,0.8737864077669902,,,35.40856031128405,38.715953307393,30.35019455252918,47.47081712062256,,,,,
116,Senne Lammens,BEL,Manchester United FC,GK,23,193,1,0,20,0.2,0,0,0,0,0,0,0,0,0,0,,0.0,0.0,,,0,0,1.0,4.5,3.0,2.0,66.7,0.0,,0.0,0.0,0.0,0.0,,0.0,0.0,0.0,0.0,9.0,0.0,,,,,,,57.54716981132076,100.0,26.785714285714285
118,Dodi Lukebakio,BEL,SL Benfica,FW,28,184,3,1,164,1.8,0,0,0,0,0,0,0,0,7,1,14.3,3.84,0.55,0.0,0.0,1,0,,,,,,,,,,,,,0.0,0.0,0.5487804878048781,0.0,,,35.40856031128405,38.715953307393,83.65758754863813,52.918287937743195,,,,,
119,Thomas Meunier,BEL,Lille OSC,DF,34,190,3,2,190,2.1,0,1,1,0,0,0,0,0,2,1,50.0,0.95,0.47,0.0,0.0,2,2,,,,,,,,,,,,,0.0,0.4736842105263157,0.9473684210526316,0.9473684210526316,,,,,,,55.44217687074829,50.17006802721088,,,
121,Charles De Ketelaere,BEL,Atalanta Bergamo,FW,25,192,5,5,350,3.9,3,1,4,3,0,0,0,0,6,5,83.3,1.54,1.29,0.5,0.6,4,5,,,,,,,,,,,,,0.7714285714285715,0.2571428571428571,1.0285714285714285,1.2857142857142856,,,88.32684824902724,81.90661478599222,41.43968871595331,76.26459143968872,,,,,
122,Joaquin Seys,BEL,Club Brugge,DF,21,178,1,0,30,0.3,0,0,0,0,0,0,0,0,0,0,,0.0,0.0,,,1,0,,,,,,,,,,,,,0.0,0.0,3.0,0.0,,,,,,,96.08843537414967,10.034013605442176,,,
123,Diego Moreira,BEL,RC Strasbourg,MF,21,179,1,0,58,0.6,0,0,0,0,0,0,0,0,0,0,,0.0,0.0,,,1,1,,,,,,,,,,,,,0.0,0.0,1.5517241379310345,1.5517241379310345,,,,40.569395017793596,11.387900355871885,,77.58007117437722,78.46975088967972,,,
124,Hans Vanaken,BEL,Club Brugge,MF,33,195,6,3,319,3.5,1,2,3,1,0,0,0,0,5,1,20.0,1.41,0.28,0.2,1.0,1,1,,,,,,,,,,,,,0.2821316614420062,0.5642633228840125,0.2821316614420062,0.2821316614420062,,,,95.72953736654804,59.7864768683274,,27.046263345195733,30.604982206405694,,,
125,Timothy Castagne,BEL,Fulham FC,DF,30,185,6,5,478,5.3,0,1,1,0,0,0,1,0,3,1,33.3,0.56,0.19,0.0,0.0,7,8,,,,,,,,,,,,,0.0,0.1882845188284518,1.3179916317991631,1.506276150627615,,,,,,,74.48979591836735,77.89115646258503,,,
126,Alexis Saelemaekers,BEL,AC Milan,MF,26,180,4,1,83,0.9,1,0,1,1,0,0,0,0,4,1,25.0,4.34,1.08,0.25,1.0,2,0,,,,,,,,,,,,,1.0843373493975903,0.0,2.168674698795181,0.0,,,,40.569395017793596,95.37366548042705,,89.5017793594306,14.23487544483986,,,
127,Nicolas Raskin,BEL,Rangers FC,MF,25,178,6,3,341,3.8,0,2,2,0,0,0,0,0,2,1,50.0,0.53,0.26,0.0,0.0,5,2,,,,,,,,,,,,,0.0,0.5278592375366569,1.3196480938416424,0.5278592375366569,,,,95.37366548042705,29.8932384341637,,67.43772241992883,41.99288256227758,,,
128,Amadou Onana,BEL,Aston Villa FC,MF,24,192,4,2,106,1.2,0,0,0,0,0,0,0,0,2,0,0.0,1.7,0.0,0.0,,2,2,,,,,,,,,,,,,0.0,0.0,1.6981132075471697,1.6981132075471697,,,,40.569395017793596,68.68327402135232,,80.78291814946618,82.56227758007117,,,
129,Nathan Ngoy,BEL,Lille OSC,DF,23,183,4,4,335,3.7,0,0,0,0,0,0,0,1,1,0,0.0,0.27,0.0,0.0,,4,7,,,,,,,,,,,,,0.0,0.0,1.0746268656716418,1.8805970149253728,,,,,,,66.3265306122449,86.39455782312925,,,
130,Matias Fernandez-Pardo,BEL,Lille OSC,FW,21,188,3,0,44,0.5,0,0,0,0,0,0,0,0,3,0,0.0,6.14,0.0,0.0,,1,0,,,,,,,,,,,,,0.0,0.0,2.0454545454545454,0.0,,,35.40856031128405,38.715953307393,96.10894941634241,23.151750972762645,,,,,
131,Nikola Vasilj,BIH,FC St. Pauli,GK,30,193,4,4,360,4.0,0,0,0,0,0,0,0,0,0,0,,0.0,0.0,,,0,0,8.0,2.0,14.0,6.0,42.9,0.0,0.0,1.0,1.0,0.0,0.0,0.0,0.0,0.0,0.0,0.0,1.5,0.0,,,,,,,16.037735849056602,23.214285714285715,26.785714285714285
133,Dennis Hadžikadunić,BIH,UC Sampdoria,DF,27,191,1,0,27,0.3,0,1,1,0,0,0,0,0,0,0,,0.0,0.0,,,2,0,,,,,,,,,,,,,0.0,3.333333333333333,6.666666666666666,0.0,,,,,,,99.31972789115646,10.034013605442176,,,
134,Tarik Muharemovic,BIH,US Sassuolo,DF,23,192,3,3,259,2.9,0,0,0,0,0,0,0,1,1,0,0.0,0.35,0.0,0.0,,1,8,,,,,,,,,,,,,0.0,0.0,0.3474903474903475,2.77992277992278,,,,,,,30.612244897959183,96.5986394557823,,,
135,Sead Kolašinac,BIH,Atalanta Bergamo,DF,32,183,4,4,337,3.7,0,1,1,0,0,0,0,0,0,0,,0.0,0.0,,,6,2,,,,,,,,,,,,,0.0,0.2670623145400593,1.602373887240356,0.5341246290801187,,,,,,,80.61224489795919,32.31292517006803,,,
136,Benjamin Tahirovic,BIH,Brøndby IF,MF,23,191,4,2,237,2.6,0,0,0,0,0,0,0,0,1,0,0.0,0.38,0.0,0.0,,4,4,,,,,,,,,,,,,0.0,0.0,1.5189873417721518,1.5189873417721518,,,,40.569395017793596,27.580071174377224,,76.51245551601423,76.86832740213522,,,
137,Amar Dedić,BIH,SL Benfica,DF,23,180,3,3,270,3.0,0,0,0,0,0,0,1,0,2,1,50.0,0.67,0.33,0.0,0.0,7,1,,,,,,,,,,,,,0.0,0.0,2.333333333333333,0.3333333333333333,,,,,,,94.5578231292517,22.61904761904762,,,
138,Armin Gigovic,BIH,BSC Young Boys,MF,24,187,2,1,79,0.9,0,0,0,0,0,0,0,0,0,0,,0.0,0.0,,,1,2,,,,,,,,,,,,,0.0,0.0,1.139240506329114,2.278481012658228,,,,40.569395017793596,11.387900355871885,,61.387900355871885,92.52669039145907,,,
139,Samed Baždar,BIH,Jagiellonia Białystok,FW,22,189,1,0,29,0.3,0,0,0,0,0,0,0,0,0,0,,0.0,0.0,,,0,0,,,,,,,,,,,,,0.0,0.0,0.0,0.0,,,35.40856031128405,38.715953307393,11.478599221789883,23.151750972762645,,,,,
140,Ermedin Demirović,BIH,VfB Stuttgart,FW,28,185,4,4,354,3.9,0,0,0,0,0,0,1,0,4,4,100.0,1.02,1.02,0.0,0.0,1,1,,,,,,,,,,,,,0.0,0.0,0.2542372881355932,0.2542372881355932,,,35.40856031128405,38.715953307393,31.517509727626457,68.48249027237354,,,,,
141,Edin Džeko,BIH,FC Schalke 04,FW,40,192,3,3,176,2.0,0,0,0,0,0,0,1,0,3,0,0.0,1.53,0.0,0.0,,0,1,,,,,,,,,,,,,0.0,0.0,0.0,0.5113636363636364,,,35.40856031128405,38.715953307393,40.66147859922179,23.151750972762645,,,,,
143,Ivan Bašić,BIH,FC Astana,MF,24,178,3,2,179,2.0,0,1,1,0,0,0,0,0,4,0,0.0,2.01,0.0,0.0,,1,3,,,,,,,,,,,,,0.0,0.5027932960893855,0.5027932960893855,1.5083798882681565,,,,94.48398576512456,76.86832740213522,,34.87544483985765,76.51245551601423,,,
144,Ivan Šunjić,BIH,Pafos FC,MF,29,183,4,3,196,2.2,0,0,0,0,0,0,0,0,1,1,100.0,0.46,0.46,0.0,0.0,3,0,,,,,,,,,,,,,0.0,0.0,1.3775510204081631,0.0,,,,40.569395017793596,29.00355871886121,,70.1067615658363,14.23487544483986,,,
145,Amar Memić,BIH,FC Viktoria Plzeň,MF,25,176,4,2,224,2.5,0,0,0,0,0,0,0,0,3,1,33.3,1.21,0.4,0.0,0.0,2,2,,,,,,,,,,,,,0.0,0.0,0.8035714285714285,0.8035714285714285,,,,40.569395017793596,52.84697508896797,,46.97508896797153,54.270462633451956,,,
146,Amir Hadžiahmetović,BIH,Hull City FC,MF,29,179,1,0,6,0.1,0,0,0,0,0,0,0,0,0,0,,0.0,0.0,,,0,0,,,,,,,,,,,,,0.0,0.0,0.0,0.0,,,,40.569395017793596,11.387900355871885,,12.98932384341637,14.23487544483986,,,
147,Dženis Burnić,BIH,Karlsruher SC,MF,28,182,2,0,16,0.2,0,0,0,0,0,0,0,0,1,0,0.0,5.63,0.0,0.0,,0,0,,,,,,,,,,,,,0.0,0.0,0.0,0.0,,,,40.569395017793596,97.68683274021353,,12.98932384341637,14.23487544483986,,,
148,Nikola Katić,BIH,FC Schalke 04,DF,29,194,4,4,317,3.5,0,0,0,0,0,0,1,0,2,0,0.0,0.57,0.0,0.0,,6,5,,,,,,,,,,,,,0.0,0.0,1.7034700315457414,1.419558359621451,,,,,,,83.6734693877551,74.82993197278913,,,
149,Kerim Alajbegović,BIH,FC Red Bull Salzburg,FW,18,186,4,3,277,3.1,1,0,1,1,0,0,0,0,4,1,25.0,1.3,0.32,0.25,1.0,0,2,,,,,,,,,,,,,0.3249097472924188,0.0,0.0,0.6498194945848376,,,75.87548638132296,38.715953307393,36.57587548638132,48.249027237354085,,,,,
150,Esmir Bajraktarevic,BIH,PSV Eindhoven,FW,21,175,4,2,230,2.6,0,0,0,0,0,0,0,0,3,2,66.7,1.17,0.78,0.0,0.0,0,3,,,,,,,,,,,,,0.0,0.0,0.0,1.1739130434782608,,,35.40856031128405,38.715953307393,33.46303501945525,63.42412451361867,,,,,
151,Stjepan Radeljić,BIH,HNK Rijeka,DF,28,201,2,2,180,2.0,0,0,0,0,0,0,1,0,1,0,0.0,0.5,0.0,0.0,,1,0,,,,,,,,,,,,,0.0,0.0,0.5,0.0,,,,,,,38.775510204081634,10.034013605442176,,,
153,Haris Tabaković,BIH,Borussia Mönchengladbach,FW,31,196,1,0,16,0.2,0,0,0,0,0,0,0,0,0,0,,0.0,0.0,,,0,0,,,,,,,,,,,,,0.0,0.0,0.0,0.0,,,35.40856031128405,38.715953307393,11.478599221789883,23.151750972762645,,,,,
155,Jovo Lukić,BIH,Universitatea Cluj,FW,27,190,2,1,67,0.7,1,0,1,1,0,0,1,0,3,2,66.7,4.03,2.69,0.33,0.5,1,0,,,,,,,,,,,,,1.343283582089552,0.0,1.343283582089552,0.0,,,98.0544747081712,38.715953307393,86.7704280155642,96.49805447470817,,,,,
156,Ermin Mahmić,BIH,FC Slovan Liberec,MF,21,182,3,0,68,0.8,2,0,2,2,0,0,1,0,4,2,50.0,5.29,2.65,0.5,1.0,1,0,,,,,,,,,,,,,2.647058823529412,0.0,1.3235294117647058,0.0,,,,40.569395017793596,96.79715302491103,,67.97153024911033,14.23487544483986,,,
157,Alisson,BRA,Liverpool FC,GK,33,193,5,5,450,5.0,0,0,0,0,0,0,0,0,0,0,,0.0,0.0,,,0,0,4.0,0.8,18.0,14.0,77.8,2.0,40.0,0.0,0.0,0.0,0.0,,0.0,0.0,0.0,0.0,2.8,0.4,,,,,,,84.90566037735849,60.71428571428571,80.35714285714286
158,Éderson Silva,BRA,Atalanta Bergamo,MF,26,184,2,0,22,0.2,0,0,0,0,0,0,0,0,2,0,0.0,8.18,0.0,0.0,,0,1,,,,,,,,,,,,,0.0,0.0,0.0,4.090909090909091,,,,40.569395017793596,98.57651245551602,,12.98932384341637,98.04270462633453,,,
159,Gabriel Magalhães,BRA,Arsenal FC,DF,28,190,5,5,450,5.0,0,1,1,0,0,0,0,0,1,0,0.0,0.2,0.0,0.0,,2,4,,,,,,,,,,,,,0.0,0.2,0.4,0.8,,,,,,,33.50340136054422,42.68707482993197,,,
160,Marquinhos,BRA,Paris Saint-Germain,DF,32,183,5,5,450,5.0,0,0,0,0,0,0,0,0,2,0,0.0,0.4,0.0,0.0,,2,3,,,,,,,,,,,,,0.0,0.0,0.4,0.6000000000000001,,,,,,,33.50340136054422,36.394557823129254,,,
161,Casemiro,BRA,Manchester United FC,MF,34,185,5,5,379,4.2,1,0,1,1,0,0,2,0,4,2,50.0,0.95,0.47,0.25,0.5,5,6,,,,,,,,,,,,,0.2374670184696569,0.0,1.187335092348285,1.424802110817942,,,,40.569395017793596,43.06049822064057,,62.989323843416365,73.30960854092527,,,
162,Alex Sandro,BRA,CR Flamengo,DF,35,180,1,0,9,0.1,0,0,0,0,0,0,0,0,0,0,,0.0,0.0,,,0,0,,,,,,,,,,,,,0.0,0.0,0.0,0.0,,,,,,,11.73469387755102,10.034013605442176,,,
163,Vinicius Júnior,BRA,Real Madrid C. F.,FW,25,176,5,5,440,4.9,4,1,5,4,0,0,0,0,17,11,64.7,3.48,2.25,0.24,0.36,1,1,,,,,,,,,,,,,0.8181818181818181,0.2045454545454545,0.2045454545454545,0.2045454545454545,,,89.29961089494164,78.59922178988327,79.76653696498055,93.77431906614785,,,,,
164,Bruno Guimarães,BRA,Newcastle United FC,MF,28,182,5,5,416,4.6,0,4,4,0,0,1,0,0,8,2,25.0,1.73,0.43,0.0,0.0,6,2,,,,,,,,,,,,,0.0,0.8653846153846154,1.2980769230769231,0.4326923076923077,,,,97.86476868327402,69.7508896797153,,66.90391459074732,37.36654804270463,,,
165,Matheus Cunha,BRA,Manchester United FC,FW,27,183,5,4,290,3.2,3,0,3,3,0,0,0,0,11,5,45.5,3.41,1.55,0.27,0.6,3,3,,,,,,,,,,,,,0.9310344827586208,0.0,0.9310344827586208,0.9310344827586208,,,92.60700389105058,38.715953307393,78.98832684824903,81.32295719844358,,,,,
167,Raphinha,BRA,FC Barcelona,FW,29,176,2,2,129,1.4,0,0,0,0,0,0,0,0,3,2,66.7,2.09,1.4,0.0,0.0,0,0,,,,,,,,,,,,,0.0,0.0,0.0,0.0,,,35.40856031128405,38.715953307393,57.39299610894941,77.82101167315176,,,,,
169,Danilo,BRA,CR Flamengo,DF,34,184,5,4,405,4.5,0,0,0,0,0,0,2,0,1,0,0.0,0.22,0.0,0.0,,2,7,,,,,,,,,,,,,0.0,0.0,0.4444444444444444,1.5555555555555554,,,,,,,35.374149659863946,79.25170068027211,,,
172,Douglas Santos,BRA,FC Zenit St. Petersburg,DF,32,173,5,5,441,4.9,0,0,0,0,0,0,1,0,2,0,0.0,0.41,0.0,0.0,,10,6,,,,,,,,,,,,,0.0,0.0,2.0408163265306123,1.2244897959183674,,,,,,,91.49659863945578,66.3265306122449,,,
173,Fabinho,BRA,Al Ittihad,MF,32,188,3,0,71,0.8,0,0,0,0,0,0,1,0,1,0,0.0,1.27,0.0,0.0,,1,2,,,,,,,,,,,,,0.0,0.0,1.267605633802817,2.535211267605634,,,,40.569395017793596,55.16014234875445,,65.83629893238434,94.30604982206405,,,
174,Danilo Santos,BRA,Botafogo,MF,25,177,4,0,46,0.5,0,0,0,0,0,0,0,0,2,1,50.0,3.91,1.96,0.0,0.0,2,1,,,,,,,,,,,,,0.0,0.0,3.9130434782608696,1.9565217391304348,,,,40.569395017793596,93.95017793594306,,98.57651245551602,86.47686832740213,,,
175,Endrick,BRA,Olympique Lyonnais,FW,19,172,4,0,114,1.3,0,0,0,0,0,0,0,0,3,0,0.0,2.37,0.0,0.0,,1,1,,,,,,,,,,,,,0.0,0.0,0.7894736842105263,0.7894736842105263,,,35.40856031128405,38.715953307393,63.81322957198443,23.151750972762645,,,,,
176,Lucas Paquetá,BRA,CR Flamengo,MF,28,183,4,4,233,2.6,0,1,1,0,0,0,0,0,5,1,20.0,1.93,0.39,0.0,0.0,4,5,,,,,,,,,,,,,0.0,0.3862660944206008,1.5450643776824031,1.931330472103004,,,,91.45907473309609,74.19928825622776,,77.22419928825623,85.76512455516014,,,
177,Luiz Henrique,BRA,FC Zenit St. Petersburg,FW,25,182,1,0,29,0.3,0,0,0,0,0,0,0,0,0,0,,0.0,0.0,,,0,0,,,,,,,,,,,,,0.0,0.0,0.0,0.0,,,35.40856031128405,38.715953307393,11.478599221789883,23.151750972762645,,,,,
178,Gabriel Martinelli,BRA,Arsenal FC,FW,24,178,4,1,143,1.6,1,0,1,1,0,0,0,0,2,1,50.0,1.26,0.63,0.5,1.0,0,2,,,,,,,,,,,,,0.6293706293706294,0.0,0.0,1.2587412587412588,,,83.65758754863813,38.715953307393,35.40856031128405,57.003891050583654,,,,,
180,Roger Ibanez,BRA,Al Ahli FC,DF,27,186,1,1,45,0.5,0,0,0,0,0,0,1,0,0,0,,0.0,0.0,,,2,1,,,,,,,,,,,,,0.0,0.0,4.0,2.0,,,,,,,97.61904761904762,88.60544217687075,,,
181,Igor Thiago,BRA,Brentford FC,FW,24,190,1,1,61,0.7,0,0,0,0,0,0,0,0,2,1,50.0,2.95,1.48,0.0,0.0,1,0,,,,,,,,,,,,,0.0,0.0,1.475409836065574,0.0,,,35.40856031128405,38.715953307393,71.59533073929961,79.57198443579766,,,,,
182,Rayan,BRA,AFC Bournemouth,FW,19,187,4,3,288,3.2,0,1,1,0,0,0,0,0,5,2,40.0,1.56,0.62,0.0,0.0,4,3,,,,,,,,,,,,,0.0,0.3125,1.25,0.9375,,,35.40856031128405,85.01945525291829,42.023346303501945,56.03112840466926,,,,,
183,Vozinha,CPV,GD Chaves,GK,40,189,4,4,390,4.3,0,0,0,0,0,0,0,0,0,0,,0.0,0.0,,,0,0,5.0,1.15,23.0,18.0,78.3,2.0,50.0,0.0,0.0,0.0,0.0,,0.0,0.0,0.0,0.0,4.153846153846154,0.4615384615384615,,,,,,,86.79245283018868,83.92857142857143,83.92857142857143
188,Kevin Pina,CPV,FC Krasnodar,MF,29,177,4,4,349,3.9,1,0,1,1,0,0,1,0,5,1,20.0,1.29,0.26,0.2,1.0,7,3,,,,,,,,,,,,,0.2578796561604584,0.0,1.8051575931232091,0.7736389684813754,,,,40.569395017793596,56.04982206405694,,83.62989323843416,53.02491103202846,,,
189,Jovane Cabral,CPV,CF Estrela Da Amadora,MF,27,174,2,2,139,1.5,0,0,0,0,0,0,0,0,2,0,0.0,1.29,0.0,0.0,,3,1,,,,,,,,,,,,,0.0,0.0,1.942446043165468,0.6474820143884893,,,,40.569395017793596,56.04982206405694,,85.05338078291815,44.83985765124555,,,
191,Gilson Benchimol,CPV,FC Akron Tolyatti,FW,24,187,2,1,78,0.9,0,0,0,0,0,0,0,0,0,0,,0.0,0.0,,,0,0,,,,,,,,,,,,,0.0,0.0,0.0,0.0,,,35.40856031128405,38.715953307393,11.478599221789883,23.151750972762645,,,,,
192,Jamiro Monteiro,CPV,PEC Zwolle,MF,32,175,4,3,281,3.1,0,0,0,0,0,0,0,0,5,1,20.0,1.6,0.32,0.0,0.0,4,4,,,,,,,,,,,,,0.0,0.0,1.281138790035587,1.281138790035587,,,,40.569395017793596,65.30249110320284,,66.19217081850533,69.57295373665481,,,
193,Garry Rodrigues,CPV,Apollon Limassol,MF,35,173,2,1,76,0.8,0,0,0,0,0,0,0,0,1,0,0.0,1.18,0.0,0.0,,2,1,,,,,,,,,,,,,0.0,0.0,2.3684210526315788,1.1842105263157894,,,,40.569395017793596,51.779359430604984,,92.52669039145907,66.01423487544484,,,
195,Sidny Lopes Cabral,CPV,SL Benfica,DF,23,176,3,3,285,3.2,1,0,1,1,0,0,2,0,4,2,50.0,1.26,0.63,0.25,0.5,2,4,,,,,,,,,,,,,0.3157894736842105,0.0,0.631578947368421,1.263157894736842,,,,,,,43.707482993197274,68.36734693877551,,,
196,Deroy Duarte,CPV,PFC Ludogorets Razgrad,MF,26,177,4,2,264,2.9,1,0,1,1,0,0,0,0,3,2,66.7,1.02,0.68,0.33,0.5,5,6,,,,,,,,,,,,,0.3409090909090909,0.0,1.7045454545454546,2.0454545454545454,,,,40.569395017793596,47.330960854092524,,81.31672597864768,89.6797153024911,,,
197,Laros Duarte,CPV,Puskás Akadémia FC,MF,29,180,4,2,166,1.8,0,0,0,0,0,0,0,0,3,3,100.0,1.63,1.63,0.0,0.0,1,2,,,,,,,,,,,,,0.0,0.0,0.5421686746987953,1.0843373493975903,,,,40.569395017793596,66.54804270462633,,35.94306049822064,62.989323843416365,,,
199,Willy Semedo,CPV,AC Omonia,MF,32,185,3,1,131,1.5,0,0,0,0,0,0,0,0,3,0,0.0,2.06,0.0,0.0,,0,3,,,,,,,,,,,,,0.0,0.0,0.0,2.0610687022900764,,,,40.569395017793596,77.93594306049823,,12.98932384341637,90.0355871886121,,,
200,Telmo Arcanjo,CPV,Vitória SC,MF,24,180,2,1,57,0.6,0,0,0,0,0,0,0,0,0,0,,0.0,0.0,,,0,0,,,,,,,,,,,,,0.0,0.0,0.0,0.0,,,,40.569395017793596,11.387900355871885,,12.98932384341637,14.23487544483986,,,
201,Dailon Livramento,CPV,Casa Pia AC,FW,25,185,3,2,174,1.9,0,0,0,0,0,0,0,0,1,0,0.0,0.52,0.0,0.0,,0,0,,,,,,,,,,,,,0.0,0.0,0.0,0.0,,,35.40856031128405,38.715953307393,25.291828793774318,23.151750972762645,,,,,
202,Ryan Mendes,CPV,Iğdır FK,FW,36,178,4,4,330,3.7,0,1,1,0,0,0,0,0,6,0,0.0,1.64,0.0,0.0,,2,5,,,,,,,,,,,,,0.0,0.2727272727272727,0.5454545454545454,1.3636363636363638,,,35.40856031128405,82.87937743190662,44.94163424124514,23.151750972762645,,,,,
203,Nuno da Costa,CPV,Başakşehir FK,MF,35,182,4,1,159,1.8,0,0,0,0,0,0,0,0,1,0,0.0,0.57,0.0,0.0,,2,1,,,,,,,,,,,,,0.0,0.0,1.1320754716981132,0.5660377358490566,,,,40.569395017793596,30.604982206405694,,60.14234875444839,42.88256227758007,,,
204,Steven Moreira,CPV,Columbus Crew,DF,31,178,4,3,301,3.3,0,0,0,0,0,0,0,0,2,0,0.0,0.6,0.0,0.0,,3,2,,,,,,,,,,,,,0.0,0.0,0.8970099667774086,0.5980066445182725,,,,,,,55.10204081632652,36.054421768707485,,,
206,Wagner Pina,CPV,Trabzonspor,DF,23,180,1,1,89,1.0,0,0,0,0,0,0,1,0,1,0,0.0,1.01,0.0,0.0,,0,1,,,,,,,,,,,,,0.0,0.0,0.0,1.0112359550561798,,,,,,,11.73469387755102,56.63265306122449,,,
208,Hélio Varela,CPV,Maccabi Tel-Aviv FC,MF,24,176,3,0,104,1.2,1,0,1,1,0,0,0,0,3,1,33.3,2.6,0.87,0.33,1.0,0,0,,,,,,,,,,,,,0.8653846153846154,0.0,0.0,0.0,,,,40.569395017793596,86.12099644128114,,12.98932384341637,14.23487544483986,,,
210,Alistair Johnston,CAN,Celtic FC,DF,27,180,5,5,450,5.0,0,0,0,0,0,0,1,0,5,2,40.0,1.0,0.4,0.0,0.0,2,6,,,,,,,,,,,,,0.0,0.0,0.4,1.2000000000000002,,,,,,,33.50340136054422,65.1360544217687,,,
212,Luc De Fougerolles,CAN,FCV Dender EH,DF,20,183,5,4,372,4.1,0,0,0,0,0,0,2,0,3,1,33.3,0.73,0.24,0.0,0.0,6,2,,,,,,,,,,,,,0.0,0.0,1.4516129032258065,0.4838709677419355,,,,,,,78.4013605442177,28.91156462585034,,,
214,Mathieu Choinière,CAN,LAFC,MF,27,173,1,1,57,0.6,0,0,0,0,0,0,0,0,0,0,,0.0,0.0,,,1,2,,,,,,,,,,,,,0.0,0.0,1.5789473684210529,3.1578947368421053,,,,40.569395017793596,11.387900355871885,,77.93594306049823,96.44128113879003,,,
215,Stephen Eustáquio,CAN,LAFC,MF,29,175,5,4,392,4.4,1,0,1,1,0,0,0,0,4,1,25.0,0.92,0.23,0.25,1.0,5,3,,,,,,,,,,,,,0.2295918367346938,0.0,1.1479591836734695,0.6887755102040816,,,,40.569395017793596,41.281138790035584,,62.27758007117438,47.330960854092524,,,
216,Ismaël Koné,CAN,US Sassuolo,MF,23,188,2,2,146,1.6,0,0,0,0,0,0,0,0,2,0,0.0,1.23,0.0,0.0,,2,3,,,,,,,,,,,,,0.0,0.0,1.2328767123287672,1.8493150684931503,,,,40.569395017793596,53.736654804270465,,64.05693950177937,85.05338078291815,,,
217,Cyle Larin,CAN,Southampton FC,FW,31,188,4,2,190,2.1,2,0,2,2,0,0,2,0,9,4,44.4,4.26,1.89,0.22,0.5,0,0,,,,,,,,,,,,,0.9473684210526316,0.0,0.0,0.0,,,92.99610894941634,38.715953307393,88.13229571984435,88.52140077821011,,,,,
218,Jonathan David,CAN,Juventus FC,FW,26,175,5,5,420,4.7,3,0,3,3,0,0,1,0,18,8,44.4,3.86,1.71,0.17,0.38,1,3,,,,,,,,,,,,,0.6428571428571428,0.0,0.2142857142857143,0.6428571428571428,,,84.43579766536965,38.715953307393,84.04669260700389,84.04669260700389,,,,,
219,Liam Millar,CAN,Hull City FC,MF,26,176,3,2,162,1.8,0,0,0,0,0,0,1,0,1,0,0.0,0.56,0.0,0.0,,4,0,,,,,,,,,,,,,0.0,0.0,2.2222222222222223,0.0,,,,40.569395017793596,30.2491103202847,,90.74733096085409,14.23487544483986,,,
220,Tani Oluwaseyi,CAN,Villarreal CF,FW,26,187,5,3,259,2.9,0,0,0,0,0,0,0,0,8,4,50.0,2.78,1.39,0.0,0.0,3,0,,,,,,,,,,,,,0.0,0.0,1.0424710424710424,0.0,,,35.40856031128405,38.715953307393,69.26070038910505,77.431906614786,,,,,
221,Derek Cornelius,CAN,Rangers FC,DF,28,186,4,4,315,3.5,0,0,0,0,0,0,1,0,5,1,20.0,1.43,0.29,0.0,0.0,3,2,,,,,,,,,,,,,0.0,0.0,0.8571428571428572,0.5714285714285714,,,,,,,54.08163265306123,34.35374149659864,,,
222,Jacob Shaffelburg,CAN,LAFC,MF,26,181,5,0,92,1.0,0,0,0,0,0,0,0,0,3,0,0.0,2.93,0.0,0.0,,1,2,,,,,,,,,,,,,0.0,0.0,0.9782608695652174,1.9565217391304348,,,,40.569395017793596,90.2135231316726,,53.02491103202846,86.47686832740213,,,
223,Moïse Bombito,CAN,OGC Nice,DF,26,190,3,2,193,2.1,0,0,0,0,0,0,0,0,1,1,100.0,0.47,0.47,0.0,0.0,0,1,,,,,,,,,,,,,0.0,0.0,0.0,0.466321243523316,,,,,,,11.73469387755102,27.89115646258503,,,
224,Maxime Crépeau,CAN,Orlando City SC,GK,32,185,5,5,450,5.0,0,0,0,0,0,0,0,0,0,0,,0.0,0.0,,,1,0,6.0,1.2,12.0,6.0,50.0,2.0,40.0,0.0,0.0,0.0,0.0,,0.0,0.0,0.2,0.0,1.2000000000000002,0.4,,,,,,,22.641509433962266,19.642857142857142,80.35714285714286
225,Tajon Buchanan,CAN,Villarreal CF,FW,27,183,5,5,376,4.2,0,0,0,0,0,0,0,0,6,3,50.0,1.44,0.72,0.0,0.0,5,1,,,,,,,,,,,,,0.0,0.0,1.196808510638298,0.2393617021276595,,,35.40856031128405,38.715953307393,38.91050583657588,60.89494163424124,,,,,
227,Alphonso Davies,CAN,FC Bayern München,DF,25,183,1,0,16,0.2,0,0,0,0,0,0,0,0,0,0,,0.0,0.0,,,0,0,,,,,,,,,,,,,0.0,0.0,0.0,0.0,,,,,,,11.73469387755102,10.034013605442176,,,
228,Ali Ahmed,CAN,Norwich City FC,FW,25,180,4,3,234,2.6,0,0,0,0,0,0,0,0,2,1,50.0,0.77,0.38,0.0,0.0,2,3,,,,,,,,,,,,,0.0,0.0,0.7692307692307693,1.1538461538461535,,,35.40856031128405,38.715953307393,28.793774319066145,50.0,,,,,
229,Jonathan Osorio,CAN,Toronto FC,MF,33,175,2,0,5,0.1,0,0,0,0,0,0,0,0,1,0,0.0,18.0,0.0,0.0,,0,1,,,,,,,,,,,,,0.0,0.0,0.0,18.0,,,,40.569395017793596,99.644128113879,,12.98932384341637,99.644128113879,,,
230,Richie Laryea,CAN,Toronto FC,DF,31,175,5,5,429,4.8,0,0,0,0,0,0,1,0,2,1,50.0,0.42,0.21,0.0,0.0,9,2,,,,,,,,,,,,,0.0,0.0,1.888111888111888,0.4195804195804196,,,,,,,87.07482993197279,26.87074829931973,,,
231,Niko Sigur,CAN,HNK Hajduk Split,DF,22,178,3,1,126,1.4,0,0,0,0,0,0,1,0,1,0,0.0,0.71,0.0,0.0,,1,0,,,,,,,,,,,,,0.0,0.0,0.7142857142857142,0.0,,,,,,,47.61904761904761,10.034013605442176,,,
232,Promise David,CAN,Royale Union Saint-Gilloise,FW,24,195,4,0,80,0.9,1,1,2,1,0,0,0,0,5,3,60.0,5.63,3.38,0.2,0.33,1,1,,,,,,,,,,,,,1.125,1.125,1.125,1.125,,,95.3307392996109,98.0544747081712,95.71984435797665,97.27626459143968,,,,,
233,Nathan Saliba,CAN,RSC Anderlecht,MF,22,174,3,2,182,2.0,1,2,3,1,0,0,1,0,3,1,33.3,1.48,0.49,0.33,1.0,4,4,,,,,,,,,,,,,0.4945054945054945,0.989010989010989,1.978021978021978,1.978021978021978,,,,98.57651245551602,62.811387900355875,,86.47686832740213,87.54448398576513,,,
236,Daniel Muñoz,COL,Crystal Palace FC,DF,30,180,5,4,394,4.4,2,0,2,2,0,0,0,0,3,2,66.7,0.69,0.46,0.67,1.0,3,7,,,,,,,,,,,,,0.4568527918781725,0.0,0.6852791878172589,1.598984771573604,,,,,,,46.25850340136054,80.27210884353741,,,
237,Jhon Lucumí,COL,Bologna FC,DF,27,187,5,5,478,5.3,0,0,0,0,0,0,1,0,2,0,0.0,0.38,0.0,0.0,,2,5,,,,,,,,,,,,,0.0,0.0,0.3765690376569037,0.9414225941422594,,,,,,,32.6530612244898,49.65986394557823,,,
238,Santiago Arias,COL,CA Independiente,DF,34,177,1,1,86,1.0,0,0,0,0,0,0,0,0,0,0,,0.0,0.0,,,2,1,,,,,,,,,,,,,0.0,0.0,2.0930232558139537,1.0465116279069768,,,,,,,92.85714285714286,58.843537414965986,,,
239,Kevin Castaño,COL,CA River Plate,MF,25,179,2,0,16,0.2,0,0,0,0,0,0,0,0,0,0,,0.0,0.0,,,0,0,,,,,,,,,,,,,0.0,0.0,0.0,0.0,,,,40.569395017793596,11.387900355871885,,12.98932384341637,14.23487544483986,,,
240,Richard Ríos,COL,SL Benfica,MF,26,185,5,0,140,1.6,0,0,0,0,0,0,1,0,5,1,20.0,3.21,0.64,0.0,0.0,2,1,,,,,,,,,,,,,0.0,0.0,1.2857142857142856,0.6428571428571428,,,,40.569395017793596,91.45907473309609,,66.54804270462633,44.48398576512456,,,
241,Luis Díaz,COL,FC Bayern München,FW,29,179,5,5,478,5.3,1,1,2,1,0,0,0,0,19,6,31.6,3.58,1.13,0.05,0.17,0,1,,,,,,,,,,,,,0.1882845188284518,0.1882845188284518,0.0,0.1882845188284518,,,71.59533073929961,78.21011673151752,81.1284046692607,70.03891050583657,,,,,
243,Jhon Córdoba,COL,FC Krasnodar,FW,33,186,3,2,99,1.1,0,0,0,0,0,0,0,0,2,1,50.0,1.82,0.91,0.0,0.0,0,0,,,,,,,,,,,,,0.0,0.0,0.0,0.0,,,35.40856031128405,38.715953307393,49.416342412451364,66.73151750972762,,,,,
244,James Rodríguez,COL,Minnesota United FC,MF,34,181,5,5,313,3.5,0,0,0,0,0,0,0,0,6,3,50.0,1.73,0.86,0.0,0.0,1,1,,,,,,,,,,,,,0.0,0.0,0.2875399361022364,0.2875399361022364,,,,40.569395017793596,69.7508896797153,,27.402135231316727,30.96085409252669,,,
245,Jhon Arias,COL,SE Palmeiras,MF,28,168,5,5,377,4.2,1,0,1,1,0,0,1,0,9,4,44.4,2.15,0.95,0.11,0.25,9,2,,,,,,,,,,,,,0.2387267904509283,0.0,2.1485411140583555,0.4774535809018567,,,,40.569395017793596,80.78291814946618,,88.61209964412812,38.79003558718861,,,
246,Camilo Vargas,COL,Atlas FC,GK,37,183,5,5,480,5.3,0,0,0,0,0,0,0,0,0,0,,0.0,0.0,,,0,0,1.0,0.19,7.0,6.0,85.7,4.0,80.0,0.0,0.0,0.0,0.0,,0.0,0.0,0.0,0.0,1.125,0.75,,,,,,,96.22641509433963,16.071428571428573,92.85714285714286
247,Yerry Mina,COL,Cagliari,DF,31,195,1,0,2,0.0,0,0,0,0,0,0,0,0,0,0,,0.0,0.0,,,0,0,,,,,,,,,,,,,0.0,0.0,0.0,0.0,,,,,,,11.73469387755102,10.034013605442176,,,
248,Gustavo Puerta,COL,Racing Santander,DF,22,173,5,5,469,5.2,0,1,1,0,0,0,1,0,14,5,35.7,2.69,0.96,0.0,0.0,3,3,,,,,,,,,,,,,0.0,0.1918976545842217,0.5756929637526652,0.5756929637526652,,,,,,,42.517006802721085,35.034013605442176,,,
250,Jefferson Lerma,COL,Crystal Palace FC,MF,31,180,5,5,410,4.6,0,0,0,0,0,0,1,0,5,1,20.0,1.1,0.22,0.0,0.0,1,5,,,,,,,,,,,,,0.0,0.0,0.2195121951219512,1.0975609756097562,,,,40.569395017793596,49.8220640569395,,26.334519572953734,63.345195729537366,,,
251,Johan Mojica,COL,RCD Mallorca,DF,33,184,4,4,390,4.3,0,0,0,0,0,0,1,0,3,2,66.7,0.69,0.46,0.0,0.0,3,3,,,,,,,,,,,,,0.0,0.0,0.6923076923076923,0.6923076923076923,,,,,,,46.59863945578231,40.476190476190474,,,
254,Juan Quintero,COL,CA River Plate,MF,33,167,4,0,121,1.3,0,1,1,0,0,0,0,0,4,0,0.0,2.98,0.0,0.0,,0,0,,,,,,,,,,,,,0.0,0.743801652892562,0.0,0.0,,,,97.15302491103202,90.74733096085409,,12.98932384341637,14.23487544483986,,,
255,Jaminton Campaz,COL,CA Rosario Central,FW,26,166,3,0,75,0.8,1,0,1,1,0,0,0,0,6,3,50.0,7.2,3.6,0.17,0.33,1,0,,,,,,,,,,,,,1.2000000000000002,0.0,1.2000000000000002,0.0,,,96.49805447470817,38.715953307393,98.0544747081712,97.66536964980544,,,,,
256,Deiver Machado,COL,FC Nantes,DF,32,173,1,1,90,1.0,0,0,0,0,0,0,0,0,0,0,,0.0,0.0,,,0,2,,,,,,,,,,,,,0.0,0.0,0.0,2.0,,,,,,,11.73469387755102,88.60544217687075,,,
257,Davinson Sánchez,COL,Galatasaray SK,DF,29,188,5,5,480,5.3,0,0,0,0,0,0,1,0,6,2,33.3,1.13,0.37,0.0,0.0,2,6,,,,,,,,,,,,,0.0,0.0,0.375,1.125,,,,,,,32.31292517006803,62.585034013605444,,,
259,Luis Suárez,COL,Sporting CP,FW,28,179,5,3,331,3.7,0,1,1,0,0,0,1,0,9,0,0.0,2.45,0.0,0.0,,4,0,,,,,,,,,,,,,0.0,0.2719033232628399,1.0876132930513596,0.0,,,35.40856031128405,82.49027237354085,66.14785992217898,23.151750972762645,,,,,
260,Andrés Gómez,COL,CR Vasco Da Gama,FW,23,170,1,0,1,0.0,0,0,0,0,0,0,0,0,0,0,,0.0,0.0,,,0,1,,,,,,,,,,,,,0.0,0.0,0.0,90.0,,,35.40856031128405,38.715953307393,11.478599221789883,23.151750972762645,,,,,
261,Lionel Mpasi,COD,Le Havre AC,GK,31,182,4,4,360,4.0,0,0,0,0,0,0,0,0,0,0,,0.0,0.0,,,0,0,5.0,1.25,19.0,14.0,73.7,0.0,0.0,0.0,0.0,0.0,0.0,,0.0,0.0,0.0,0.0,3.5,0.0,,,,,,,79.24528301886792,73.21428571428571,26.785714285714285
262,Aaron Wan-Bissaka,COD,West Ham United FC,DF,28,183,4,4,354,3.9,0,0,0,0,0,0,0,0,0,0,,0.0,0.0,,,4,7,,,,,,,,,,,,,0.0,0.0,1.0169491525423728,1.779661016949153,,,,,,,62.585034013605444,84.6938775510204,,,
263,Steve Kapuadi,COD,Widzew Łódź,DF,28,196,2,2,180,2.0,0,0,0,0,0,0,0,0,1,0,0.0,0.5,0.0,0.0,,1,1,,,,,,,,,,,,,0.0,0.0,0.5,0.5,,,,,,,38.775510204081634,30.102040816326532,,,
264,Axel Tuanzebe,COD,Burnley FC,DF,28,188,4,4,360,4.0,0,0,0,0,0,0,0,0,0,0,,0.0,0.0,,,2,1,,,,,,,,,,,,,0.0,0.0,0.5,0.25,,,,,,,38.775510204081634,20.918367346938776,,,
267,Nathanaël Mbuku,COD,Montpellier HSC,MF,24,170,3,2,143,1.6,0,0,0,0,0,0,1,0,3,2,66.7,1.89,1.26,0.0,0.0,3,0,,,,,,,,,,,,,0.0,0.0,1.888111888111888,0.0,,,,40.569395017793596,73.13167259786478,,84.34163701067615,14.23487544483986,,,
268,Samuel Moutoussamy,COD,Atromitos FC,MF,29,176,4,4,330,3.7,0,0,0,0,0,0,1,0,3,0,0.0,0.82,0.0,0.0,,8,1,,,,,,,,,,,,,0.0,0.0,2.1818181818181817,0.2727272727272727,,,,40.569395017793596,38.79003558718861,,90.0355871886121,29.537366548042705,,,
269,Brian Cipenga,COD,CD Castellón,FW,28,172,2,2,146,1.6,1,0,1,1,0,0,0,0,6,1,16.7,3.7,0.62,0.17,1.0,2,0,,,,,,,,,,,,,0.6164383561643836,0.0,1.2328767123287672,0.0,,,83.26848249027238,38.715953307393,82.10116731517509,56.03112840466926,,,,,
270,Theo Bongonda,COD,FC Spartak Moscow,MF,30,176,2,0,34,0.4,0,0,0,0,0,0,0,0,1,0,0.0,2.65,0.0,0.0,,0,1,,,,,,,,,,,,,0.0,0.0,0.0,2.647058823529412,,,,40.569395017793596,86.47686832740213,,12.98932384341637,94.83985765124555,,,
272,Joris Kayembe,COD,KRC Genk,DF,31,180,4,0,45,0.5,0,0,0,0,0,0,0,0,1,0,0.0,2.0,0.0,0.0,,4,4,,,,,,,,,,,,,0.0,0.0,8.0,8.0,,,,,,,100.0,99.65986394557824,,,
274,Noah Sadiki,COD,Sunderland AFC,MF,21,165,4,2,259,2.9,0,0,0,0,0,0,2,0,0,0,,0.0,0.0,,,4,2,,,,,,,,,,,,,0.0,0.0,1.38996138996139,0.694980694980695,,,,40.569395017793596,11.387900355871885,,70.46263345195729,48.04270462633452,,,
277,Cédric Bakambu,COD,Real Betis,FW,35,182,3,3,190,2.1,0,0,0,0,0,0,0,0,3,0,0.0,1.42,0.0,0.0,,0,0,,,,,,,,,,,,,0.0,0.0,0.0,0.0,,,35.40856031128405,38.715953307393,38.13229571984436,23.151750972762645,,,,,
278,Charles Pickel,COD,RCD Espanyol,MF,29,187,2,0,35,0.4,0,0,0,0,0,0,1,0,1,0,0.0,2.57,0.0,0.0,,0,0,,,,,,,,,,,,,0.0,0.0,0.0,0.0,,,,40.569395017793596,85.76512455516014,,12.98932384341637,14.23487544483986,,,
279,Fiston Mayele,COD,Pyramids FC,FW,31,185,2,0,42,0.5,1,0,1,1,0,0,0,0,5,1,20.0,10.71,2.14,0.2,1.0,0,0,,,,,,,,,,,,,2.142857142857143,0.0,0.0,0.0,,,99.61089494163424,38.715953307393,99.22178988326849,92.21789883268482,,,,,
280,Yoane Wissa,COD,Newcastle United FC,FW,29,176,4,4,360,4.0,3,0,3,2,1,1,0,0,11,3,27.3,2.75,0.75,0.27,1.0,1,0,,,,,,,,,,,,,0.75,0.0,0.25,0.0,,,86.7704280155642,38.715953307393,68.8715953307393,62.06225680933852,,,,,
282,Chancel Mbemba,COD,Lille OSC,DF,31,182,4,4,360,4.0,0,1,1,0,0,0,1,0,1,0,0.0,0.25,0.0,0.0,,3,1,,,,,,,,,,,,,0.0,0.25,0.75,0.25,,,,,,,49.82993197278912,20.918367346938776,,,
283,Simon Banza,COD,Al Jazira,FW,29,189,2,0,40,0.4,0,0,0,0,0,0,0,0,0,0,,0.0,0.0,,,1,0,,,,,,,,,,,,,0.0,0.0,2.25,0.0,,,35.40856031128405,38.715953307393,11.478599221789883,23.151750972762645,,,,,
284,Gédéon Kalulu,COD,Aris Limassol FC,DF,28,178,1,0,6,0.1,0,0,0,0,0,0,0,0,0,0,,0.0,0.0,,,0,0,,,,,,,,,,,,,0.0,0.0,0.0,0.0,,,,,,,11.73469387755102,10.034013605442176,,,
285,Edo Kayembe,COD,Watford FC,MF,28,183,3,2,160,1.8,0,0,0,0,0,0,0,0,2,1,50.0,1.13,0.56,0.0,0.0,1,0,,,,,,,,,,,,,0.0,0.0,0.5625,0.0,,,,40.569395017793596,50.5338078291815,,36.654804270462634,14.23487544483986,,,
286,Arthur Masuaku,COD,RC Lens,DF,32,179,4,4,315,3.5,0,1,1,0,0,0,0,0,0,0,,0.0,0.0,,,5,0,,,,,,,,,,,,,0.0,0.2857142857142857,1.4285714285714284,0.0,,,,,,,77.55102040816327,10.034013605442176,,,
287,Yahia Fofana,CIV,Çaykur Rizespor,GK,25,194,4,4,360,4.0,0,0,0,0,0,0,0,0,0,0,,0.0,0.0,,,0,0,4.0,1.0,13.0,9.0,69.2,2.0,50.0,0.0,0.0,0.0,0.0,,0.0,0.0,0.0,0.0,2.25,0.5,,,,,,,63.20754716981132,41.964285714285715,89.28571428571429
288,Ousmane Diomande,CIV,Sporting CP,DF,22,190,1,1,90,1.0,0,0,0,0,0,0,0,0,0,0,,0.0,0.0,,,0,1,,,,,,,,,,,,,0.0,0.0,0.0,1.0,,,,,,,11.73469387755102,53.91156462585034,,,
289,Ghislain Konan,CIV,Gil Vicente FC,DF,30,176,3,3,269,3.0,0,0,0,0,0,0,0,0,4,0,0.0,1.34,0.0,0.0,,3,0,,,,,,,,,,,,,0.0,0.0,1.003717472118959,0.0,,,,,,,61.224489795918366,10.034013605442176,,,
291,Wilfried Singo,CIV,Galatasaray SK,DF,25,182,2,2,171,1.9,0,1,1,0,0,0,0,0,2,0,0.0,1.05,0.0,0.0,,0,4,,,,,,,,,,,,,0.0,0.5263157894736842,0.0,2.1052631578947367,,,,,,,11.73469387755102,91.83673469387756,,,
292,Seko Fofana,CIV,FC Porto,MF,31,185,2,1,92,1.0,0,0,0,0,0,0,1,0,5,1,20.0,4.89,0.98,0.0,0.0,0,2,,,,,,,,,,,,,0.0,0.0,0.0,1.9565217391304348,,,,40.569395017793596,96.44128113879003,,12.98932384341637,86.47686832740213,,,
293,Odilon Kossounou,CIV,Atalanta Bergamo,DF,25,191,4,3,272,3.0,0,0,0,0,0,0,0,0,0,0,,0.0,0.0,,,3,3,,,,,,,,,,,,,0.0,0.0,0.9926470588235294,0.9926470588235294,,,,,,,56.12244897959183,51.36054421768708,,,
294,Franck Kessié,CIV,Al Ahli FC,MF,29,183,4,4,346,3.8,1,0,1,1,0,0,1,0,4,2,50.0,1.04,0.52,0.25,0.5,4,0,,,,,,,,,,,,,0.2601156069364161,0.0,1.0404624277456649,0.0,,,,40.569395017793596,48.57651245551601,,56.93950177935944,14.23487544483986,,,
295,Ange-Yoan Bonny,CIV,FC Internazionale Milano,FW,22,189,4,3,234,2.6,0,0,0,0,0,0,0,0,1,1,100.0,0.38,0.38,0.0,0.0,2,1,,,,,,,,,,,,,0.0,0.0,0.7692307692307693,0.3846153846153846,,,35.40856031128405,38.715953307393,23.346303501945524,50.0,,,,,
296,Simon Adingra,CIV,AS Monaco,FW,24,175,1,0,16,0.2,0,0,0,0,0,0,0,0,0,0,,0.0,0.0,,,0,0,,,,,,,,,,,,,0.0,0.0,0.0,0.0,,,35.40856031128405,38.715953307393,11.478599221789883,23.151750972762645,,,,,
297,Yan Diomandé,CIV,RB Leipzig,FW,19,180,4,4,329,3.7,0,1,1,0,0,0,0,0,4,0,0.0,1.09,0.0,0.0,,6,4,,,,,,,,,,,,,0.0,0.2735562310030395,1.641337386018237,1.094224924012158,,,35.40856031128405,83.26848249027238,32.68482490272373,23.151750972762645,,,,,
298,Elye Wahi,CIV,OGC Nice,FW,23,181,3,1,110,1.2,0,0,0,0,0,0,0,0,3,2,66.7,2.45,1.64,0.0,0.0,1,0,,,,,,,,,,,,,0.0,0.0,0.8181818181818181,0.0,,,35.40856031128405,38.715953307393,66.14785992217898,82.87937743190662,,,,,
299,Christopher Opéri,CIV,Başakşehir FK,DF,29,183,1,1,90,1.0,0,0,0,0,0,0,0,0,0,0,,0.0,0.0,,,2,1,,,,,,,,,,,,,0.0,0.0,2.0,1.0,,,,,,,89.28571428571429,53.91156462585034,,,
300,Oumar Diakité,CIV,Cercle Brugge,FW,22,182,2,0,28,0.3,0,0,0,0,0,0,0,0,0,0,,0.0,0.0,,,1,0,,,,,,,,,,,,,0.0,0.0,3.214285714285714,0.0,,,35.40856031128405,38.715953307393,11.478599221789883,23.151750972762645,,,,,
301,Amad Diallo,CIV,Manchester United FC,FW,23,173,4,2,185,2.1,2,0,2,2,0,0,0,0,8,4,50.0,3.89,1.95,0.25,0.5,4,2,,,,,,,,,,,,,0.972972972972973,0.0,1.945945945945946,0.972972972972973,,,93.57976653696498,38.715953307393,84.8249027237354,89.10505836575877,,,,,
303,Guéla Doué,CIV,RC Strasbourg,DF,23,187,4,3,277,3.1,0,0,0,0,0,0,1,0,1,0,0.0,0.32,0.0,0.0,,5,3,,,,,,,,,,,,,0.0,0.0,1.624548736462094,0.9747292418772564,,,,,,,81.29251700680273,50.68027210884354,,,
304,Ibrahim Sangaré,CIV,Nottingham Forest FC,MF,28,191,4,3,268,3.0,0,1,1,0,0,0,0,0,1,0,0.0,0.34,0.0,0.0,,5,6,,,,,,,,,,,,,0.0,0.335820895522388,1.67910447761194,2.014925373134328,,,,88.96797153024912,25.622775800711743,,80.42704626334519,89.32384341637011,,,
305,Nicolas Pépé,CIV,Villarreal CF,FW,31,183,4,3,234,2.6,2,1,3,2,0,0,1,0,6,3,50.0,2.31,1.15,0.33,0.67,0,3,,,,,,,,,,,,,0.7692307692307693,0.3846153846153846,0.0,1.1538461538461535,,,87.93774319066148,87.7431906614786,61.478599221789885,71.01167315175097,,,,,
306,Emmanuel Agbadou,CIV,Beşiktaş JK,DF,28,185,3,3,270,3.0,0,0,0,0,0,0,0,0,3,1,33.3,1.0,0.33,0.0,0.0,6,4,,,,,,,,,,,,,0.0,0.0,2.0,1.3333333333333337,,,,,,,89.28571428571429,71.08843537414967,,,
308,Evann Guessand,CIV,Crystal Palace FC,FW,24,188,2,0,17,0.2,0,0,0,0,0,0,0,0,1,0,0.0,5.29,0.0,0.0,,0,0,,,,,,,,,,,,,0.0,0.0,0.0,0.0,,,35.40856031128405,38.715953307393,94.3579766536965,23.151750972762645,,,,,
310,Bazoumana Touré,CIV,TSG Hoffenheim,FW,20,178,3,1,80,0.9,0,0,0,0,0,0,0,0,0,0,,0.0,0.0,,,1,0,,,,,,,,,,,,,0.0,0.0,1.125,0.0,,,35.40856031128405,38.715953307393,11.478599221789883,23.151750972762645,,,,,
313,Dominik Livaković,CRO,GNK Dinamo Zagreb,GK,31,188,4,4,360,4.0,0,0,0,0,0,0,0,0,0,0,,0.0,0.0,,,0,0,7.0,1.75,17.0,10.0,58.8,1.0,25.0,2.0,2.0,0.0,0.0,0.0,0.0,0.0,0.0,0.0,2.5,0.25,,,,,,,45.28301886792453,50.0,59.82142857142857
314,Josip Stanišić,CRO,FC Bayern München,DF,26,186,4,4,360,4.0,0,1,1,0,0,0,0,0,0,0,,0.0,0.0,,,2,5,,,,,,,,,,,,,0.0,0.25,0.5,1.25,,,,,,,38.775510204081634,67.51700680272108,,,
315,Marin Pongračić,CRO,ACF Fiorentina,DF,28,193,3,3,270,3.0,0,0,0,0,0,0,0,0,1,0,0.0,0.33,0.0,0.0,,3,0,,,,,,,,,,,,,0.0,0.0,1.0,0.0,,,,,,,58.673469387755105,10.034013605442176,,,
316,Joško Gvardiol,CRO,Manchester City FC,DF,24,185,4,2,139,1.5,0,0,0,0,0,0,0,0,1,0,0.0,0.65,0.0,0.0,,2,2,,,,,,,,,,,,,0.0,0.0,1.2949640287769786,1.2949640287769786,,,,,,,73.80952380952381,69.38775510204081,,,
318,Josip Šutalo,CRO,AFC Ajax,DF,26,185,4,4,360,4.0,0,0,0,0,0,0,0,0,1,0,0.0,0.25,0.0,0.0,,4,6,,,,,,,,,,,,,0.0,0.0,1.0,1.5,,,,,,,58.673469387755105,77.04081632653062,,,
320,Mateo Kovačić,CRO,Manchester City FC,MF,32,178,4,3,270,3.0,0,1,1,0,0,0,0,0,5,4,80.0,1.67,1.33,0.0,0.0,3,2,,,,,,,,,,,,,0.0,0.3333333333333333,1.0,0.6666666666666667,,,,88.25622775800713,68.14946619217082,,55.16014234875445,46.44128113879004,,,
321,Andrej Kramarić,CRO,TSG Hoffenheim,FW,34,177,3,0,59,0.7,0,0,0,0,0,0,0,0,1,0,0.0,1.53,0.0,0.0,,1,0,,,,,,,,,,,,,0.0,0.0,1.5254237288135593,0.0,,,35.40856031128405,38.715953307393,40.66147859922179,23.151750972762645,,,,,
322,Luka Modrić,CRO,AC Milan,MF,40,172,4,4,317,3.5,0,1,1,0,0,0,1,0,1,0,0.0,0.28,0.0,0.0,,3,0,,,,,,,,,,,,,0.0,0.2839116719242902,0.8517350157728707,0.0,,,,86.12099644128114,23.843416370106763,,49.11032028469751,14.23487544483986,,,
323,Ante Budimir,CRO,CA Osasuna,FW,34,190,3,2,155,1.7,1,0,1,1,0,0,0,0,3,1,33.3,1.74,0.58,0.33,1.0,1,0,,,,,,,,,,,,,0.5806451612903226,0.0,0.5806451612903226,0.0,,,82.49027237354085,38.715953307393,48.44357976653696,55.05836575875487,,,,,
325,Nikola Vlašić,CRO,Torino FC,MF,28,179,3,2,189,2.1,1,0,1,1,0,0,0,0,3,1,33.3,1.43,0.48,0.33,1.0,2,1,,,,,,,,,,,,,0.4761904761904761,0.0,0.9523809523809524,0.4761904761904761,,,,40.569395017793596,60.320284697508896,,51.95729537366548,38.43416370106761,,,
326,Ivan Perišić,CRO,PSV Eindhoven,FW,37,186,4,4,360,4.0,1,1,2,1,0,0,2,0,2,2,100.0,0.5,0.5,0.5,0.5,4,4,,,,,,,,,,,,,0.25,0.25,1.0,1.0,,,73.92996108949417,81.32295719844358,24.90272373540856,51.55642023346303,,,,,
327,Mario Pašalić,CRO,Atalanta Bergamo,MF,31,188,4,1,123,1.4,0,0,0,0,0,0,0,0,4,1,25.0,2.93,0.73,0.0,0.0,1,1,,,,,,,,,,,,,0.0,0.0,0.7317073170731708,0.7317073170731708,,,,40.569395017793596,90.2135231316726,,43.06049822064057,50.5338078291815,,,
328,Martin Baturina,CRO,Como,MF,23,172,4,4,321,3.6,1,0,1,1,0,0,0,0,3,1,33.3,0.84,0.28,0.33,1.0,2,1,,,,,,,,,,,,,0.2803738317757009,0.0,0.5607476635514018,0.2803738317757009,,,,40.569395017793596,39.50177935943061,,36.29893238434164,30.2491103202847,,,
329,Petar Sučić,CRO,FC Internazionale Milano,MF,22,183,4,3,289,3.2,1,1,2,1,0,0,1,0,3,2,66.7,0.93,0.62,0.33,0.5,2,1,,,,,,,,,,,,,0.3114186851211072,0.3114186851211072,0.6228373702422145,0.3114186851211072,,,,86.83274021352312,41.99288256227758,,39.14590747330961,32.38434163701068,,,
332,Igor Matanović,CRO,SC Freiburg,FW,23,194,3,0,95,1.1,0,0,0,0,0,0,0,0,4,2,50.0,3.79,1.89,0.0,0.0,0,0,,,,,,,,,,,,,0.0,0.0,0.0,0.0,,,35.40856031128405,38.715953307393,83.26848249027238,88.52140077821011,,,,,
333,Luka Sučić,CRO,Real Sociedad,MF,23,185,1,0,19,0.2,0,0,0,0,0,0,0,0,1,0,0.0,4.74,0.0,0.0,,0,0,,,,,,,,,,,,,0.0,0.0,0.0,0.0,,,,40.569395017793596,96.08540925266904,,12.98932384341637,14.23487544483986,,,
334,Luka Vušković,CRO,Hamburger SV,DF,19,193,1,1,65,0.7,0,0,0,0,0,0,0,0,0,0,,0.0,0.0,,,0,1,,,,,,,,,,,,,0.0,0.0,0.0,1.3846153846153846,,,,,,,11.73469387755102,73.9795918367347,,,
336,Marco Pašalić,CRO,Orlando City SC,FW,25,177,3,1,99,1.1,0,0,0,0,0,0,0,0,3,2,66.7,2.73,1.82,0.0,0.0,2,1,,,,,,,,,,,,,0.0,0.0,1.8181818181818183,0.9090909090909092,,,35.40856031128405,38.715953307393,68.48249027237354,86.7704280155642,,,,,
338,Petar Musa,CRO,FC Dallas,FW,28,190,2,2,110,1.2,1,0,1,1,0,0,0,0,1,1,100.0,0.82,0.82,1.0,1.0,0,0,,,,,,,,,,,,,0.8181818181818181,0.0,0.0,0.0,,,89.29961089494164,38.715953307393,29.571984435797667,64.2023346303502,,,,,
339,Eloy Room,CUW,Miami FC,GK,37,190,3,3,270,3.0,0,0,0,0,0,0,0,0,0,0,,0.0,0.0,,,0,0,9.0,3.0,29.0,20.0,69.0,1.0,33.3,1.0,1.0,0.0,0.0,0.0,0.0,0.0,0.0,0.0,6.666666666666666,0.3333333333333333,,,,,,,60.37735849056604,98.21428571428571,71.42857142857143
340,Shurandy Sambo,CUW,Sparta Rotterdam,DF,24,174,1,0,1,0.0,0,0,0,0,0,0,0,0,0,0,,0.0,0.0,,,0,1,,,,,,,,,,,,,0.0,0.0,0.0,90.0,,,,,,,11.73469387755102,100.0,,,
341,Juriën Gaari,CUW,Abha Club,DF,32,183,2,2,166,1.8,0,0,0,0,0,0,1,0,2,0,0.0,1.08,0.0,0.0,,2,2,,,,,,,,,,,,,0.0,0.0,1.0843373493975903,1.0843373493975903,,,,,,,66.66666666666666,60.204081632653065,,,
342,Roshon van Eijma,CUW,RKC Waalwijk,DF,28,186,1,0,15,0.2,0,0,0,0,0,0,0,0,0,0,,0.0,0.0,,,0,0,,,,,,,,,,,,,0.0,0.0,0.0,0.0,,,,,,,11.73469387755102,10.034013605442176,,,
343,Sherel Floranus,CUW,PEC Zwolle,DF,27,181,3,3,270,3.0,0,0,0,0,0,0,0,0,2,0,0.0,0.67,0.0,0.0,,6,4,,,,,,,,,,,,,0.0,0.0,2.0,1.3333333333333337,,,,,,,89.28571428571429,71.08843537414967,,,
344,Godfried Roemeratoe,CUW,RKC Waalwijk,MF,26,178,1,0,7,0.1,0,0,0,0,0,0,0,0,0,0,,0.0,0.0,,,0,0,,,,,,,,,,,,,0.0,0.0,0.0,0.0,,,,40.569395017793596,11.387900355871885,,12.98932384341637,14.23487544483986,,,
345,Juninho Bacuna,CUW,FC Volendam,MF,28,178,3,3,254,2.8,0,0,0,0,0,0,2,0,5,1,20.0,1.77,0.35,0.0,0.0,4,5,,,,,,,,,,,,,0.0,0.0,1.4173228346456692,1.7716535433070866,,,,40.569395017793596,71.17437722419929,,71.17437722419929,83.62989323843416,,,
346,Livano Comenencia,CUW,FC Zürich,MF,22,185,3,3,233,2.6,1,0,1,1,0,0,1,0,5,2,40.0,1.93,0.77,0.2,0.5,1,11,,,,,,,,,,,,,0.3862660944206008,0.0,0.3862660944206008,4.24892703862661,,,,40.569395017793596,74.19928825622776,,30.604982206405694,98.57651245551602,,,
348,Leandro Bacuna,CUW,Iğdır FK,MF,34,180,3,3,270,3.0,0,0,0,0,0,0,1,0,6,1,16.7,2.0,0.33,0.0,0.0,3,0,,,,,,,,,,,,,0.0,0.0,1.0,0.0,,,,40.569395017793596,75.80071174377224,,55.16014234875445,14.23487544483986,,,
349,Jeremy Antonisse,CUW,AE Kifisia FC,FW,24,164,2,0,75,0.8,0,0,0,0,0,0,0,0,1,0,0.0,1.2,0.0,0.0,,1,0,,,,,,,,,,,,,0.0,0.0,1.2000000000000002,0.0,,,35.40856031128405,38.715953307393,34.24124513618677,23.151750972762645,,,,,
350,Sontje Hansen,CUW,Middlesbrough FC,FW,24,176,1,1,45,0.5,0,0,0,0,0,0,0,0,1,1,100.0,2.0,2.0,0.0,0.0,0,0,,,,,,,,,,,,,0.0,0.0,0.0,0.0,,,35.40856031128405,38.715953307393,54.474708171206224,90.27237354085604,,,,,
351,Tyrese Noslin,CUW,SC Telstar,FW,23,182,1,0,14,0.2,0,0,0,0,0,0,0,0,0,0,,0.0,0.0,,,0,0,,,,,,,,,,,,,0.0,0.0,0.0,0.0,,,35.40856031128405,38.715953307393,11.478599221789883,23.151750972762645,,,,,
352,Kenji Gorré,CUW,Maccabi Haifa FC,FW,31,174,1,0,16,0.2,0,0,0,0,0,0,0,0,0,0,,0.0,0.0,,,0,0,,,,,,,,,,,,,0.0,0.0,0.0,0.0,,,35.40856031128405,38.715953307393,11.478599221789883,23.151750972762645,,,,,
354,Jearl Margaritha,CUW,SK Beveren,FW,26,181,2,0,41,0.5,0,0,0,0,0,0,0,0,1,0,0.0,2.2,0.0,0.0,,0,0,,,,,,,,,,,,,0.0,0.0,0.0,0.0,,,35.40856031128405,38.715953307393,59.143968871595334,23.151750972762645,,,,,
355,Brandley Kuwas,CUW,FC Volendam,FW,33,181,1,0,1,0.0,0,0,0,0,0,0,0,0,0,0,,0.0,0.0,,,0,0,,,,,,,,,,,,,0.0,0.0,0.0,0.0,,,35.40856031128405,38.715953307393,11.478599221789883,23.151750972762645,,,,,
356,Armando Obispo,CUW,PSV Eindhoven,DF,27,185,3,3,270,3.0,0,0,0,0,0,0,0,0,0,0,,0.0,0.0,,,1,7,,,,,,,,,,,,,0.0,0.0,0.3333333333333333,2.333333333333333,,,,,,,29.25170068027211,93.70748299319727,,,
357,Gervane Kastaneer,CUW,Terengganu FC,FW,30,189,3,0,30,0.3,0,0,0,0,0,0,2,0,1,0,0.0,3.0,0.0,0.0,,0,0,,,,,,,,,,,,,0.0,0.0,0.0,0.0,,,35.40856031128405,38.715953307393,72.76264591439688,23.151750972762645,,,,,
358,Joshua Brenet,CUW,Kayserispor,DF,32,181,2,2,179,2.0,0,0,0,0,0,0,0,0,0,0,,0.0,0.0,,,4,1,,,,,,,,,,,,,0.0,0.0,2.011173184357542,0.5027932960893855,,,,,,,91.15646258503402,31.292517006802722,,,
359,Tahith Chong,CUW,Sheeld United FC,MF,26,185,3,3,247,2.7,0,0,0,0,0,0,0,0,4,2,50.0,1.46,0.73,0.0,0.0,0,1,,,,,,,,,,,,,0.0,0.0,0.0,0.3643724696356275,,,,40.569395017793596,61.56583629893239,,12.98932384341637,34.16370106761566,,,
361,Riechedly Bazoer,CUW,Konyaspor,DF,29,184,1,1,90,1.0,0,0,0,0,0,0,0,0,0,0,,0.0,0.0,,,1,1,,,,,,,,,,,,,0.0,0.0,1.0,1.0,,,,,,,58.673469387755105,53.91156462585034,,,
362,Deveron Fonville,CUW,NEC Nijmegen,DF,23,188,3,3,241,2.7,0,0,0,0,0,0,0,0,0,0,,0.0,0.0,,,3,5,,,,,,,,,,,,,0.0,0.0,1.120331950207469,1.867219917012448,,,,,,,68.02721088435374,86.05442176870748,,,
365,Matej Kovar,CZE,PSV Eindhoven,GK,26,196,3,3,270,3.0,0,0,0,0,0,0,0,0,0,0,,0.0,0.0,,,0,0,6.0,2.0,15.0,9.0,60.0,0.0,0.0,1.0,1.0,0.0,0.0,0.0,0.0,0.0,0.0,0.0,3.0,0.0,,,,,,,49.056603773584904,64.28571428571429,26.785714285714285
366,David Zima,CZE,SK Slavia Praha,DF,25,190,1,0,13,0.1,0,0,0,0,0,0,0,0,0,0,,0.0,0.0,,,0,0,,,,,,,,,,,,,0.0,0.0,0.0,0.0,,,,,,,11.73469387755102,10.034013605442176,,,
367,Tomáš Holeš,CZE,SK Slavia Praha,DF,33,180,2,2,153,1.7,0,0,0,0,0,0,0,0,0,0,,0.0,0.0,,,3,4,,,,,,,,,,,,,0.0,0.0,1.7647058823529411,2.3529411764705883,,,,,,,84.6938775510204,94.21768707482994,,,
368,Robin Hranáč,CZE,TSG Hoffenheim,DF,26,189,3,3,270,3.0,0,0,0,0,0,0,0,0,0,0,,0.0,0.0,,,0,1,,,,,,,,,,,,,0.0,0.0,0.0,0.3333333333333333,,,,,,,11.73469387755102,22.61904761904762,,,
369,Vladimír Coufal,CZE,TSG Hoffenheim,DF,33,175,3,3,270,3.0,0,1,1,0,0,0,0,0,1,0,0.0,0.33,0.0,0.0,,1,2,,,,,,,,,,,,,0.0,0.3333333333333333,0.3333333333333333,0.6666666666666667,,,,,,,29.25170068027211,38.265306122448976,,,
370,Štěpán Chaloupek,CZE,SK Slavia Praha,DF,23,188,1,1,90,1.0,0,0,0,0,0,0,0,0,0,0,,0.0,0.0,,,0,2,,,,,,,,,,,,,0.0,0.0,0.0,2.0,,,,,,,11.73469387755102,88.60544217687075,,,
371,Ladislav Krejčí,CZE,Wolverhampton Wanderers FC,DF,27,191,3,3,270,3.0,1,0,1,1,0,0,1,0,5,1,20.0,1.67,0.33,0.2,1.0,3,1,,,,,,,,,,,,,0.3333333333333333,0.0,1.0,0.3333333333333333,,,,,,,58.673469387755105,22.61904761904762,,,
372,Vladimír Darida,CZE,FC Hradec Králové,MF,35,172,1,1,54,0.6,0,0,0,0,0,0,0,0,1,0,0.0,1.67,0.0,0.0,,0,1,,,,,,,,,,,,,0.0,0.0,0.0,1.6666666666666663,,,,40.569395017793596,68.14946619217082,,12.98932384341637,81.31672597864768,,,
373,Adam Hložek,CZE,TSG Hoffenheim,FW,23,188,3,2,156,1.7,0,0,0,0,0,0,0,0,3,1,33.3,1.73,0.58,0.0,0.0,1,1,,,,,,,,,,,,,0.0,0.0,0.5769230769230769,0.5769230769230769,,,35.40856031128405,38.715953307393,47.66536964980545,55.05836575875487,,,,,
374,Patrik Schick,CZE,Bayer 04 Leverkusen,FW,30,191,3,2,180,2.0,0,0,0,0,0,0,0,0,2,1,50.0,1.0,0.5,0.0,0.0,0,0,,,,,,,,,,,,,0.0,0.0,0.0,0.0,,,35.40856031128405,38.715953307393,31.1284046692607,51.55642023346303,,,,,
376,Lukáš Červ,CZE,FC Viktoria Plzeň,MF,25,182,2,2,163,1.8,0,0,0,0,0,0,0,0,3,2,66.7,1.66,1.1,0.0,0.0,3,0,,,,,,,,,,,,,0.0,0.0,1.6564417177914113,0.0,,,,40.569395017793596,67.43772241992883,,79.35943060498221,14.23487544483986,,,
377,Mojmír Chytil,CZE,SK Slavia Praha,FW,27,187,1,0,7,0.1,0,0,0,0,0,0,0,0,0,0,,0.0,0.0,,,0,0,,,,,,,,,,,,,0.0,0.0,0.0,0.0,,,35.40856031128405,38.715953307393,11.478599221789883,23.151750972762645,,,,,
379,Pavel Šulc,CZE,Olympique Lyonnais,FW,25,177,3,2,189,2.1,0,0,0,0,0,0,0,0,2,0,0.0,0.95,0.0,0.0,,2,0,,,,,,,,,,,,,0.0,0.0,0.9523809523809524,0.0,,,35.40856031128405,38.715953307393,30.739299610894943,23.151750972762645,,,,,
381,Lukáš Provod,CZE,SK Slavia Praha,MF,29,191,3,1,122,1.4,0,0,0,0,0,0,0,0,1,0,0.0,0.74,0.0,0.0,,3,1,,,,,,,,,,,,,0.0,0.0,2.2131147540983607,0.7377049180327869,,,,40.569395017793596,36.120996441281136,,90.39145907473309,51.245551601423486,,,
382,Michal Sadílek,CZE,SK Slavia Praha,MF,27,169,3,2,183,2.0,1,0,1,1,0,0,0,0,7,3,42.9,3.44,1.48,0.14,0.33,2,2,,,,,,,,,,,,,0.4918032786885246,0.0,0.9836065573770492,0.9836065573770492,,,,40.569395017793596,92.88256227758008,,53.380782918149464,60.14234875444839,,,
383,Tomáš Chorý,CZE,SK Slavia Praha,FW,31,199,2,0,31,0.3,0,0,0,0,0,0,0,0,0,0,,0.0,0.0,,,0,0,,,,,,,,,,,,,0.0,0.0,0.0,0.0,,,35.40856031128405,38.715953307393,11.478599221789883,23.151750972762645,,,,,
384,Jaroslav Zelený,CZE,AC Sparta Praha,DF,33,190,2,1,126,1.4,0,0,0,0,0,0,0,0,1,0,0.0,0.71,0.0,0.0,,0,0,,,,,,,,,,,,,0.0,0.0,0.0,0.0,,,,,,,11.73469387755102,10.034013605442176,,,
385,David Douděra,CZE,SK Slavia Praha,DF,28,175,1,1,90,1.0,0,0,0,0,0,0,0,0,4,0,0.0,4.0,0.0,0.0,,0,1,,,,,,,,,,,,,0.0,0.0,0.0,1.0,,,,,,,11.73469387755102,53.91156462585034,,,
386,Tomáš Souček,CZE,West Ham United FC,MF,31,192,3,1,137,1.5,0,0,0,0,0,0,0,0,1,0,0.0,0.66,0.0,0.0,,0,1,,,,,,,,,,,,,0.0,0.0,0.0,0.656934306569343,,,,40.569395017793596,32.38434163701068,,12.98932384341637,45.55160142348754,,,
388,Alexandr Sojka,CZE,FC Viktoria Plzeň,MF,23,188,3,2,141,1.6,0,1,1,0,0,0,0,0,0,0,,0.0,0.0,,,1,2,,,,,,,,,,,,,0.0,0.6382978723404256,0.6382978723404256,1.2765957446808511,,,,96.44128113879003,11.387900355871885,,39.50177935943061,69.03914590747331,,,
390,Denis Višinský,CZE,FC Viktoria Plzeň,FW,23,178,1,1,55,0.6,0,0,0,0,0,0,0,0,3,0,0.0,4.91,0.0,0.0,,0,0,,,,,,,,,,,,,0.0,0.0,0.0,0.0,,,35.40856031128405,38.715953307393,92.99610894941634,23.151750972762645,,,,,
391,Hernán Galíndez,ECU,CA Huracán,GK,39,189,4,4,360,4.0,0,0,0,0,0,0,0,0,0,0,,0.0,0.0,,,0,0,4.0,1.0,13.0,9.0,69.2,1.0,25.0,0.0,0.0,0.0,0.0,,0.0,0.0,0.0,0.0,2.25,0.25,,,,,,,63.20754716981132,41.964285714285715,59.82142857142857
393,Piero Hincapié,ECU,Arsenal FC,DF,24,183,4,4,339,3.8,0,0,0,0,0,0,1,1,3,0,0.0,0.8,0.0,0.0,,5,4,,,,,,,,,,,,,0.0,0.0,1.327433628318584,1.0619469026548671,,,,,,,74.82993197278913,59.863945578231295,,,
394,Joel Ordóñez,ECU,Club Brugge,DF,22,188,3,3,225,2.5,0,0,0,0,0,0,0,0,2,0,0.0,0.8,0.0,0.0,,5,1,,,,,,,,,,,,,0.0,0.0,2.0,0.4,,,,,,,89.28571428571429,25.34013605442177,,,
395,Jordy Alcivar,ECU,Independiente Del Valle,MF,26,168,1,1,45,0.5,0,0,0,0,0,0,1,0,1,0,0.0,2.0,0.0,0.0,,1,0,,,,,,,,,,,,,0.0,0.0,2.0,0.0,,,,40.569395017793596,75.80071174377224,,87.36654804270462,14.23487544483986,,,
396,Willian Pacho,ECU,Paris Saint-Germain,DF,24,188,4,4,360,4.0,0,0,0,0,0,0,0,0,1,1,100.0,0.25,0.25,0.0,0.0,2,8,,,,,,,,,,,,,0.0,0.0,0.5,2.0,,,,,,,38.775510204081634,88.60544217687075,,,
397,Pervis Estupiñán,ECU,AC Milan,DF,28,175,2,1,89,1.0,0,0,0,0,0,0,0,0,0,0,,0.0,0.0,,,1,0,,,,,,,,,,,,,0.0,0.0,1.0112359550561798,0.0,,,,,,,62.074829931972786,10.034013605442176,,,
399,John Yeboah,ECU,Venezia FC,FW,25,170,4,4,311,3.5,0,0,0,0,0,0,0,0,8,3,37.5,2.32,0.87,0.0,0.0,3,3,,,,,,,,,,,,,0.0,0.0,0.8681672025723474,0.8681672025723474,,,35.40856031128405,38.715953307393,62.06225680933852,65.75875486381322,,,,,
400,Kendry Páez,ECU,CA River Plate,MF,19,178,1,0,12,0.1,0,0,0,0,0,0,1,0,0,0,,0.0,0.0,,,0,0,,,,,,,,,,,,,0.0,0.0,0.0,0.0,,,,40.569395017793596,11.387900355871885,,12.98932384341637,14.23487544483986,,,
401,Kevin Rodríguez,ECU,Royale Union Saint-Gilloise,FW,26,190,4,0,118,1.3,0,1,1,0,0,0,0,0,6,1,16.7,4.58,0.76,0.0,0.0,1,0,,,,,,,,,,,,,0.0,0.7627118644067796,0.7627118644067796,0.0,,,35.40856031128405,96.10894941634241,90.6614785992218,63.035019455252915,,,,,
403,Enner Valencia,ECU,CF Pachuca,FW,36,177,4,4,287,3.2,0,0,0,0,0,0,0,0,10,6,60.0,3.14,1.88,0.0,0.0,1,0,,,,,,,,,,,,,0.0,0.0,0.313588850174216,0.0,,,35.40856031128405,38.715953307393,75.87548638132296,87.93774319066148,,,,,
404,Alan Minda,ECU,Atlético Mineiro,MF,23,174,1,1,55,0.6,0,0,0,0,0,0,0,0,2,0,0.0,3.27,0.0,0.0,,0,1,,,,,,,,,,,,,0.0,0.0,0.0,1.6363636363636362,,,,40.569395017793596,92.34875444839858,,12.98932384341637,80.6049822064057,,,
405,Pedro Vite,ECU,Pumas UNAM,MF,24,172,4,4,360,4.0,0,1,1,0,0,0,0,0,4,1,25.0,1.0,0.25,0.0,0.0,11,5,,,,,,,,,,,,,0.0,0.25,2.75,1.25,,,,84.34163701067615,45.55160142348754,,95.37366548042705,68.32740213523132,,,
406,Jordy Caicedo,ECU,CA Huracán,FW,28,186,3,0,20,0.2,0,0,0,0,0,0,0,0,1,0,0.0,4.5,0.0,0.0,,0,0,,,,,,,,,,,,,0.0,0.0,0.0,0.0,,,35.40856031128405,38.715953307393,90.07782101167315,23.151750972762645,,,,,
407,Ángelo Preciado,ECU,Atlético Mineiro,DF,28,174,4,0,109,1.2,0,0,0,0,0,0,0,0,0,0,,0.0,0.0,,,1,3,,,,,,,,,,,,,0.0,0.0,0.8256880733944955,2.4770642201834865,,,,,,,52.55102040816326,95.578231292517,,,
409,Gonzalo Plata,ECU,CR Flamengo,FW,25,178,4,4,360,4.0,1,0,1,1,0,0,1,0,8,5,62.5,2.0,1.25,0.13,0.2,5,2,,,,,,,,,,,,,0.25,0.0,1.25,0.5,,,73.92996108949417,38.715953307393,54.474708171206224,74.90272373540856,,,,,
410,Nilson Angulo,ECU,Sunderland AFC,FW,22,184,4,2,218,2.4,1,0,1,1,0,0,0,0,2,2,100.0,0.83,0.83,0.5,0.5,1,2,,,,,,,,,,,,,0.4128440366972477,0.0,0.4128440366972477,0.8256880733944955,,,79.76653696498055,38.715953307393,29.961089494163424,64.59143968871595,,,,,
411,Alan Franco,ECU,Atlético Mineiro,MF,27,175,4,4,251,2.8,0,0,0,0,0,0,2,0,0,0,,0.0,0.0,,,6,4,,,,,,,,,,,,,0.0,0.0,2.151394422310757,1.4342629482071714,,,,40.569395017793596,11.387900355871885,,88.96797153024912,74.02135231316726,,,
413,Moisés Caicedo,ECU,Chelsea FC,MF,24,178,4,4,360,4.0,0,0,0,0,0,0,1,0,4,1,25.0,1.0,0.25,0.0,0.0,6,4,,,,,,,,,,,,,0.0,0.0,1.5,1.0,,,,40.569395017793596,45.55160142348754,,75.80071174377224,61.20996441281139,,,
415,Jackson Porozo,ECU,Club Tijuana,DF,25,192,1,0,29,0.3,0,0,0,0,0,0,1,0,0,0,,0.0,0.0,,,0,0,,,,,,,,,,,,,0.0,0.0,0.0,0.0,,,,,,,11.73469387755102,10.034013605442176,,,
416,Yaimar Medina,ECU,KRC Genk,DF,21,173,1,0,45,0.5,0,0,0,0,0,0,0,0,1,0,0.0,2.0,0.0,0.0,,0,1,,,,,,,,,,,,,0.0,0.0,0.0,2.0,,,,,,,11.73469387755102,88.60544217687075,,,
418,Yasser Ibrahim,EGY,Al Ahly FC,DF,33,185,5,4,467,5.2,1,0,1,1,0,0,2,0,1,1,100.0,0.19,0.19,1.0,1.0,6,3,,,,,,,,,,,,,0.1927194860813704,0.0,1.1563169164882228,0.5781584582441114,,,,,,,69.38775510204081,35.374149659863946,,,
419,Mohamed Hany,EGY,Al Ahly FC,DF,30,175,5,5,480,5.3,0,1,1,0,0,0,0,0,4,0,0.0,0.75,0.0,0.0,,9,6,,,,,,,,,,,,,0.0,0.1875,1.6875,1.125,,,,,,,83.33333333333334,62.585034013605444,,,
420,Hossam Abdelmaguid,EGY,Zamalek SC,DF,25,193,2,0,59,0.7,0,0,0,0,0,0,0,0,0,0,,0.0,0.0,,,0,1,,,,,,,,,,,,,0.0,0.0,0.0,1.5254237288135593,,,,,,,11.73469387755102,78.57142857142857,,,
421,Ramy Rabia,EGY,Al Ain FC,DF,33,183,5,3,372,4.1,0,0,0,0,0,0,0,0,1,1,100.0,0.24,0.24,0.0,0.0,5,3,,,,,,,,,,,,,0.0,0.0,1.2096774193548387,0.7258064516129032,,,,,,,71.7687074829932,41.49659863945578,,,
423,Trézéguet,EGY,Al Ahly FC,FW,31,181,4,1,164,1.8,1,1,2,1,0,0,0,0,8,3,37.5,4.39,1.65,0.13,0.33,0,1,,,,,,,,,,,,,0.5487804878048781,0.5487804878048781,0.0,0.5487804878048781,,,80.93385214007782,92.21789883268482,89.49416342412452,83.26848249027238,,,,,
424,Emam Ashour,EGY,Al Ahly FC,MF,28,180,5,5,362,4.0,2,0,2,2,0,0,0,0,10,2,20.0,2.49,0.5,0.2,1.0,2,4,,,,,,,,,,,,,0.4972375690607734,0.0,0.4972375690607734,0.9944751381215468,,,,40.569395017793596,84.51957295373666,,33.45195729537366,60.67615658362989,,,
425,Hamza Abdelkarim,EGY,FC Barcelona,FW,18,182,4,0,60,0.7,0,0,0,0,0,0,0,0,0,0,,0.0,0.0,,,0,0,,,,,,,,,,,,,0.0,0.0,0.0,0.0,,,35.40856031128405,38.715953307393,11.478599221789883,23.151750972762645,,,,,
426,Mohamed Salah,EGY,Liverpool FC,FW,33,175,5,5,425,4.7,1,2,3,1,0,0,0,0,9,4,44.4,1.91,0.85,0.11,0.25,0,2,,,,,,,,,,,,,0.2117647058823529,0.4235294117647058,0.0,0.4235294117647058,,,71.98443579766537,89.49416342412452,52.52918287937744,64.98054474708171,,,,,
428,Haissem Hassan,EGY,Real Oviedo,FW,24,175,2,1,126,1.4,0,1,1,0,0,0,2,0,1,0,0.0,0.71,0.0,0.0,,1,0,,,,,,,,,,,,,0.0,0.7142857142857142,0.7142857142857142,0.0,,,35.40856031128405,94.94163424124513,27.626459143968873,23.151750972762645,,,,,
429,Ahmed Fatouh,EGY,Zamalek SC,DF,28,177,3,3,267,3.0,0,0,0,0,0,0,1,0,1,1,100.0,0.34,0.34,0.0,0.0,5,4,,,,,,,,,,,,,0.0,0.0,1.6853932584269664,1.348314606741573,,,,,,,82.99319727891157,72.78911564625851,,,
430,Hamdy Fathy,EGY,Al Wakrah SC,MF,31,183,4,3,238,2.6,0,0,0,0,0,0,1,0,0,0,,0.0,0.0,,,3,2,,,,,,,,,,,,,0.0,0.0,1.134453781512605,0.7563025210084033,,,,40.569395017793596,11.387900355871885,,60.67615658362989,52.313167259786475,,,
431,Karim Hafez,EGY,Pyramids FC,DF,30,174,3,2,172,1.9,0,1,1,0,0,0,0,0,1,0,0.0,0.52,0.0,0.0,,1,3,,,,,,,,,,,,,0.0,0.5232558139534884,0.5232558139534884,1.569767441860465,,,,,,,41.156462585034014,79.59183673469387,,,
436,Ibrahim Adel,EGY,FC Nordsjælland,FW,25,178,1,0,3,0.0,0,0,0,0,0,0,0,0,0,0,,0.0,0.0,,,0,0,,,,,,,,,,,,,0.0,0.0,0.0,0.0,,,35.40856031128405,38.715953307393,11.478599221789883,23.151750972762645,,,,,
437,Mahmoud Saber,EGY,ZED FC,MF,24,170,2,1,46,0.5,1,0,1,1,0,0,1,0,3,1,33.3,5.87,1.96,0.33,1.0,0,0,,,,,,,,,,,,,1.9565217391304348,0.0,0.0,0.0,,,,40.569395017793596,98.22064056939502,,12.98932384341637,14.23487544483986,,,
438,Omar Marmoush,EGY,Manchester City FC,FW,27,180,5,3,326,3.6,0,0,0,0,0,0,0,0,11,1,9.1,3.04,0.28,0.0,0.0,3,2,,,,,,,,,,,,,0.0,0.0,0.8282208588957056,0.5521472392638037,,,35.40856031128405,38.715953307393,74.5136186770428,47.081712062256805,,,,,
441,Zizo,EGY,Al Ahly FC,FW,30,175,4,0,56,0.6,0,0,0,0,0,0,0,0,3,1,33.3,4.82,1.61,0.0,0.0,1,0,,,,,,,,,,,,,0.0,0.0,1.607142857142857,0.0,,,35.40856031128405,38.715953307393,91.82879377431907,82.49027237354085,,,,,
443,Jordan Pickford,ENG,Everton FC,GK,32,185,7,7,660,7.3,0,0,0,0,0,0,0,0,0,0,,0.0,0.0,,,0,0,8.0,1.09,23.0,15.0,65.2,2.0,28.6,1.0,1.0,0.0,0.0,0.0,0.0,0.0,0.0,0.0,2.0454545454545454,0.2727272727272727,,,,,,,54.71698113207547,35.714285714285715,64.28571428571429
444,Ezri Konsa,ENG,Aston Villa FC,DF,28,180,8,7,647,7.2,1,0,1,1,0,0,0,0,3,2,66.7,0.42,0.28,0.33,0.5,5,8,,,,,,,,,,,,,0.1391035548686244,0.0,0.6955177743431221,1.1128284389489953,,,,,,,46.93877551020408,60.8843537414966,,,
446,Declan Rice,ENG,Arsenal FC,MF,27,185,7,7,557,6.2,1,2,3,1,0,0,2,0,6,3,50.0,0.97,0.48,0.17,0.33,3,5,,,,,,,,,,,,,0.1615798922800718,0.3231597845601436,0.4847396768402154,0.8078994614003591,,,,87.18861209964413,43.77224199288256,,32.74021352313167,54.804270462633454,,,
447,John Stones,ENG,Manchester City FC,DF,32,188,5,3,330,3.7,0,0,0,0,0,0,0,0,1,0,0.0,0.27,0.0,0.0,,0,0,,,,,,,,,,,,,0.0,0.0,0.0,0.0,,,,,,,11.73469387755102,10.034013605442176,,,
448,Marc Guéhi,ENG,Manchester City FC,DF,25,183,8,7,663,7.4,0,0,0,0,0,0,1,0,1,0,0.0,0.14,0.0,0.0,,1,6,,,,,,,,,,,,,0.0,0.0,0.1357466063348416,0.8144796380090499,,,,,,,23.46938775510204,43.197278911564624,,,
449,Bukayo Saka,ENG,Arsenal FC,FW,24,178,7,3,358,4.0,3,3,6,2,1,1,0,0,13,7,53.8,3.27,1.76,0.23,0.43,7,1,,,,,,,,,,,,,0.7541899441340782,0.7541899441340782,1.7597765363128492,0.2513966480446927,,,87.15953307392996,95.3307392996109,77.431906614786,84.63035019455253,,,,,
450,Elliot Anderson,ENG,Nottingham Forest FC,MF,23,179,8,7,632,7.0,0,1,1,0,0,0,1,0,7,1,14.3,1.0,0.14,0.0,0.0,18,8,,,,,,,,,,,,,0.0,0.1424050632911392,2.5632911392405062,1.139240506329114,,,,81.49466192170819,45.55160142348754,,94.66192170818505,64.76868327402136,,,
451,Harry Kane,ENG,FC Bayern München,FW,32,190,7,7,652,7.2,6,1,7,4,2,2,0,0,23,12,52.2,3.17,1.66,0.26,0.5,3,1,,,,,,,,,,,,,0.8282208588957056,0.1380368098159509,0.4141104294478528,0.1380368098159509,,,89.88326848249028,77.431906614786,76.26459143968872,83.65758754863813,,,,,
452,Jude Bellingham,ENG,Real Madrid C. F.,MF,22,183,8,7,614,6.8,7,1,8,7,0,0,1,0,19,13,68.4,2.79,1.91,0.37,0.54,10,3,,,,,,,,,,,,,1.026058631921824,0.1465798045602606,1.4657980456026058,0.4397394136807817,,,,81.85053380782918,88.25622775800713,,74.37722419928826,37.72241992882562,,,
453,Marcus Rashford,ENG,FC Barcelona,FW,28,180,6,3,223,2.5,1,1,2,1,0,0,0,0,12,5,41.7,4.84,2.02,0.08,0.2,2,0,,,,,,,,,,,,,0.4035874439461883,0.4035874439461883,0.8071748878923767,0.0,,,79.37743190661479,88.91050583657587,92.21789883268482,90.85603112840467,,,,,
455,Dean Henderson,ENG,Crystal Palace FC,GK,29,188,1,1,90,1.0,0,0,0,0,0,0,0,0,0,0,,0.0,0.0,,,0,1,4.0,4.0,9.0,5.0,55.6,0.0,0.0,0.0,0.0,0.0,0.0,,0.0,0.0,0.0,1.0,5.0,0.0,,,,,,,34.90566037735849,91.07142857142857,26.785714285714285
456,Jordan Henderson,ENG,Brentford FC,MF,35,183,1,0,7,0.1,0,0,0,0,0,0,1,0,0,0,,0.0,0.0,,,1,0,,,,,,,,,,,,,0.0,0.0,12.857142857142856,0.0,,,,40.569395017793596,11.387900355871885,,100.0,14.23487544483986,,,
457,Dan Burn,ENG,Newcastle United FC,DF,34,201,3,0,35,0.4,0,0,0,0,0,0,0,0,0,0,,0.0,0.0,,,0,0,,,,,,,,,,,,,0.0,0.0,0.0,0.0,,,,,,,11.73469387755102,10.034013605442176,,,
459,Morgan Rogers,ENG,Aston Villa FC,MF,23,187,7,3,339,3.8,0,1,1,0,0,0,0,0,3,1,33.3,0.8,0.27,0.0,0.0,3,0,,,,,,,,,,,,,0.0,0.2654867256637168,0.7964601769911505,0.0,,,,85.76512455516014,38.07829181494662,,46.619217081850536,14.23487544483986,,,
460,Anthony Gordon,ENG,Newcastle United FC,FW,25,182,6,5,396,4.4,1,3,4,1,0,0,0,0,6,4,66.7,1.36,0.91,0.17,0.25,3,3,,,,,,,,,,,,,0.2272727272727273,0.6818181818181819,0.6818181818181819,0.6818181818181819,,,72.76264591439688,94.16342412451361,37.35408560311284,66.73151750972762,,,,,
461,Ollie Watkins,ENG,Aston Villa FC,FW,30,180,2,0,52,0.6,0,0,0,0,0,0,0,0,1,0,0.0,1.73,0.0,0.0,,1,0,,,,,,,,,,,,,0.0,0.0,1.7307692307692308,0.0,,,35.40856031128405,38.715953307393,47.66536964980545,23.151750972762645,,,,,
462,Noni Madueke,ENG,Arsenal FC,FW,24,182,5,4,286,3.2,0,0,0,0,0,0,0,0,6,1,16.7,1.89,0.31,0.0,0.0,4,2,,,,,,,,,,,,,0.0,0.0,1.2587412587412588,0.6293706293706294,,,35.40856031128405,38.715953307393,51.55642023346303,47.85992217898833,,,,,
463,Eberechi Eze,ENG,Arsenal FC,MF,27,178,5,1,211,2.3,0,1,1,0,0,0,0,0,5,0,0.0,2.13,0.0,0.0,,0,0,,,,,,,,,,,,,0.0,0.4265402843601896,0.0,0.0,,,,92.52669039145907,80.2491103202847,,12.98932384341637,14.23487544483986,,,
464,Ivan Toney,ENG,Al Ahli FC,FW,30,185,2,1,79,0.9,0,0,0,0,0,0,0,0,2,1,50.0,2.28,1.14,0.0,0.0,0,0,,,,,,,,,,,,,0.0,0.0,0.0,0.0,,,35.40856031128405,38.715953307393,60.505836575875485,70.42801556420234,,,,,
466,Reece James,ENG,Chelsea FC,DF,26,180,5,3,319,3.5,0,0,0,0,0,0,0,0,1,0,0.0,0.28,0.0,0.0,,3,3,,,,,,,,,,,,,0.0,0.0,0.8463949843260189,0.8463949843260189,,,,,,,53.74149659863946,45.23809523809524,,,
467,Djed Spence,ENG,Tottenham Hotspur FC,DF,25,184,8,4,404,4.5,0,0,0,0,0,0,0,0,2,2,100.0,0.45,0.45,0.0,0.0,10,5,,,,,,,,,,,,,0.0,0.0,2.227722772277228,1.113861386138614,,,,,,,93.19727891156462,61.224489795918366,,,
468,Jarell Quansah,ENG,Bayer 04 Leverkusen,DF,23,190,3,3,197,2.2,0,0,0,0,0,0,1,1,0,0,,0.0,0.0,,,0,0,,,,,,,,,,,,,0.0,0.0,0.0,0.0,,,,,,,11.73469387755102,10.034013605442176,,,
470,Malo Gusto,FRA,Chelsea FC,DF,23,179,5,1,121,1.3,0,0,0,0,0,0,0,0,0,0,,0.0,0.0,,,3,2,,,,,,,,,,,,,0.0,0.0,2.231404958677686,1.487603305785124,,,,,,,93.5374149659864,76.19047619047619,,,
471,Lucas Digne,FRA,Aston Villa FC,DF,32,178,6,5,463,5.1,0,0,0,0,0,0,0,0,2,1,50.0,0.39,0.19,0.0,0.0,3,2,,,,,,,,,,,,,0.0,0.0,0.5831533477321814,0.3887688984881209,,,,,,,42.857142857142854,24.829931972789115,,,
472,Dayot Upamecano,FRA,FC Bayern München,DF,27,186,8,7,660,7.3,0,1,1,0,0,0,0,0,4,2,50.0,0.55,0.27,0.0,0.0,12,15,,,,,,,,,,,,,0.0,0.1363636363636363,1.6363636363636362,2.0454545454545454,,,,,,,81.63265306122449,90.47619047619048,,,
473,Jules Koundé,FRA,FC Barcelona,DF,27,178,8,7,599,6.7,0,0,0,0,0,0,0,0,2,0,0.0,0.3,0.0,0.0,,8,3,,,,,,,,,,,,,0.0,0.0,1.2020033388981637,0.4507512520868113,,,,,,,70.40816326530613,27.2108843537415,,,
474,Manu Koné,FRA,AS Roma,MF,25,185,5,4,385,4.3,0,0,0,0,0,0,1,0,6,2,33.3,1.4,0.47,0.0,0.0,5,3,,,,,,,,,,,,,0.0,0.0,1.168831168831169,0.7012987012987013,,,,40.569395017793596,59.430604982206404,,62.63345195729537,48.39857651245551,,,
475,Ousmane Dembélé,FRA,Paris Saint-Germain,FW,29,179,8,7,592,6.6,6,2,8,6,0,0,0,0,20,10,50.0,3.04,1.52,0.3,0.6,2,0,,,,,,,,,,,,,0.9121621621621622,0.304054054054054,0.304054054054054,0.0,,,92.21789883268482,84.43579766536965,74.5136186770428,80.93385214007782,,,,,
476,Aurélien Tchouaméni,FRA,Real Madrid C. F.,MF,26,188,4,4,360,4.0,0,1,1,0,0,0,1,0,3,0,0.0,0.75,0.0,0.0,,14,6,,,,,,,,,,,,,0.0,0.25,3.5,1.5,,,,84.34163701067615,36.654804270462634,,97.86476868327402,75.80071174377224,,,
477,Marcus Thuram,FRA,FC Internazionale Milano,FW,28,192,1,0,1,0.0,0,0,0,0,0,0,0,0,0,0,,0.0,0.0,,,0,0,,,,,,,,,,,,,0.0,0.0,0.0,0.0,,,35.40856031128405,38.715953307393,11.478599221789883,23.151750972762645,,,,,
478,Kylian Mbappé,FRA,Real Madrid C. F.,FW,27,180,8,8,695,7.7,10,4,14,9,1,2,1,0,41,23,56.1,5.31,2.98,0.24,0.43,1,0,,,,,,,,,,,,,1.2949640287769786,0.5179856115107914,0.1294964028776978,0.0,,,97.66536964980544,91.82879377431907,94.94163424124513,96.88715953307393,,,,,
479,Michael Olise,FRA,FC Bayern München,FW,24,184,8,8,646,7.2,0,7,7,0,0,0,1,0,20,5,25.0,2.79,0.7,0.0,0.0,8,3,,,,,,,,,,,,,0.0,0.9752321981424148,1.1145510835913313,0.4179566563467492,,,35.40856031128405,97.27626459143968,69.8443579766537,59.53307392996109,,,,,
480,Bradley Barcola,FRA,Paris Saint-Germain,FW,23,187,8,4,384,4.3,3,1,4,3,0,0,1,0,10,5,50.0,2.34,1.17,0.3,0.6,4,1,,,,,,,,,,,,,0.703125,0.234375,0.9375,0.234375,,,85.21400778210116,79.76653696498055,62.64591439688716,72.568093385214,,,,,
482,Adrien Rabiot,FRA,AC Milan,MF,31,191,7,7,585,6.5,0,1,1,0,0,0,1,0,9,1,11.1,1.38,0.15,0.0,0.0,7,11,,,,,,,,,,,,,0.0,0.1538461538461538,1.076923076923077,1.6923076923076923,,,,82.20640569395017,58.89679715302491,,59.07473309608541,82.20640569395017,,,
483,Ibrahima Konaté,FRA,Liverpool FC,DF,27,194,2,1,60,0.7,0,0,0,0,0,0,0,0,0,0,,0.0,0.0,,,0,3,,,,,,,,,,,,,0.0,0.0,0.0,4.5,,,,,,,11.73469387755102,98.63945578231292,,,
484,Mike Maignan,FRA,AC Milan,GK,30,191,8,8,720,8.0,0,0,0,0,0,0,0,0,0,0,,0.0,0.0,,,0,0,10.0,1.25,22.0,12.0,54.5,4.0,50.0,3.0,2.0,1.0,0.0,33.3,0.0,0.0,0.0,0.0,1.5,0.5,,,,,,,31.132075471698112,23.214285714285715,89.28571428571429
485,William Saliba,FRA,Arsenal FC,DF,25,192,6,6,479,5.3,0,0,0,0,0,0,0,0,1,0,0.0,0.19,0.0,0.0,,0,6,,,,,,,,,,,,,0.0,0.0,0.0,1.1273486430062631,,,,,,,11.73469387755102,63.26530612244898,,,
486,Warren Zaïre-Emery,FRA,Paris Saint-Germain,MF,20,176,2,1,110,1.2,0,0,0,0,0,0,0,0,1,0,0.0,0.82,0.0,0.0,,0,1,,,,,,,,,,,,,0.0,0.0,0.0,0.8181818181818181,,,,40.569395017793596,38.79003558718861,,12.98932384341637,55.16014234875445,,,
487,Theo Hernández,FRA,Al Hilal SC,DF,28,184,5,3,257,2.9,0,0,0,0,0,0,0,0,3,0,0.0,1.05,0.0,0.0,,1,3,,,,,,,,,,,,,0.0,0.0,0.3501945525291828,1.050583657587549,,,,,,,30.952380952380953,59.523809523809526,,,
488,Désiré Doué,FRA,Paris Saint-Germain,FW,21,182,8,4,400,4.4,1,1,2,1,0,0,0,0,13,8,61.5,2.93,1.8,0.08,0.13,6,2,,,,,,,,,,,,,0.225,0.225,1.35,0.45,,,72.37354085603113,79.37743190661479,71.20622568093385,86.18677042801556,,,,,
490,Jean-Philippe Mateta,FRA,Crystal Palace FC,FW,28,192,3,0,24,0.3,0,0,0,0,0,0,0,0,3,1,33.3,11.25,3.75,0.0,0.0,0,0,,,,,,,,,,,,,0.0,0.0,0.0,0.0,,,35.40856031128405,38.715953307393,99.61089494163424,98.44357976653697,,,,,
492,Rayan Cherki,FRA,Manchester City FC,MF,22,180,7,1,130,1.4,0,0,0,0,0,0,0,0,1,1,100.0,0.69,0.69,0.0,0.0,1,1,,,,,,,,,,,,,0.0,0.0,0.6923076923076923,0.6923076923076923,,,,40.569395017793596,34.519572953736656,,41.281138790035584,47.686832740213525,,,
493,Maghnes Akliouche,FRA,AS Monaco,MF,24,183,1,0,8,0.1,0,0,0,0,0,0,0,0,0,0,,0.0,0.0,,,0,0,,,,,,,,,,,,,0.0,0.0,0.0,0.0,,,,40.569395017793596,11.387900355871885,,12.98932384341637,14.23487544483986,,,
494,Maxence Lacroix,FRA,Crystal Palace FC,DF,26,192,3,2,241,2.7,0,0,0,0,0,0,0,0,0,0,,0.0,0.0,,,2,3,,,,,,,,,,,,,0.0,0.0,0.7468879668049793,1.120331950207469,,,,,,,48.97959183673469,61.904761904761905,,,
495,Manuel Neuer,GER,FC Bayern München,GK,40,193,4,4,390,4.3,0,0,0,0,0,0,0,0,0,0,,0.0,0.0,,,0,0,5.0,1.15,10.0,5.0,50.0,0.0,0.0,0.0,0.0,0.0,0.0,,0.0,0.0,0.0,0.0,1.1538461538461535,0.0,,,,,,,22.641509433962266,17.857142857142858,26.785714285714285
497,Waldemar Anton,GER,Borussia Dortmund,DF,29,189,2,0,50,0.6,0,0,0,0,0,0,0,0,1,1,100.0,1.8,1.8,0.0,0.0,1,2,,,,,,,,,,,,,0.0,0.0,1.8,3.6,,,,,,,85.37414965986395,97.95918367346938,,,
498,Jonathan Tah,GER,FC Bayern München,DF,30,195,4,4,372,4.1,0,0,0,0,0,0,0,0,1,1,100.0,0.24,0.24,0.0,0.0,3,1,,,,,,,,,,,,,0.0,0.0,0.7258064516129032,0.2419354838709677,,,,,,,47.95918367346938,20.408163265306122,,,
499,Aleksandar Pavlovic,GER,FC Bayern München,MF,22,188,4,4,272,3.0,0,0,0,0,0,0,1,0,4,1,25.0,1.32,0.33,0.0,0.0,3,2,,,,,,,,,,,,,0.0,0.0,0.9926470588235294,0.6617647058823529,,,,40.569395017793596,56.93950177935944,,53.736654804270465,45.90747330960854,,,
500,Joshua Kimmich,GER,FC Bayern München,DF,31,177,4,4,351,3.9,0,2,2,0,0,0,0,0,5,1,20.0,1.28,0.26,0.0,0.0,4,4,,,,,,,,,,,,,0.0,0.5128205128205129,1.0256410256410258,1.0256410256410258,,,,,,,63.26530612244898,57.14285714285714,,,
501,Kai Havertz,GER,Arsenal FC,FW,27,190,4,4,353,3.9,3,0,3,2,1,1,1,0,12,7,58.3,3.06,1.78,0.25,0.43,2,1,,,,,,,,,,,,,0.764872521246459,0.0,0.509915014164306,0.254957507082153,,,87.54863813229572,38.715953307393,75.09727626459144,85.60311284046692,,,,,
502,Leon Goretzka,GER,FC Bayern München,MF,31,189,3,0,99,1.1,0,0,0,0,0,0,0,0,2,0,0.0,1.82,0.0,0.0,,1,1,,,,,,,,,,,,,0.0,0.0,0.9090909090909092,0.9090909090909092,,,,40.569395017793596,72.24199288256227,,50.88967971530249,57.11743772241993,,,
503,Jamie Leweling,GER,VfB Stuttgart,MF,25,185,1,0,31,0.3,0,0,0,0,0,0,0,0,1,0,0.0,2.9,0.0,0.0,,0,0,,,,,,,,,,,,,0.0,0.0,0.0,0.0,,,,40.569395017793596,89.5017793594306,,12.98932384341637,14.23487544483986,,,
504,Jamal Musiala,GER,FC Bayern München,MF,23,180,4,3,270,3.0,1,0,1,1,0,0,1,0,6,1,16.7,2.0,0.33,0.17,1.0,5,1,,,,,,,,,,,,,0.3333333333333333,0.0,1.6666666666666663,0.3333333333333333,,,,40.569395017793596,75.80071174377224,,79.8932384341637,33.27402135231316,,,
505,Nick Woltemade,GER,Newcastle United FC,FW,24,198,1,0,33,0.4,0,0,0,0,0,0,0,0,2,0,0.0,5.45,0.0,0.0,,1,0,,,,,,,,,,,,,0.0,0.0,2.7272727272727275,0.0,,,35.40856031128405,38.715953307393,95.3307392996109,23.151750972762645,,,,,
508,Maximilian Beier,GER,Borussia Dortmund,FW,23,185,1,0,27,0.3,0,0,0,0,0,0,0,0,0,0,,0.0,0.0,,,0,0,,,,,,,,,,,,,0.0,0.0,0.0,0.0,,,35.40856031128405,38.715953307393,11.478599221789883,23.151750972762645,,,,,
509,Nico Schlotterbeck,GER,Borussia Dortmund,DF,26,191,2,2,135,1.5,1,0,1,1,0,0,0,0,2,2,100.0,1.33,1.33,0.5,0.5,2,3,,,,,,,,,,,,,0.6666666666666667,0.0,1.3333333333333337,2.0,,,,,,,75.51020408163265,88.60544217687075,,,
510,Angelo Stiller,GER,VfB Stuttgart,MF,25,183,1,0,45,0.5,0,0,0,0,0,0,0,0,0,0,,0.0,0.0,,,1,1,,,,,,,,,,,,,0.0,0.0,2.0,2.0,,,,40.569395017793596,11.387900355871885,,87.36654804270462,88.43416370106762,,,
511,Florian Wirtz,GER,Liverpool FC,MF,23,176,4,4,361,4.0,0,3,3,0,0,0,0,0,10,1,10.0,2.49,0.25,0.0,0.0,6,2,,,,,,,,,,,,,0.0,0.7479224376731303,1.4958448753462603,0.4986149584487535,,,,97.50889679715303,84.51957295373666,,75.08896797153025,39.8576512455516,,,
512,Nathaniel Brown,GER,Eintracht Frankfurt,DF,22,176,3,3,282,3.1,1,1,2,1,0,0,0,0,3,2,66.7,0.96,0.64,0.33,0.5,6,2,,,,,,,,,,,,,0.3191489361702128,0.3191489361702128,1.9148936170212765,0.6382978723404256,,,,,,,87.41496598639455,37.07482993197279,,,
513,Leroy Sané,GER,Galatasaray SK,MF,30,183,4,4,326,3.6,1,0,1,1,0,0,0,0,6,2,33.3,1.66,0.55,0.17,0.5,3,2,,,,,,,,,,,,,0.2760736196319018,0.0,0.8282208588957056,0.5521472392638037,,,,40.569395017793596,67.43772241992883,,48.04270462633452,42.34875444839858,,,
514,Nadiem Amiri,GER,1. FSV Mainz 05,MF,29,178,2,0,42,0.5,0,1,1,0,0,0,0,0,2,1,50.0,4.29,2.14,0.0,0.0,1,0,,,,,,,,,,,,,0.0,2.142857142857143,2.142857142857143,0.0,,,,100.0,94.83985765124555,,88.25622775800713,14.23487544483986,,,
516,David Raum,GER,RB Leipzig,DF,28,180,2,1,108,1.2,0,0,0,0,0,0,0,0,1,1,100.0,0.83,0.83,0.0,0.0,1,1,,,,,,,,,,,,,0.0,0.0,0.8333333333333333,0.8333333333333333,,,,,,,53.40136054421769,44.5578231292517,,,
517,Felix Nmecha,GER,Borussia Dortmund,MF,25,190,4,4,270,3.0,1,1,2,1,0,0,0,0,8,3,37.5,2.67,1.0,0.13,0.33,9,2,,,,,,,,,,,,,0.3333333333333333,0.3333333333333333,3.0,0.6666666666666667,,,,88.25622775800713,87.01067615658363,,96.44128113879003,46.44128113879004,,,
518,Malick Thiaw,GER,Newcastle United FC,DF,24,194,2,0,42,0.5,0,0,0,0,0,0,0,0,0,0,,0.0,0.0,,,2,0,,,,,,,,,,,,,0.0,0.0,4.285714285714286,0.0,,,,,,,98.46938775510205,10.034013605442176,,,
520,Deniz Undav,GER,VfB Stuttgart,FW,29,179,4,1,151,1.7,3,2,5,3,0,0,0,0,6,4,66.7,3.58,2.38,0.5,0.75,0,0,,,,,,,,,,,,,1.7880794701986755,1.1920529801324504,0.0,0.0,,,98.83268482490273,98.44357976653697,81.1284046692607,94.55252918287937,,,,,
522,Alidu Seidu,GHA,Stade Rennais FC,DF,26,173,1,0,78,0.9,0,0,0,0,0,0,1,0,0,0,,0.0,0.0,,,1,1,,,,,,,,,,,,,0.0,0.0,1.1538461538461535,1.1538461538461535,,,,,,,68.87755102040816,64.1156462585034,,,
523,Caleb Yirenkyi,GHA,FC Nordsjælland,MF,20,182,4,3,264,2.9,1,0,1,1,0,0,2,0,2,1,50.0,0.68,0.34,0.5,1.0,1,3,,,,,,,,,,,,,0.3409090909090909,0.0,0.3409090909090909,1.0227272727272727,,,,40.569395017793596,33.629893238434164,,28.46975088967972,61.92170818505338,,,
524,Jonas Adjetey,GHA,VfL Wolfsburg,DF,22,188,3,3,225,2.5,0,0,0,0,0,0,0,0,2,1,50.0,0.8,0.4,0.0,0.0,3,1,,,,,,,,,,,,,0.0,0.0,1.2000000000000002,0.4,,,,,,,70.06802721088435,25.34013605442177,,,
525,Thomas Partey,GHA,Villarreal CF,MF,32,185,3,3,270,3.0,0,0,0,0,0,0,0,0,2,0,0.0,0.67,0.0,0.0,,4,6,,,,,,,,,,,,,0.0,0.0,1.3333333333333337,2.0,,,,40.569395017793596,32.91814946619217,,68.50533807829181,88.43416370106762,,,
528,Kwasi Sibo,GHA,Real Oviedo,MF,27,183,4,3,248,2.8,0,0,0,0,0,0,0,0,0,0,,0.0,0.0,,,0,2,,,,,,,,,,,,,0.0,0.0,0.0,0.7258064516129032,,,,40.569395017793596,11.387900355871885,,12.98932384341637,50.0,,,
529,Jordan Ayew,GHA,Leicester City FC,FW,34,182,4,4,300,3.3,0,0,0,0,0,0,0,0,0,0,,0.0,0.0,,,3,1,,,,,,,,,,,,,0.0,0.0,0.9,0.3,,,35.40856031128405,38.715953307393,11.478599221789883,23.151750972762645,,,,,
530,Brandon Thomas-Asante,GHA,Coventry City FC,FW,27,182,2,0,53,0.6,0,0,0,0,0,0,0,0,1,0,0.0,1.7,0.0,0.0,,0,0,,,,,,,,,,,,,0.0,0.0,0.0,0.0,,,35.40856031128405,38.715953307393,46.88715953307393,23.151750972762645,,,,,
531,Antoine Semenyo,GHA,Manchester City FC,MF,26,185,4,4,360,4.0,0,0,0,0,0,0,0,0,6,0,0.0,1.5,0.0,0.0,,2,0,,,,,,,,,,,,,0.0,0.0,0.5,0.0,,,,40.569395017793596,63.52313167259786,,34.16370106761566,14.23487544483986,,,
534,Gideon Mensah,GHA,AJ Auxerre,DF,27,178,4,4,360,4.0,0,0,0,0,0,0,0,0,0,0,,0.0,0.0,,,5,8,,,,,,,,,,,,,0.0,0.0,1.25,2.0,,,,,,,72.95918367346938,88.60544217687075,,,
535,Elisha Owusu,GHA,AJ Auxerre,MF,28,182,3,2,151,1.7,0,0,0,0,0,0,0,0,0,0,,0.0,0.0,,,3,0,,,,,,,,,,,,,0.0,0.0,1.7880794701986755,0.0,,,,40.569395017793596,11.387900355871885,,82.91814946619218,14.23487544483986,,,
536,Benjamin Asare,GHA,Hearts Of Oak SC,GK,33,188,3,2,225,2.5,0,0,0,0,0,0,0,0,0,0,,0.0,0.0,,,0,0,2.0,0.8,10.0,8.0,80.0,2.0,100.0,0.0,0.0,0.0,0.0,,0.0,0.0,0.0,0.0,3.2,0.8,,,,,,,90.56603773584906,67.85714285714286,94.64285714285714
538,Jerome Opoku,GHA,Başakşehir FK,DF,27,197,3,3,270,3.0,0,0,0,0,0,0,0,0,0,0,,0.0,0.0,,,2,1,,,,,,,,,,,,,0.0,0.0,0.6666666666666667,0.3333333333333333,,,,,,,45.06802721088435,22.61904761904762,,,
539,Iñaki Williams,GHA,Athletic Club,FW,31,186,2,2,126,1.4,0,0,0,0,0,0,1,0,3,0,0.0,2.14,0.0,0.0,,0,1,,,,,,,,,,,,,0.0,0.0,0.0,0.7142857142857142,,,35.40856031128405,38.715953307393,58.754863813229576,23.151750972762645,,,,,
542,Kamaldeen Sulemana,GHA,Atalanta Bergamo,FW,24,174,2,2,127,1.4,0,0,0,0,0,0,0,0,1,0,0.0,0.71,0.0,0.0,,2,1,,,,,,,,,,,,,0.0,0.0,1.4173228346456692,0.7086614173228346,,,35.40856031128405,38.715953307393,27.626459143968873,23.151750972762645,,,,,
543,Derrick Luckassen,GHA,Pafos FC,DF,30,188,2,2,180,2.0,1,0,1,1,0,0,0,0,1,1,100.0,0.5,0.5,1.0,1.0,1,0,,,,,,,,,,,,,0.5,0.0,0.5,0.0,,,,,,,38.775510204081634,10.034013605442176,,,
544,Ernest Nuamah,GHA,Olympique Lyonnais,FW,22,178,3,1,89,1.0,0,1,1,0,0,0,0,0,0,0,,0.0,0.0,,,1,0,,,,,,,,,,,,,0.0,1.0112359550561798,1.0112359550561798,0.0,,,35.40856031128405,97.66536964980544,11.478599221789883,23.151750972762645,,,,,
546,Marvin Senaya,GHA,AJ Auxerre,DF,25,181,4,4,278,3.1,0,0,0,0,0,0,0,0,2,0,0.0,0.65,0.0,0.0,,12,6,,,,,,,,,,,,,0.0,0.0,3.884892086330936,1.942446043165468,,,,,,,97.27891156462584,86.73469387755102,,,
547,Johny Placide,HAI,SC Bastia,GK,38,181,3,3,270,3.0,0,0,0,0,0,0,1,0,0,0,,0.0,0.0,,,0,0,8.0,2.67,19.0,11.0,57.9,0.0,0.0,0.0,0.0,0.0,0.0,,0.0,0.0,0.0,0.0,3.666666666666667,0.0,,,,,,,43.39622641509434,75.89285714285714,26.785714285714285
548,Carlens Arcus,HAI,Angers SCO,DF,29,180,3,2,146,1.6,0,0,0,0,0,0,1,0,0,0,,0.0,0.0,,,3,3,,,,,,,,,,,,,0.0,0.0,1.8493150684931503,1.8493150684931503,,,,,,,86.39455782312925,85.71428571428571,,,
550,Ricardo Adé,HAI,LDU Quito,DF,36,190,3,3,270,3.0,0,0,0,0,0,0,0,0,4,1,25.0,1.33,0.33,0.0,0.0,2,5,,,,,,,,,,,,,0.0,0.0,0.6666666666666667,1.6666666666666663,,,,,,,45.06802721088435,82.31292517006803,,,
551,Hannes Delcroix,HAI,FC Lugano,DF,27,183,3,3,270,3.0,0,0,0,0,0,0,0,0,0,0,,0.0,0.0,,,3,4,,,,,,,,,,,,,0.0,0.0,1.0,1.3333333333333337,,,,,,,58.673469387755105,71.08843537414967,,,
553,Derrick Etienne,HAI,Toronto FC,FW,29,178,1,0,10,0.1,0,0,0,0,0,0,0,0,0,0,,0.0,0.0,,,0,0,,,,,,,,,,,,,0.0,0.0,0.0,0.0,,,35.40856031128405,38.715953307393,11.478599221789883,23.151750972762645,,,,,
554,Martin Expérience,HAI,AS Nancy,DF,27,178,3,3,270,3.0,0,0,0,0,0,0,0,0,1,0,0.0,0.33,0.0,0.0,,6,4,,,,,,,,,,,,,0.0,0.0,2.0,1.3333333333333337,,,,,,,89.28571428571429,71.08843537414967,,,
555,Duckens Nazon,HAI,Esteghlal Tehran FC,FW,32,181,1,0,24,0.3,0,0,0,0,0,0,1,0,1,1,100.0,3.75,3.75,0.0,0.0,0,0,,,,,,,,,,,,,0.0,0.0,0.0,0.0,,,35.40856031128405,38.715953307393,82.68482490272373,98.44357976653697,,,,,
556,Jean-Ricner Bellegarde,HAI,Wolverhampton Wanderers FC,MF,27,170,3,3,260,2.9,0,0,0,0,0,0,1,0,6,0,0.0,2.08,0.0,0.0,,2,3,,,,,,,,,,,,,0.0,0.0,0.6923076923076923,1.0384615384615383,,,,40.569395017793596,78.46975088967972,,41.281138790035584,62.27758007117438,,,
557,Louicius Deedson,HAI,FC Dallas,FW,25,178,3,1,112,1.2,0,0,0,0,0,0,0,0,2,0,0.0,1.61,0.0,0.0,,0,1,,,,,,,,,,,,,0.0,0.0,0.0,0.8035714285714285,,,35.40856031128405,38.715953307393,43.3852140077821,23.151750972762645,,,,,
561,Ruben Providence,HAI,Almere City FC,FW,24,178,3,3,220,2.4,0,0,0,0,0,0,0,0,4,1,25.0,1.64,0.41,0.0,0.0,2,0,,,,,,,,,,,,,0.0,0.0,0.8181818181818181,0.0,,,35.40856031128405,38.715953307393,44.94163424124514,50.583657587548636,,,,,
562,Lenny Joseph,HAI,Ferencvárosi TC,FW,25,182,3,1,117,1.3,0,0,0,0,0,0,0,0,2,0,0.0,1.54,0.0,0.0,,0,0,,,,,,,,,,,,,0.0,0.0,0.0,0.0,,,35.40856031128405,38.715953307393,41.43968871595331,23.151750972762645,,,,,
564,Wilson Isidor,HAI,Sunderland AFC,FW,25,184,3,2,186,2.1,1,0,1,1,0,0,0,0,5,2,40.0,2.42,0.97,0.2,0.5,1,1,,,,,,,,,,,,,0.4838709677419355,0.0,0.4838709677419355,0.4838709677419355,,,80.54474708171206,38.715953307393,65.36964980544747,67.50972762645915,,,,,
565,Yassin Fortuné,HAI,FC Vizela,FW,27,186,1,0,6,0.1,0,0,0,0,0,0,0,0,0,0,,0.0,0.0,,,0,0,,,,,,,,,,,,,0.0,0.0,0.0,0.0,,,35.40856031128405,38.715953307393,11.478599221789883,23.151750972762645,,,,,
566,Frantzdy Pierrot,HAI,Çaykur Rizespor,FW,31,194,3,2,143,1.6,0,0,0,0,0,0,1,0,3,1,33.3,1.89,0.63,0.0,0.0,0,0,,,,,,,,,,,,,0.0,0.0,0.0,0.0,,,35.40856031128405,38.715953307393,51.55642023346303,57.003891050583654,,,,,
567,Josué Casimir,HAI,AJ Auxerre,FW,24,178,3,2,182,2.0,0,0,0,0,0,0,1,0,1,0,0.0,0.49,0.0,0.0,,0,0,,,,,,,,,,,,,0.0,0.0,0.0,0.0,,,35.40856031128405,38.715953307393,24.5136186770428,23.151750972762645,,,,,
568,Jean-Kevin Duverne,HAI,KAA Gent,DF,28,184,2,2,169,1.9,0,1,1,0,0,0,0,0,1,0,0.0,0.53,0.0,0.0,,2,4,,,,,,,,,,,,,0.0,0.5325443786982248,1.0650887573964496,2.130177514792899,,,,,,,65.98639455782312,92.51700680272108,,,
571,Dominique Simon,HAI,FC Tatran Prešov,MF,25,178,2,0,56,0.6,0,0,0,0,0,0,0,0,1,1,100.0,1.61,1.61,0.0,0.0,1,1,,,,,,,,,,,,,0.0,0.0,1.607142857142857,1.607142857142857,,,,40.569395017793596,66.01423487544484,,78.64768683274022,79.35943060498221,,,
573,Alireza Beiranvand,IRN,Tractor Sazi Tabriz FC,GK,33,195,3,3,270,3.0,0,0,0,0,0,0,0,0,0,0,,0.0,0.0,,,0,0,3.0,1.0,18.0,15.0,83.3,1.0,33.3,0.0,0.0,0.0,0.0,,0.0,0.0,0.0,0.0,5.0,0.3333333333333333,,,,,,,94.33962264150944,91.07142857142857,71.42857142857143
574,Saleh Hardani,IRN,Esteghlal Tehran FC,DF,27,176,2,1,90,1.0,0,0,0,0,0,0,0,0,0,0,,0.0,0.0,,,2,2,,,,,,,,,,,,,0.0,0.0,2.0,2.0,,,,,,,89.28571428571429,88.60544217687075,,,
577,Milad Mohammadi,IRN,Persepolis FC,DF,32,175,3,2,205,2.3,0,0,0,0,0,0,0,0,1,1,100.0,0.44,0.44,0.0,0.0,4,2,,,,,,,,,,,,,0.0,0.0,1.7560975609756098,0.8780487804878049,,,,,,,84.01360544217688,46.59863945578231,,,
578,Saeid Ezatolahi,IRN,Shabab Al Ahli Club,MF,29,189,3,3,264,2.9,0,0,0,0,0,0,2,0,6,2,33.3,2.05,0.68,0.0,0.0,5,7,,,,,,,,,,,,,0.0,0.0,1.7045454545454546,2.386363636363636,,,,40.569395017793596,77.58007117437722,,81.31672597864768,93.95017793594306,,,
579,Alireza Jahanbakhsh,IRN,FCV Dender EH,MF,32,180,2,0,46,0.5,0,0,0,0,0,0,0,0,1,0,0.0,1.96,0.0,0.0,,1,0,,,,,,,,,,,,,0.0,0.0,1.9565217391304348,0.0,,,,40.569395017793596,74.73309608540926,,85.58718861209964,14.23487544483986,,,
581,Mehdi Taremi,IRN,Olympiacos FC,FW,33,187,3,3,259,2.9,0,0,0,0,0,1,0,0,5,2,40.0,1.74,0.69,0.0,0.0,2,2,,,,,,,,,,,,,0.0,0.0,0.694980694980695,0.694980694980695,,,35.40856031128405,38.715953307393,48.44357976653696,58.5603112840467,,,,,
582,Mehdi Ghayedi,IRN,Al Nasr SC,FW,27,166,1,0,45,0.5,0,0,0,0,0,0,0,0,1,0,0.0,2.0,0.0,0.0,,0,0,,,,,,,,,,,,,0.0,0.0,0.0,0.0,,,35.40856031128405,38.715953307393,54.474708171206224,23.151750972762645,,,,,
583,Ali Alipour,IRN,Persepolis FC,FW,30,181,1,0,38,0.4,0,0,0,0,0,0,0,0,1,0,0.0,2.37,0.0,0.0,,1,1,,,,,,,,,,,,,0.0,0.0,2.3684210526315788,2.3684210526315788,,,35.40856031128405,38.715953307393,63.81322957198443,23.151750972762645,,,,,
586,Saman Ghoddos,IRN,Al Ittihad Kalba SCC,MF,32,176,3,3,208,2.3,0,0,0,0,0,0,0,0,4,0,0.0,1.73,0.0,0.0,,4,5,,,,,,,,,,,,,0.0,0.0,1.7307692307692308,2.1634615384615388,,,,40.569395017793596,69.7508896797153,,81.85053380782918,91.45907473309609,,,
588,Mehdi Torabi,IRN,Tractor Sazi Tabriz FC,MF,31,185,1,0,25,0.3,0,0,0,0,0,0,0,0,0,0,,0.0,0.0,,,0,1,,,,,,,,,,,,,0.0,0.0,0.0,3.6,,,,40.569395017793596,11.387900355871885,,12.98932384341637,96.97508896797153,,,
590,Amirhossein Hosseinzadeh,IRN,Tractor Sazi Tabriz FC,FW,25,178,2,0,17,0.2,0,0,0,0,0,0,0,0,1,0,0.0,5.29,0.0,0.0,,2,0,,,,,,,,,,,,,0.0,0.0,10.588235294117649,0.0,,,35.40856031128405,38.715953307393,94.3579766536965,23.151750972762645,,,,,
591,Ali Nemati,IRN,Foolad Khuzestan FC,DF,30,182,3,3,270,3.0,0,0,0,0,0,0,1,0,1,0,0.0,0.33,0.0,0.0,,2,0,,,,,,,,,,,,,0.0,0.0,0.6666666666666667,0.0,,,,,,,45.06802721088435,10.034013605442176,,,
593,Mohammad Ghorbani,IRN,Al Wahda SC,MF,24,190,1,1,90,1.0,0,0,0,0,0,0,0,0,2,1,50.0,2.0,1.0,0.0,0.0,2,2,,,,,,,,,,,,,0.0,0.0,2.0,2.0,,,,40.569395017793596,75.80071174377224,,87.36654804270462,88.43416370106762,,,
595,Ramin Rezaeian,IRN,Foolad Khuzestan FC,DF,36,184,3,3,270,3.0,2,1,3,2,0,0,0,0,4,2,50.0,1.33,0.67,0.5,1.0,5,2,,,,,,,,,,,,,0.6666666666666667,0.3333333333333333,1.6666666666666663,0.6666666666666667,,,,,,,82.6530612244898,38.265306122448976,,,
600,Rebin Sulaka,IRQ,Port FC,DF,34,193,2,1,43,0.5,0,0,0,0,0,0,0,1,1,0,0.0,2.09,0.0,0.0,,0,1,,,,,,,,,,,,,0.0,0.0,0.0,2.0930232558139537,,,,,,,11.73469387755102,91.3265306122449,,,
601,Hussein Ali,IRQ,Pogoń Szczecin,DF,24,182,2,2,162,1.8,0,0,0,0,0,0,0,0,1,0,0.0,0.56,0.0,0.0,,2,2,,,,,,,,,,,,,0.0,0.0,1.1111111111111112,1.1111111111111112,,,,,,,67.68707482993197,60.544217687074834,,,
602,Zaid Tahseen,IRQ,Pakhtakor Tashkent FK,DF,25,187,2,2,149,1.7,0,0,0,0,0,0,1,0,2,0,0.0,1.21,0.0,0.0,,1,0,,,,,,,,,,,,,0.0,0.0,0.6040268456375839,0.0,,,,,,,43.197278911564624,10.034013605442176,,,
603,Akam Hashim,IRQ,Al Zawra'a SC,DF,27,184,3,3,270,3.0,0,0,0,0,0,0,0,0,1,0,0.0,0.33,0.0,0.0,,1,2,,,,,,,,,,,,,0.0,0.0,0.3333333333333333,0.6666666666666667,,,,,,,29.25170068027211,38.265306122448976,,,
605,Youssef Amyn,IRQ,AEK Larnaca FC,MF,22,172,1,0,31,0.3,0,0,0,0,0,0,0,0,0,0,,0.0,0.0,,,0,0,,,,,,,,,,,,,0.0,0.0,0.0,0.0,,,,40.569395017793596,11.387900355871885,,12.98932384341637,14.23487544483986,,,
606,Ibrahim Bayesh,IRQ,Al Dhafra SCC,MF,26,180,3,3,235,2.6,0,0,0,0,0,0,0,0,1,0,0.0,0.38,0.0,0.0,,4,1,,,,,,,,,,,,,0.0,0.0,1.5319148936170213,0.3829787234042553,,,,40.569395017793596,27.580071174377224,,76.86832740213522,35.94306049822064,,,
608,Mohanad Ali,IRQ,Dibba FC,FW,25,183,1,0,13,0.1,0,0,0,0,0,0,0,0,0,0,,0.0,0.0,,,0,0,,,,,,,,,,,,,0.0,0.0,0.0,0.0,,,35.40856031128405,38.715953307393,11.478599221789883,23.151750972762645,,,,,
610,Jalal Hassan,IRQ,Al Zawra'a SC,GK,35,188,2,1,135,1.5,0,0,0,0,0,0,0,0,0,0,,0.0,0.0,,,0,0,8.0,5.33,16.0,8.0,50.0,0.0,0.0,0.0,0.0,0.0,0.0,,0.0,0.0,0.0,0.0,5.333333333333334,0.0,,,,,,,22.641509433962266,94.64285714285714,26.785714285714285
611,Ali Yousif,IRQ,Al Talaba SC,FW,30,180,1,0,33,0.4,0,0,0,0,0,0,0,0,0,0,,0.0,0.0,,,1,0,,,,,,,,,,,,,0.0,0.0,2.7272727272727275,0.0,,,35.40856031128405,38.715953307393,11.478599221789883,23.151750972762645,,,,,
612,Zidane Iqbal,IRQ,FC Utrecht,MF,23,183,3,2,188,2.1,0,0,0,0,0,0,0,0,0,0,,0.0,0.0,,,2,1,,,,,,,,,,,,,0.0,0.0,0.9574468085106382,0.4787234042553191,,,,40.569395017793596,11.387900355871885,,52.66903914590747,39.32384341637011,,,
615,Ali Jasim,IRQ,Al Najmah SC,FW,22,178,2,2,129,1.4,0,0,0,0,0,0,0,0,4,1,25.0,2.79,0.7,0.0,0.0,1,0,,,,,,,,,,,,,0.0,0.0,0.6976744186046512,0.0,,,35.40856031128405,38.715953307393,69.8443579766537,59.53307392996109,,,,,
617,Kevin Yakob,IRQ,Aarhus GF,MF,25,180,1,0,24,0.3,0,0,0,0,0,0,0,0,1,0,0.0,3.75,0.0,0.0,,0,1,,,,,,,,,,,,,0.0,0.0,0.0,3.75,,,,40.569395017793596,93.23843416370107,,12.98932384341637,97.50889679715303,,,
618,Aimar Sher,IRQ,Sarpsborg 08 FF,MF,23,180,1,0,23,0.3,0,0,0,0,0,0,0,0,0,0,,0.0,0.0,,,0,0,,,,,,,,,,,,,0.0,0.0,0.0,0.0,,,,40.569395017793596,11.387900355871885,,12.98932384341637,14.23487544483986,,,
619,Marko Farji,IRQ,Venezia FC,FW,22,185,2,0,54,0.6,0,0,0,0,0,0,0,0,0,0,,0.0,0.0,,,1,1,,,,,,,,,,,,,0.0,0.0,1.6666666666666663,1.6666666666666663,,,35.40856031128405,38.715953307393,11.478599221789883,23.151750972762645,,,,,
620,Ahmed Basil,IRQ,Al Shorta SC,GK,29,184,2,2,135,1.5,0,0,0,0,0,0,0,0,0,0,,0.0,0.0,,,0,0,4.0,2.67,7.0,3.0,42.9,0.0,0.0,0.0,0.0,0.0,0.0,,0.0,0.0,0.0,0.0,2.0,0.0,,,,,,,16.037735849056602,33.035714285714285,26.785714285714285
621,Merchas Doski,IRQ,FC Viktoria Plzeň,DF,26,173,3,3,270,3.0,0,0,0,0,0,0,1,0,1,0,0.0,0.33,0.0,0.0,,9,6,,,,,,,,,,,,,0.0,0.0,3.0,2.0,,,,,,,96.08843537414967,88.60544217687075,,,
623,Mustafa Saadoon,IRQ,Al Shorta SC,DF,25,181,1,0,18,0.2,0,0,0,0,0,0,0,0,0,0,,0.0,0.0,,,1,0,,,,,,,,,,,,,0.0,0.0,5.0,0.0,,,,,,,98.9795918367347,10.034013605442176,,,
625,Zion Suzuki,JPN,Parma,GK,23,190,4,4,360,4.0,0,0,0,0,0,0,0,0,0,0,,0.0,0.0,,,0,0,5.0,1.25,17.0,12.0,70.6,1.0,25.0,0.0,0.0,0.0,0.0,,0.0,0.0,0.0,0.0,3.0,0.25,,,,,,,69.81132075471697,64.28571428571429,59.82142857142857
626,Yukinari Sugawara,JPN,SV Werder Bremen,DF,25,179,4,1,148,1.6,0,0,0,0,0,0,0,0,2,2,100.0,1.22,1.22,0.0,0.0,3,0,,,,,,,,,,,,,0.0,0.0,1.8243243243243243,0.0,,,,,,,85.71428571428571,10.034013605442176,,,
627,Shogo Taniguchi,JPN,Sint-Truiden VV,DF,34,185,3,2,232,2.6,0,0,0,0,0,0,1,0,0,0,,0.0,0.0,,,0,1,,,,,,,,,,,,,0.0,0.0,0.0,0.3879310344827586,,,,,,,11.73469387755102,24.489795918367346,,,
629,Yūto Nagatomo,JPN,FC Tokyo,DF,39,170,1,0,16,0.2,0,0,0,0,0,0,0,0,0,0,,0.0,0.0,,,0,1,,,,,,,,,,,,,0.0,0.0,0.0,5.625,,,,,,,11.73469387755102,99.31972789115646,,,
631,Ao Tanaka,JPN,Leeds United FC,MF,27,180,3,2,193,2.1,0,0,0,0,0,0,0,0,2,0,0.0,0.93,0.0,0.0,,6,1,,,,,,,,,,,,,0.0,0.0,2.7979274611398965,0.466321243523316,,,,40.569395017793596,41.99288256227758,,95.72953736654804,38.07829181494662,,,
632,Takefusa Kubo,JPN,Real Sociedad,MF,25,173,1,1,74,0.8,0,1,1,0,0,0,0,0,1,0,0.0,1.22,0.0,0.0,,0,1,,,,,,,,,,,,,0.0,1.2162162162162162,0.0,1.2162162162162162,,,,99.644128113879,53.380782918149464,,12.98932384341637,67.43772241992883,,,
633,Keisuke Gotō,JPN,Sint-Truiden VV,FW,21,191,1,0,7,0.1,0,0,0,0,0,0,0,0,0,0,,0.0,0.0,,,1,0,,,,,,,,,,,,,0.0,0.0,12.857142857142856,0.0,,,35.40856031128405,38.715953307393,11.478599221789883,23.151750972762645,,,,,
634,Ritsu Doan,JPN,Eintracht Frankfurt,MF,27,172,4,4,278,3.1,0,1,1,0,0,0,0,0,1,0,0.0,0.32,0.0,0.0,,1,1,,,,,,,,,,,,,0.0,0.3237410071942446,0.3237410071942446,0.3237410071942446,,,,87.54448398576513,24.733096085409255,,27.75800711743772,32.74021352313167,,,
635,Daizen Maeda,JPN,Celtic FC,MF,28,173,3,3,244,2.7,1,0,1,1,0,0,0,0,2,1,50.0,0.74,0.37,0.5,1.0,3,2,,,,,,,,,,,,,0.3688524590163934,0.0,1.1065573770491803,0.7377049180327869,,,,40.569395017793596,36.120996441281136,,59.430604982206404,51.245551601423486,,,
637,Keito Nakamura,JPN,Stade Reims,MF,25,180,4,4,307,3.4,1,1,2,1,0,0,0,0,5,2,40.0,1.47,0.59,0.2,0.5,3,1,,,,,,,,,,,,,0.2931596091205212,0.2931596091205212,0.8794788273615635,0.2931596091205212,,,,86.47686832740213,62.09964412811389,,49.46619217081851,31.316725978647685,,,
638,Junya Itō,JPN,KRC Genk,MF,33,177,4,2,216,2.4,1,0,1,1,0,0,0,0,3,1,33.3,1.25,0.42,0.33,1.0,2,1,,,,,,,,,,,,,0.4166666666666666,0.0,0.8333333333333333,0.4166666666666666,,,,40.569395017793596,54.270462633451956,,48.39857651245551,37.01067615658363,,,
639,Daichi Kamada,JPN,Crystal Palace FC,MF,29,180,4,4,329,3.7,2,0,2,2,0,0,1,0,3,2,66.7,0.82,0.55,0.67,1.0,3,1,,,,,,,,,,,,,0.547112462006079,0.0,0.8206686930091185,0.2735562310030395,,,,40.569395017793596,38.79003558718861,,47.686832740213525,29.8932384341637,,,
640,Tsuyoshi Watanabe,JPN,Feyenoord Rotterdam,DF,29,184,2,1,90,1.0,0,0,0,0,0,0,0,0,0,0,,0.0,0.0,,,2,0,,,,,,,,,,,,,0.0,0.0,2.0,0.0,,,,,,,89.28571428571429,10.034013605442176,,,
641,Yuito Suzuki,JPN,SC Freiburg,MF,24,175,1,0,12,0.1,0,0,0,0,0,0,0,0,0,0,,0.0,0.0,,,1,0,,,,,,,,,,,,,0.0,0.0,7.5,0.0,,,,40.569395017793596,11.387900355871885,,99.644128113879,14.23487544483986,,,
642,Ayase Ueda,JPN,Feyenoord Rotterdam,FW,27,182,4,4,321,3.6,2,1,3,2,0,0,0,0,9,4,44.4,2.52,1.12,0.22,0.5,1,0,,,,,,,,,,,,,0.5607476635514018,0.2803738317757009,0.2803738317757009,0.0,,,81.32295719844358,83.65758754863813,67.31517509727627,69.64980544747081,,,,,
643,Kōki Ogawa,JPN,NEC Nijmegen,FW,28,186,3,0,42,0.5,0,1,1,0,0,0,0,0,3,0,0.0,6.43,0.0,0.0,,0,0,,,,,,,,,,,,,0.0,2.142857142857143,0.0,0.0,,,35.40856031128405,99.22178988326849,97.08171206225681,23.151750972762645,,,,,
644,Ayumu Seko,JPN,Le Havre AC,DF,26,186,2,1,86,1.0,0,0,0,0,0,0,0,0,0,0,,0.0,0.0,,,1,1,,,,,,,,,,,,,0.0,0.0,1.0465116279069768,1.0465116279069768,,,,,,,65.64625850340136,58.843537414965986,,,
645,Hiroki Ito,JPN,FC Bayern München,DF,27,188,4,4,360,4.0,0,0,0,0,0,0,0,0,1,0,0.0,0.25,0.0,0.0,,2,0,,,,,,,,,,,,,0.0,0.0,0.5,0.0,,,,,,,38.775510204081634,10.034013605442176,,,
646,Takehiro Tomiyasu,JPN,AFC Ajax,DF,27,187,3,2,184,2.0,0,0,0,0,0,0,0,0,1,0,0.0,0.49,0.0,0.0,,1,2,,,,,,,,,,,,,0.0,0.0,0.4891304347826087,0.9782608695652174,,,,,,,36.734693877551024,51.02040816326531,,,
648,Kaishū Sano,JPN,1. FSV Mainz 05,MF,25,176,3,3,270,3.0,1,1,2,1,0,0,1,0,1,1,100.0,0.33,0.33,1.0,1.0,2,4,,,,,,,,,,,,,0.3333333333333333,0.3333333333333333,0.6666666666666667,1.3333333333333337,,,,88.25622775800713,25.26690391459075,,40.0355871886121,70.64056939501779,,,
649,Junnosuke Suzuki,JPN,FC København,DF,22,180,2,0,43,0.5,0,0,0,0,0,0,1,0,0,0,,0.0,0.0,,,0,1,,,,,,,,,,,,,0.0,0.0,0.0,2.0930232558139537,,,,,,,11.73469387755102,91.3265306122449,,,
650,Kento Shiogai,JPN,VfL Wolfsburg,FW,21,180,1,0,7,0.1,0,0,0,0,0,0,0,0,0,0,,0.0,0.0,,,0,0,,,,,,,,,,,,,0.0,0.0,0.0,0.0,,,35.40856031128405,38.715953307393,11.478599221789883,23.151750972762645,,,,,
651,Yazeed Abulaila,JOR,Al Hussein SC,GK,33,188,3,3,270,3.0,0,0,0,0,0,0,0,0,0,0,,0.0,0.0,,,0,0,8.0,2.67,16.0,8.0,50.0,0.0,0.0,2.0,2.0,0.0,0.0,0.0,0.0,0.0,0.0,0.0,2.666666666666667,0.0,,,,,,,22.641509433962266,55.35714285714286,26.785714285714285
653,Abdallah Nasib,JOR,Al Zawra'a SC,DF,32,184,3,3,260,2.9,0,0,0,0,0,0,0,0,0,0,,0.0,0.0,,,3,7,,,,,,,,,,,,,0.0,0.0,1.0384615384615383,2.423076923076924,,,,,,,65.3061224489796,94.89795918367348,,,
656,Amer Jamous,JOR,Al Zawra'a SC,MF,23,177,1,0,15,0.2,0,0,0,0,0,0,0,0,0,0,,0.0,0.0,,,0,0,,,,,,,,,,,,,0.0,0.0,0.0,0.0,,,,40.569395017793596,11.387900355871885,,12.98932384341637,14.23487544483986,,,
659,Ali Olwan,JOR,Al Sailiya SC,FW,26,182,3,3,268,3.0,1,0,1,1,0,0,0,0,6,3,50.0,2.01,1.01,0.17,0.33,0,1,,,,,,,,,,,,,0.335820895522388,0.0,0.0,0.335820895522388,,,77.04280155642024,38.715953307393,55.252918287937746,68.09338521400778,,,,,
674,Ali Azaizeh,JOR,Al Shabab FC,FW,22,178,3,1,54,0.6,0,0,0,0,0,0,0,0,2,0,0.0,3.33,0.0,0.0,,3,0,,,,,,,,,,,,,0.0,0.0,5.0,0.0,,,35.40856031128405,38.715953307393,78.21011673151752,23.151750972762645,,,,,
692,Park Jinseob,KOR,Zhejiang FC,DF,30,183,2,0,32,0.4,0,0,0,0,0,0,0,0,1,1,100.0,2.81,2.81,0.0,0.0,0,0,,,,,,,,,,,,,0.0,0.0,0.0,0.0,,,,,,,11.73469387755102,10.034013605442176,,,
699,Jens Castrop,KOR,Borussia Mönchengladbach,DF,22,178,1,0,45,0.5,0,0,0,0,0,0,0,0,0,0,,0.0,0.0,,,0,0,,,,,,,,,,,,,0.0,0.0,0.0,0.0,,,,,,,11.73469387755102,10.034013605442176,,,
703,Raúl Rangel,MEX,CD Guadalajara,GK,26,190,5,5,437,4.9,0,0,0,0,0,0,0,0,0,0,,0.0,0.0,,,0,0,3.0,0.62,11.0,8.0,72.7,4.0,80.0,1.0,1.0,0.0,0.0,0.0,0.0,0.0,0.0,0.0,1.647597254004577,0.8237986270022883,,,,,,,73.58490566037736,30.357142857142854,96.42857142857143
704,Jorge Sánchez,MEX,PAOK Saloniki,DF,28,176,4,4,348,3.9,0,1,1,0,0,0,1,0,1,1,100.0,0.26,0.26,0.0,0.0,4,5,,,,,,,,,,,,,0.0,0.2586206896551724,1.0344827586206895,1.293103448275862,,,,,,,64.28571428571429,69.04761904761905,,,
705,César Montes,MEX,FC Lokomotiv Moscow,DF,29,191,4,4,314,3.5,0,0,0,0,0,0,0,1,1,1,100.0,0.29,0.29,0.0,0.0,1,2,,,,,,,,,,,,,0.0,0.0,0.286624203821656,0.5732484076433121,,,,,,,26.87074829931973,34.69387755102041,,,
706,Edson Álvarez,MEX,Fenerbahçe SK,DF,28,180,4,2,240,2.7,0,0,0,0,0,0,1,0,2,0,0.0,0.75,0.0,0.0,,6,3,,,,,,,,,,,,,0.0,0.0,2.25,1.125,,,,,,,93.87755102040816,62.585034013605444,,,
707,Johan Vásquez,MEX,Genoa CFC,DF,27,182,4,4,360,4.0,0,0,0,0,0,0,1,0,1,0,0.0,0.25,0.0,0.0,,1,2,,,,,,,,,,,,,0.0,0.0,0.25,0.5,,,,,,,25.68027210884354,30.102040816326532,,,
708,Erik Lira,MEX,CF Cruz Azul,MF,26,172,4,4,345,3.8,0,1,1,0,0,0,0,0,0,0,,0.0,0.0,,,3,2,,,,,,,,,,,,,0.0,0.2608695652173913,0.782608695652174,0.5217391304347826,,,,85.40925266903915,11.387900355871885,,46.263345195729535,41.637010676156585,,,
709,Luis Romo,MEX,CD Guadalajara,MF,31,183,4,4,264,2.9,1,1,2,1,0,0,0,0,3,1,33.3,1.02,0.34,0.33,1.0,4,4,,,,,,,,,,,,,0.3409090909090909,0.3409090909090909,1.3636363636363638,1.3636363636363638,,,,89.32384341637011,47.330960854092524,,69.03914590747331,72.06405693950177,,,
710,Álvaro Fidalgo,MEX,Real Betis,MF,29,175,3,1,96,1.1,1,0,1,1,0,0,0,0,3,2,66.7,2.81,1.87,0.33,0.5,0,1,,,,,,,,,,,,,0.9375,0.0,0.0,0.9375,,,,40.569395017793596,88.61209964412812,,12.98932384341637,58.362989323843415,,,
711,Raúl Jiménez,MEX,Fulham FC,FW,35,188,4,4,317,3.5,3,0,3,2,1,1,0,0,18,7,38.9,5.11,1.99,0.17,0.43,1,0,,,,,,,,,,,,,0.8517350157728707,0.0,0.2839116719242902,0.0,,,90.6614785992218,38.715953307393,93.77431906614785,89.88326848249028,,,,,
712,Alexis Vega,MEX,Deportivo Toluca FC,FW,28,175,1,0,12,0.1,0,0,0,0,0,0,0,0,0,0,,0.0,0.0,,,0,0,,,,,,,,,,,,,0.0,0.0,0.0,0.0,,,35.40856031128405,38.715953307393,11.478599221789883,23.151750972762645,,,,,
713,Santiago Giménez,MEX,AC Milan,FW,25,180,4,0,86,1.0,0,0,0,0,0,0,0,0,2,1,50.0,2.09,1.05,0.0,0.0,0,0,,,,,,,,,,,,,0.0,0.0,0.0,0.0,,,35.40856031128405,38.715953307393,57.39299610894941,69.26070038910505,,,,,
715,Guillermo Ochoa,MEX,AEL Limassol,GK,40,185,1,0,13,0.1,0,0,0,0,0,0,0,0,0,0,,0.0,0.0,,,0,0,0.0,0.0,0.0,0.0,,1.0,,0.0,0.0,0.0,0.0,,0.0,0.0,0.0,0.0,0.0,6.923076923076923,,,,,,,,5.357142857142857,100.0
716,Armando González,MEX,CD Guadalajara,FW,23,182,1,0,15,0.2,0,0,0,0,0,0,0,0,0,0,,0.0,0.0,,,0,0,,,,,,,,,,,,,0.0,0.0,0.0,0.0,,,35.40856031128405,38.715953307393,11.478599221789883,23.151750972762645,,,,,
717,Israel Reyes,MEX,Club América,DF,26,181,4,2,202,2.2,0,0,0,0,0,0,0,0,2,0,0.0,0.89,0.0,0.0,,1,3,,,,,,,,,,,,,0.0,0.0,0.4455445544554455,1.3366336633663365,,,,,,,35.714285714285715,72.10884353741497,,,
718,Julián Quiñones,MEX,Al Qadsiah FC,FW,29,177,5,5,410,4.6,4,1,5,4,0,0,0,0,14,6,42.9,3.07,1.32,0.29,0.67,0,0,,,,,,,,,,,,,0.8780487804878049,0.2195121951219512,0.0,0.0,,,91.82879377431907,78.98832684824903,75.4863813229572,76.65369649805449,,,,,
719,Orbelín Pineda,MEX,AEK Athens,MF,30,169,2,0,31,0.3,0,0,0,0,0,0,0,0,1,0,0.0,2.9,0.0,0.0,,0,0,,,,,,,,,,,,,0.0,0.0,0.0,0.0,,,,40.569395017793596,89.5017793594306,,12.98932384341637,14.23487544483986,,,
720,Obed Vargas,MEX,Atlético De Madrid,MF,20,175,3,0,66,0.7,0,0,0,0,0,0,0,0,1,1,100.0,1.36,1.36,0.0,0.0,2,1,,,,,,,,,,,,,0.0,0.0,2.7272727272727275,1.3636363636363638,,,,40.569395017793596,58.362989323843415,,95.01779359430606,72.06405693950177,,,
721,Gilberto Mora,MEX,Club Tijuana,MF,17,175,4,3,213,2.4,0,0,0,0,0,0,0,0,5,0,0.0,2.11,0.0,0.0,,2,2,,,,,,,,,,,,,0.0,0.0,0.8450704225352113,0.8450704225352113,,,,40.569395017793596,79.7153024911032,,48.754448398576514,56.22775800711744,,,
722,Mateo Chávez,MEX,AZ Alkmaar,DF,22,178,1,1,77,0.9,1,0,1,1,0,0,0,0,1,1,100.0,1.17,1.17,1.0,1.0,1,0,,,,,,,,,,,,,1.168831168831169,0.0,1.168831168831169,0.0,,,,,,,69.72789115646259,10.034013605442176,,,
723,César Huerta,MEX,RSC Anderlecht,FW,25,171,1,0,7,0.1,0,0,0,0,0,0,0,0,0,0,,0.0,0.0,,,0,0,,,,,,,,,,,,,0.0,0.0,0.0,0.0,,,35.40856031128405,38.715953307393,11.478599221789883,23.151750972762645,,,,,
725,Jesús Gallardo,MEX,Deportivo Toluca FC,DF,31,174,5,4,373,4.1,0,0,0,0,0,0,0,0,4,0,0.0,0.97,0.0,0.0,,1,7,,,,,,,,,,,,,0.0,0.0,0.2412868632707774,1.6890080428954422,,,,,,,25.170068027210885,83.33333333333334,,,
726,Luis Chávez,MEX,FC Dynamo Moscow,MF,30,178,1,0,25,0.3,0,0,0,0,0,0,0,0,0,0,,0.0,0.0,,,1,0,,,,,,,,,,,,,0.0,0.0,3.6,0.0,,,,40.569395017793596,11.387900355871885,,98.22064056939502,14.23487544483986,,,
727,Roberto Alvarado,MEX,CD Guadalajara,FW,27,176,5,5,428,4.8,0,3,3,0,0,0,0,0,5,0,0.0,1.05,0.0,0.0,,3,2,,,,,,,,,,,,,0.0,0.6308411214953271,0.6308411214953271,0.4205607476635514,,,35.40856031128405,93.3852140077821,31.906614785992215,23.151750972762645,,,,,
728,Brian Gutiérrez,MEX,CD Guadalajara,MF,22,178,4,2,198,2.2,0,0,0,0,0,0,1,0,6,0,0.0,2.73,0.0,0.0,,1,2,,,,,,,,,,,,,0.0,0.0,0.4545454545454546,0.9090909090909092,,,,40.569395017793596,87.90035587188612,,31.672597864768683,57.11743772241993,,,
729,Yassine Bounou,MAR,Al Hilal SC,GK,35,192,6,6,570,6.3,0,0,0,0,0,0,0,0,0,0,,0.0,0.0,,,0,0,6.0,0.95,20.0,14.0,70.0,2.0,33.3,1.0,0.0,1.0,0.0,100.0,0.0,0.0,0.0,0.0,2.210526315789474,0.3157894736842105,,,,,,,66.98113207547169,37.5,67.85714285714286
730,Achraf Hakimi,MAR,Paris Saint-Germain,DF,27,180,6,6,570,6.3,1,2,3,1,0,0,1,0,14,4,28.6,2.21,0.63,0.07,0.25,10,5,,,,,,,,,,,,,0.1578947368421052,0.3157894736842105,1.5789473684210529,0.7894736842105263,,,,,,,80.27210884353741,42.17687074829932,,,
731,Noussair Mazraoui,MAR,Manchester United FC,DF,28,183,6,5,477,5.3,0,0,0,0,0,0,0,0,0,0,,0.0,0.0,,,8,2,,,,,,,,,,,,,0.0,0.0,1.509433962264151,0.3773584905660377,,,,,,,79.93197278911565,24.149659863945576,,,
732,Sofyan Amrabat,MAR,Real Betis,MF,29,185,3,1,147,1.6,0,0,0,0,0,0,0,0,0,0,,0.0,0.0,,,1,2,,,,,,,,,,,,,0.0,0.0,0.6122448979591837,1.2244897959183674,,,,40.569395017793596,11.387900355871885,,38.79003558718861,67.97153024911033,,,
734,Ayyoub Bouaddi,MAR,Lille OSC,MF,18,185,5,5,381,4.2,0,0,0,0,0,0,0,0,3,0,0.0,0.71,0.0,0.0,,3,1,,,,,,,,,,,,,0.0,0.0,0.7086614173228346,0.2362204724409448,,,,40.569395017793596,35.40925266903915,,42.52669039145908,29.181494661921707,,,
735,Chemsdine Talbi,MAR,Sunderland AFC,MF,21,175,5,1,179,2.0,0,1,1,0,0,0,0,0,2,0,0.0,1.01,0.0,0.0,,2,2,,,,,,,,,,,,,0.0,0.5027932960893855,1.005586592178771,1.005586592178771,,,,94.48398576512456,46.619217081850536,,56.22775800711744,61.56583629893239,,,
736,Azzedine Ounahi,MAR,Girona FC,MF,26,182,6,5,435,4.8,2,0,2,2,0,0,1,0,5,3,60.0,1.03,0.62,0.4,0.67,1,1,,,,,,,,,,,,,0.4137931034482758,0.0,0.2068965517241379,0.2068965517241379,,,,40.569395017793596,48.04270462633452,,25.97864768683274,28.825622775800714,,,
737,Soufiane Rahimi,MAR,Al Ain FC,FW,30,180,6,0,163,1.8,2,1,3,2,0,0,0,0,6,4,66.7,3.31,2.21,0.33,0.5,2,0,,,,,,,,,,,,,1.1042944785276074,0.5521472392638037,1.1042944785276074,0.0,,,94.94163424124513,92.60700389105058,77.82101167315176,93.3852140077821,,,,,
738,Brahim Díaz,MAR,Real Madrid C. F.,FW,26,170,6,6,457,5.1,0,4,4,0,0,0,0,0,6,1,16.7,1.18,0.2,0.0,0.0,2,4,,,,,,,,,,,,,0.0,0.787746170678337,0.3938730853391685,0.787746170678337,,,35.40856031128405,96.49805447470817,33.85214007782101,46.30350194552529,,,,,
739,Ismael Saibari,MAR,PSV Eindhoven,MF,25,185,5,5,381,4.2,3,0,3,3,0,0,0,0,10,3,30.0,2.36,0.71,0.3,1.0,2,0,,,,,,,,,,,,,0.7086614173228346,0.0,0.4724409448818897,0.0,,,,40.569395017793596,83.27402135231317,,32.38434163701068,14.23487544483986,,,
741,Zakaria El Ouahdi,MAR,KRC Genk,DF,24,171,1,0,17,0.2,0,0,0,0,0,0,0,0,0,0,,0.0,0.0,,,0,0,,,,,,,,,,,,,0.0,0.0,0.0,0.0,,,,,,,11.73469387755102,10.034013605442176,,,
742,Issa Diop,MAR,Fulham FC,DF,29,194,5,5,476,5.3,1,0,1,1,0,0,3,0,1,1,100.0,0.19,0.19,1.0,1.0,1,7,,,,,,,,,,,,,0.1890756302521008,0.0,0.1890756302521008,1.3235294117647058,,,,,,,23.809523809523807,70.06802721088435,,,
743,Samir El Mourabet,MAR,RC Strasbourg,MF,20,187,5,0,81,0.9,0,0,0,0,0,0,0,0,0,0,,0.0,0.0,,,1,1,,,,,,,,,,,,,0.0,0.0,1.1111111111111112,1.1111111111111112,,,,40.569395017793596,11.387900355871885,,59.7864768683274,64.05693950177937,,,
744,Gessime Yassine,MAR,RC Strasbourg,MF,20,172,3,0,80,0.9,1,0,1,1,0,0,0,0,2,1,50.0,2.25,1.13,0.5,1.0,2,1,,,,,,,,,,,,,1.125,0.0,2.25,1.125,,,,40.569395017793596,81.85053380782918,,91.45907473309609,64.41281138790036,,,
746,Chadi Riad,MAR,Crystal Palace FC,DF,22,186,4,4,344,3.8,0,1,1,0,0,0,0,0,1,0,0.0,0.26,0.0,0.0,,1,4,,,,,,,,,,,,,0.0,0.2616279069767442,0.2616279069767442,1.0465116279069768,,,,,,,26.53061224489796,58.843537414965986,,,
748,Ayoub El Kaabi,MAR,Olympiacos FC,FW,32,182,1,1,69,0.8,0,0,0,0,0,0,0,0,3,2,66.7,3.91,2.61,0.0,0.0,2,0,,,,,,,,,,,,,0.0,0.0,2.608695652173913,0.0,,,35.40856031128405,38.715953307393,85.21400778210116,96.10894941634241,,,,,
749,Ayoube Amaimouni,MAR,Eintracht Frankfurt,FW,21,179,2,0,18,0.2,0,0,0,0,0,0,0,0,2,1,50.0,10.0,5.0,0.0,0.0,1,0,,,,,,,,,,,,,0.0,0.0,5.0,0.0,,,35.40856031128405,38.715953307393,98.83268482490273,100.0,,,,,
751,Bilal El Khannouss,MAR,VfB Stuttgart,MF,22,180,6,6,461,5.1,0,0,0,0,0,0,1,0,6,4,66.7,1.17,0.78,0.0,0.0,7,1,,,,,,,,,,,,,0.0,0.0,1.3665943600867678,0.1952277657266811,,,,40.569395017793596,51.245551601423486,,69.3950177935943,28.46975088967972,,,
752,Neil El Aynaoui,MAR,AS Roma,MF,24,185,6,6,562,6.2,0,0,0,0,0,0,0,0,7,2,28.6,1.12,0.32,0.0,0.0,9,8,,,,,,,,,,,,,0.0,0.0,1.4412811387900355,1.281138790035587,,,,40.569395017793596,50.177935943060504,,73.66548042704626,69.57295373665481,,,
753,Redouane Halhal,MAR,KV Mechelen,DF,23,189,2,2,180,2.0,0,0,0,0,0,0,1,0,0,0,,0.0,0.0,,,1,1,,,,,,,,,,,,,0.0,0.0,0.5,0.5,,,,,,,38.775510204081634,30.102040816326532,,,
755,Bart Verbruggen,NED,Brighton & Hove Albion FC,GK,23,193,4,4,390,4.3,0,0,0,0,0,0,0,0,0,0,,0.0,0.0,,,0,0,5.0,1.15,21.0,16.0,76.2,0.0,0.0,0.0,0.0,0.0,0.0,,0.0,0.0,0.0,0.0,3.692307692307693,0.0,,,,,,,81.13207547169812,78.57142857142857,26.785714285714285
757,Marten de Roon,NED,Atalanta Bergamo,MF,35,186,1,0,11,0.1,0,0,0,0,0,0,0,0,0,0,,0.0,0.0,,,0,0,,,,,,,,,,,,,0.0,0.0,0.0,0.0,,,,40.569395017793596,11.387900355871885,,12.98932384341637,14.23487544483986,,,
758,Virgil van Dijk,NED,Liverpool FC,DF,34,195,4,4,390,4.3,1,1,2,1,0,0,0,0,2,2,100.0,0.46,0.46,0.5,0.5,1,3,,,,,,,,,,,,,0.2307692307692307,0.2307692307692307,0.2307692307692307,0.6923076923076923,,,,,,,24.65986394557823,40.476190476190474,,,
759,Nathan Aké,NED,Manchester City FC,DF,31,180,3,2,170,1.9,0,0,0,0,0,0,0,0,1,0,0.0,0.53,0.0,0.0,,0,4,,,,,,,,,,,,,0.0,0.0,0.0,2.117647058823529,,,,,,,11.73469387755102,92.17687074829932,,,
761,Justin Kluivert,NED,AFC Bournemouth,MF,27,173,2,0,27,0.3,0,0,0,0,0,0,0,0,0,0,,0.0,0.0,,,0,0,,,,,,,,,,,,,0.0,0.0,0.0,0.0,,,,40.569395017793596,11.387900355871885,,12.98932384341637,14.23487544483986,,,
762,Ryan Gravenberch,NED,Liverpool FC,MF,24,190,4,4,345,3.8,0,2,2,0,0,0,0,0,5,0,0.0,1.3,0.0,0.0,,1,6,,,,,,,,,,,,,0.0,0.5217391304347826,0.2608695652173913,1.565217391304348,,,,95.01779359430606,56.58362989323843,,26.690391459074732,79.00355871886121,,,
763,Wout Weghorst,NED,AFC Ajax,FW,33,197,1,0,50,0.6,0,0,0,0,0,0,0,0,0,0,,0.0,0.0,,,1,0,,,,,,,,,,,,,0.0,0.0,1.8,0.0,,,35.40856031128405,38.715953307393,11.478599221789883,23.151750972762645,,,,,
765,Cody Gakpo,NED,Liverpool FC,FW,27,193,4,4,368,4.1,3,1,4,3,0,0,0,0,10,6,60.0,2.45,1.47,0.3,0.5,1,2,,,,,,,,,,,,,0.733695652173913,0.2445652173913043,0.2445652173913043,0.4891304347826087,,,85.99221789883269,80.1556420233463,66.14785992217898,78.98832684824903,,,,,
768,Tijjani Reijnders,NED,Manchester City FC,MF,27,178,3,3,199,2.2,0,1,1,0,0,0,0,0,4,2,50.0,1.81,0.9,0.0,0.0,0,2,,,,,,,,,,,,,0.0,0.4522613065326633,0.0,0.9045226130653268,,,,92.88256227758008,71.88612099644128,,12.98932384341637,56.58362989323843,,,
769,Micky van de Ven,NED,Tottenham Hotspur FC,DF,25,193,3,3,265,2.9,0,0,0,0,0,0,1,0,3,1,33.3,1.02,0.34,0.0,0.0,3,2,,,,,,,,,,,,,0.0,0.0,1.018867924528302,0.6792452830188679,,,,,,,62.925170068027214,39.795918367346935,,,
770,Guus Til,NED,PSV Eindhoven,MF,28,188,1,0,32,0.4,0,0,0,0,0,0,0,0,0,0,,0.0,0.0,,,0,0,,,,,,,,,,,,,0.0,0.0,0.0,0.0,,,,40.569395017793596,11.387900355871885,,12.98932384341637,14.23487544483986,,,
771,Noa Lang,NED,Galatasaray SK,FW,26,176,2,0,8,0.1,0,0,0,0,0,0,0,0,0,0,,0.0,0.0,,,0,0,,,,,,,,,,,,,0.0,0.0,0.0,0.0,,,35.40856031128405,38.715953307393,11.478599221789883,23.151750972762645,,,,,
772,Donyell Malen,NED,AS Roma,FW,27,178,3,3,185,2.1,0,0,0,0,0,0,0,0,4,2,50.0,1.95,0.97,0.0,0.0,0,0,,,,,,,,,,,,,0.0,0.0,0.0,0.0,,,35.40856031128405,38.715953307393,53.30739299610895,67.50972762645915,,,,,
773,Brian Brobbey,NED,Sunderland AFC,FW,24,181,4,3,223,2.5,3,0,3,3,0,0,0,0,4,3,75.0,1.61,1.21,0.75,1.0,1,0,,,,,,,,,,,,,1.2107623318385652,0.0,0.4035874439461883,0.0,,,96.88715953307393,38.715953307393,43.3852140077821,73.92996108949417,,,,,
774,Teun Koopmeiners,NED,Juventus FC,MF,28,185,4,0,122,1.4,0,0,0,0,0,0,0,0,2,0,0.0,1.48,0.0,0.0,,1,1,,,,,,,,,,,,,0.0,0.0,0.7377049180327869,0.7377049180327869,,,,40.569395017793596,62.811387900355875,,43.77224199288256,51.245551601423486,,,
775,Frenkie de Jong,NED,FC Barcelona,MF,29,181,4,4,328,3.6,0,0,0,0,0,0,0,0,1,0,0.0,0.27,0.0,0.0,,7,8,,,,,,,,,,,,,0.0,0.0,1.920731707317073,2.1951219512195124,,,,40.569395017793596,23.487544483985765,,84.69750889679716,91.81494661921708,,,
776,Denzel Dumfries,NED,FC Internazionale Milano,DF,30,188,4,4,390,4.3,0,2,2,0,0,0,0,0,5,2,40.0,1.15,0.46,0.0,0.0,6,1,,,,,,,,,,,,,0.0,0.4615384615384615,1.3846153846153846,0.2307692307692307,,,,,,,76.87074829931973,20.068027210884352,,,
778,Crysencio Summerville,NED,West Ham United FC,FW,24,172,4,2,253,2.8,2,2,4,2,0,0,1,0,2,2,100.0,0.71,0.71,1.0,1.0,2,2,,,,,,,,,,,,,0.7114624505928854,0.7114624505928854,0.7114624505928854,0.7114624505928854,,,85.60311284046692,94.55252918287937,27.626459143968873,60.311284046692606,,,,,
779,Jorrel Hato,NED,Chelsea FC,DF,20,182,1,0,35,0.4,0,0,0,0,0,0,0,0,0,0,,0.0,0.0,,,0,0,,,,,,,,,,,,,0.0,0.0,0.0,0.0,,,,,,,11.73469387755102,10.034013605442176,,,
780,Quinten Timber,NED,Olympique Marseille,MF,24,176,2,0,55,0.6,0,0,0,0,0,0,0,0,0,0,,0.0,0.0,,,0,1,,,,,,,,,,,,,0.0,0.0,0.0,1.6363636363636362,,,,40.569395017793596,11.387900355871885,,12.98932384341637,80.6049822064057,,,
781,Max Crocombe,NZL,Millwall FC,GK,32,190,3,3,270,3.0,0,0,0,0,0,0,0,0,0,0,,0.0,0.0,,,0,0,10.0,3.33,21.0,11.0,52.4,0.0,0.0,0.0,0.0,0.0,0.0,,0.0,0.0,0.0,0.0,3.666666666666667,0.0,,,,,,,28.30188679245283,75.89285714285714,26.785714285714285
782,Tim Payne,NZL,Wellington Phoenix FC,DF,32,179,3,3,224,2.5,0,1,1,0,0,0,0,0,1,0,0.0,0.4,0.0,0.0,,3,1,,,,,,,,,,,,,0.0,0.4017857142857142,1.2053571428571428,0.4017857142857142,,,,,,,70.74829931972789,25.850340136054424,,,
783,Francis de Vries,NZL,Auckland FC,DF,31,181,2,0,18,0.2,0,0,0,0,0,0,0,0,0,0,,0.0,0.0,,,0,1,,,,,,,,,,,,,0.0,0.0,0.0,5.0,,,,,,,11.73469387755102,98.9795918367347,,,
784,Tyler Bindon,NZL,Sheeld United FC,DF,21,190,3,1,97,1.1,0,0,0,0,0,0,0,0,2,1,50.0,1.86,0.93,0.0,0.0,2,1,,,,,,,,,,,,,0.0,0.0,1.855670103092784,0.9278350515463918,,,,,,,86.73469387755102,49.31972789115646,,,
785,Michael Boxall,NZL,Minnesota United FC,DF,37,191,3,2,207,2.3,0,0,0,0,0,0,0,0,0,0,,0.0,0.0,,,1,2,,,,,,,,,,,,,0.0,0.0,0.4347826086956521,0.8695652173913043,,,,,,,35.034013605442176,46.25850340136054,,,
786,Joe Bell,NZL,Viking Stavanger,MF,27,182,3,3,243,2.7,0,0,0,0,0,0,0,0,1,0,0.0,0.37,0.0,0.0,,2,4,,,,,,,,,,,,,0.0,0.0,0.7407407407407408,1.4814814814814816,,,,40.569395017793596,26.334519572953734,,44.128113879003564,75.08896797153025,,,
788,Marko Stamenic,NZL,Swansea City AFC,MF,24,188,3,3,269,3.0,0,0,0,0,0,0,1,0,3,0,0.0,1.0,0.0,0.0,,1,4,,,,,,,,,,,,,0.0,0.0,0.3345724907063196,1.338289962825279,,,,40.569395017793596,45.55160142348754,,28.11387900355872,71.17437722419929,,,
789,Chris Wood,NZL,Nottingham Forest FC,FW,34,191,3,3,270,3.0,0,2,2,0,0,0,0,0,5,2,40.0,1.67,0.67,0.0,0.0,1,0,,,,,,,,,,,,,0.0,0.6666666666666667,0.3333333333333333,0.0,,,35.40856031128405,93.77431906614785,46.10894941634241,57.78210116731517,,,,,
790,Sarpreet Singh,NZL,Wellington Phoenix FC,MF,27,180,3,3,209,2.3,0,0,0,0,0,0,1,0,4,2,50.0,1.72,0.86,0.0,0.0,1,0,,,,,,,,,,,,,0.0,0.0,0.4306220095693779,0.0,,,,40.569395017793596,69.03914590747331,,31.316725978647685,14.23487544483986,,,
791,Elijah Just,NZL,Motherwell FC,MF,26,176,3,3,264,2.9,3,0,3,3,0,0,1,0,7,5,71.4,2.39,1.7,0.43,0.6,3,2,,,,,,,,,,,,,1.0227272727272727,0.0,1.0227272727272727,0.6818181818181819,,,,40.569395017793596,83.62989323843416,,56.58362989323843,46.97508896797153,,,
793,Liberato Cacace,NZL,Wrexham AFC,DF,25,182,3,3,220,2.4,0,0,0,0,0,0,0,0,1,1,100.0,0.41,0.41,0.0,0.0,2,3,,,,,,,,,,,,,0.0,0.0,0.8181818181818181,1.2272727272727273,,,,,,,51.53061224489795,66.66666666666666,,,
796,Finn Surman,NZL,Portland Timbers,DF,22,190,3,3,270,3.0,1,0,1,1,0,0,0,0,2,1,50.0,0.67,0.33,0.5,1.0,1,4,,,,,,,,,,,,,0.3333333333333333,0.0,0.3333333333333333,1.3333333333333337,,,,,,,29.25170068027211,71.08843537414967,,,
799,Ben Old,NZL,AS Saint-Etienne,MF,23,173,3,0,93,1.0,0,0,0,0,0,0,0,0,0,0,,0.0,0.0,,,0,1,,,,,,,,,,,,,0.0,0.0,0.0,0.967741935483871,,,,40.569395017793596,11.387900355871885,,12.98932384341637,59.7864768683274,,,
800,Callum McCowatt,NZL,Silkeborg IF,MF,27,180,3,2,159,1.8,0,0,0,0,0,0,1,0,4,3,75.0,2.26,1.7,0.0,0.0,1,1,,,,,,,,,,,,,0.0,0.0,0.5660377358490566,0.5660377358490566,,,,40.569395017793596,82.74021352313167,,37.01067615658363,42.88256227758007,,,
801,Jesse Randall,NZL,Auckland FC,FW,23,176,3,0,61,0.7,0,0,0,0,0,0,0,0,1,0,0.0,1.48,0.0,0.0,,0,0,,,,,,,,,,,,,0.0,0.0,0.0,0.0,,,35.40856031128405,38.715953307393,39.29961089494164,23.151750972762645,,,,,
803,Ryan Thomas,NZL,PEC Zwolle,MF,31,176,3,1,83,0.9,0,0,0,0,0,0,0,0,0,0,,0.0,0.0,,,2,0,,,,,,,,,,,,,0.0,0.0,2.168674698795181,0.0,,,,40.569395017793596,11.387900355871885,,89.5017793594306,14.23487544483986,,,
804,Callan Elliot,NZL,Auckland FC,DF,26,177,1,0,13,0.1,0,0,0,0,0,0,0,0,0,0,,0.0,0.0,,,1,0,,,,,,,,,,,,,0.0,0.0,6.923076923076923,0.0,,,,,,,99.65986394557824,10.034013605442176,,,
808,Morten Thorsby,NOR,US Cremonese,MF,30,188,1,0,45,0.5,0,0,0,0,0,0,0,0,0,0,,0.0,0.0,,,1,1,,,,,,,,,,,,,0.0,0.0,2.0,2.0,,,,40.569395017793596,11.387900355871885,,87.36654804270462,88.43416370106762,,,
809,Kristoffer Ajer,NOR,Brentford FC,DF,28,198,5,5,480,5.3,0,0,0,0,0,0,1,0,2,1,50.0,0.37,0.19,0.0,0.0,8,4,,,,,,,,,,,,,0.0,0.0,1.5,0.75,,,,,,,79.421768707483,41.83673469387755,,,
812,Patrick Berg,NOR,FK Bodø/Glimt,MF,28,178,6,4,445,4.9,0,2,2,0,0,0,1,0,3,0,0.0,0.61,0.0,0.0,,7,2,,,,,,,,,,,,,0.0,0.4044943820224719,1.4157303370786518,0.4044943820224719,,,,91.81494661921708,31.672597864768683,,70.8185053380783,36.654804270462634,,,
814,Sander Berge,NOR,Fulham FC,MF,28,195,5,5,480,5.3,0,0,0,0,0,0,0,0,0,0,,0.0,0.0,,,4,9,,,,,,,,,,,,,0.0,0.0,0.75,1.6875,,,,40.569395017793596,11.387900355871885,,44.48398576512456,81.85053380782918,,,
815,Erling Haaland,NOR,Manchester City FC,FW,25,195,5,5,465,5.2,7,0,7,7,0,0,0,0,20,13,65.0,3.87,2.52,0.35,0.54,0,1,,,,,,,,,,,,,1.3548387096774197,0.0,0.0,0.1935483870967742,,,98.44357976653697,38.715953307393,84.43579766536965,95.71984435797665,,,,,
819,Egil Selvik,NOR,Watford FC,GK,28,187,1,1,90,1.0,0,0,0,0,0,0,0,0,0,0,,0.0,0.0,,,0,0,4.0,4.0,9.0,5.0,55.6,0.0,0.0,0.0,0.0,0.0,0.0,,0.0,0.0,0.0,0.0,5.0,0.0,,,,,,,34.90566037735849,91.07142857142857,26.785714285714285
820,Fredrik Aursnes,NOR,SL Benfica,MF,30,181,6,3,304,3.4,0,0,0,0,0,0,0,0,2,0,0.0,0.59,0.0,0.0,,8,1,,,,,,,,,,,,,0.0,0.0,2.3684210526315788,0.2960526315789473,,,,40.569395017793596,30.96085409252669,,92.52669039145907,31.672597864768683,,,
824,Kristian Thorstvedt,NOR,US Sassuolo,MF,27,189,2,1,63,0.7,0,0,0,0,0,0,0,0,3,1,33.3,4.29,1.43,0.0,0.0,1,0,,,,,,,,,,,,,0.0,0.0,1.4285714285714284,0.0,,,,40.569395017793596,94.83985765124555,,72.41992882562278,14.23487544483986,,,
825,Thelo Aasgaard,NOR,Rangers FC,MF,24,188,1,1,90,1.0,1,0,1,1,0,0,0,0,2,1,50.0,2.0,1.0,0.5,1.0,1,3,,,,,,,,,,,,,1.0,0.0,1.0,3.0,,,,40.569395017793596,75.80071174377224,,55.16014234875445,96.08540925266904,,,
826,Antonio Nusa,NOR,RB Leipzig,FW,21,183,6,4,318,3.5,1,0,1,1,0,0,1,0,6,2,33.3,1.7,0.57,0.17,0.5,2,2,,,,,,,,,,,,,0.2830188679245283,0.0,0.5660377358490566,0.5660377358490566,,,75.09727626459144,38.715953307393,46.88715953307393,54.08560311284047,,,,,
827,Andreas Schjelderup,NOR,SL Benfica,MF,22,177,6,2,252,2.8,1,3,4,1,0,0,0,0,3,2,66.7,1.07,0.71,0.33,0.5,3,5,,,,,,,,,,,,,0.3571428571428571,1.0714285714285714,1.0714285714285714,1.7857142857142856,,,,99.28825622775801,49.11032028469751,,58.718861209964416,83.98576512455516,,,
828,Oscar Bobb,NOR,Fulham FC,MF,22,177,6,1,225,2.5,0,0,0,0,0,0,0,0,4,2,50.0,1.6,0.8,0.0,0.0,3,3,,,,,,,,,,,,,0.0,0.0,1.2000000000000002,1.2000000000000002,,,,40.569395017793596,65.30249110320284,,63.345195729537366,66.54804270462633,,,
830,Sondre Langås,NOR,Derby County FC,DF,25,190,1,0,25,0.3,0,0,0,0,0,0,0,0,0,0,,0.0,0.0,,,0,0,,,,,,,,,,,,,0.0,0.0,0.0,0.0,,,,,,,11.73469387755102,10.034013605442176,,,
831,Henrik Falchener,NOR,Viking Stavanger,DF,23,194,1,1,65,0.7,0,0,0,0,0,0,0,0,0,0,,0.0,0.0,,,0,1,,,,,,,,,,,,,0.0,0.0,0.0,1.3846153846153846,,,,,,,11.73469387755102,73.9795918367347,,,
832,Julian Ryerson,NOR,Borussia Dortmund,FW,28,186,4,4,223,2.5,0,0,0,0,0,0,0,0,0,0,,0.0,0.0,,,8,0,,,,,,,,,,,,,0.0,0.0,3.2286995515695067,0.0,,,35.40856031128405,38.715953307393,11.478599221789883,23.151750972762645,,,,,
834,César Blackman,PAN,ŠK Slovan Bratislava,DF,28,174,2,2,178,2.0,0,0,0,0,0,0,1,0,2,1,50.0,1.01,0.51,0.0,0.0,0,1,,,,,,,,,,,,,0.0,0.0,0.0,0.5056179775280899,,,,,,,11.73469387755102,31.63265306122449,,,
835,José Córdoba,PAN,Norwich City FC,DF,25,189,3,3,270,3.0,0,0,0,0,0,0,0,0,0,0,,0.0,0.0,,,3,1,,,,,,,,,,,,,0.0,0.0,1.0,0.3333333333333333,,,,,,,58.673469387755105,22.61904761904762,,,
836,Fidel Escobar,PAN,Deportivo Saprissa,DF,31,184,1,1,90,1.0,0,0,0,0,0,0,0,0,0,0,,0.0,0.0,,,2,1,,,,,,,,,,,,,0.0,0.0,2.0,1.0,,,,,,,89.28571428571429,53.91156462585034,,,
838,Cristian Martínez,PAN,Hapoel Kiryat Shmona FC,MF,29,170,3,3,242,2.7,0,0,0,0,0,0,0,0,1,0,0.0,0.37,0.0,0.0,,4,1,,,,,,,,,,,,,0.0,0.0,1.487603305785124,0.371900826446281,,,,40.569395017793596,26.334519572953734,,74.73309608540926,34.519572953736656,,,
841,Tomás Rodríguez,PAN,Deportivo Saprissa,FW,27,183,2,1,46,0.5,0,0,0,0,0,0,0,0,1,1,100.0,1.96,1.96,0.0,0.0,0,0,,,,,,,,,,,,,0.0,0.0,0.0,0.0,,,35.40856031128405,38.715953307393,53.69649805447471,89.49416342412452,,,,,
842,Ismael Díaz,PAN,Club León,MF,29,184,2,0,37,0.4,0,0,0,0,0,0,0,0,6,2,33.3,14.59,4.86,0.0,0.0,1,0,,,,,,,,,,,,,0.0,0.0,2.4324324324324325,0.0,,,,40.569395017793596,98.93238434163702,,93.23843416370107,14.23487544483986,,,
845,Jiovany Ramos,PAN,Puerto Cabello CF,DF,29,188,2,2,166,1.8,0,0,0,0,0,0,0,0,2,0,0.0,1.08,0.0,0.0,,1,3,,,,,,,,,,,,,0.0,0.0,0.5421686746987953,1.6265060240963856,,,,,,,41.49659863945578,80.78231292517006,,,
846,Carlos Harvey,PAN,Minnesota United FC,DF,26,184,3,3,267,3.0,0,0,0,0,0,0,1,0,5,0,0.0,1.69,0.0,0.0,,3,0,,,,,,,,,,,,,0.0,0.0,1.0112359550561798,0.0,,,,,,,62.074829931972786,10.034013605442176,,,
849,José Fajardo,PAN,CD Universidad Católica,FW,32,184,3,1,155,1.7,0,0,0,0,0,0,1,0,1,0,0.0,0.58,0.0,0.0,,2,0,,,,,,,,,,,,,0.0,0.0,1.1612903225806452,0.0,,,35.40856031128405,38.715953307393,26.07003891050584,23.151750972762645,,,,,
850,Cecilio Waterman,PAN,CD Universidad De Concepción,FW,35,180,2,1,76,0.8,0,0,0,0,0,0,0,0,2,1,50.0,2.37,1.18,0.0,0.0,0,0,,,,,,,,,,,,,0.0,0.0,0.0,0.0,,,35.40856031128405,38.715953307393,63.81322957198443,73.34630350194551,,,,,
851,Alberto Quintero,PAN,CD Plaza Amador,MF,38,165,1,0,3,0.0,0,0,0,0,0,0,0,0,0,0,,0.0,0.0,,,0,0,,,,,,,,,,,,,0.0,0.0,0.0,0.0,,,,40.569395017793596,11.387900355871885,,12.98932384341637,14.23487544483986,,,
852,Aníbal Godoy,PAN,San Diego FC,MF,36,184,1,0,1,0.0,0,0,0,0,0,0,0,0,0,0,,0.0,0.0,,,0,0,,,,,,,,,,,,,0.0,0.0,0.0,0.0,,,,40.569395017793596,11.387900355871885,,12.98932384341637,14.23487544483986,,,
854,Orlando Mosquera,PAN,Al Fayha FC,GK,31,191,3,3,270,3.0,0,0,0,0,0,0,0,0,0,0,,0.0,0.0,,,0,0,4.0,1.33,11.0,7.0,63.6,0.0,0.0,0.0,0.0,0.0,0.0,,0.0,0.0,0.0,0.0,2.333333333333333,0.0,,,,,,,52.83018867924528,46.42857142857143,26.785714285714285
856,Azarías Londoño,PAN,CD Universidad Católica,FW,24,185,3,0,56,0.6,0,0,0,0,0,0,0,0,1,0,0.0,1.61,0.0,0.0,,0,1,,,,,,,,,,,,,0.0,0.0,0.0,1.607142857142857,,,35.40856031128405,38.715953307393,43.3852140077821,23.151750972762645,,,,,
858,Jorge Gutiérrez,PAN,Deportivo La Guaira,DF,27,171,1,1,87,1.0,0,0,0,0,0,0,0,0,0,0,,0.0,0.0,,,1,1,,,,,,,,,,,,,0.0,0.0,1.0344827586206895,1.0344827586206895,,,,,,,64.28571428571429,57.6530612244898,,,
861,Omar Alderete,PAR,Sunderland AFC,DF,29,190,4,4,320,3.6,0,0,0,0,0,0,0,0,1,0,0.0,0.28,0.0,0.0,,0,2,,,,,,,,,,,,,0.0,0.0,0.0,0.5625,,,,,,,11.73469387755102,33.6734693877551,,,
863,Fabián Balbuena,PAR,Grêmio FBPA,DF,34,188,1,0,1,0.0,0,0,0,0,0,0,0,0,0,0,,0.0,0.0,,,0,0,,,,,,,,,,,,,0.0,0.0,0.0,0.0,,,,,,,11.73469387755102,10.034013605442176,,,
864,Júnior Alonso,PAR,Atlético Mineiro,DF,33,184,5,4,390,4.3,0,0,0,0,0,0,1,0,3,1,33.3,0.69,0.23,0.0,0.0,9,4,,,,,,,,,,,,,0.0,0.0,2.076923076923077,0.9230769230769232,,,,,,,92.51700680272108,48.63945578231292,,,
865,Ramón Sosa,PAR,SE Palmeiras,MF,26,178,1,0,12,0.1,0,0,0,0,0,0,0,0,0,0,,0.0,0.0,,,0,0,,,,,,,,,,,,,0.0,0.0,0.0,0.0,,,,40.569395017793596,11.387900355871885,,12.98932384341637,14.23487544483986,,,
866,Diego Gómez,PAR,Brighton & Hove Albion FC,MF,23,183,4,4,304,3.4,0,0,0,0,0,0,2,0,6,0,0.0,1.78,0.0,0.0,,6,9,,,,,,,,,,,,,0.0,0.0,1.776315789473684,2.664473684210526,,,,40.569395017793596,71.53024911032028,,82.56227758007117,95.37366548042705,,,
867,Antonio Sanabria,PAR,US Cremonese,FW,30,180,2,1,83,0.9,0,0,0,0,0,0,0,0,0,0,,0.0,0.0,,,2,0,,,,,,,,,,,,,0.0,0.0,2.168674698795181,0.0,,,35.40856031128405,38.715953307393,11.478599221789883,23.151750972762645,,,,,
868,Miguel Almirón,PAR,Atlanta United FC,MF,32,178,4,4,282,3.1,0,0,0,0,0,0,1,1,4,0,0.0,1.28,0.0,0.0,,7,3,,,,,,,,,,,,,0.0,0.0,2.2340425531914896,0.9574468085106382,,,,40.569395017793596,55.51601423487544,,91.10320284697508,59.430604982206404,,,
869,Mauricio,PAR,SE Palmeiras,MF,24,175,4,0,173,1.9,1,0,1,1,0,0,0,0,4,3,75.0,2.08,1.56,0.25,0.33,6,1,,,,,,,,,,,,,0.5202312138728323,0.0,3.1213872832369938,0.5202312138728323,,,,40.569395017793596,78.46975088967972,,96.79715302491103,41.281138790035584,,,
870,Orlando Gill,PAR,CA San Lorenzo,GK,26,190,5,5,480,5.3,0,0,0,0,0,0,0,0,0,0,,0.0,0.0,,,0,0,6.0,1.13,29.0,23.0,79.3,2.0,40.0,1.0,1.0,0.0,0.0,0.0,0.0,0.0,0.0,0.0,4.3125,0.375,,,,,,,88.67924528301887,85.71428571428571,75.0
871,José Canale,PAR,CA Lanús,DF,29,192,4,1,161,1.8,0,0,0,0,0,0,0,0,0,0,,0.0,0.0,,,6,1,,,,,,,,,,,,,0.0,0.0,3.354037267080745,0.5590062111801242,,,,,,,96.93877551020408,33.33333333333333,,,
872,Andrés Cubas,PAR,Vancouver Whitecaps FC,MF,30,166,5,5,480,5.3,0,0,0,0,0,0,1,0,1,0,0.0,0.19,0.0,0.0,,13,11,,,,,,,,,,,,,0.0,0.0,2.4375,2.0625,,,,40.569395017793596,22.77580071174377,,93.59430604982207,90.39145907473309,,,
873,Gustavo Gómez,PAR,SE Palmeiras,DF,33,179,5,5,480,5.3,0,0,0,0,0,0,0,0,2,0,0.0,0.37,0.0,0.0,,3,2,,,,,,,,,,,,,0.0,0.0,0.5625,0.375,,,,,,,42.17687074829932,23.809523809523807,,,
874,Damián Bobadilla,PAR,São Paulo FC,MF,24,180,4,2,189,2.1,0,0,0,0,0,0,0,0,0,0,,0.0,0.0,,,3,5,,,,,,,,,,,,,0.0,0.0,1.4285714285714284,2.380952380952381,,,,40.569395017793596,11.387900355871885,,72.41992882562278,93.59430604982207,,,
876,Álex Arce,PAR,CS Independiente Rivadavia,FW,30,188,2,0,53,0.6,0,0,0,0,0,0,1,0,0,0,,0.0,0.0,,,1,0,,,,,,,,,,,,,0.0,0.0,1.6981132075471697,0.0,,,35.40856031128405,38.715953307393,11.478599221789883,23.151750972762645,,,,,
877,Julio Enciso,PAR,RC Strasbourg,FW,22,168,5,5,386,4.3,1,2,3,1,0,0,0,0,8,1,12.5,1.87,0.23,0.13,1.0,5,1,,,,,,,,,,,,,0.233160621761658,0.466321243523316,1.16580310880829,0.233160621761658,,,73.15175097276264,90.27237354085604,50.583657587548636,46.69260700389105,,,,,
878,Braian Ojeda,PAR,Orlando City SC,MF,25,173,1,0,22,0.2,0,0,0,0,0,0,0,0,0,0,,0.0,0.0,,,0,0,,,,,,,,,,,,,0.0,0.0,0.0,0.0,,,,40.569395017793596,11.387900355871885,,12.98932384341637,14.23487544483986,,,
879,Gabriel Ávalos,PAR,CA Independiente,FW,34,185,4,2,141,1.6,0,0,0,0,0,0,0,0,1,0,0.0,0.64,0.0,0.0,,2,0,,,,,,,,,,,,,0.0,0.0,1.2765957446808511,0.0,,,35.40856031128405,38.715953307393,26.848249027237355,23.151750972762645,,,,,
881,Matías Galarza,PAR,Atlanta United FC,MF,24,175,4,4,388,4.3,1,1,2,1,0,0,2,0,2,1,50.0,0.46,0.23,0.5,1.0,11,7,,,,,,,,,,,,,0.2319587628865979,0.2319587628865979,2.551546391752577,1.6237113402061851,,,,83.62989323843416,29.00355871886121,,94.30604982206405,80.0711743772242,,,
882,Gustavo Caballero,PAR,Portsmouth FC,MF,24,189,2,0,96,1.1,0,0,0,0,0,0,0,0,1,1,100.0,0.94,0.94,0.0,0.0,2,0,,,,,,,,,,,,,0.0,0.0,1.875,0.0,,,,40.569395017793596,42.704626334519574,,83.98576512455516,14.23487544483986,,,
883,Isidro Pitta,PAR,Red Bull Bragantino,FW,26,185,1,1,45,0.5,0,0,0,0,0,0,0,0,0,0,,0.0,0.0,,,0,0,,,,,,,,,,,,,0.0,0.0,0.0,0.0,,,35.40856031128405,38.715953307393,11.478599221789883,23.151750972762645,,,,,
884,Alexandro Maidana,PAR,CA Talleres,DF,20,173,2,1,55,0.6,0,0,0,0,0,0,0,0,0,0,,0.0,0.0,,,0,1,,,,,,,,,,,,,0.0,0.0,0.0,1.6363636363636362,,,,,,,11.73469387755102,81.63265306122449,,,
885,Diogo Costa,POR,FC Porto,GK,26,188,5,5,450,5.0,0,0,0,0,0,0,0,0,0,0,,0.0,0.0,,,0,0,3.0,0.6,22.0,19.0,86.4,2.0,40.0,0.0,0.0,0.0,0.0,,0.0,0.0,0.0,0.0,3.8,0.4,,,,,,,98.11320754716981,80.35714285714286,80.35714285714286
886,Nélson Semedo,POR,Fenerbahçe SK,DF,32,179,4,0,127,1.4,0,0,0,0,0,0,1,0,0,0,,0.0,0.0,,,0,0,,,,,,,,,,,,,0.0,0.0,0.0,0.0,,,,,,,11.73469387755102,10.034013605442176,,,
887,Rúben Dias,POR,Manchester City FC,DF,29,187,4,4,360,4.0,0,0,0,0,0,0,1,0,0,0,,0.0,0.0,,,3,5,,,,,,,,,,,,,0.0,0.0,0.75,1.25,,,,,,,49.82993197278912,67.51700680272108,,,
888,Tomás Araújo,POR,SL Benfica,DF,24,187,1,1,90,1.0,0,0,0,0,0,0,1,0,0,0,,0.0,0.0,,,0,1,,,,,,,,,,,,,0.0,0.0,0.0,1.0,,,,,,,11.73469387755102,53.91156462585034,,,
889,Diogo Dalot,POR,Manchester United FC,DF,27,184,2,0,65,0.7,0,0,0,0,0,0,0,0,1,0,0.0,1.38,0.0,0.0,,2,0,,,,,,,,,,,,,0.0,0.0,2.769230769230769,0.0,,,,,,,95.23809523809523,10.034013605442176,,,
890,Matheus Nunes,POR,Manchester City FC,MF,27,183,1,0,1,0.0,0,0,0,0,0,0,0,0,0,0,,0.0,0.0,,,0,0,,,,,,,,,,,,,0.0,0.0,0.0,0.0,,,,40.569395017793596,11.387900355871885,,12.98932384341637,14.23487544483986,,,
891,Cristiano Ronaldo,POR,Al Nassr FC,FW,41,185,5,5,440,4.9,3,0,3,2,1,1,0,0,18,9,50.0,3.68,1.84,0.17,0.33,1,1,,,,,,,,,,,,,0.6136363636363636,0.0,0.2045454545454545,0.2045454545454545,,,82.87937743190662,38.715953307393,81.71206225680933,87.15953307392996,,,,,
892,Bruno Fernandes,POR,Manchester United FC,MF,31,183,5,5,422,4.7,0,1,1,0,0,0,0,0,9,3,33.3,1.92,0.64,0.0,0.0,5,0,,,,,,,,,,,,,0.0,0.2132701421800948,1.066350710900474,0.0,,,,83.27402135231317,73.66548042704626,,58.362989323843415,14.23487544483986,,,
893,Gonçalo Ramos,POR,Paris Saint-Germain,FW,24,185,2,0,36,0.4,1,0,1,1,0,0,0,0,2,1,50.0,5.0,2.5,0.5,1.0,0,0,,,,,,,,,,,,,2.5,0.0,0.0,0.0,,,100.0,38.715953307393,93.3852140077821,95.3307392996109,,,,,
894,Bernardo Silva,POR,Manchester City FC,MF,31,173,4,1,97,1.1,0,0,0,0,0,0,2,0,1,0,0.0,0.93,0.0,0.0,,0,1,,,,,,,,,,,,,0.0,0.0,0.0,0.9278350515463918,,,,40.569395017793596,41.99288256227758,,12.98932384341637,58.00711743772242,,,
895,João Félix,POR,Al Nassr FC,FW,26,179,3,3,201,2.2,0,0,0,0,0,0,0,0,6,1,16.7,2.69,0.45,0.0,0.0,4,3,,,,,,,,,,,,,0.0,0.0,1.791044776119403,1.343283582089552,,,35.40856031128405,38.715953307393,67.89883268482491,50.97276264591439,,,,,
897,Renato Veiga,POR,Villarreal CF,DF,22,188,5,5,450,5.0,0,0,0,0,0,0,2,0,2,0,0.0,0.4,0.0,0.0,,1,6,,,,,,,,,,,,,0.0,0.0,0.2,1.2000000000000002,,,,,,,24.149659863945576,65.1360544217687,,,
899,João Neves,POR,Paris Saint-Germain,MF,21,171,5,4,390,4.3,1,0,1,1,0,0,0,0,3,1,33.3,0.69,0.23,0.33,1.0,7,4,,,,,,,,,,,,,0.2307692307692307,0.0,1.6153846153846152,0.9230769230769232,,,,40.569395017793596,34.519572953736656,,79.00355871886121,57.65124555160143,,,
900,Francisco Trincão,POR,Sporting CP,FW,26,184,1,0,28,0.3,0,0,0,0,0,0,0,0,1,0,0.0,3.21,0.0,0.0,,1,0,,,,,,,,,,,,,0.0,0.0,3.214285714285714,0.0,,,35.40856031128405,38.715953307393,77.04280155642024,23.151750972762645,,,,,
901,Rafael Leão,POR,AC Milan,FW,27,188,5,1,158,1.8,1,1,2,1,0,0,0,0,4,1,25.0,2.28,0.57,0.25,1.0,0,2,,,,,,,,,,,,,0.569620253164557,0.569620253164557,0.0,1.139240506329114,,,81.71206225680933,92.99610894941634,60.505836575875485,54.08560311284047,,,,,
902,Pedro Neto,POR,Chelsea FC,FW,26,174,5,5,350,3.9,0,1,1,0,0,0,0,0,1,0,0.0,0.26,0.0,0.0,,2,0,,,,,,,,,,,,,0.0,0.2571428571428571,0.5142857142857142,0.0,,,35.40856031128405,81.90661478599222,22.957198443579767,23.151750972762645,,,,,
904,João Cancelo,POR,FC Barcelona,DF,32,173,5,5,312,3.5,0,1,1,0,0,0,0,0,3,0,0.0,0.87,0.0,0.0,,4,5,,,,,,,,,,,,,0.0,0.2884615384615384,1.1538461538461535,1.442307692307692,,,,,,,68.87755102040816,75.51020408163265,,,
905,Rúben Neves,POR,Al Hilal SC,MF,29,183,2,1,55,0.6,0,0,0,0,0,0,0,0,2,0,0.0,3.27,0.0,0.0,,0,0,,,,,,,,,,,,,0.0,0.0,0.0,0.0,,,,40.569395017793596,92.34875444839858,,12.98932384341637,14.23487544483986,,,
907,Vitinha,POR,Paris Saint-Germain,MF,26,170,5,5,376,4.2,0,0,0,0,0,0,0,0,4,0,0.0,0.96,0.0,0.0,,0,2,,,,,,,,,,,,,0.0,0.0,0.0,0.4787234042553191,,,,40.569395017793596,43.41637010676156,,12.98932384341637,39.32384341637011,,,
908,Samu Costa,POR,RCD Mallorca,DF,25,185,1,0,21,0.2,0,0,0,0,0,0,0,0,0,0,,0.0,0.0,,,1,0,,,,,,,,,,,,,0.0,0.0,4.285714285714286,0.0,,,,,,,98.46938775510205,10.034013605442176,,,
909,Nuno Mendes,POR,Paris Saint-Germain,DF,23,177,5,5,395,4.4,1,0,1,1,0,0,0,0,3,1,33.3,0.68,0.23,0.33,1.0,6,0,,,,,,,,,,,,,0.2278481012658227,0.0,1.3670886075949369,0.0,,,,,,,76.53061224489795,10.034013605442176,,,
910,Francisco Conceição,POR,Juventus FC,FW,23,166,4,0,126,1.4,0,0,0,0,0,0,0,0,2,0,0.0,1.43,0.0,0.0,,2,0,,,,,,,,,,,,,0.0,0.0,1.4285714285714284,0.0,,,35.40856031128405,38.715953307393,38.52140077821012,23.151750972762645,,,,,
911,Mahmoud Abunada,QAT,Al Rayyan SC,GK,26,185,3,3,270,3.0,0,0,0,0,0,0,1,0,0,0,,0.0,0.0,,,0,0,10.0,3.33,22.0,12.0,54.5,0.0,0.0,1.0,1.0,0.0,0.0,0.0,0.0,0.0,0.0,0.0,4.0,0.0,,,,,,,31.132075471698112,82.14285714285714,26.785714285714285
913,Lucas Mendes,QAT,Al Wakrah SC,DF,35,179,1,0,4,0.0,0,0,0,0,0,0,0,0,0,0,,0.0,0.0,,,0,0,,,,,,,,,,,,,0.0,0.0,0.0,0.0,,,,,,,11.73469387755102,10.034013605442176,,,
914,Issa Laye,QAT,Al Arabi SC,DF,28,178,3,3,270,3.0,0,0,0,0,0,0,0,0,1,0,0.0,0.33,0.0,0.0,,1,1,,,,,,,,,,,,,0.0,0.0,0.3333333333333333,0.3333333333333333,,,,,,,29.25170068027211,22.61904761904762,,,
915,Jassem Gaber,QAT,Al Rayyan SC,DF,24,181,3,3,149,1.7,0,0,0,0,0,0,1,0,0,0,,0.0,0.0,,,2,0,,,,,,,,,,,,,0.0,0.0,1.2080536912751678,0.0,,,,,,,71.25850340136054,10.034013605442176,,,
916,Abdulaziz Hatem,QAT,Al Rayyan SC,MF,36,179,1,0,45,0.5,0,0,0,0,0,0,0,0,0,0,,0.0,0.0,,,0,0,,,,,,,,,,,,,0.0,0.0,0.0,0.0,,,,40.569395017793596,11.387900355871885,,12.98932384341637,14.23487544483986,,,
917,Ahmed Alaaeldin,QAT,Al Rayyan SC,FW,33,179,2,0,43,0.5,0,0,0,0,0,0,0,0,1,1,100.0,2.09,2.09,0.0,0.0,1,0,,,,,,,,,,,,,0.0,0.0,2.0930232558139537,0.0,,,35.40856031128405,38.715953307393,57.39299610894941,91.63424124513618,,,,,
918,Edmilson Junior,QAT,Al Duhail SC,FW,31,180,3,3,210,2.3,0,1,1,0,0,0,0,0,3,2,66.7,1.29,0.86,0.0,0.0,1,0,,,,,,,,,,,,,0.0,0.4285714285714286,0.4285714285714286,0.0,,,35.40856031128405,89.88326848249028,36.18677042801556,65.36964980544747,,,,,
921,Akram Afif,QAT,Al Sadd SC,FW,29,176,3,3,238,2.6,0,0,0,0,0,0,0,0,2,0,0.0,0.76,0.0,0.0,,1,0,,,,,,,,,,,,,0.0,0.0,0.3781512605042016,0.0,,,35.40856031128405,38.715953307393,28.404669260700388,23.151750972762645,,,,,
922,Karim Boudiaf,QAT,Al Duhail SC,MF,35,190,2,1,102,1.1,0,0,0,0,0,0,0,0,1,0,0.0,0.88,0.0,0.0,,0,0,,,,,,,,,,,,,0.0,0.0,0.0,0.0,,,,40.569395017793596,40.569395017793596,,12.98932384341637,14.23487544483986,,,
924,Homam Ahmed,QAT,Cultural Leonesa,DF,26,188,2,2,122,1.4,0,1,1,0,0,0,0,1,1,0,0.0,0.74,0.0,0.0,,1,3,,,,,,,,,,,,,0.0,0.7377049180327869,0.7377049180327869,2.2131147540983607,,,,,,,48.63945578231292,93.19727891156462,,,
925,Yusuf Abdurisag,QAT,Al Wakrah SC,FW,26,171,2,2,98,1.1,0,0,0,0,0,0,0,0,0,0,,0.0,0.0,,,2,1,,,,,,,,,,,,,0.0,0.0,1.8367346938775508,0.9183673469387754,,,35.40856031128405,38.715953307393,11.478599221789883,23.151750972762645,,,,,
926,Boualem Khoukhi,QAT,Al Sadd SC,DF,35,185,3,3,270,3.0,1,0,1,1,0,0,0,0,3,1,33.3,1.0,0.33,0.33,1.0,3,3,,,,,,,,,,,,,0.3333333333333333,0.0,1.0,1.0,,,,,,,58.673469387755105,53.91156462585034,,,
929,Almoez Ali,QAT,Al Duhail SC,FW,29,180,1,0,19,0.2,0,0,0,0,0,0,0,0,1,1,100.0,4.74,4.74,0.0,0.0,0,0,,,,,,,,,,,,,0.0,0.0,0.0,0.0,,,35.40856031128405,38.715953307393,91.43968871595331,99.61089494163424,,,,,
930,Ahmed Fathy,QAT,Al Arabi SC,MF,33,171,3,1,150,1.7,0,0,0,0,0,0,2,0,0,0,,0.0,0.0,,,3,3,,,,,,,,,,,,,0.0,0.0,1.8,1.8,,,,40.569395017793596,11.387900355871885,,83.27402135231317,84.34163701067615,,,
933,Assim Madibo,QAT,Al Wakrah SC,MF,29,168,2,2,131,1.5,0,0,0,0,0,0,0,1,0,0,,0.0,0.0,,,1,4,,,,,,,,,,,,,0.0,0.0,0.6870229007633587,2.748091603053435,,,,40.569395017793596,11.387900355871885,,40.569395017793596,95.72953736654804,,,
936,Mohamed Manai,QAT,Al Shamal SC,FW,23,180,3,0,69,0.8,0,0,0,0,0,0,0,0,0,0,,0.0,0.0,,,0,2,,,,,,,,,,,,,0.0,0.0,0.0,2.608695652173913,,,35.40856031128405,38.715953307393,11.478599221789883,23.151750972762645,,,,,
939,Ali Lajami,KSA,Al Hilal SC,DF,30,177,3,1,149,1.7,0,0,0,0,0,0,0,0,0,0,,0.0,0.0,,,2,3,,,,,,,,,,,,,0.0,0.0,1.2080536912751678,1.8120805369127515,,,,,,,71.25850340136054,85.03401360544217,,,
948,Saud Abdulhamid,KSA,RC Lens,DF,26,172,3,3,269,3.0,0,0,0,0,0,0,1,0,2,0,0.0,0.67,0.0,0.0,,9,2,,,,,,,,,,,,,0.0,0.0,3.011152416356877,0.6691449814126393,,,,,,,96.5986394557823,39.455782312925166,,,
959,Mohamed Kanno,KSA,Al Hilal SC,MF,31,191,3,2,225,2.5,0,0,0,0,0,0,1,0,3,2,66.7,1.2,0.8,0.0,0.0,4,2,,,,,,,,,,,,,0.0,0.0,1.6,0.8,,,,40.569395017793596,52.313167259786475,,78.29181494661923,53.736654804270465,,,
963,Angus Gunn,SCO,Nottingham Forest FC,GK,30,196,3,3,270,3.0,0,0,0,0,0,0,0,0,0,0,,0.0,0.0,,,1,0,4.0,1.33,12.0,8.0,66.7,1.0,33.3,0.0,0.0,0.0,0.0,,0.0,0.0,0.3333333333333333,0.0,2.666666666666667,0.3333333333333333,,,,,,,57.54716981132076,55.35714285714286,71.42857142857143
964,Aaron Hickey,SCO,Brentford FC,DF,24,185,1,1,74,0.8,0,0,0,0,0,0,1,0,0,0,,0.0,0.0,,,0,1,,,,,,,,,,,,,0.0,0.0,0.0,1.2162162162162162,,,,,,,11.73469387755102,65.64625850340136,,,
965,Andy Robertson,SCO,Liverpool FC,DF,32,178,3,3,225,2.5,0,0,0,0,0,0,1,0,0,0,,0.0,0.0,,,1,2,,,,,,,,,,,,,0.0,0.0,0.4,0.8,,,,,,,33.50340136054422,42.68707482993197,,,
966,Scott McTominay,SCO,SSC Napoli,MF,29,193,3,3,270,3.0,0,0,0,0,0,0,0,0,8,3,37.5,2.67,1.0,0.0,0.0,2,0,,,,,,,,,,,,,0.0,0.0,0.6666666666666667,0.0,,,,40.569395017793596,87.01067615658363,,40.0355871886121,14.23487544483986,,,
967,Grant Hanley,SCO,Hibernian FC,DF,34,188,2,2,180,2.0,0,0,0,0,0,0,0,0,0,0,,0.0,0.0,,,2,1,,,,,,,,,,,,,0.0,0.0,1.0,0.5,,,,,,,58.673469387755105,30.102040816326532,,,
968,Kieran Tierney,SCO,Celtic FC,DF,29,180,2,1,104,1.2,0,0,0,0,0,0,0,0,2,0,0.0,1.73,0.0,0.0,,1,2,,,,,,,,,,,,,0.0,0.0,0.8653846153846154,1.7307692307692308,,,,,,,54.421768707483,83.6734693877551,,,
969,John McGinn,SCO,Aston Villa FC,MF,31,178,3,3,259,2.9,1,0,1,1,0,0,0,0,3,1,33.3,1.04,0.35,0.33,1.0,0,0,,,,,,,,,,,,,0.3474903474903475,0.0,0.0,0.0,,,,40.569395017793596,48.57651245551601,,12.98932384341637,14.23487544483986,,,
971,Lyndon Dykes,SCO,Charlton Athletic FC,FW,30,188,2,0,36,0.4,0,0,0,0,0,0,0,0,1,0,0.0,2.5,0.0,0.0,,0,0,,,,,,,,,,,,,0.0,0.0,0.0,0.0,,,35.40856031128405,38.715953307393,66.9260700389105,23.151750972762645,,,,,
972,Ché Adams,SCO,Torino FC,FW,29,175,3,2,145,1.6,0,0,0,0,0,0,0,0,1,1,100.0,0.62,0.62,0.0,0.0,1,0,,,,,,,,,,,,,0.0,0.0,0.6206896551724138,0.0,,,35.40856031128405,38.715953307393,26.459143968871597,56.03112840466926,,,,,
973,Ryan Christie,SCO,AFC Bournemouth,MF,31,178,3,1,95,1.1,0,0,0,0,0,0,1,0,2,0,0.0,1.89,0.0,0.0,,3,2,,,,,,,,,,,,,0.0,0.0,2.8421052631578947,1.894736842105263,,,,40.569395017793596,73.13167259786478,,96.08540925266904,85.40925266903915,,,
975,Jack Hendry,SCO,Al Ettifaq FC,DF,31,192,3,3,270,3.0,0,0,0,0,0,0,0,0,0,0,,0.0,0.0,,,2,0,,,,,,,,,,,,,0.0,0.0,0.6666666666666667,0.0,,,,,,,45.06802721088435,10.034013605442176,,,
976,Ross Stewart,SCO,Southampton FC,FW,29,188,1,0,2,0.0,0,0,0,0,0,0,0,0,0,0,,0.0,0.0,,,0,0,,,,,,,,,,,,,0.0,0.0,0.0,0.0,,,35.40856031128405,38.715953307393,11.478599221789883,23.151750972762645,,,,,
979,Ben Gannon-Doak,SCO,AFC Bournemouth,FW,20,173,3,2,186,2.1,0,0,0,0,0,0,0,0,4,0,0.0,1.94,0.0,0.0,,1,0,,,,,,,,,,,,,0.0,0.0,0.4838709677419355,0.0,,,35.40856031128405,38.715953307393,52.918287937743195,23.151750972762645,,,,,
981,Lewis Ferguson,SCO,Bologna FC,MF,26,181,3,3,270,3.0,0,0,0,0,0,0,0,0,2,1,50.0,0.67,0.33,0.0,0.0,7,4,,,,,,,,,,,,,0.0,0.0,2.333333333333333,1.3333333333333337,,,,40.569395017793596,32.91814946619217,,91.81494661921708,70.64056939501779,,,
982,Lawrence Shankland,SCO,Heart Of Midlothian FC,FW,30,185,2,2,171,1.9,0,0,0,0,0,0,0,0,4,0,0.0,2.11,0.0,0.0,,1,0,,,,,,,,,,,,,0.0,0.0,0.5263157894736842,0.0,,,35.40856031128405,38.715953307393,58.36575875486382,23.151750972762645,,,,,
984,Nathan Patterson,SCO,Everton FC,DF,24,183,3,2,185,2.1,0,0,0,0,0,0,0,0,0,0,,0.0,0.0,,,2,3,,,,,,,,,,,,,0.0,0.0,0.972972972972973,1.4594594594594597,,,,,,,55.78231292517006,75.85034013605441,,,
985,Kenny McLean,SCO,Norwich City FC,MF,34,183,3,1,118,1.3,0,0,0,0,0,0,1,0,1,0,0.0,0.76,0.0,0.0,,1,2,,,,,,,,,,,,,0.0,0.0,0.7627118644067796,1.5254237288135593,,,,40.569395017793596,37.36654804270463,,45.729537366548044,77.40213523131672,,,
986,Anthony Ralston,SCO,Celtic FC,DF,27,178,2,0,11,0.1,0,0,0,0,0,0,0,0,1,1,100.0,8.18,8.18,0.0,0.0,0,0,,,,,,,,,,,,,0.0,0.0,0.0,0.0,,,,,,,11.73469387755102,10.034013605442176,,,
987,Findlay Curtis,SCO,Kilmarnock FC,FW,20,180,2,0,9,0.1,0,0,0,0,0,0,1,0,0,0,,0.0,0.0,,,0,0,,,,,,,,,,,,,0.0,0.0,0.0,0.0,,,35.40856031128405,38.715953307393,11.478599221789883,23.151750972762645,,,,,
988,Scott McKenna,SCO,GNK Dinamo Zagreb,DF,29,189,1,1,90,1.0,0,0,0,0,0,0,0,0,0,0,,0.0,0.0,,,0,0,,,,,,,,,,,,,0.0,0.0,0.0,0.0,,,,,,,11.73469387755102,10.034013605442176,,,
991,Kalidou Koulibaly,SEN,Al Hilal SC,DF,34,186,2,2,161,1.8,0,0,0,0,0,0,0,0,0,0,,0.0,0.0,,,1,2,,,,,,,,,,,,,0.0,0.0,0.5590062111801242,1.1180124223602483,,,,,,,41.83673469387755,61.564625850340136,,,
992,Abdoulaye Seck,SEN,Maccabi Haifa FC,DF,34,192,1,1,57,0.6,0,1,1,0,0,0,1,0,2,0,0.0,3.16,0.0,0.0,,0,0,,,,,,,,,,,,,0.0,1.5789473684210529,0.0,0.0,,,,,,,11.73469387755102,10.034013605442176,,,
994,Pathé Ciss,SEN,Rayo Vallecano,MF,32,186,4,1,184,2.0,0,0,0,0,0,0,0,0,2,1,50.0,0.98,0.49,0.0,0.0,0,0,,,,,,,,,,,,,0.0,0.0,0.0,0.0,,,,40.569395017793596,44.128113879003564,,12.98932384341637,14.23487544483986,,,
995,Assane Diao,SEN,Como,FW,20,185,1,0,10,0.1,0,0,0,0,0,0,0,0,0,0,,0.0,0.0,,,1,0,,,,,,,,,,,,,0.0,0.0,9.0,0.0,,,35.40856031128405,38.715953307393,11.478599221789883,23.151750972762645,,,,,
996,Lamine Camara,SEN,AS Monaco,MF,22,174,4,3,248,2.8,0,1,1,0,0,0,1,0,3,0,0.0,1.09,0.0,0.0,,1,2,,,,,,,,,,,,,0.0,0.3629032258064516,0.3629032258064516,0.7258064516129032,,,,90.39145907473309,49.46619217081851,,29.537366548042705,50.0,,,
997,Bamba Dieng,SEN,FC Lorient,FW,26,178,1,0,8,0.1,0,0,0,0,0,0,0,0,0,0,,0.0,0.0,,,0,0,,,,,,,,,,,,,0.0,0.0,0.0,0.0,,,35.40856031128405,38.715953307393,11.478599221789883,23.151750972762645,,,,,
998,Sadio Mané,SEN,Al Nassr FC,FW,34,175,4,4,362,4.0,0,1,1,0,0,0,0,0,6,3,50.0,1.49,0.75,0.0,0.0,2,3,,,,,,,,,,,,,0.0,0.2486187845303867,0.4972375690607734,0.7458563535911602,,,35.40856031128405,80.93385214007782,39.688715953307394,62.06225680933852,,,,,
999,Nicolas Jackson,SEN,FC Bayern München,FW,24,187,4,2,234,2.6,0,1,1,0,0,0,0,0,7,3,42.9,2.69,1.15,0.0,0.0,2,1,,,,,,,,,,,,,0.0,0.3846153846153846,0.7692307692307693,0.3846153846153846,,,35.40856031128405,87.7431906614786,67.89883268482491,71.01167315175097,,,,,
1001,Iliman Ndiaye,SEN,Everton FC,FW,26,180,3,1,114,1.3,1,2,3,1,0,0,0,0,3,2,66.7,2.37,1.58,0.33,0.5,0,2,,,,,,,,,,,,,0.7894736842105263,1.5789473684210529,0.0,1.5789473684210529,,,88.715953307393,98.83268482490273,63.81322957198443,81.71206225680933,,,,,
1002,Ismail Jakobs,SEN,Galatasaray SK,DF,26,184,3,2,219,2.4,0,0,0,0,0,0,0,0,1,0,0.0,0.41,0.0,0.0,,2,2,,,,,,,,,,,,,0.0,0.0,0.821917808219178,0.821917808219178,,,,,,,52.04081632653062,43.53741496598639,,,
1003,Krépin Diatta,SEN,AS Monaco,DF,27,173,4,4,390,4.3,0,0,0,0,0,0,0,0,1,0,0.0,0.23,0.0,0.0,,10,3,,,,,,,,,,,,,0.0,0.0,2.3076923076923075,0.6923076923076923,,,,,,,94.21768707482994,40.476190476190474,,,
1004,Édouard Mendy,SEN,Al Ahli FC,GK,34,194,2,2,152,1.7,0,0,0,0,0,0,0,0,0,0,,0.0,0.0,,,0,0,6.0,3.55,14.0,8.0,57.1,0.0,0.0,0.0,0.0,0.0,0.0,,0.0,0.0,0.0,0.0,4.7368421052631575,0.0,,,,,,,39.62264150943396,87.5,26.785714285714285
1006,Ismaila Sarr,SEN,Crystal Palace FC,FW,28,185,4,4,364,4.0,4,1,5,4,0,0,0,0,17,6,35.3,4.2,1.48,0.24,0.67,1,2,,,,,,,,,,,,,0.989010989010989,0.2472527472527472,0.2472527472527472,0.4945054945054945,,,94.16342412451361,80.54474708171206,87.54863813229572,79.57198443579766,,,,,
1007,Moussa Niakhaté,SEN,Olympique Lyonnais,DF,30,190,4,4,390,4.3,0,1,1,0,0,0,0,0,1,0,0.0,0.23,0.0,0.0,,1,4,,,,,,,,,,,,,0.0,0.2307692307692307,0.2307692307692307,0.9230769230769232,,,,,,,24.65986394557823,48.63945578231292,,,
1008,Ibrahim Mbaye,SEN,Paris Saint-Germain,FW,18,175,4,1,157,1.7,1,0,1,1,0,0,0,0,4,1,25.0,2.29,0.57,0.25,1.0,0,1,,,,,,,,,,,,,0.5732484076433121,0.0,0.0,0.5732484076433121,,,82.10116731517509,38.715953307393,61.08949416342413,54.08560311284047,,,,,
1009,Habib Diarra,SEN,Sunderland AFC,MF,22,178,3,2,143,1.6,2,0,2,2,0,0,0,0,4,2,50.0,2.52,1.26,0.5,1.0,2,1,,,,,,,,,,,,,1.2587412587412588,0.0,1.2587412587412588,0.6293706293706294,,,,40.569395017793596,85.40925266903915,,64.76868327402136,44.128113879003564,,,
1011,Mory Diaw,SEN,Le Havre AC,GK,32,197,3,2,238,2.6,0,0,0,0,0,0,0,0,0,0,,0.0,0.0,,,0,0,3.0,1.13,7.0,4.0,57.1,1.0,50.0,1.0,1.0,0.0,0.0,0.0,0.0,0.0,0.0,0.0,1.512605042016807,0.3781512605042016,,,,,,,39.62264150943396,26.785714285714285,76.78571428571429
1014,Pape Gueye,SEN,Villarreal CF,MF,27,189,4,3,234,2.6,2,1,3,2,0,0,1,0,8,3,37.5,3.08,1.15,0.25,0.67,1,4,,,,,,,,,,,,,0.7692307692307693,0.3846153846153846,0.3846153846153846,1.5384615384615383,,,,91.10320284697508,91.10320284697508,,30.071174377224196,77.93594306049823,,,
1015,Ronwen Williams,RSA,Mamelodi Sundowns FC,GK,34,184,4,4,360,4.0,0,0,0,0,0,0,0,0,0,0,,0.0,0.0,,,0,1,4.0,1.0,15.0,11.0,73.3,1.0,25.0,0.0,0.0,0.0,0.0,,0.0,0.0,0.0,0.25,2.75,0.25,,,,,,,76.41509433962264,58.92857142857143,59.82142857142857
1018,Teboho Mokoena,RSA,Mamelodi Sundowns FC,MF,29,177,3,3,270,3.0,1,0,1,0,1,1,2,0,4,2,50.0,1.33,0.67,0.25,0.5,3,5,,,,,,,,,,,,,0.3333333333333333,0.0,1.0,1.6666666666666663,,,,40.569395017793596,57.47330960854092,,55.16014234875445,81.31672597864768,,,
1019,Thalente Mbatha,RSA,Orlando Pirates FC,MF,26,179,4,2,260,2.9,0,0,0,0,0,0,1,0,4,1,25.0,1.38,0.35,0.0,0.0,2,5,,,,,,,,,,,,,0.0,0.0,0.6923076923076923,1.7307692307692308,,,,40.569395017793596,58.89679715302491,,41.281138790035584,82.91814946619218,,,
1020,Aubrey Modiba,RSA,Mamelodi Sundowns FC,DF,30,171,4,4,346,3.8,0,0,0,0,0,0,1,0,5,1,20.0,1.3,0.26,0.0,0.0,5,4,,,,,,,,,,,,,0.0,0.0,1.300578034682081,1.0404624277456649,,,,,,,74.14965986394559,58.16326530612245,,,
1021,Oswin Appollis,RSA,Orlando Pirates FC,FW,24,171,4,3,255,2.8,0,0,0,0,0,0,0,0,4,1,25.0,1.41,0.35,0.0,0.0,3,1,,,,,,,,,,,,,0.0,0.0,1.0588235294117647,0.3529411764705882,,,35.40856031128405,38.715953307393,37.7431906614786,48.63813229571984,,,,,
1022,Tshepang Moremi,RSA,Orlando Pirates FC,FW,25,169,2,0,34,0.4,0,1,1,0,0,0,0,0,0,0,,0.0,0.0,,,1,0,,,,,,,,,,,,,0.0,2.647058823529412,2.647058823529412,0.0,,,35.40856031128405,100.0,11.478599221789883,23.151750972762645,,,,,
1023,Lyle Foster,RSA,Burnley FC,FW,25,185,1,1,55,0.6,0,0,0,0,0,0,0,0,1,0,0.0,1.64,0.0,0.0,,0,0,,,,,,,,,,,,,0.0,0.0,0.0,0.0,,,35.40856031128405,38.715953307393,44.94163424124514,23.151750972762645,,,,,
1024,Relebohile Mofokeng,RSA,Orlando Pirates FC,FW,21,168,3,2,169,1.9,0,0,0,0,0,0,0,0,3,1,33.3,1.6,0.53,0.0,0.0,2,0,,,,,,,,,,,,,0.0,0.0,1.0650887573964496,0.0,,,35.40856031128405,38.715953307393,42.4124513618677,52.33463035019456,,,,,
1025,Themba Zwane,RSA,Mamelodi Sundowns FC,MF,36,178,1,0,23,0.3,0,0,0,0,0,0,0,1,0,0,,0.0,0.0,,,0,0,,,,,,,,,,,,,0.0,0.0,0.0,0.0,,,,40.569395017793596,11.387900355871885,,12.98932384341637,14.23487544483986,,,
1026,Thapelo Maseko,RSA,AEL Limassol,FW,22,178,3,3,242,2.7,1,0,1,1,0,0,0,0,8,1,12.5,2.98,0.37,0.13,1.0,1,2,,,,,,,,,,,,,0.371900826446281,0.0,0.371900826446281,0.743801652892562,,,78.98832684824903,38.715953307393,71.98443579766537,49.221789883268485,,,,,
1027,Sphephelo Sithole,RSA,CD Tondela,MF,27,197,3,3,229,2.5,0,0,0,0,0,0,0,1,0,0,,0.0,0.0,,,5,5,,,,,,,,,,,,,0.0,0.0,1.965065502183406,1.965065502183406,,,,40.569395017793596,11.387900355871885,,86.12099644128114,87.18861209964413,,,
1028,Mbekezeli Mbokazi,RSA,Chicago Fire FC,DF,20,177,4,4,360,4.0,0,0,0,0,0,0,0,0,4,1,25.0,1.0,0.25,0.0,0.0,5,4,,,,,,,,,,,,,0.0,0.0,1.25,1.0,,,,,,,72.95918367346938,53.91156462585034,,,
1029,Iqraam Rayners,RSA,Mamelodi Sundowns FC,FW,30,174,4,2,161,1.8,0,0,0,0,0,0,0,0,1,0,0.0,0.56,0.0,0.0,,0,0,,,,,,,,,,,,,0.0,0.0,0.0,0.0,,,35.40856031128405,38.715953307393,25.680933852140075,23.151750972762645,,,,,
1031,Evidence Makgopa,RSA,Orlando Pirates FC,FW,26,183,4,2,215,2.4,0,0,0,0,0,0,0,0,4,3,75.0,1.67,1.26,0.0,0.0,1,1,,,,,,,,,,,,,0.0,0.0,0.4186046511627906,0.4186046511627906,,,35.40856031128405,38.715953307393,46.10894941634241,75.4863813229572,,,,,
1033,Nkosinathi Sibisi,RSA,Orlando Pirates FC,DF,30,172,1,1,90,1.0,0,0,0,0,0,0,1,0,0,0,,0.0,0.0,,,0,1,,,,,,,,,,,,,0.0,0.0,0.0,1.0,,,,,,,11.73469387755102,53.91156462585034,,,
1034,Khuliso Mudau,RSA,Mamelodi Sundowns FC,DF,31,179,4,4,360,4.0,0,0,0,0,0,0,0,0,0,0,,0.0,0.0,,,8,11,,,,,,,,,,,,,0.0,0.0,2.0,2.75,,,,,,,89.28571428571429,96.25850340136054,,,
1035,Ime Okon,RSA,Hannover 96,DF,22,187,4,4,360,4.0,0,0,0,0,0,0,0,0,1,0,0.0,0.25,0.0,0.0,,2,5,,,,,,,,,,,,,0.0,0.0,0.5,1.25,,,,,,,38.775510204081634,67.51700680272108,,,
1037,Jayden Adams,RSA,Mamelodi Sundowns FC,MF,25,177,3,2,116,1.3,0,0,0,0,0,0,0,0,0,0,,0.0,0.0,,,0,2,,,,,,,,,,,,,0.0,0.0,0.0,1.5517241379310345,,,,40.569395017793596,11.387900355871885,,12.98932384341637,78.46975088967972,,,
1039,Kamogelo Sebelebele,RSA,Orlando Pirates FC,FW,23,166,1,0,7,0.1,0,0,0,0,0,0,0,0,0,0,,0.0,0.0,,,0,0,,,,,,,,,,,,,0.0,0.0,0.0,0.0,,,35.40856031128405,38.715953307393,11.478599221789883,23.151750972762645,,,,,
1042,Marc Pubill,ESP,Atlético De Madrid,DF,22,191,1,0,1,0.0,0,0,0,0,0,0,0,0,0,0,,0.0,0.0,,,0,0,,,,,,,,,,,,,0.0,0.0,0.0,0.0,,,,,,,11.73469387755102,10.034013605442176,,,
1044,Eric García,ESP,FC Barcelona,DF,25,183,1,0,22,0.2,0,0,0,0,0,0,0,0,0,0,,0.0,0.0,,,0,1,,,,,,,,,,,,,0.0,0.0,0.0,4.090909090909091,,,,,,,11.73469387755102,98.29931972789116,,,
1045,Marcos Llorente,ESP,Atlético De Madrid,DF,31,183,3,2,187,2.1,0,1,1,0,0,0,0,0,0,0,,0.0,0.0,,,6,1,,,,,,,,,,,,,0.0,0.481283422459893,2.8877005347593587,0.481283422459893,,,,,,,95.578231292517,28.57142857142857,,,
1046,Mikel Merino,ESP,Arsenal FC,MF,29,188,8,1,199,2.2,2,0,2,2,0,0,0,0,5,3,60.0,2.26,1.36,0.4,0.67,2,3,,,,,,,,,,,,,0.9045226130653268,0.0,0.9045226130653268,1.3567839195979898,,,,40.569395017793596,82.74021352313167,,50.5338078291815,71.53024911032028,,,
1047,Ferran Torres,ESP,FC Barcelona,FW,26,183,8,1,288,3.2,1,1,2,1,0,0,1,0,14,4,28.6,4.37,1.25,0.07,0.25,0,0,,,,,,,,,,,,,0.3125,0.3125,0.0,0.0,,,75.4863813229572,85.01945525291829,89.10505836575877,74.90272373540856,,,,,
1049,Gavi,ESP,FC Barcelona,MF,21,173,2,1,76,0.8,0,0,0,0,0,0,0,0,1,0,0.0,1.18,0.0,0.0,,2,1,,,,,,,,,,,,,0.0,0.0,2.3684210526315788,1.1842105263157894,,,,40.569395017793596,51.779359430604984,,92.52669039145907,66.01423487544484,,,
1050,Dani Olmo,ESP,FC Barcelona,FW,28,179,8,6,491,5.5,0,2,2,0,0,0,0,0,13,2,15.4,2.38,0.37,0.0,0.0,5,1,,,,,,,,,,,,,0.0,0.3665987780040733,0.9164969450101832,0.1832993890020366,,,35.40856031128405,87.15953307392996,64.98054474708171,49.221789883268485,,,,,
1051,Yéremy Pino,ESP,Crystal Palace FC,FW,23,174,2,0,70,0.8,0,0,0,0,0,0,0,0,0,0,,0.0,0.0,,,0,0,,,,,,,,,,,,,0.0,0.0,0.0,0.0,,,35.40856031128405,38.715953307393,11.478599221789883,23.151750972762645,,,,,
1052,Pedro Porro,ESP,Tottenham Hotspur FC,DF,26,173,6,6,563,6.3,2,0,2,2,0,0,0,0,7,3,42.9,1.12,0.48,0.29,0.67,11,8,,,,,,,,,,,,,0.3197158081705151,0.0,1.7584369449378332,1.2788632326820604,,,,,,,84.35374149659864,68.70748299319727,,,
1054,Aymeric Laporte,ESP,Athletic Club,DF,32,191,8,8,727,8.1,0,1,1,0,0,0,1,0,5,2,40.0,0.62,0.25,0.0,0.0,3,14,,,,,,,,,,,,,0.0,0.123796423658872,0.3713892709766161,1.7331499312242091,,,,,,,31.63265306122449,84.01360544217688,,,
1055,Álex Baena,ESP,Atlético De Madrid,MF,24,172,7,7,481,5.3,1,1,2,1,0,0,1,0,12,5,41.7,2.25,0.94,0.08,0.2,5,2,,,,,,,,,,,,,0.1871101871101871,0.1871101871101871,0.9355509355509356,0.3742203742203742,,,,82.91814946619218,81.85053380782918,,51.60142348754449,35.231316725978644,,,
1056,Rodri,ESP,Manchester City FC,MF,29,190,8,8,724,8.0,0,0,0,0,0,0,0,0,7,0,0.0,0.87,0.0,0.0,,20,3,,,,,,,,,,,,,0.0,0.0,2.4861878453038675,0.3729281767955801,,,,40.569395017793596,40.213523131672595,,93.95017793594306,34.87544483985765,,,
1057,Nico Williams,ESP,Athletic Club,FW,23,181,6,0,113,1.3,0,1,1,0,0,0,0,0,4,2,50.0,3.19,1.59,0.0,0.0,1,1,,,,,,,,,,,,,0.0,0.7964601769911505,0.7964601769911505,0.7964601769911505,,,35.40856031128405,96.88715953307393,76.65369649805449,82.10116731517509,,,,,
1058,Martín Zubimendi,ESP,Arsenal FC,MF,27,181,1,0,22,0.2,0,0,0,0,0,0,0,0,0,0,,0.0,0.0,,,0,1,,,,,,,,,,,,,0.0,0.0,0.0,4.090909090909091,,,,40.569395017793596,11.387900355871885,,12.98932384341637,98.04270462633453,,,
1059,Lamine Yamal,ESP,FC Barcelona,FW,18,183,8,7,614,6.8,1,0,1,1,0,0,0,0,27,12,44.4,3.96,1.76,0.04,0.08,9,2,,,,,,,,,,,,,0.1465798045602606,0.0,1.3192182410423452,0.2931596091205212,,,70.8171206225681,38.715953307393,85.60311284046692,84.63035019455253,,,,,
1060,Pedri,ESP,FC Barcelona,MF,23,174,8,5,499,5.5,0,0,0,0,0,0,1,0,5,2,40.0,0.9,0.36,0.0,0.0,8,10,,,,,,,,,,,,,0.0,0.0,1.442885771543086,1.8036072144288575,,,,40.569395017793596,40.92526690391459,,74.02135231316726,84.69750889679716,,,
1061,Mikel Oyarzabal,ESP,Real Sociedad,FW,29,181,8,8,601,6.7,5,1,6,4,1,1,0,0,23,12,52.2,3.44,1.8,0.22,0.42,5,1,,,,,,,,,,,,,0.7487520798668885,0.1497504159733777,0.7487520798668885,0.1497504159733777,,,86.38132295719845,77.82101167315176,79.37743190661479,86.18677042801556,,,,,
1062,Pau Cubarsí,ESP,FC Barcelona,DF,19,183,8,8,750,8.3,0,0,0,0,0,0,1,0,4,2,50.0,0.48,0.24,0.0,0.0,4,4,,,,,,,,,,,,,0.0,0.0,0.48,0.48,,,,,,,36.224489795918366,28.2312925170068,,,
1063,Unai Simón,ESP,Athletic Club,GK,29,190,8,8,750,8.3,0,0,0,0,0,0,0,0,0,0,,0.0,0.0,,,0,0,1.0,0.12,11.0,9.0,90.9,7.0,87.5,0.0,0.0,0.0,0.0,,0.0,0.0,0.0,0.0,1.08,0.8400000000000001,,,,,,,100.0,14.285714285714285,98.21428571428571
1064,Marc Cucurella,ESP,Chelsea FC,DF,27,173,8,8,750,8.3,0,2,2,0,0,0,1,0,5,3,60.0,0.6,0.36,0.0,0.0,4,7,,,,,,,,,,,,,0.0,0.24,0.48,0.8400000000000001,,,,,,,36.224489795918366,44.89795918367347,,,
1066,Borja Iglesias,ESP,RC Celta Vigo,FW,33,187,1,0,1,0.0,0,0,0,0,0,0,0,0,0,0,,0.0,0.0,,,0,0,,,,,,,,,,,,,0.0,0.0,0.0,0.0,,,35.40856031128405,38.715953307393,11.478599221789883,23.151750972762645,,,,,
1067,Jacob Widell Zetterström,SWE,Derby County FC,GK,27,197,2,2,180,2.0,0,0,0,0,0,0,0,0,0,0,,0.0,0.0,,,0,0,4.0,2.0,15.0,11.0,73.3,0.0,0.0,0.0,0.0,0.0,0.0,,0.0,0.0,0.0,0.0,5.5,0.0,,,,,,,76.41509433962264,96.42857142857143,26.785714285714285
1068,Gustaf Lagerbielke,SWE,SC Braga,DF,26,193,4,4,360,4.0,0,0,0,0,0,0,0,0,3,1,33.3,0.75,0.25,0.0,0.0,5,5,,,,,,,,,,,,,0.0,0.0,1.25,1.25,,,,,,,72.95918367346938,67.51700680272108,,,
1069,Victor Lindelöf,SWE,Aston Villa FC,DF,31,187,4,4,356,4.0,0,0,0,0,0,0,0,0,2,0,0.0,0.51,0.0,0.0,,1,4,,,,,,,,,,,,,0.0,0.0,0.2528089887640449,1.0112359550561798,,,,,,,26.190476190476193,56.63265306122449,,,
1070,Isak Hien,SWE,Atalanta Bergamo,DF,27,191,3,3,216,2.4,0,0,0,0,0,0,1,0,0,0,,0.0,0.0,,,3,1,,,,,,,,,,,,,0.0,0.0,1.25,0.4166666666666666,,,,,,,72.95918367346938,26.53061224489796,,,
1071,Gabriel Gudmundsson,SWE,Leeds United FC,DF,27,181,4,4,330,3.7,0,0,0,0,0,0,1,0,0,0,,0.0,0.0,,,3,5,,,,,,,,,,,,,0.0,0.0,0.8181818181818181,1.3636363636363638,,,,,,,51.53061224489795,73.29931972789116,,,
1073,Lucas Bergvall,SWE,Tottenham Hotspur FC,MF,20,187,4,1,181,2.0,0,1,1,0,0,0,1,0,2,0,0.0,0.99,0.0,0.0,,2,2,,,,,,,,,,,,,0.0,0.4972375690607734,0.9944751381215468,0.9944751381215468,,,,93.95017793594306,44.48398576512456,,54.092526690391466,60.67615658362989,,,
1074,Daniel Svensson,SWE,Borussia Dortmund,DF,24,183,3,1,98,1.1,0,0,0,0,0,0,0,0,1,0,0.0,0.92,0.0,0.0,,2,1,,,,,,,,,,,,,0.0,0.0,1.8367346938775508,0.9183673469387754,,,,,,,86.05442176870748,47.95918367346938,,,
1075,Alexander Isak,SWE,Liverpool FC,FW,26,190,4,4,357,4.0,1,3,4,1,0,0,0,0,8,6,75.0,2.02,1.51,0.13,0.17,2,0,,,,,,,,,,,,,0.2521008403361344,0.7563025210084033,0.5042016806722689,0.0,,,74.70817120622569,95.71984435797665,55.6420233463035,80.54474708171206,,,,,
1076,Benjamin Nygren,SWE,Celtic FC,MF,24,187,4,2,130,1.4,0,0,0,0,0,0,0,0,1,0,0.0,0.69,0.0,0.0,,0,0,,,,,,,,,,,,,0.0,0.0,0.0,0.0,,,,40.569395017793596,34.519572953736656,,12.98932384341637,14.23487544483986,,,
1077,Anthony Elanga,SWE,Newcastle United FC,FW,24,178,4,2,217,2.4,2,0,2,2,0,0,0,0,3,3,100.0,1.24,1.24,0.67,0.67,0,2,,,,,,,,,,,,,0.8294930875576036,0.0,0.0,0.8294930875576036,,,90.27237354085604,38.715953307393,35.019455252918284,74.31906614785993,,,,,
1079,Ken Sema,SWE,Pafos FC,MF,32,180,1,0,16,0.2,0,0,0,0,0,0,0,0,1,0,0.0,5.63,0.0,0.0,,1,0,,,,,,,,,,,,,0.0,0.0,5.625,0.0,,,,40.569395017793596,97.68683274021353,,99.11032028469751,14.23487544483986,,,
1081,Carl Starfelt,SWE,RC Celta Vigo,DF,31,185,1,0,4,0.0,0,0,0,0,0,0,0,0,0,0,,0.0,0.0,,,0,0,,,,,,,,,,,,,0.0,0.0,0.0,0.0,,,,,,,11.73469387755102,10.034013605442176,,,
1082,Jesper Karlström,SWE,Udinese,MF,30,182,2,2,138,1.5,0,0,0,0,0,0,0,0,1,0,0.0,0.65,0.0,0.0,,3,1,,,,,,,,,,,,,0.0,0.0,1.9565217391304348,0.6521739130434783,,,,40.569395017793596,32.028469750889684,,85.58718861209964,45.195729537366546,,,
1083,Viktor Gyökeres,SWE,Arsenal FC,FW,28,189,4,4,360,4.0,1,2,3,1,0,0,1,0,12,6,50.0,3.0,1.5,0.08,0.17,1,0,,,,,,,,,,,,,0.25,0.5,0.25,0.0,,,73.92996108949417,91.43968871595331,72.76264591439688,80.1556420233463,,,,,
1084,Yasin Ayari,SWE,Brighton & Hove Albion FC,MF,22,172,4,4,339,3.8,2,0,2,2,0,0,1,0,7,3,42.9,1.86,0.8,0.29,0.67,4,3,,,,,,,,,,,,,0.5309734513274336,0.0,1.0619469026548671,0.7964601769911505,,,,40.569395017793596,72.59786476868328,,58.00711743772242,53.380782918149464,,,
1085,Mattias Svanberg,SWE,VfL Wolfsburg,MF,27,186,2,0,16,0.2,1,0,1,1,0,0,0,0,3,2,66.7,16.88,11.25,0.33,0.5,1,1,,,,,,,,,,,,,5.625,0.0,5.625,5.625,,,,40.569395017793596,99.28825622775801,,99.11032028469751,99.28825622775801,,,
1087,Alexander Bernhardsson,SWE,Holstein Kiel,DF,27,184,3,3,217,2.4,0,0,0,0,0,0,0,0,1,1,100.0,0.41,0.41,0.0,0.0,2,2,,,,,,,,,,,,,0.0,0.0,0.8294930875576036,0.8294930875576036,,,,,,,53.06122448979592,44.21768707482993,,,
1088,Besfort Zeneli,SWE,Royale Union Saint-Gilloise,MF,23,187,2,0,60,0.7,0,0,0,0,0,0,0,0,1,1,100.0,1.5,1.5,0.0,0.0,0,1,,,,,,,,,,,,,0.0,0.0,0.0,1.5,,,,40.569395017793596,63.52313167259786,,12.98932384341637,75.80071174377224,,,
1089,Kristoffer Nordfeldt,SWE,AIK Stockholm,GK,36,190,2,2,180,2.0,0,0,0,0,0,0,0,0,0,0,,0.0,0.0,,,0,0,6.0,3.0,9.0,3.0,33.3,0.0,0.0,0.0,0.0,0.0,0.0,,0.0,0.0,0.0,0.0,1.5,0.0,,,,,,,9.433962264150944,23.214285714285715,26.785714285714285
1090,Elliot Stroud,SWE,Mjällby AIF,DF,23,185,4,2,166,1.8,0,0,0,0,0,0,0,0,1,0,0.0,0.54,0.0,0.0,,0,3,,,,,,,,,,,,,0.0,0.0,0.0,1.6265060240963856,,,,,,,11.73469387755102,80.78231292517006,,,
1091,Gustaf Nilsson,SWE,Club Brugge,FW,29,197,1,0,2,0.0,0,0,0,0,0,0,0,0,1,0,0.0,45.0,0.0,0.0,,0,0,,,,,,,,,,,,,0.0,0.0,0.0,0.0,,,35.40856031128405,38.715953307393,100.0,23.151750972762645,,,,,
1092,Taha Ali,SWE,Malmö FF,FW,27,174,2,0,37,0.4,0,0,0,0,0,0,0,0,0,0,,0.0,0.0,,,0,0,,,,,,,,,,,,,0.0,0.0,0.0,0.0,,,35.40856031128405,38.715953307393,11.478599221789883,23.151750972762645,,,,,
1093,Gregor Kobel,SUI,Borussia Dortmund,GK,28,196,6,6,600,6.7,0,0,0,0,0,0,0,0,0,0,,0.0,0.0,,,0,0,6.0,0.9,26.0,20.0,76.9,2.0,33.3,0.0,0.0,0.0,0.0,,0.0,0.0,0.0,0.0,3.0,0.3,,,,,,,83.01886792452831,64.28571428571429,66.07142857142857
1094,Miro Muheim,SUI,Hamburger SV,DF,28,182,3,0,87,1.0,0,0,0,0,0,0,1,0,0,0,,0.0,0.0,,,1,2,,,,,,,,,,,,,0.0,0.0,1.0344827586206895,2.0689655172413794,,,,,,,64.28571428571429,90.81632653061224,,,
1095,Silvan Widmer,SUI,1. FSV Mainz 05,DF,33,183,5,1,175,1.9,0,0,0,0,0,0,0,0,0,0,,0.0,0.0,,,4,1,,,,,,,,,,,,,0.0,0.0,2.057142857142857,0.5142857142857142,,,,,,,92.17687074829932,31.97278911564626,,,
1096,Nico Elvedi,SUI,Borussia Mönchengladbach,DF,29,189,6,6,600,6.7,0,0,0,0,0,0,1,0,3,0,0.0,0.45,0.0,0.0,,2,6,,,,,,,,,,,,,0.0,0.0,0.3,0.9,,,,,,,27.2108843537415,47.44897959183674,,,
1097,Manuel Akanji,SUI,FC Internazionale Milano,DF,30,188,6,6,600,6.7,0,0,0,0,0,0,0,0,1,1,100.0,0.15,0.15,0.0,0.0,9,6,,,,,,,,,,,,,0.0,0.0,1.35,0.9,,,,,,,76.19047619047619,47.44897959183674,,,
1098,Denis Zakaria,SUI,AS Monaco,MF,29,189,4,4,357,4.0,0,0,0,0,0,0,2,0,5,2,40.0,1.26,0.5,0.0,0.0,5,9,,,,,,,,,,,,,0.0,0.0,1.2605042016806722,2.26890756302521,,,,40.569395017793596,54.804270462633454,,65.12455516014235,92.17081850533808,,,
1099,Breel Embolo,SUI,Stade Rennais FC,FW,29,184,6,6,501,5.6,2,2,4,1,1,1,2,1,10,5,50.0,1.8,0.9,0.2,0.4,0,2,,,,,,,,,,,,,0.3592814371257484,0.3592814371257484,0.0,0.3592814371257484,,,78.59922178988327,86.7704280155642,49.0272373540856,66.14785992217898,,,,,
1100,Remo Freuler,SUI,Bologna FC,MF,34,181,6,6,592,6.6,0,0,0,0,0,0,0,0,2,1,50.0,0.3,0.15,0.0,0.0,5,8,,,,,,,,,,,,,0.0,0.0,0.7601351351351352,1.2162162162162162,,,,40.569395017793596,24.199288256227756,,45.195729537366546,67.43772241992883,,,
1101,Johan Manzambi,SUI,SC Freiburg,MF,20,182,4,2,199,2.2,3,2,5,3,0,0,0,0,6,3,50.0,2.71,1.36,0.5,1.0,0,0,,,,,,,,,,,,,1.3567839195979898,0.9045226130653268,0.0,0.0,,,,98.22064056939502,87.54448398576513,,12.98932384341637,14.23487544483986,,,
1102,Granit Xhaka,SUI,Sunderland AFC,MF,33,183,6,6,600,6.7,1,0,1,0,1,1,2,0,9,2,22.2,1.35,0.3,0.11,0.5,4,4,,,,,,,,,,,,,0.15,0.0,0.6000000000000001,0.6000000000000001,,,,40.569395017793596,58.00711743772242,,38.07829181494662,43.77224199288256,,,
1103,Dan Ndoye,SUI,Nottingham Forest FC,FW,25,184,6,5,406,4.5,2,0,2,2,0,0,0,0,16,8,50.0,3.55,1.77,0.13,0.25,5,4,,,,,,,,,,,,,0.4433497536945813,0.0,1.1083743842364533,0.8866995073891626,,,80.1556420233463,38.715953307393,80.35019455252919,85.21400778210116,,,,,
1105,Ricardo Rodríguez,SUI,Real Betis,DF,33,182,6,6,517,5.7,0,1,1,0,0,0,0,0,1,0,0.0,0.17,0.0,0.0,,7,4,,,,,,,,,,,,,0.0,0.1740812379110251,1.218568665377176,0.6963249516441006,,,,,,,72.10884353741497,41.156462585034014,,,
1106,Ardon Jashari,SUI,AC Milan,MF,23,181,3,1,72,0.8,0,0,0,0,0,0,0,0,2,0,0.0,2.5,0.0,0.0,,0,0,,,,,,,,,,,,,0.0,0.0,0.0,0.0,,,,40.569395017793596,85.05338078291815,,12.98932384341637,14.23487544483986,,,
1107,Djibril Sow,SUI,Sevilla FC,MF,29,183,4,2,253,2.8,0,0,0,0,0,0,0,0,2,1,50.0,0.71,0.36,0.0,0.0,1,2,,,,,,,,,,,,,0.0,0.0,0.3557312252964427,0.7114624505928854,,,,40.569395017793596,35.40925266903915,,28.825622775800714,49.11032028469751,,,
1108,Christian Fassnacht,SUI,BSC Young Boys,FW,32,185,1,0,6,0.1,0,0,0,0,0,0,0,0,0,0,,0.0,0.0,,,1,0,,,,,,,,,,,,,0.0,0.0,15.0,0.0,,,35.40856031128405,38.715953307393,11.478599221789883,23.151750972762645,,,,,
1109,Ruben Vargas,SUI,Sevilla FC,FW,27,179,6,3,284,3.2,2,1,3,2,0,0,0,0,6,4,66.7,1.9,1.27,0.33,0.5,2,2,,,,,,,,,,,,,0.6338028169014085,0.3169014084507042,0.6338028169014085,0.6338028169014085,,,84.04669260700389,85.60311284046692,52.14007782101168,75.87548638132296,,,,,
1111,Noah Okafor,SUI,Leeds United FC,FW,26,185,1,0,20,0.2,0,0,0,0,0,0,0,0,1,0,0.0,4.5,0.0,0.0,,1,0,,,,,,,,,,,,,0.0,0.0,4.5,0.0,,,35.40856031128405,38.715953307393,90.07782101167315,23.151750972762645,,,,,
1112,Michel Aebischer,SUI,Pisa SC,MF,29,183,4,2,156,1.7,0,0,0,0,0,0,0,0,2,1,50.0,1.15,0.58,0.0,0.0,1,0,,,,,,,,,,,,,0.0,0.0,0.5769230769230769,0.0,,,,40.569395017793596,50.88967971530249,,37.36654804270463,14.23487544483986,,,
1114,Fabian Rieder,SUI,FC Augsburg,MF,24,181,5,3,302,3.4,0,0,0,0,0,0,0,0,7,2,28.6,2.09,0.6,0.0,0.0,3,1,,,,,,,,,,,,,0.0,0.0,0.8940397350993378,0.2980132450331126,,,,40.569395017793596,79.1814946619217,,49.8220640569395,32.028469750889684,,,
1115,Zeki Amdouni,SUI,Burnley FC,FW,25,183,4,0,73,0.8,0,0,0,0,0,0,0,0,1,0,0.0,1.23,0.0,0.0,,1,0,,,,,,,,,,,,,0.0,0.0,1.2328767123287672,0.0,,,35.40856031128405,38.715953307393,34.63035019455253,23.151750972762645,,,,,
1117,Luca Jaquez,SUI,VfB Stuttgart,DF,23,187,2,1,78,0.9,0,0,0,0,0,0,0,0,0,0,,0.0,0.0,,,0,1,,,,,,,,,,,,,0.0,0.0,0.0,1.1538461538461535,,,,,,,11.73469387755102,64.1156462585034,,,
1118,Cedric Itten,SUI,Fortuna Düsseldorf,FW,29,190,3,0,42,0.5,0,0,0,0,0,0,0,0,0,0,,0.0,0.0,,,0,0,,,,,,,,,,,,,0.0,0.0,0.0,0.0,,,35.40856031128405,38.715953307393,11.478599221789883,23.151750972762645,,,,,
1119,Mouhib Chamakh,TUN,Club Africain,GK,24,189,1,1,90,1.0,0,0,0,0,0,0,0,0,0,0,,0.0,0.0,,,0,0,5.0,5.0,6.0,1.0,16.7,0.0,0.0,0.0,0.0,0.0,0.0,,0.0,0.0,0.0,0.0,1.0,0.0,,,,,,,5.660377358490567,11.607142857142858,26.785714285714285
1120,Ali Abdi,TUN,OGC Nice,DF,32,177,3,3,269,3.0,0,0,0,0,0,0,0,0,1,0,0.0,0.33,0.0,0.0,,8,4,,,,,,,,,,,,,0.0,0.0,2.6765799256505574,1.338289962825279,,,,,,,94.89795918367348,72.44897959183673,,,
1121,Montassar Talbi,TUN,FC Lorient,DF,28,190,3,3,270,3.0,0,0,0,0,0,0,0,0,1,0,0.0,0.33,0.0,0.0,,2,5,,,,,,,,,,,,,0.0,0.0,0.6666666666666667,1.6666666666666663,,,,,,,45.06802721088435,82.31292517006803,,,
1122,Omar Rekik,TUN,NK Maribor,DF,24,188,2,2,180,2.0,1,0,1,1,0,0,0,0,1,1,100.0,0.5,0.5,1.0,1.0,2,3,,,,,,,,,,,,,0.5,0.0,1.0,1.5,,,,,,,58.673469387755105,77.04081632653062,,,
1124,Dylan Bronn,TUN,Servette FC,DF,30,186,1,1,45,0.5,0,0,0,0,0,0,0,0,0,0,,0.0,0.0,,,0,1,,,,,,,,,,,,,0.0,0.0,0.0,2.0,,,,,,,11.73469387755102,88.60544217687075,,,
1125,Elias Achouri,TUN,FC København,FW,27,187,3,0,43,0.5,0,0,0,0,0,0,0,0,3,1,33.3,6.28,2.09,0.0,0.0,2,0,,,,,,,,,,,,,0.0,0.0,4.186046511627907,0.0,,,35.40856031128405,38.715953307393,96.49805447470817,91.63424124513618,,,,,
1126,Elias Saad,TUN,Hannover 96,FW,26,185,2,2,116,1.3,0,0,0,0,0,0,0,0,1,0,0.0,0.78,0.0,0.0,,1,0,,,,,,,,,,,,,0.0,0.0,0.7758620689655172,0.0,,,35.40856031128405,38.715953307393,29.18287937743191,23.151750972762645,,,,,
1127,Hazem Mastouri,TUN,FC Dynamo Makhachkala,FW,28,191,1,1,89,1.0,1,0,1,1,0,0,0,0,3,2,66.7,3.03,2.02,0.33,0.5,0,1,,,,,,,,,,,,,1.0112359550561798,0.0,0.0,1.0112359550561798,,,94.55252918287937,38.715953307393,73.92996108949417,90.85603112840467,,,,,
1128,Hannibal Mejbri,TUN,Burnley FC,MF,23,177,3,3,270,3.0,0,2,2,0,0,0,0,0,3,1,33.3,1.0,0.33,0.0,0.0,4,1,,,,,,,,,,,,,0.0,0.6666666666666667,1.3333333333333337,0.3333333333333333,,,,96.79715302491103,45.55160142348754,,68.50533807829181,33.27402135231316,,,
1129,Ismaël Gharbi,TUN,FC Augsburg,MF,22,180,3,1,127,1.4,0,0,0,0,0,0,0,0,3,0,0.0,2.13,0.0,0.0,,1,1,,,,,,,,,,,,,0.0,0.0,0.7086614173228346,0.7086614173228346,,,,40.569395017793596,80.2491103202847,,42.52669039145908,48.754448398576514,,,
1130,Mortadha Ben Ouanes,TUN,Kasımpaşa SK,DF,31,188,1,0,23,0.3,0,0,0,0,0,0,0,0,0,0,,0.0,0.0,,,0,0,,,,,,,,,,,,,0.0,0.0,0.0,0.0,,,,,,,11.73469387755102,10.034013605442176,,,
1131,Rani Khedira,TUN,1. FC Union Berlin,MF,32,188,3,2,149,1.7,0,0,0,0,0,0,1,0,1,0,0.0,0.6,0.0,0.0,,1,2,,,,,,,,,,,,,0.0,0.0,0.6040268456375839,1.2080536912751678,,,,40.569395017793596,31.316725978647685,,38.43416370106761,66.90391459074732,,,
1134,Aymen Dahmen,TUN,CS Sfaxien,GK,29,188,2,2,180,2.0,0,0,0,0,0,0,0,0,0,0,,0.0,0.0,,,0,0,7.0,3.5,12.0,5.0,41.7,0.0,0.0,0.0,0.0,0.0,0.0,,0.0,0.0,0.0,0.0,2.5,0.0,,,,,,,13.20754716981132,50.0,26.785714285714285
1135,Ellyes Skhiri,TUN,Eintracht Frankfurt,MF,31,185,3,3,250,2.8,0,0,0,0,0,0,0,0,0,0,,0.0,0.0,,,1,2,,,,,,,,,,,,,0.0,0.0,0.36,0.72,,,,40.569395017793596,11.387900355871885,,29.181494661921707,49.46619217081851,,,
1137,Firas Chaouat,TUN,Club Africain,FW,30,185,3,0,49,0.5,0,0,0,0,0,0,0,0,0,0,,0.0,0.0,,,0,0,,,,,,,,,,,,,0.0,0.0,0.0,0.0,,,35.40856031128405,38.715953307393,11.478599221789883,23.151750972762645,,,,,
1138,Yan Valery,TUN,BSC Young Boys,DF,27,181,3,3,251,2.8,0,0,0,0,0,0,0,0,0,0,,0.0,0.0,,,1,4,,,,,,,,,,,,,0.0,0.0,0.3585657370517928,1.4342629482071714,,,,,,,31.292517006802722,75.17006802721087,,,
1144,Sebastian Tounekti,TUN,Celtic FC,MF,23,182,3,1,84,0.9,0,0,0,0,0,0,0,0,0,0,,0.0,0.0,,,0,0,,,,,,,,,,,,,0.0,0.0,0.0,0.0,,,,40.569395017793596,11.387900355871885,,12.98932384341637,14.23487544483986,,,
1146,Zeki Çelik,TUR,AS Roma,DF,29,180,2,2,163,1.8,0,0,0,0,0,0,0,0,1,1,100.0,0.55,0.55,0.0,0.0,3,1,,,,,,,,,,,,,0.0,0.0,1.6564417177914113,0.5521472392638037,,,,,,,81.97278911564626,32.82312925170068,,,
1147,Merih Demiral,TUR,Al Ahli FC,DF,28,190,2,2,180,2.0,0,0,0,0,0,0,0,0,6,2,33.3,3.0,1.0,0.0,0.0,1,1,,,,,,,,,,,,,0.0,0.0,0.5,0.5,,,,,,,38.775510204081634,30.102040816326532,,,
1148,Çağlar Söyüncü,TUR,Fenerbahçe SK,DF,30,185,1,0,7,0.1,0,0,0,0,0,0,0,0,0,0,,0.0,0.0,,,0,0,,,,,,,,,,,,,0.0,0.0,0.0,0.0,,,,,,,11.73469387755102,10.034013605442176,,,
1149,Salih Özcan,TUR,Borussia Dortmund,MF,28,182,2,1,100,1.1,0,0,0,0,0,0,0,0,0,0,,0.0,0.0,,,1,4,,,,,,,,,,,,,0.0,0.0,0.9,3.6,,,,40.569395017793596,11.387900355871885,,50.177935943060504,96.97508896797153,,,
1150,Orkun Kökçü,TUR,Beşiktaş JK,MF,25,175,3,2,153,1.7,0,1,1,0,0,0,0,0,3,0,0.0,1.76,0.0,0.0,,1,0,,,,,,,,,,,,,0.0,0.5882352941176471,0.5882352941176471,0.0,,,,96.08540925266904,70.8185053380783,,37.72241992882562,14.23487544483986,,,
1151,Kerem Aktürkoğlu,TUR,Fenerbahçe SK,FW,27,172,2,2,129,1.4,0,0,0,0,0,0,0,0,3,1,33.3,2.09,0.7,0.0,0.0,1,0,,,,,,,,,,,,,0.0,0.0,0.6976744186046512,0.0,,,35.40856031128405,38.715953307393,57.39299610894941,59.53307392996109,,,,,
1152,Arda Güler,TUR,Real Madrid C. F.,FW,21,175,3,3,270,3.0,1,0,1,1,0,0,0,0,12,4,33.3,4.0,1.33,0.08,0.25,3,2,,,,,,,,,,,,,0.3333333333333333,0.0,1.0,0.6666666666666667,,,76.26459143968872,38.715953307393,86.18677042801556,77.04280155642024,,,,,
1153,Deniz Gül,TUR,FC Porto,FW,21,192,2,0,37,0.4,0,0,0,0,0,0,0,0,2,1,50.0,4.86,2.43,0.0,0.0,0,0,,,,,,,,,,,,,0.0,0.0,0.0,0.0,,,35.40856031128405,38.715953307393,92.60700389105058,94.94163424124513,,,,,
1154,Hakan Çalhanoğlu,TUR,FC Internazionale Milano,MF,32,178,2,2,180,2.0,0,0,0,0,0,0,0,0,11,2,18.2,5.5,1.0,0.0,0.0,3,1,,,,,,,,,,,,,0.0,0.0,1.5,0.5,,,,40.569395017793596,97.15302491103202,,75.80071174377224,40.569395017793596,,,
1159,Ozan Kabak,TUR,TSG Hoffenheim,DF,26,187,1,1,90,1.0,0,0,0,0,0,0,0,0,0,0,,0.0,0.0,,,2,0,,,,,,,,,,,,,0.0,0.0,2.0,0.0,,,,,,,89.28571428571429,10.034013605442176,,,
1160,İsmail Yüksek,TUR,Fenerbahçe SK,MF,27,183,2,2,139,1.5,0,0,0,0,0,0,0,0,5,0,0.0,3.24,0.0,0.0,,5,2,,,,,,,,,,,,,0.0,0.0,3.237410071942446,1.2949640287769786,,,,40.569395017793596,91.81494661921708,,97.15302491103202,70.1067615658363,,,
1162,Mert Müldür,TUR,Fenerbahçe SK,DF,27,184,3,1,101,1.1,0,0,0,0,0,0,0,0,3,0,0.0,2.67,0.0,0.0,,2,1,,,,,,,,,,,,,0.0,0.0,1.7821782178217822,0.8910891089108911,,,,,,,85.03401360544217,46.93877551020408,,,
1163,Yunus Akgün,TUR,Galatasaray SK,FW,25,173,2,1,88,1.0,0,0,0,0,0,0,1,0,0,0,,0.0,0.0,,,0,0,,,,,,,,,,,,,0.0,0.0,0.0,0.0,,,35.40856031128405,38.715953307393,11.478599221789883,23.151750972762645,,,,,
1164,Ferdi Kadioglu,TUR,Brighton & Hove Albion FC,DF,26,174,2,2,159,1.8,0,0,0,0,0,0,0,0,1,0,0.0,0.57,0.0,0.0,,2,1,,,,,,,,,,,,,0.0,0.0,1.1320754716981132,0.5660377358490566,,,,,,,68.36734693877551,34.01360544217687,,,
1166,Kaan Ayhan,TUR,Galatasaray SK,MF,31,185,1,0,3,0.0,1,0,1,1,0,0,0,0,1,1,100.0,30.0,30.0,1.0,1.0,0,0,,,,,,,,,,,,,30.0,0.0,0.0,0.0,,,,40.569395017793596,100.0,,12.98932384341637,14.23487544483986,,,
1170,Can Uzun,TUR,Eintracht Frankfurt,FW,20,186,2,0,38,0.4,0,1,1,0,0,0,0,0,4,1,25.0,9.47,2.37,0.0,0.0,0,0,,,,,,,,,,,,,0.0,2.3684210526315788,0.0,0.0,,,35.40856031128405,99.61089494163424,98.44357976653697,94.16342412451361,,,,,
1171,Sergio Rochet,URU,SC Internacional,GK,33,189,1,0,45,0.5,0,0,0,0,0,0,0,0,0,0,,0.0,0.0,,,0,0,0.0,0.0,0.0,0.0,,0.0,,0.0,0.0,0.0,0.0,,0.0,0.0,0.0,0.0,0.0,0.0,,,,,,,,5.357142857142857,26.785714285714285
1173,Sebastián Cáceres,URU,Club América,DF,26,180,3,3,270,3.0,0,0,0,0,0,0,0,0,3,0,0.0,1.0,0.0,0.0,,1,2,,,,,,,,,,,,,0.0,0.0,0.3333333333333333,0.6666666666666667,,,,,,,29.25170068027211,38.265306122448976,,,
1175,Manuel Ugarte,URU,Manchester United FC,MF,25,182,3,3,184,2.0,0,0,0,0,0,0,0,0,3,1,33.3,1.47,0.49,0.0,0.0,1,3,,,,,,,,,,,,,0.0,0.0,0.4891304347826087,1.467391304347826,,,,40.569395017793596,62.09964412811389,,33.096085409252666,74.73309608540926,,,
1176,Rodrigo Bentancur,URU,Tottenham Hotspur FC,MF,28,187,3,3,270,3.0,0,0,0,0,0,0,1,0,4,0,0.0,1.33,0.0,0.0,,5,7,,,,,,,,,,,,,0.0,0.0,1.6666666666666663,2.333333333333333,,,,40.569395017793596,57.47330960854092,,79.8932384341637,93.23843416370107,,,
1177,Nicolás De La Cruz,URU,CR Flamengo,MF,29,167,3,0,86,1.0,0,0,0,0,0,0,1,0,4,2,50.0,4.19,2.09,0.0,0.0,1,2,,,,,,,,,,,,,0.0,0.0,1.0465116279069768,2.0930232558139537,,,,40.569395017793596,94.30604982206405,,57.65124555160143,90.74733096085409,,,
1178,Federico Valverde,URU,Real Madrid C. F.,MF,27,182,3,3,236,2.6,0,0,0,0,0,0,0,0,10,2,20.0,3.81,0.76,0.0,0.0,2,3,,,,,,,,,,,,,0.0,0.0,0.7627118644067796,1.1440677966101696,,,,40.569395017793596,93.59430604982207,,45.729537366548044,65.48042704626334,,,
1179,Darwin Núñez,URU,Al Hilal SC,FW,26,185,3,2,156,1.7,0,0,0,0,0,0,0,0,2,0,0.0,1.15,0.0,0.0,,1,2,,,,,,,,,,,,,0.0,0.0,0.5769230769230769,1.1538461538461535,,,35.40856031128405,38.715953307393,33.07392996108949,23.151750972762645,,,,,
1183,Guillermo Varela,URU,CR Flamengo,DF,33,174,3,3,270,3.0,0,0,0,0,0,0,1,0,2,0,0.0,0.67,0.0,0.0,,1,7,,,,,,,,,,,,,0.0,0.0,0.3333333333333333,2.333333333333333,,,,,,,29.25170068027211,93.70748299319727,,,
1184,Agustín Canobbio,URU,Fluminense FC,MF,27,176,3,2,224,2.5,1,0,1,1,0,0,0,1,4,1,25.0,1.61,0.4,0.25,1.0,3,2,,,,,,,,,,,,,0.4017857142857142,0.0,1.2053571428571428,0.8035714285714285,,,,40.569395017793596,66.01423487544484,,63.70106761565836,54.270462633451956,,,
1186,Mathías Olivera,URU,SSC Napoli,DF,28,174,3,3,270,3.0,0,0,0,0,0,0,1,0,1,0,0.0,0.33,0.0,0.0,,4,2,,,,,,,,,,,,,0.0,0.0,1.3333333333333337,0.6666666666666667,,,,,,,75.51020408163265,38.265306122448976,,,
1187,Matías Viña,URU,CA River Plate,DF,28,180,1,1,45,0.5,0,0,0,0,0,0,0,0,0,0,,0.0,0.0,,,0,0,,,,,,,,,,,,,0.0,0.0,0.0,0.0,,,,,,,11.73469387755102,10.034013605442176,,,
1188,Brian Rodríguez,URU,Club América,FW,26,175,3,0,41,0.5,0,0,0,0,0,0,0,0,3,1,33.3,6.59,2.2,0.0,0.0,0,0,,,,,,,,,,,,,0.0,0.0,0.0,0.0,,,35.40856031128405,38.715953307393,97.66536964980544,92.99610894941634,,,,,
1189,Rodrigo Aguirre,URU,Tigres UANL,FW,31,182,1,0,1,0.0,0,0,0,0,0,0,0,0,0,0,,0.0,0.0,,,0,0,,,,,,,,,,,,,0.0,0.0,0.0,0.0,,,35.40856031128405,38.715953307393,11.478599221789883,23.151750972762645,,,,,
1190,Maxi Araújo,URU,Sporting CP,MF,26,176,3,3,250,2.8,2,1,3,2,0,0,0,0,4,3,75.0,1.44,1.08,0.5,0.67,0,0,,,,,,,,,,,,,0.72,0.36,0.0,0.0,,,,90.0355871886121,61.032028469750884,,12.98932384341637,14.23487544483986,,,
1191,Federico Viñas,URU,Real Oviedo,FW,27,181,3,2,192,2.1,0,0,0,0,0,0,0,0,6,3,50.0,2.81,1.41,0.0,0.0,2,1,,,,,,,,,,,,,0.0,0.0,0.9375,0.46875,,,35.40856031128405,38.715953307393,70.42801556420234,78.21011673151752,,,,,
1193,Fernando Muslera,URU,Estudiantes LP,GK,39,190,3,3,225,2.5,0,0,0,0,0,0,0,0,0,0,,0.0,0.0,,,0,0,4.0,1.6,8.0,4.0,50.0,0.0,0.0,0.0,0.0,0.0,0.0,,0.0,0.0,0.0,0.0,1.6,0.0,,,,,,,22.641509433962266,28.57142857142857,26.785714285714285
1197,Matt Turner,USA,New England Revolution,GK,31,190,1,1,90,1.0,0,0,0,0,0,0,0,0,0,0,,0.0,0.0,,,0,0,3.0,3.0,3.0,0.0,0.0,0.0,0.0,0.0,0.0,0.0,0.0,,0.0,0.0,0.0,0.0,0.0,0.0,,,,,,,2.8301886792452833,5.357142857142857,26.785714285714285
1198,Sergiño Dest,USA,PSV Eindhoven,DF,25,173,5,4,297,3.3,0,0,0,0,0,0,0,0,3,1,33.3,0.91,0.3,0.0,0.0,1,5,,,,,,,,,,,,,0.0,0.0,0.303030303030303,1.5151515151515151,,,,,,,27.55102040816326,78.2312925170068,,,
1199,Chris Richards,USA,Crystal Palace FC,DF,26,189,4,4,360,4.0,0,0,0,0,0,0,1,0,1,0,0.0,0.25,0.0,0.0,,3,4,,,,,,,,,,,,,0.0,0.0,0.75,1.0,,,,,,,49.82993197278912,53.91156462585034,,,
1200,Tyler Adams,USA,AFC Bournemouth,MF,27,175,4,4,341,3.8,0,0,0,0,0,0,1,0,0,0,,0.0,0.0,,,5,8,,,,,,,,,,,,,0.0,0.0,1.3196480938416424,2.1114369501466275,,,,40.569395017793596,11.387900355871885,,67.43772241992883,91.10320284697508,,,
1201,Antonee Robinson,USA,Fulham FC,DF,28,183,4,4,348,3.9,0,0,0,0,0,0,1,0,0,0,,0.0,0.0,,,4,6,,,,,,,,,,,,,0.0,0.0,1.0344827586206895,1.5517241379310345,,,,,,,64.28571428571429,78.91156462585033,,,
1202,Auston Trusty,USA,Celtic FC,DF,27,190,2,1,101,1.1,1,0,1,1,0,0,0,0,3,2,66.7,2.67,1.78,0.33,0.5,1,4,,,,,,,,,,,,,0.8910891089108911,0.0,0.8910891089108911,3.5643564356435644,,,,,,,54.761904761904766,97.61904761904762,,,
1204,Weston McKennie,USA,Juventus FC,MF,27,180,5,5,443,4.9,0,0,0,0,0,0,1,0,5,1,20.0,1.02,0.2,0.0,0.0,7,7,,,,,,,,,,,,,0.0,0.0,1.4221218961625284,1.4221218961625284,,,,40.569395017793596,47.330960854092524,,71.53024911032028,72.95373665480427,,,
1205,Ricardo Pepi,USA,PSV Eindhoven,FW,23,185,5,2,204,2.3,0,0,0,0,0,0,0,0,5,0,0.0,2.21,0.0,0.0,,1,1,,,,,,,,,,,,,0.0,0.0,0.4411764705882353,0.4411764705882353,,,35.40856031128405,38.715953307393,59.53307392996109,23.151750972762645,,,,,
1206,Christian Pulisic,USA,AC Milan,FW,27,177,4,3,223,2.5,0,1,1,0,0,0,0,0,4,2,50.0,1.61,0.81,0.0,0.0,1,0,,,,,,,,,,,,,0.0,0.4035874439461883,0.4035874439461883,0.0,,,35.40856031128405,88.91050583657587,43.3852140077821,63.81322957198443,,,,,
1207,Brenden Aaronson,USA,Leeds United FC,FW,25,177,1,1,76,0.8,0,0,0,0,0,0,0,0,3,1,33.3,3.55,1.18,0.0,0.0,1,0,,,,,,,,,,,,,0.0,0.0,1.1842105263157894,0.0,,,35.40856031128405,38.715953307393,80.35019455252919,73.34630350194551,,,,,
1208,Miles Robinson,USA,FC Cincinnatti,DF,29,187,1,1,90,1.0,0,0,0,0,0,0,0,0,1,0,0.0,1.0,0.0,0.0,,1,1,,,,,,,,,,,,,0.0,0.0,1.0,1.0,,,,,,,58.673469387755105,53.91156462585034,,,
1209,Tim Ream,USA,Charlotte FC,DF,38,186,4,4,360,4.0,0,0,0,0,0,0,0,0,0,0,,0.0,0.0,,,1,6,,,,,,,,,,,,,0.0,0.0,0.25,1.5,,,,,,,25.68027210884354,77.04081632653062,,,
1210,Sebastian Berhalter,USA,Vancouver Whitecaps FC,MF,25,175,5,1,187,2.1,1,1,2,1,0,0,1,0,3,1,33.3,1.44,0.48,0.33,1.0,0,3,,,,,,,,,,,,,0.481283422459893,0.481283422459893,0.0,1.4438502673796794,,,,93.59430604982207,61.032028469750884,,12.98932384341637,74.37722419928826,,,
1212,Alex Freeman,USA,Villarreal CF,DF,21,188,5,4,374,4.2,1,1,2,1,0,0,0,0,4,1,25.0,0.96,0.24,0.25,1.0,6,7,,,,,,,,,,,,,0.2406417112299465,0.2406417112299465,1.4438502673796794,1.6844919786096255,,,,,,,77.89115646258503,82.99319727891157,,,
1213,Malik Tillman,USA,Bayer 04 Leverkusen,MF,24,187,5,4,356,4.0,2,1,3,2,0,0,1,0,8,4,50.0,2.02,1.01,0.25,0.5,7,5,,,,,,,,,,,,,0.5056179775280899,0.2528089887640449,1.7696629213483146,1.2640449438202246,,,,85.05338078291815,77.22419928825623,,82.20640569395017,68.68327402135232,,,
1214,Max Arfsten,USA,Columbus Crew,DF,25,185,1,0,1,0.0,0,0,0,0,0,0,0,0,0,0,,0.0,0.0,,,0,0,,,,,,,,,,,,,0.0,0.0,0.0,0.0,,,,,,,11.73469387755102,10.034013605442176,,,
1215,Haji Wright,USA,Coventry City FC,FW,28,191,2,0,2,0.0,0,0,0,0,0,0,0,0,0,0,,0.0,0.0,,,0,0,,,,,,,,,,,,,0.0,0.0,0.0,0.0,,,35.40856031128405,38.715953307393,11.478599221789883,23.151750972762645,,,,,
1216,Folarin Balogun,USA,AS Monaco,FW,24,179,4,4,312,3.5,3,0,3,3,0,0,1,1,14,5,35.7,4.04,1.44,0.21,0.6,0,1,,,,,,,,,,,,,0.8653846153846154,0.0,0.0,0.2884615384615384,,,91.05058365758755,38.715953307393,87.15953307392996,78.59922178988327,,,,,
1217,Timothy Weah,USA,Olympique Marseille,FW,26,183,2,1,76,0.8,0,0,0,0,0,0,0,0,2,0,0.0,2.37,0.0,0.0,,0,0,,,,,,,,,,,,,0.0,0.0,0.0,0.0,,,35.40856031128405,38.715953307393,63.81322957198443,23.151750972762645,,,,,
1218,Mark McKenzie,USA,Toulouse FC,DF,27,186,1,1,90,1.0,0,0,0,0,0,0,0,0,0,0,,0.0,0.0,,,1,1,,,,,,,,,,,,,0.0,0.0,1.0,1.0,,,,,,,58.673469387755105,53.91156462585034,,,
1219,Joe Scally,USA,Borussia Mönchengladbach,DF,23,184,2,1,87,1.0,0,0,0,0,0,0,0,0,0,0,,0.0,0.0,,,1,1,,,,,,,,,,,,,0.0,0.0,1.0344827586206895,1.0344827586206895,,,,,,,64.28571428571429,57.6530612244898,,,
1220,Matt Freese,USA,New York City FC,GK,27,198,4,4,360,4.0,0,0,0,0,0,0,0,0,0,0,,0.0,0.0,,,0,0,5.0,1.25,13.0,8.0,61.5,2.0,50.0,0.0,0.0,0.0,0.0,,0.0,0.0,0.0,0.0,2.0,0.5,,,,,,,50.943396226415096,33.035714285714285,89.28571428571429
1223,Utkir Yusupov,UZB,PFC Navbahor Namangan,GK,35,185,1,1,90,1.0,0,0,0,0,0,0,0,0,0,0,,0.0,0.0,,,0,0,3.0,3.0,4.0,1.0,25.0,0.0,0.0,0.0,0.0,0.0,0.0,,0.0,0.0,0.0,0.0,1.0,0.0,,,,,,,7.547169811320755,11.607142857142858,26.785714285714285
1224,Abdukodir Khusanov,UZB,Manchester City FC,DF,22,186,3,3,270,3.0,0,0,0,0,0,0,2,0,0,0,,0.0,0.0,,,3,5,,,,,,,,,,,,,0.0,0.0,1.0,1.6666666666666663,,,,,,,58.673469387755105,82.31292517006803,,,
1225,Khojiakbar Alijonov,UZB,Pakhtakor Tashkent FK,DF,29,180,2,1,135,1.5,0,0,0,0,0,0,0,0,0,0,,0.0,0.0,,,2,5,,,,,,,,,,,,,0.0,0.0,1.3333333333333337,3.333333333333333,,,,,,,75.51020408163265,97.27891156462584,,,
1226,Farrukh Sayfiev,UZB,FK Neftchi Farg'ona,DF,35,183,1,0,45,0.5,0,0,0,0,0,0,0,0,0,0,,0.0,0.0,,,0,0,,,,,,,,,,,,,0.0,0.0,0.0,0.0,,,,,,,11.73469387755102,10.034013605442176,,,
1227,Rustam Ashurmatov,UZB,Esteghlal Tehran FC,DF,29,186,3,3,256,2.8,0,0,0,0,0,0,0,0,0,0,,0.0,0.0,,,2,7,,,,,,,,,,,,,0.0,0.0,0.703125,2.4609375,,,,,,,47.27891156462585,95.23809523809523,,,
1228,Akmal Mozgovoy,UZB,Pakhtakor Tashkent FK,MF,27,180,3,2,216,2.4,0,1,1,0,0,0,0,0,1,0,0.0,0.42,0.0,0.0,,0,2,,,,,,,,,,,,,0.0,0.4166666666666666,0.0,0.8333333333333333,,,,92.17081850533808,28.46975088967972,,12.98932384341637,55.871886120996436,,,
1229,Otabek Shukurov,UZB,Baniyas Club,MF,29,183,3,3,237,2.6,0,0,0,0,0,0,0,0,2,0,0.0,0.76,0.0,0.0,,2,0,,,,,,,,,,,,,0.0,0.0,0.7594936708860759,0.0,,,,40.569395017793596,37.36654804270463,,44.83985765124555,14.23487544483986,,,
1230,Jamshid Iskanderov,UZB,FK Neftchi Farg'ona,MF,32,171,1,0,9,0.1,0,0,0,0,0,0,0,0,0,0,,0.0,0.0,,,0,0,,,,,,,,,,,,,0.0,0.0,0.0,0.0,,,,40.569395017793596,11.387900355871885,,12.98932384341637,14.23487544483986,,,
1233,Oston Urunov,UZB,Persepolis FC,MF,25,181,2,1,63,0.7,0,0,0,0,0,0,0,0,0,0,,0.0,0.0,,,0,1,,,,,,,,,,,,,0.0,0.0,0.0,1.4285714285714284,,,,40.569395017793596,11.387900355871885,,12.98932384341637,73.66548042704626,,,
1234,Abduvohid Nematov,UZB,Nasaf Qarshi FC,GK,25,182,2,2,180,2.0,0,0,0,0,0,0,0,0,0,0,,0.0,0.0,,,0,0,8.0,4.0,13.0,5.0,38.5,0.0,0.0,1.0,1.0,0.0,0.0,0.0,0.0,0.0,0.0,0.0,2.5,0.0,,,,,,,11.320754716981133,50.0,26.785714285714285
1235,Sherzod Nasrullaev,UZB,Pakhtakor Tashkent FK,DF,27,183,3,3,180,2.0,0,0,0,0,0,0,1,0,1,1,100.0,0.5,0.5,0.0,0.0,2,2,,,,,,,,,,,,,0.0,0.0,1.0,1.0,,,,,,,58.673469387755105,53.91156462585034,,,
1236,Eldor Shomurodov,UZB,Başakşehir FK,FW,30,190,3,3,269,3.0,1,0,1,1,0,0,0,0,4,2,50.0,1.34,0.67,0.25,0.5,4,0,,,,,,,,,,,,,0.3345724907063196,0.0,1.338289962825279,0.0,,,76.65369649805449,38.715953307393,36.964980544747085,57.78210116731517,,,,,
1239,Dostonbek Khamdamov,UZB,Pakhtakor Tashkent FK,MF,29,178,2,1,103,1.1,0,0,0,0,0,0,0,0,2,0,0.0,1.75,0.0,0.0,,4,2,,,,,,,,,,,,,0.0,0.0,3.495145631067961,1.7475728155339805,,,,40.569395017793596,70.46263345195729,,97.50889679715303,83.27402135231317,,,
1240,Abdulla Abdullaev,UZB,Dibba FC,DF,28,181,2,2,180,2.0,0,0,0,0,0,0,0,0,0,0,,0.0,0.0,,,2,3,,,,,,,,,,,,,0.0,0.0,1.0,1.5,,,,,,,58.673469387755105,77.04081632653062,,,
1242,Azizbek Amonov,UZB,FK Dinamo Samarkand,FW,28,181,1,0,14,0.2,0,0,0,0,0,0,0,0,1,0,0.0,6.43,0.0,0.0,,0,0,,,,,,,,,,,,,0.0,0.0,0.0,0.0,,,35.40856031128405,38.715953307393,97.08171206225681,23.151750972762645,,,,,
1243,Igor Sergeev,UZB,Persepolis FC,FW,33,185,3,0,28,0.3,0,0,0,0,0,0,0,0,0,0,,0.0,0.0,,,0,0,,,,,,,,,,,,,0.0,0.0,0.0,0.0,,,35.40856031128405,38.715953307393,11.478599221789883,23.151750972762645,,,,,
1245,Sherzod Esanov,UZB,FK Buxoro,MF,23,190,1,0,1,0.0,0,0,0,0,0,0,0,0,0,0,,0.0,0.0,,,0,1,,,,,,,,,,,,,0.0,0.0,0.0,90.0,,,,40.569395017793596,11.387900355871885,,12.98932384341637,100.0,,,
1248,Jakhongir Urozov,UZB,FK Dinamo Samarkand,DF,22,190,2,1,95,1.1,0,0,0,0,0,0,0,0,0,0,,0.0,0.0,,,0,1,,,,,,,,,,,,,0.0,0.0,0.0,0.9473684210526316,,,,,,,11.73469387755102,50.17006802721088,,,
