player_id,player_name,national_team,club,position,age,height_cm,matches,starts,minutes,90s,goals,assists,goals_assists,goals_minus_pk,penalties,penalties_attempted,yellow_cards,red_cards,shots,shots_on_target,shot_on_target_pct,shots_p90,shots_on_target_p90,goals_per_shot,goals_per_sot,tackles_won,interceptions,goals_against,ga90,shots_on_target_against,saves,save_pct,clean_sheets,clean_sheet_pct,pk_attempted,pk_allowed,pk_saved,pk_missed,pk_save_pct,goals_p90,assists_p90,tackles_won_p90,interceptions_p90,saves_p90,clean_sheets_p90
2,Aïssa Mandi,ALG,Lille OSC,DF,34,184,4,4,360,4.0,0,0,0,0,0,0,0,0,0,0,,0.0,0.0,,,3,4,,,,,,,,,,,,,0.0,0.0,0.75,1.0,,
5,Zineddine Belaïd,ALG,JS Kabylie,DF,27,186,2,0,25,0.3,0,0,0,0,0,0,0,0,0,0,,0.0,0.0,,,0,0,,,,,,,,,,,,,0.0,0.0,0.0,0.0,,
6,Ramiz Zerrouki,ALG,FC Twente,MF,28,183,3,2,111,1.2,0,0,0,0,0,0,1,0,0,0,,0.0,0.0,,,1,2,,,,,,,,,,,,,0.0,0.0,0.8108108108108109,1.6216216216216217,,
7,Riyad Mahrez,ALG,Al Ahli FC,FW,35,179,4,3,262,2.9,2,1,3,2,0,0,0,0,6,3,50.0,2.06,1.03,0.33,0.67,2,1,,,,,,,,,,,,,0.6870229007633587,0.34351145038167935,0.6870229007633587,0.34351145038167935,,
8,Houssem Aouar,ALG,Al Ittihad,MF,27,175,3,2,173,1.9,0,2,2,0,0,0,0,0,3,1,33.3,1.56,0.52,0.0,0.0,1,0,,,,,,,,,,,,,0.0,1.0404624277456647,0.5202312138728323,0.0,,
9,Amine Gouiri,ALG,Olympique Marseille,FW,26,180,4,3,251,2.8,1,0,1,1,0,0,0,0,3,2,66.7,1.08,0.72,0.33,0.5,1,0,,,,,,,,,,,,,0.35856573705179284,0.0,0.35856573705179284,0.0,,
10,Fares Chaïbi,ALG,Eintracht Frankfurt,MF,23,183,4,4,360,4.0,0,0,0,0,0,0,1,0,9,3,33.3,2.25,0.75,0.0,0.0,5,3,,,,,,,,,,,,,0.0,0.0,1.25,0.75,,
11,Anis Hadj Moussa,ALG,Feyenoord Rotterdam,FW,24,176,3,1,98,1.1,0,0,0,0,0,0,0,0,2,0,0.0,1.84,0.0,0.0,,0,1,,,,,,,,,,,,,0.0,0.0,0.0,0.9183673469387754,,
12,Nadhir Benbouali,ALG,Györi ETO FC,FW,26,190,1,0,45,0.5,1,0,1,1,0,0,0,0,2,2,100.0,4.0,4.0,0.5,0.5,1,0,,,,,,,,,,,,,2.0,0.0,2.0,0.0,,
13,Jaouen Hadjam,ALG,BSC Young Boys,DF,23,185,3,1,109,1.2,0,0,0,0,0,0,0,0,1,0,0.0,0.83,0.0,0.0,,1,1,,,,,,,,,,,,,0.0,0.0,0.8256880733944955,0.8256880733944955,,
14,Hicham Boudaoui,ALG,OGC Nice,MF,26,175,3,2,128,1.4,0,0,0,0,0,0,1,0,0,0,,0.0,0.0,,,1,2,,,,,,,,,,,,,0.0,0.0,0.703125,1.40625,,
15,Rayan Aït-Nouri,ALG,Manchester City FC,DF,25,180,4,3,284,3.2,0,0,0,0,0,0,0,0,1,0,0.0,0.32,0.0,0.0,,13,5,,,,,,,,,,,,,0.0,0.0,4.119718309859155,1.5845070422535212,,
16,Oussama Benbot,ALG,USM Alger,GK,31,188,1,1,90,1.0,0,0,0,0,0,0,0,0,0,0,,0.0,0.0,,,0,0,3.0,3.0,3.0,0.0,0.0,0.0,0.0,0.0,0.0,0.0,0.0,,0.0,0.0,0.0,0.0,0.0,0.0
17,Rafik Belghali,ALG,Hellas Verona FC,DF,24,180,4,4,331,3.7,1,0,1,1,0,0,0,0,3,1,33.3,0.82,0.27,0.33,1.0,3,1,,,,,,,,,,,,,0.2719033232628399,0.0,0.8157099697885197,0.2719033232628399,,
18,Mohamed Amoura,ALG,VfL Wolfsburg,FW,26,170,1,0,27,0.3,0,0,0,0,0,0,0,0,0,0,,0.0,0.0,,,0,0,,,,,,,,,,,,,0.0,0.0,0.0,0.0,,
19,Nabil Bentaleb,ALG,Lille OSC,MF,31,189,4,3,285,3.2,0,0,0,0,0,0,0,0,1,0,0.0,0.32,0.0,0.0,,4,3,,,,,,,,,,,,,0.0,0.0,1.263157894736842,0.9473684210526315,,
20,Adil Boulbina,ALG,Al Duhail SC,FW,23,183,2,0,19,0.2,0,0,0,0,0,0,0,0,0,0,,0.0,0.0,,,0,0,,,,,,,,,,,,,0.0,0.0,0.0,0.0,,
21,Ramy Bensebaini,ALG,Borussia Dortmund,DF,31,187,4,4,360,4.0,0,0,0,0,0,0,0,0,2,0,0.0,0.5,0.0,0.0,,6,7,,,,,,,,,,,,,0.0,0.0,1.5,1.75,,
22,Ibrahim Maza,ALG,Bayer 04 Leverkusen,MF,20,180,4,4,351,3.9,0,0,0,0,0,0,0,0,11,3,27.3,2.82,0.77,0.0,0.0,2,0,,,,,,,,,,,,,0.0,0.0,0.5128205128205129,0.0,,
23,Luca Zidane,ALG,Granada CF,GK,28,183,3,3,270,3.0,0,0,0,0,0,0,0,0,0,0,,0.0,0.0,,,0,0,6.0,2.0,14.0,8.0,57.1,0.0,0.0,0.0,0.0,0.0,0.0,,0.0,0.0,0.0,0.0,2.666666666666667,0.0
25,Farés Ghedjemis,ALG,Frosinone,FW,23,183,1,0,1,0.0,0,0,0,0,0,0,0,0,0,0,,0.0,0.0,,,0,0,,,,,,,,,,,,,0.0,0.0,0.0,0.0,,
26,Samir Chergui,ALG,Paris FC,DF,27,185,1,0,20,0.2,0,0,0,0,0,0,0,0,0,0,,0.0,0.0,,,0,0,,,,,,,,,,,,,0.0,0.0,0.0,0.0,,
29,Nicolás Tagliafico,ARG,Olympique Lyonnais,DF,33,172,7,5,476,5.3,0,0,0,0,0,0,0,0,0,0,,0.0,0.0,,,4,6,,,,,,,,,,,,,0.0,0.0,0.7563025210084033,1.134453781512605,,
30,Gonzalo Montiel,ARG,CA River Plate,DF,29,175,6,2,192,2.1,0,1,1,0,0,0,1,0,1,0,0.0,0.47,0.0,0.0,,3,3,,,,,,,,,,,,,0.0,0.46875,1.40625,1.40625,,
31,Leandro Paredes,ARG,CA Boca Juniors,MF,31,182,7,4,473,5.3,0,0,0,0,0,0,2,0,4,1,25.0,0.76,0.19,0.0,0.0,6,5,,,,,,,,,,,,,0.0,0.0,1.1416490486257929,0.9513742071881607,,
32,Lisandro Martínez,ARG,Manchester United FC,DF,28,175,7,7,624,6.9,1,1,2,1,0,0,2,0,4,2,50.0,0.58,0.29,0.25,0.5,7,6,,,,,,,,,,,,,0.14423076923076922,0.14423076923076922,1.0096153846153846,0.8653846153846154,,
33,Rodrigo De Paul,ARG,Inter Miami CF,MF,32,178,7,6,491,5.5,0,1,1,0,0,0,1,0,2,1,50.0,0.37,0.18,0.0,0.0,4,6,,,,,,,,,,,,,0.0,0.18329938900203666,0.7331975560081466,1.0997963340122199,,
34,Valentín Barco,ARG,RC Strasbourg,MF,21,172,1,0,20,0.2,0,0,0,0,0,0,0,0,0,0,,0.0,0.0,,,0,0,,,,,,,,,,,,,0.0,0.0,0.0,0.0,,
35,Julián Álvarez,ARG,Atlético De Madrid,FW,26,170,8,5,602,6.7,1,0,1,1,0,0,0,0,11,5,45.5,1.64,0.75,0.09,0.2,4,3,,,,,,,,,,,,,0.14950166112956811,0.0,0.5980066445182725,0.4485049833887043,,
36,Lionel Messi,ARG,Inter Miami CF,FW,38,170,8,7,740,8.2,8,4,12,8,0,2,0,0,35,18,51.4,4.26,2.19,0.23,0.44,10,0,,,,,,,,,,,,,0.972972972972973,0.4864864864864865,1.2162162162162162,0.0,,
37,Giovani Lo Celso,ARG,Real Betis,MF,30,177,1,1,59,0.7,1,0,1,1,0,0,0,0,1,1,100.0,1.53,1.53,1.0,1.0,0,1,,,,,,,,,,,,,1.5254237288135593,0.0,0.0,1.5254237288135593,,
39,Cristian Romero,ARG,Tottenham Hotspur FC,DF,28,185,7,7,608,6.8,1,0,1,1,0,0,2,0,3,1,33.3,0.44,0.15,0.33,1.0,10,11,,,,,,,,,,,,,0.14802631578947367,0.0,1.4802631578947367,1.6282894736842106,,
40,Exequiel Palacios,ARG,Bayer 04 Leverkusen,MF,27,177,1,1,90,1.0,0,0,0,0,0,0,0,0,0,0,,0.0,0.0,,,0,5,,,,,,,,,,,,,0.0,0.0,0.0,5.0,,
41,Nicolás González,ARG,Atlético De Madrid,MF,28,180,7,1,259,2.9,0,1,1,0,0,0,0,0,7,1,14.3,2.43,0.35,0.0,0.0,3,1,,,,,,,,,,,,,0.0,0.3474903474903475,1.0424710424710424,0.3474903474903475,,
42,Thiago Almada,ARG,Atlético De Madrid,FW,25,171,5,3,241,2.7,0,0,0,0,0,0,1,0,5,2,40.0,1.87,0.75,0.0,0.0,4,0,,,,,,,,,,,,,0.0,0.0,1.4937759336099585,0.0,,
43,Giuliano Simeone,ARG,Atlético De Madrid,FW,23,174,3,2,192,2.1,0,0,0,0,0,0,0,0,1,0,0.0,0.47,0.0,0.0,,3,1,,,,,,,,,,,,,0.0,0.0,1.40625,0.46875,,
44,Nicolás Paz,ARG,Como,FW,21,185,2,1,71,0.8,0,0,0,0,0,0,0,0,1,0,0.0,1.27,0.0,0.0,,2,0,,,,,,,,,,,,,0.0,0.0,2.535211267605634,0.0,,
45,Nicolás Otamendi,ARG,SL Benfica,DF,38,182,7,1,247,2.7,0,0,0,0,0,0,0,0,1,0,0.0,0.36,0.0,0.0,,2,6,,,,,,,,,,,,,0.0,0.0,0.728744939271255,2.1862348178137654,,
46,Alexis Mac Allister,ARG,Liverpool FC,MF,27,176,8,7,750,8.3,1,1,2,1,0,0,1,0,13,4,30.8,1.56,0.48,0.08,0.25,12,9,,,,,,,,,,,,,0.12,0.12,1.44,1.08,,
48,Lautaro Martínez,ARG,FC Internazionale Milano,FW,28,175,7,4,310,3.4,3,1,4,2,1,1,1,0,10,4,40.0,2.9,1.16,0.3,0.75,1,1,,,,,,,,,,,,,0.8709677419354839,0.2903225806451613,0.2903225806451613,0.2903225806451613,,
49,Emiliano Martínez,ARG,Aston Villa FC,GK,33,195,8,8,810,9.0,0,0,0,0,0,0,0,0,0,0,,0.0,0.0,,,0,0,8.0,0.89,28.0,20.0,71.4,2.0,25.0,0.0,0.0,0.0,0.0,,0.0,0.0,0.0,0.0,2.2222222222222223,0.2222222222222222
50,Enzo Fernández,ARG,Chelsea FC,MF,25,178,7,7,659,7.3,2,0,2,2,0,0,2,1,12,4,33.3,1.64,0.55,0.17,0.5,7,6,,,,,,,,,,,,,0.27314112291350534,0.0,0.9559939301972686,0.8194233687405159,,
51,Facundo Medina,ARG,Olympique Marseille,DF,27,184,5,3,308,3.4,0,1,1,0,0,0,1,0,0,0,,0.0,0.0,,,7,2,,,,,,,,,,,,,0.0,0.29220779220779225,2.0454545454545454,0.5844155844155845,,
52,Nahuel Molina,ARG,Atlético De Madrid,DF,28,179,7,5,528,5.9,0,0,0,0,0,0,0,0,1,0,0.0,0.17,0.0,0.0,,3,8,,,,,,,,,,,,,0.0,0.0,0.5113636363636364,1.3636363636363638,,
53,Mathew Ryan,AUS,Levante UD,GK,34,184,1,0,2,0.0,0,0,0,0,0,0,0,0,0,0,,0.0,0.0,,,0,0,0.0,0.0,0.0,0.0,,0.0,,0.0,0.0,0.0,0.0,,0.0,0.0,0.0,0.0,0.0,0.0
55,Alessandro Circati,AUS,Parma,DF,22,191,4,4,390,4.3,0,0,0,0,0,0,1,0,3,0,0.0,0.69,0.0,0.0,,7,2,,,,,,,,,,,,,0.0,0.0,1.6153846153846152,0.46153846153846156,,
56,Jacob Italiano,AUS,Grazer AK,DF,24,177,2,2,163,1.8,0,0,0,0,0,0,1,0,1,0,0.0,0.55,0.0,0.0,,2,1,,,,,,,,,,,,,0.0,0.0,1.1042944785276074,0.5521472392638037,,
58,Jason Geria,AUS,Albirex Niigata,DF,33,181,2,0,62,0.7,0,0,0,0,0,0,0,0,0,0,,0.0,0.0,,,1,2,,,,,,,,,,,,,0.0,0.0,1.4516129032258065,2.903225806451613,,
59,Mathew Leckie,AUS,Melbourne City FC,FW,35,181,1,1,60,0.7,0,0,0,0,0,0,0,0,1,0,0.0,1.5,0.0,0.0,,0,0,,,,,,,,,,,,,0.0,0.0,0.0,0.0,,
60,Connor Metcalfe,AUS,FC St. Pauli,MF,26,183,4,3,315,3.5,1,0,1,1,0,0,0,0,5,2,40.0,1.43,0.57,0.2,0.5,5,2,,,,,,,,,,,,,0.2857142857142857,0.0,1.4285714285714284,0.5714285714285714,,
62,Ajdin Hrustic,AUS,SC Heracles Almelo,FW,29,180,2,0,80,0.9,0,0,0,0,0,0,0,0,3,0,0.0,3.38,0.0,0.0,,0,0,,,,,,,,,,,,,0.0,0.0,0.0,0.0,,
63,Awer Mabil,AUS,CD Castellón,FW,30,178,1,0,30,0.3,0,0,0,0,0,0,0,0,1,0,0.0,3.0,0.0,0.0,,0,0,,,,,,,,,,,,,0.0,0.0,0.0,0.0,,
65,Aiden O'Neill,AUS,New York City FC,MF,27,180,4,4,360,4.0,0,0,0,0,0,0,0,0,2,0,0.0,0.5,0.0,0.0,,2,2,,,,,,,,,,,,,0.0,0.0,0.5,0.5,,
67,Kai Trewin,AUS,New York City FC,DF,25,183,1,0,75,0.8,0,0,0,0,0,0,0,0,1,0,0.0,1.2,0.0,0.0,,0,2,,,,,,,,,,,,,0.0,0.0,0.0,2.4000000000000004,,
68,Aziz Behich,AUS,Melbourne City FC,DF,35,170,3,2,217,2.4,0,0,0,0,0,0,0,0,1,1,100.0,0.41,0.41,0.0,0.0,4,1,,,,,,,,,,,,,0.0,0.0,1.6589861751152073,0.4147465437788018,,
69,Nestory Irankunda,AUS,Watford FC,FW,20,165,4,3,261,2.9,1,0,1,1,0,0,0,0,6,2,33.3,2.07,0.69,0.17,0.5,0,1,,,,,,,,,,,,,0.3448275862068965,0.0,0.0,0.3448275862068965,,
70,Patrick Beach,AUS,Melbourne City FC,GK,22,189,4,4,388,4.3,0,0,0,0,0,0,0,0,0,0,,0.0,0.0,,,0,0,3.0,0.7,17.0,14.0,82.4,2.0,50.0,0.0,0.0,0.0,0.0,,0.0,0.0,0.0,0.0,3.2474226804123707,0.4639175257731959
71,Harry Souttar,AUS,Leicester City FC,DF,27,198,4,4,390,4.3,0,0,0,0,0,0,1,0,1,1,100.0,0.23,0.23,0.0,0.0,0,4,,,,,,,,,,,,,0.0,0.0,0.0,0.9230769230769231,,
72,Cristian Volpato,AUS,US Sassuolo,FW,22,187,3,2,160,1.8,0,0,0,0,0,0,0,0,4,1,25.0,2.25,0.56,0.0,0.0,1,0,,,,,,,,,,,,,0.0,0.0,0.5625,0.0,,
73,Cameron Burgess,AUS,Swansea City AFC,DF,30,194,2,2,135,1.5,0,0,0,0,0,0,0,0,0,0,,0.0,0.0,,,1,1,,,,,,,,,,,,,0.0,0.0,0.6666666666666667,0.6666666666666667,,
74,Jackson Irvine,AUS,FC St. Pauli,MF,33,189,4,2,223,2.5,0,0,0,0,0,0,1,0,3,1,33.3,1.21,0.4,0.0,0.0,1,1,,,,,,,,,,,,,0.0,0.0,0.40358744394618834,0.40358744394618834,,
75,Nishan Velupillay,AUS,Melbourne Victory FC,FW,25,181,2,1,75,0.8,0,0,0,0,0,0,0,0,0,0,,0.0,0.0,,,1,0,,,,,,,,,,,,,0.0,0.0,1.2000000000000002,0.0,,
76,Paul Okon-Engstler,AUS,Sydney FC,MF,21,185,4,2,197,2.2,0,1,1,0,0,0,0,0,0,0,,0.0,0.0,,,2,5,,,,,,,,,,,,,0.0,0.45685279187817257,0.9137055837563451,2.284263959390863,,
77,Lucas Herrington,AUS,Colorado Rapids,DF,18,193,2,2,210,2.3,0,0,0,0,0,0,0,0,0,0,,0.0,0.0,,,1,2,,,,,,,,,,,,,0.0,0.0,0.4285714285714286,0.8571428571428572,,
78,Tete Yengi,AUS,FC Machida Zelvia,FW,25,197,2,0,24,0.3,0,0,0,0,0,0,0,0,1,1,100.0,3.75,3.75,0.0,0.0,2,0,,,,,,,,,,,,,0.0,0.0,7.5,0.0,,
79,Alexander Schlager,AUT,FC Red Bull Salzburg,GK,30,188,4,4,360,4.0,0,0,0,0,0,0,0,0,0,0,,0.0,0.0,,,0,0,9.0,2.25,22.0,13.0,59.1,0.0,0.0,1.0,0.0,0.0,1.0,,0.0,0.0,0.0,0.0,3.2499999999999996,0.0
81,Kevin Danso,AUT,Tottenham Hotspur FC,DF,27,190,4,2,241,2.7,0,0,0,0,0,0,0,0,1,0,0.0,0.37,0.0,0.0,,1,0,,,,,,,,,,,,,0.0,0.0,0.37344398340248963,0.0,,
82,Xaver Schlager,AUT,RB Leipzig,MF,28,174,4,4,238,2.6,0,1,1,0,0,0,0,0,1,0,0.0,0.38,0.0,0.0,,3,7,,,,,,,,,,,,,0.0,0.37815126050420167,1.134453781512605,2.6470588235294117,,
83,Stefan Posch,AUT,1. FSV Mainz 05,DF,29,188,4,4,331,3.7,0,0,0,0,0,0,2,0,3,0,0.0,0.82,0.0,0.0,,4,10,,,,,,,,,,,,,0.0,0.0,1.0876132930513596,2.719033232628399,,
84,Nicolas Seiwald,AUT,RB Leipzig,MF,25,179,4,4,315,3.5,0,0,0,0,0,0,0,0,3,0,0.0,0.86,0.0,0.0,,5,4,,,,,,,,,,,,,0.0,0.0,1.4285714285714284,1.1428571428571428,,
85,Marko Arnautović,AUT,FK Crvena Zvezda,FW,37,192,4,1,144,1.6,2,0,2,1,1,1,1,0,3,3,100.0,1.87,1.87,0.67,0.67,0,0,,,,,,,,,,,,,1.25,0.0,0.0,0.0,,
86,David Alaba,AUT,Real Madrid C. F.,DF,33,180,4,4,275,3.1,0,1,1,0,0,0,0,0,2,0,0.0,0.65,0.0,0.0,,1,4,,,,,,,,,,,,,0.0,0.32727272727272727,0.32727272727272727,1.309090909090909,,
87,Marcel Sabitzer,AUT,Borussia Dortmund,MF,32,178,4,4,360,4.0,1,0,1,1,0,0,1,0,5,2,40.0,1.25,0.5,0.2,0.5,2,6,,,,,,,,,,,,,0.25,0.0,0.5,1.5,,
88,Florian Grillitsch,AUT,SC Braga,MF,30,186,2,0,90,1.0,0,0,0,0,0,0,0,0,0,0,,0.0,0.0,,,1,0,,,,,,,,,,,,,0.0,0.0,1.0,0.0,,
89,Michael Gregoritsch,AUT,FC Augsburg,FW,32,193,3,2,188,2.1,0,1,1,0,0,0,0,0,1,0,0.0,0.48,0.0,0.0,,0,0,,,,,,,,,,,,,0.0,0.4787234042553191,0.0,0.0,,
92,Saša Kalajdžić,AUT,LASK Linz,FW,28,200,3,1,77,0.9,1,0,1,1,0,0,0,0,4,1,25.0,4.68,1.17,0.25,1.0,0,0,,,,,,,,,,,,,1.168831168831169,0.0,0.0,0.0,,
93,Philipp Lienhart,AUT,SC Freiburg,DF,29,189,2,2,180,2.0,0,0,0,0,0,0,0,0,1,0,0.0,0.5,0.0,0.0,,1,1,,,,,,,,,,,,,0.0,0.0,0.5,0.5,,
94,Phillipp Mwene,AUT,1. FSV Mainz 05,DF,32,170,2,2,147,1.6,0,0,0,0,0,0,0,0,1,0,0.0,0.61,0.0,0.0,,0,3,,,,,,,,,,,,,0.0,0.0,0.0,1.8367346938775508,,
95,Carney Chukwuemeka,AUT,Borussia Dortmund,MF,22,187,3,0,83,0.9,0,0,0,0,0,0,0,0,2,1,50.0,2.17,1.08,0.0,0.0,0,0,,,,,,,,,,,,,0.0,0.0,0.0,0.0,,
96,Romano Schmid,AUT,SV Werder Bremen,MF,26,168,4,4,263,2.9,1,0,1,1,0,0,0,0,2,1,50.0,0.68,0.34,0.5,1.0,4,0,,,,,,,,,,,,,0.34220532319391633,0.0,1.3688212927756653,0.0,,
98,Konrad Laimer,AUT,FC Bayern München,MF,29,180,4,4,360,4.0,0,1,1,0,0,0,1,0,1,0,0.0,0.25,0.0,0.0,,6,2,,,,,,,,,,,,,0.0,0.25,1.5,0.5,,
99,Patrick Wimmer,AUT,VfL Wolfsburg,FW,25,182,2,0,21,0.2,0,0,0,0,0,0,0,0,1,0,0.0,4.29,0.0,0.0,,0,2,,,,,,,,,,,,,0.0,0.0,0.0,8.571428571428571,,
100,Alexander Prass,AUT,TSG Hoffenheim,MF,25,180,2,0,29,0.3,0,0,0,0,0,0,0,0,0,0,,0.0,0.0,,,0,0,,,,,,,,,,,,,0.0,0.0,0.0,0.0,,
101,Marco Friedl,AUT,SV Werder Bremen,DF,28,187,1,0,24,0.3,0,0,0,0,0,0,0,0,0,0,,0.0,0.0,,,0,0,,,,,,,,,,,,,0.0,0.0,0.0,0.0,,
102,Paul Wanner,AUT,PSV Eindhoven,MF,20,185,4,2,234,2.6,0,0,0,0,0,0,0,0,1,0,0.0,0.38,0.0,0.0,,1,2,,,,,,,,,,,,,0.0,0.0,0.38461538461538464,0.7692307692307693,,
105,Thibaut Courtois,BEL,Real Madrid C. F.,GK,34,199,6,6,550,6.1,0,0,0,0,0,0,0,0,0,0,,0.0,0.0,,,0,0,6.0,0.98,20.0,14.0,70.0,1.0,16.7,0.0,0.0,0.0,0.0,,0.0,0.0,0.0,0.0,2.290909090909091,0.16363636363636364
107,Arthur Theate,BEL,Eintracht Frankfurt,DF,26,185,3,2,228,2.5,0,0,0,0,0,0,0,0,5,1,20.0,1.97,0.39,0.0,0.0,0,3,,,,,,,,,,,,,0.0,0.0,0.0,1.1842105263157894,,
108,Brandon Mechele,BEL,Club Brugge,DF,33,190,6,6,570,6.3,0,0,0,0,0,0,1,0,5,1,20.0,0.79,0.16,0.0,0.0,4,4,,,,,,,,,,,,,0.0,0.0,0.631578947368421,0.631578947368421,,
109,Maxim De Cuyper,BEL,Brighton & Hove Albion FC,DF,25,182,6,5,442,4.9,0,0,0,0,0,0,1,0,10,6,60.0,2.04,1.22,0.0,0.0,2,6,,,,,,,,,,,,,0.0,0.0,0.40723981900452494,1.2217194570135748,,
110,Axel Witsel,BEL,Girona FC,MF,37,186,2,0,33,0.4,0,0,0,0,0,0,1,0,0,0,,0.0,0.0,,,0,0,,,,,,,,,,,,,0.0,0.0,0.0,0.0,,
111,Kevin De Bruyne,BEL,SSC Napoli,MF,34,181,5,5,382,4.2,1,0,1,1,0,0,1,0,20,5,25.0,4.71,1.18,0.05,0.2,2,0,,,,,,,,,,,,,0.23560209424083772,0.0,0.47120418848167545,0.0,,
112,Youri Tielemans,BEL,Aston Villa FC,MF,29,176,5,5,474,5.3,2,0,2,1,1,1,0,0,11,3,27.3,2.09,0.57,0.18,0.67,6,2,,,,,,,,,,,,,0.37974683544303794,0.0,1.139240506329114,0.37974683544303794,,
113,Romelu Lukaku,BEL,SSC Napoli,FW,33,190,6,1,233,2.6,3,1,4,3,0,0,1,0,6,3,50.0,2.32,1.16,0.5,1.0,0,0,,,,,,,,,,,,,1.1587982832618027,0.38626609442060084,0.0,0.0,,
114,Leandro Trossard,BEL,Arsenal FC,FW,31,172,6,6,506,5.6,2,2,4,2,0,0,0,0,17,3,17.6,3.02,0.53,0.12,0.67,1,4,,,,,,,,,,,,,0.3557312252964427,0.3557312252964427,0.17786561264822134,0.7114624505928854,,
115,Jeremy Doku,BEL,Manchester City FC,FW,24,173,5,4,309,3.4,0,0,0,0,0,0,0,0,3,1,33.3,0.87,0.29,0.0,0.0,1,3,,,,,,,,,,,,,0.0,0.0,0.29126213592233013,0.8737864077669902,,
116,Senne Lammens,BEL,Manchester United FC,GK,23,193,1,0,20,0.2,0,0,0,0,0,0,0,0,0,0,,0.0,0.0,,,0,0,1.0,4.5,3.0,2.0,66.7,0.0,,0.0,0.0,0.0,0.0,,0.0,0.0,0.0,0.0,9.0,0.0
118,Dodi Lukebakio,BEL,SL Benfica,FW,28,184,3,1,164,1.8,0,0,0,0,0,0,0,0,7,1,14.3,3.84,0.55,0.0,0.0,1,0,,,,,,,,,,,,,0.0,0.0,0.5487804878048781,0.0,,
119,Thomas Meunier,BEL,Lille OSC,DF,34,190,3,2,190,2.1,0,1,1,0,0,0,0,0,2,1,50.0,0.95,0.47,0.0,0.0,2,2,,,,,,,,,,,,,0.0,0.47368421052631576,0.9473684210526315,0.9473684210526315,,
121,Charles De Ketelaere,BEL,Atalanta Bergamo,FW,25,192,5,5,350,3.9,3,1,4,3,0,0,0,0,6,5,83.3,1.54,1.29,0.5,0.6,4,5,,,,,,,,,,,,,0.7714285714285715,0.2571428571428571,1.0285714285714285,1.2857142857142856,,
122,Joaquin Seys,BEL,Club Brugge,DF,21,178,1,0,30,0.3,0,0,0,0,0,0,0,0,0,0,,0.0,0.0,,,1,0,,,,,,,,,,,,,0.0,0.0,3.0,0.0,,
123,Diego Moreira,BEL,RC Strasbourg,MF,21,179,1,0,58,0.6,0,0,0,0,0,0,0,0,0,0,,0.0,0.0,,,1,1,,,,,,,,,,,,,0.0,0.0,1.5517241379310345,1.5517241379310345,,
124,Hans Vanaken,BEL,Club Brugge,MF,33,195,6,3,319,3.5,1,2,3,1,0,0,0,0,5,1,20.0,1.41,0.28,0.2,1.0,1,1,,,,,,,,,,,,,0.28213166144200624,0.5642633228840125,0.28213166144200624,0.28213166144200624,,
125,Timothy Castagne,BEL,Fulham FC,DF,30,185,6,5,478,5.3,0,1,1,0,0,0,1,0,3,1,33.3,0.56,0.19,0.0,0.0,7,8,,,,,,,,,,,,,0.0,0.18828451882845187,1.3179916317991631,1.506276150627615,,
126,Alexis Saelemaekers,BEL,AC Milan,MF,26,180,4,1,83,0.9,1,0,1,1,0,0,0,0,4,1,25.0,4.34,1.08,0.25,1.0,2,0,,,,,,,,,,,,,1.0843373493975905,0.0,2.168674698795181,0.0,,
127,Nicolas Raskin,BEL,Rangers FC,MF,25,178,6,3,341,3.8,0,2,2,0,0,0,0,0,2,1,50.0,0.53,0.26,0.0,0.0,5,2,,,,,,,,,,,,,0.0,0.5278592375366569,1.3196480938416424,0.5278592375366569,,
128,Amadou Onana,BEL,Aston Villa FC,MF,24,192,4,2,106,1.2,0,0,0,0,0,0,0,0,2,0,0.0,1.7,0.0,0.0,,2,2,,,,,,,,,,,,,0.0,0.0,1.6981132075471697,1.6981132075471697,,
129,Nathan Ngoy,BEL,Lille OSC,DF,23,183,4,4,335,3.7,0,0,0,0,0,0,0,1,1,0,0.0,0.27,0.0,0.0,,4,7,,,,,,,,,,,,,0.0,0.0,1.0746268656716418,1.8805970149253732,,
130,Matias Fernandez-Pardo,BEL,Lille OSC,FW,21,188,3,0,44,0.5,0,0,0,0,0,0,0,0,3,0,0.0,6.14,0.0,0.0,,1,0,,,,,,,,,,,,,0.0,0.0,2.0454545454545454,0.0,,
131,Nikola Vasilj,BIH,FC St. Pauli,GK,30,193,4,4,360,4.0,0,0,0,0,0,0,0,0,0,0,,0.0,0.0,,,0,0,8.0,2.0,14.0,6.0,42.9,0.0,0.0,1.0,1.0,0.0,0.0,0.0,0.0,0.0,0.0,0.0,1.5,0.0
133,Dennis Hadžikadunić,BIH,UC Sampdoria,DF,27,191,1,0,27,0.3,0,1,1,0,0,0,0,0,0,0,,0.0,0.0,,,2,0,,,,,,,,,,,,,0.0,3.333333333333333,6.666666666666666,0.0,,
134,Tarik Muharemovic,BIH,US Sassuolo,DF,23,192,3,3,259,2.9,0,0,0,0,0,0,0,1,1,0,0.0,0.35,0.0,0.0,,1,8,,,,,,,,,,,,,0.0,0.0,0.3474903474903475,2.77992277992278,,
135,Sead Kolašinac,BIH,Atalanta Bergamo,DF,32,183,4,4,337,3.7,0,1,1,0,0,0,0,0,0,0,,0.0,0.0,,,6,2,,,,,,,,,,,,,0.0,0.26706231454005935,1.6023738872403561,0.5341246290801187,,
136,Benjamin Tahirovic,BIH,Brøndby IF,MF,23,191,4,2,237,2.6,0,0,0,0,0,0,0,0,1,0,0.0,0.38,0.0,0.0,,4,4,,,,,,,,,,,,,0.0,0.0,1.5189873417721518,1.5189873417721518,,
137,Amar Dedić,BIH,SL Benfica,DF,23,180,3,3,270,3.0,0,0,0,0,0,0,1,0,2,1,50.0,0.67,0.33,0.0,0.0,7,1,,,,,,,,,,,,,0.0,0.0,2.3333333333333335,0.33333333333333337,,
138,Armin Gigovic,BIH,BSC Young Boys,MF,24,187,2,1,79,0.9,0,0,0,0,0,0,0,0,0,0,,0.0,0.0,,,1,2,,,,,,,,,,,,,0.0,0.0,1.139240506329114,2.278481012658228,,
139,Samed Baždar,BIH,Jagiellonia Białystok,FW,22,189,1,0,29,0.3,0,0,0,0,0,0,0,0,0,0,,0.0,0.0,,,0,0,,,,,,,,,,,,,0.0,0.0,0.0,0.0,,
140,Ermedin Demirović,BIH,VfB Stuttgart,FW,28,185,4,4,354,3.9,0,0,0,0,0,0,1,0,4,4,100.0,1.02,1.02,0.0,0.0,1,1,,,,,,,,,,,,,0.0,0.0,0.2542372881355932,0.2542372881355932,,
141,Edin Džeko,BIH,FC Schalke 04,FW,40,192,3,3,176,2.0,0,0,0,0,0,0,1,0,3,0,0.0,1.53,0.0,0.0,,0,1,,,,,,,,,,,,,0.0,0.0,0.0,0.5113636363636364,,
143,Ivan Bašić,BIH,FC Astana,MF,24,178,3,2,179,2.0,0,1,1,0,0,0,0,0,4,0,0.0,2.01,0.0,0.0,,1,3,,,,,,,,,,,,,0.0,0.5027932960893855,0.5027932960893855,1.5083798882681565,,
144,Ivan Šunjić,BIH,Pafos FC,MF,29,183,4,3,196,2.2,0,0,0,0,0,0,0,0,1,1,100.0,0.46,0.46,0.0,0.0,3,0,,,,,,,,,,,,,0.0,0.0,1.3775510204081631,0.0,,
145,Amar Memić,BIH,FC Viktoria Plzeň,MF,25,176,4,2,224,2.5,0,0,0,0,0,0,0,0,3,1,33.3,1.21,0.4,0.0,0.0,2,2,,,,,,,,,,,,,0.0,0.0,0.8035714285714285,0.8035714285714285,,
146,Amir Hadžiahmetović,BIH,Hull City FC,MF,29,179,1,0,6,0.1,0,0,0,0,0,0,0,0,0,0,,0.0,0.0,,,0,0,,,,,,,,,,,,,0.0,0.0,0.0,0.0,,
147,Dženis Burnić,BIH,Karlsruher SC,MF,28,182,2,0,16,0.2,0,0,0,0,0,0,0,0,1,0,0.0,5.63,0.0,0.0,,0,0,,,,,,,,,,,,,0.0,0.0,0.0,0.0,,
148,Nikola Katić,BIH,FC Schalke 04,DF,29,194,4,4,317,3.5,0,0,0,0,0,0,1,0,2,0,0.0,0.57,0.0,0.0,,6,5,,,,,,,,,,,,,0.0,0.0,1.7034700315457414,1.419558359621451,,
149,Kerim Alajbegović,BIH,FC Red Bull Salzburg,FW,18,186,4,3,277,3.1,1,0,1,1,0,0,0,0,4,1,25.0,1.3,0.32,0.25,1.0,0,2,,,,,,,,,,,,,0.3249097472924188,0.0,0.0,0.6498194945848376,,
150,Esmir Bajraktarevic,BIH,PSV Eindhoven,FW,21,175,4,2,230,2.6,0,0,0,0,0,0,0,0,3,2,66.7,1.17,0.78,0.0,0.0,0,3,,,,,,,,,,,,,0.0,0.0,0.0,1.1739130434782608,,
151,Stjepan Radeljić,BIH,HNK Rijeka,DF,28,201,2,2,180,2.0,0,0,0,0,0,0,1,0,1,0,0.0,0.5,0.0,0.0,,1,0,,,,,,,,,,,,,0.0,0.0,0.5,0.0,,
153,Haris Tabaković,BIH,Borussia Mönchengladbach,FW,31,196,1,0,16,0.2,0,0,0,0,0,0,0,0,0,0,,0.0,0.0,,,0,0,,,,,,,,,,,,,0.0,0.0,0.0,0.0,,
155,Jovo Lukić,BIH,Universitatea Cluj,FW,27,190,2,1,67,0.7,1,0,1,1,0,0,1,0,3,2,66.7,4.03,2.69,0.33,0.5,1,0,,,,,,,,,,,,,1.3432835820895521,0.0,1.3432835820895521,0.0,,
156,Ermin Mahmić,BIH,FC Slovan Liberec,MF,21,182,3,0,68,0.8,2,0,2,2,0,0,1,0,4,2,50.0,5.29,2.65,0.5,1.0,1,0,,,,,,,,,,,,,2.6470588235294117,0.0,1.3235294117647058,0.0,,
157,Alisson,BRA,Liverpool FC,GK,33,193,5,5,450,5.0,0,0,0,0,0,0,0,0,0,0,,0.0,0.0,,,0,0,4.0,0.8,18.0,14.0,77.8,2.0,40.0,0.0,0.0,0.0,0.0,,0.0,0.0,0.0,0.0,2.8,0.4
158,Éderson Silva,BRA,Atalanta Bergamo,MF,26,184,2,0,22,0.2,0,0,0,0,0,0,0,0,2,0,0.0,8.18,0.0,0.0,,0,1,,,,,,,,,,,,,0.0,0.0,0.0,4.090909090909091,,
159,Gabriel Magalhães,BRA,Arsenal FC,DF,28,190,5,5,450,5.0,0,1,1,0,0,0,0,0,1,0,0.0,0.2,0.0,0.0,,2,4,,,,,,,,,,,,,0.0,0.2,0.4,0.8,,
160,Marquinhos,BRA,Paris Saint-Germain,DF,32,183,5,5,450,5.0,0,0,0,0,0,0,0,0,2,0,0.0,0.4,0.0,0.0,,2,3,,,,,,,,,,,,,0.0,0.0,0.4,0.6000000000000001,,
161,Casemiro,BRA,Manchester United FC,MF,34,185,5,5,379,4.2,1,0,1,1,0,0,2,0,4,2,50.0,0.95,0.47,0.25,0.5,5,6,,,,,,,,,,,,,0.23746701846965698,0.0,1.187335092348285,1.424802110817942,,
162,Alex Sandro,BRA,CR Flamengo,DF,35,180,1,0,9,0.1,0,0,0,0,0,0,0,0,0,0,,0.0,0.0,,,0,0,,,,,,,,,,,,,0.0,0.0,0.0,0.0,,
163,Vinicius Júnior,BRA,Real Madrid C. F.,FW,25,176,5,5,440,4.9,4,1,5,4,0,0,0,0,17,11,64.7,3.48,2.25,0.24,0.36,1,1,,,,,,,,,,,,,0.8181818181818181,0.20454545454545453,0.20454545454545453,0.20454545454545453,,
164,Bruno Guimarães,BRA,Newcastle United FC,MF,28,182,5,5,416,4.6,0,4,4,0,0,1,0,0,8,2,25.0,1.73,0.43,0.0,0.0,6,2,,,,,,,,,,,,,0.0,0.8653846153846154,1.2980769230769231,0.4326923076923077,,
165,Matheus Cunha,BRA,Manchester United FC,FW,27,183,5,4,290,3.2,3,0,3,3,0,0,0,0,11,5,45.5,3.41,1.55,0.27,0.6,3,3,,,,,,,,,,,,,0.9310344827586207,0.0,0.9310344827586207,0.9310344827586207,,
167,Raphinha,BRA,FC Barcelona,FW,29,176,2,2,129,1.4,0,0,0,0,0,0,0,0,3,2,66.7,2.09,1.4,0.0,0.0,0,0,,,,,,,,,,,,,0.0,0.0,0.0,0.0,,
169,Danilo,BRA,CR Flamengo,DF,34,184,5,4,405,4.5,0,0,0,0,0,0,2,0,1,0,0.0,0.22,0.0,0.0,,2,7,,,,,,,,,,,,,0.0,0.0,0.4444444444444444,1.5555555555555554,,
172,Douglas Santos,BRA,FC Zenit St. Petersburg,DF,32,173,5,5,441,4.9,0,0,0,0,0,0,1,0,2,0,0.0,0.41,0.0,0.0,,10,6,,,,,,,,,,,,,0.0,0.0,2.0408163265306123,1.2244897959183674,,
173,Fabinho,BRA,Al Ittihad,MF,32,188,3,0,71,0.8,0,0,0,0,0,0,1,0,1,0,0.0,1.27,0.0,0.0,,1,2,,,,,,,,,,,,,0.0,0.0,1.267605633802817,2.535211267605634,,
174,Danilo Santos,BRA,Botafogo,MF,25,177,4,0,46,0.5,0,0,0,0,0,0,0,0,2,1,50.0,3.91,1.96,0.0,0.0,2,1,,,,,,,,,,,,,0.0,0.0,3.9130434782608696,1.9565217391304348,,
175,Endrick,BRA,Olympique Lyonnais,FW,19,172,4,0,114,1.3,0,0,0,0,0,0,0,0,3,0,0.0,2.37,0.0,0.0,,1,1,,,,,,,,,,,,,0.0,0.0,0.7894736842105263,0.7894736842105263,,
176,Lucas Paquetá,BRA,CR Flamengo,MF,28,183,4,4,233,2.6,0,1,1,0,0,0,0,0,5,1,20.0,1.93,0.39,0.0,0.0,4,5,,,,,,,,,,,,,0.0,0.38626609442060084,1.5450643776824033,1.9313304721030042,,
177,Luiz Henrique,BRA,FC Zenit St. Petersburg,FW,25,182,1,0,29,0.3,0,0,0,0,0,0,0,0,0,0,,0.0,0.0,,,0,0,,,,,,,,,,,,,0.0,0.0,0.0,0.0,,
178,Gabriel Martinelli,BRA,Arsenal FC,FW,24,178,4,1,143,1.6,1,0,1,1,0,0,0,0,2,1,50.0,1.26,0.63,0.5,1.0,0,2,,,,,,,,,,,,,0.6293706293706294,0.0,0.0,1.2587412587412588,,
180,Roger Ibanez,BRA,Al Ahli FC,DF,27,186,1,1,45,0.5,0,0,0,0,0,0,1,0,0,0,,0.0,0.0,,,2,1,,,,,,,,,,,,,0.0,0.0,4.0,2.0,,
181,Igor Thiago,BRA,Brentford FC,FW,24,190,1,1,61,0.7,0,0,0,0,0,0,0,0,2,1,50.0,2.95,1.48,0.0,0.0,1,0,,,,,,,,,,,,,0.0,0.0,1.4754098360655739,0.0,,
182,Rayan,BRA,AFC Bournemouth,FW,19,187,4,3,288,3.2,0,1,1,0,0,0,0,0,5,2,40.0,1.56,0.62,0.0,0.0,4,3,,,,,,,,,,,,,0.0,0.3125,1.25,0.9375,,
183,Vozinha,CPV,GD Chaves,GK,40,189,4,4,390,4.3,0,0,0,0,0,0,0,0,0,0,,0.0,0.0,,,0,0,5.0,1.15,23.0,18.0,78.3,2.0,50.0,0.0,0.0,0.0,0.0,,0.0,0.0,0.0,0.0,4.153846153846154,0.46153846153846156
188,Kevin Pina,CPV,FC Krasnodar,MF,29,177,4,4,349,3.9,1,0,1,1,0,0,1,0,5,1,20.0,1.29,0.26,0.2,1.0,7,3,,,,,,,,,,,,,0.25787965616045844,0.0,1.8051575931232093,0.7736389684813754,,
189,Jovane Cabral,CPV,CF Estrela Da Amadora,MF,27,174,2,2,139,1.5,0,0,0,0,0,0,0,0,2,0,0.0,1.29,0.0,0.0,,3,1,,,,,,,,,,,,,0.0,0.0,1.9424460431654678,0.6474820143884893,,
191,Gilson Benchimol,CPV,FC Akron Tolyatti,FW,24,187,2,1,78,0.9,0,0,0,0,0,0,0,0,0,0,,0.0,0.0,,,0,0,,,,,,,,,,,,,0.0,0.0,0.0,0.0,,
192,Jamiro Monteiro,CPV,PEC Zwolle,MF,32,175,4,3,281,3.1,0,0,0,0,0,0,0,0,5,1,20.0,1.6,0.32,0.0,0.0,4,4,,,,,,,,,,,,,0.0,0.0,1.281138790035587,1.281138790035587,,
193,Garry Rodrigues,CPV,Apollon Limassol,MF,35,173,2,1,76,0.8,0,0,0,0,0,0,0,0,1,0,0.0,1.18,0.0,0.0,,2,1,,,,,,,,,,,,,0.0,0.0,2.3684210526315788,1.1842105263157894,,
195,Sidny Lopes Cabral,CPV,SL Benfica,DF,23,176,3,3,285,3.2,1,0,1,1,0,0,2,0,4,2,50.0,1.26,0.63,0.25,0.5,2,4,,,,,,,,,,,,,0.3157894736842105,0.0,0.631578947368421,1.263157894736842,,
196,Deroy Duarte,CPV,PFC Ludogorets Razgrad,MF,26,177,4,2,264,2.9,1,0,1,1,0,0,0,0,3,2,66.7,1.02,0.68,0.33,0.5,5,6,,,,,,,,,,,,,0.34090909090909094,0.0,1.7045454545454546,2.0454545454545454,,
197,Laros Duarte,CPV,Puskás Akadémia FC,MF,29,180,4,2,166,1.8,0,0,0,0,0,0,0,0,3,3,100.0,1.63,1.63,0.0,0.0,1,2,,,,,,,,,,,,,0.0,0.0,0.5421686746987953,1.0843373493975905,,
199,Willy Semedo,CPV,AC Omonia,MF,32,185,3,1,131,1.5,0,0,0,0,0,0,0,0,3,0,0.0,2.06,0.0,0.0,,0,3,,,,,,,,,,,,,0.0,0.0,0.0,2.0610687022900764,,
200,Telmo Arcanjo,CPV,Vitória SC,MF,24,180,2,1,57,0.6,0,0,0,0,0,0,0,0,0,0,,0.0,0.0,,,0,0,,,,,,,,,,,,,0.0,0.0,0.0,0.0,,
201,Dailon Livramento,CPV,Casa Pia AC,FW,25,185,3,2,174,1.9,0,0,0,0,0,0,0,0,1,0,0.0,0.52,0.0,0.0,,0,0,,,,,,,,,,,,,0.0,0.0,0.0,0.0,,
202,Ryan Mendes,CPV,Iğdır FK,FW,36,178,4,4,330,3.7,0,1,1,0,0,0,0,0,6,0,0.0,1.64,0.0,0.0,,2,5,,,,,,,,,,,,,0.0,0.2727272727272727,0.5454545454545454,1.3636363636363638,,
203,Nuno da Costa,CPV,Başakşehir FK,MF,35,182,4,1,159,1.8,0,0,0,0,0,0,0,0,1,0,0.0,0.57,0.0,0.0,,2,1,,,,,,,,,,,,,0.0,0.0,1.1320754716981132,0.5660377358490566,,
204,Steven Moreira,CPV,Columbus Crew,DF,31,178,4,3,301,3.3,0,0,0,0,0,0,0,0,2,0,0.0,0.6,0.0,0.0,,3,2,,,,,,,,,,,,,0.0,0.0,0.8970099667774086,0.5980066445182725,,
206,Wagner Pina,CPV,Trabzonspor,DF,23,180,1,1,89,1.0,0,0,0,0,0,0,1,0,1,0,0.0,1.01,0.0,0.0,,0,1,,,,,,,,,,,,,0.0,0.0,0.0,1.0112359550561798,,
208,Hélio Varela,CPV,Maccabi Tel-Aviv FC,MF,24,176,3,0,104,1.2,1,0,1,1,0,0,0,0,3,1,33.3,2.6,0.87,0.33,1.0,0,0,,,,,,,,,,,,,0.8653846153846154,0.0,0.0,0.0,,
210,Alistair Johnston,CAN,Celtic FC,DF,27,180,5,5,450,5.0,0,0,0,0,0,0,1,0,5,2,40.0,1.0,0.4,0.0,0.0,2,6,,,,,,,,,,,,,0.0,0.0,0.4,1.2000000000000002,,
212,Luc De Fougerolles,CAN,FCV Dender EH,DF,20,183,5,4,372,4.1,0,0,0,0,0,0,2,0,3,1,33.3,0.73,0.24,0.0,0.0,6,2,,,,,,,,,,,,,0.0,0.0,1.4516129032258065,0.4838709677419355,,
214,Mathieu Choinière,CAN,LAFC,MF,27,173,1,1,57,0.6,0,0,0,0,0,0,0,0,0,0,,0.0,0.0,,,1,2,,,,,,,,,,,,,0.0,0.0,1.5789473684210527,3.1578947368421053,,
215,Stephen Eustáquio,CAN,LAFC,MF,29,175,5,4,392,4.4,1,0,1,1,0,0,0,0,4,1,25.0,0.92,0.23,0.25,1.0,5,3,,,,,,,,,,,,,0.22959183673469385,0.0,1.1479591836734695,0.6887755102040816,,
216,Ismaël Koné,CAN,US Sassuolo,MF,23,188,2,2,146,1.6,0,0,0,0,0,0,0,0,2,0,0.0,1.23,0.0,0.0,,2,3,,,,,,,,,,,,,0.0,0.0,1.2328767123287672,1.8493150684931505,,
217,Cyle Larin,CAN,Southampton FC,FW,31,188,4,2,190,2.1,2,0,2,2,0,0,2,0,9,4,44.4,4.26,1.89,0.22,0.5,0,0,,,,,,,,,,,,,0.9473684210526315,0.0,0.0,0.0,,
218,Jonathan David,CAN,Juventus FC,FW,26,175,5,5,420,4.7,3,0,3,3,0,0,1,0,18,8,44.4,3.86,1.71,0.17,0.38,1,3,,,,,,,,,,,,,0.6428571428571428,0.0,0.2142857142857143,0.6428571428571428,,
219,Liam Millar,CAN,Hull City FC,MF,26,176,3,2,162,1.8,0,0,0,0,0,0,1,0,1,0,0.0,0.56,0.0,0.0,,4,0,,,,,,,,,,,,,0.0,0.0,2.2222222222222223,0.0,,
220,Tani Oluwaseyi,CAN,Villarreal CF,FW,26,187,5,3,259,2.9,0,0,0,0,0,0,0,0,8,4,50.0,2.78,1.39,0.0,0.0,3,0,,,,,,,,,,,,,0.0,0.0,1.0424710424710424,0.0,,
221,Derek Cornelius,CAN,Rangers FC,DF,28,186,4,4,315,3.5,0,0,0,0,0,0,1,0,5,1,20.0,1.43,0.29,0.0,0.0,3,2,,,,,,,,,,,,,0.0,0.0,0.8571428571428572,0.5714285714285714,,
222,Jacob Shaffelburg,CAN,LAFC,MF,26,181,5,0,92,1.0,0,0,0,0,0,0,0,0,3,0,0.0,2.93,0.0,0.0,,1,2,,,,,,,,,,,,,0.0,0.0,0.9782608695652174,1.9565217391304348,,
223,Moïse Bombito,CAN,OGC Nice,DF,26,190,3,2,193,2.1,0,0,0,0,0,0,0,0,1,1,100.0,0.47,0.47,0.0,0.0,0,1,,,,,,,,,,,,,0.0,0.0,0.0,0.46632124352331605,,
224,Maxime Crépeau,CAN,Orlando City SC,GK,32,185,5,5,450,5.0,0,0,0,0,0,0,0,0,0,0,,0.0,0.0,,,1,0,6.0,1.2,12.0,6.0,50.0,2.0,40.0,0.0,0.0,0.0,0.0,,0.0,0.0,0.2,0.0,1.2000000000000002,0.4
225,Tajon Buchanan,CAN,Villarreal CF,FW,27,183,5,5,376,4.2,0,0,0,0,0,0,0,0,6,3,50.0,1.44,0.72,0.0,0.0,5,1,,,,,,,,,,,,,0.0,0.0,1.196808510638298,0.23936170212765956,,
227,Alphonso Davies,CAN,FC Bayern München,DF,25,183,1,0,16,0.2,0,0,0,0,0,0,0,0,0,0,,0.0,0.0,,,0,0,,,,,,,,,,,,,0.0,0.0,0.0,0.0,,
228,Ali Ahmed,CAN,Norwich City FC,FW,25,180,4,3,234,2.6,0,0,0,0,0,0,0,0,2,1,50.0,0.77,0.38,0.0,0.0,2,3,,,,,,,,,,,,,0.0,0.0,0.7692307692307693,1.1538461538461537,,
229,Jonathan Osorio,CAN,Toronto FC,MF,33,175,2,0,5,0.1,0,0,0,0,0,0,0,0,1,0,0.0,18.0,0.0,0.0,,0,1,,,,,,,,,,,,,0.0,0.0,0.0,18.0,,
230,Richie Laryea,CAN,Toronto FC,DF,31,175,5,5,429,4.8,0,0,0,0,0,0,1,0,2,1,50.0,0.42,0.21,0.0,0.0,9,2,,,,,,,,,,,,,0.0,0.0,1.8881118881118881,0.4195804195804196,,
231,Niko Sigur,CAN,HNK Hajduk Split,DF,22,178,3,1,126,1.4,0,0,0,0,0,0,1,0,1,0,0.0,0.71,0.0,0.0,,1,0,,,,,,,,,,,,,0.0,0.0,0.7142857142857142,0.0,,
232,Promise David,CAN,Royale Union Saint-Gilloise,FW,24,195,4,0,80,0.9,1,1,2,1,0,0,0,0,5,3,60.0,5.63,3.38,0.2,0.33,1,1,,,,,,,,,,,,,1.125,1.125,1.125,1.125,,
233,Nathan Saliba,CAN,RSC Anderlecht,MF,22,174,3,2,182,2.0,1,2,3,1,0,0,1,0,3,1,33.3,1.48,0.49,0.33,1.0,4,4,,,,,,,,,,,,,0.4945054945054945,0.989010989010989,1.978021978021978,1.978021978021978,,
236,Daniel Muñoz,COL,Crystal Palace FC,DF,30,180,5,4,394,4.4,2,0,2,2,0,0,0,0,3,2,66.7,0.69,0.46,0.67,1.0,3,7,,,,,,,,,,,,,0.45685279187817257,0.0,0.6852791878172589,1.598984771573604,,
237,Jhon Lucumí,COL,Bologna FC,DF,27,187,5,5,478,5.3,0,0,0,0,0,0,1,0,2,0,0.0,0.38,0.0,0.0,,2,5,,,,,,,,,,,,,0.0,0.0,0.37656903765690375,0.9414225941422594,,
238,Santiago Arias,COL,CA Independiente,DF,34,177,1,1,86,1.0,0,0,0,0,0,0,0,0,0,0,,0.0,0.0,,,2,1,,,,,,,,,,,,,0.0,0.0,2.0930232558139537,1.0465116279069768,,
239,Kevin Castaño,COL,CA River Plate,MF,25,179,2,0,16,0.2,0,0,0,0,0,0,0,0,0,0,,0.0,0.0,,,0,0,,,,,,,,,,,,,0.0,0.0,0.0,0.0,,
240,Richard Ríos,COL,SL Benfica,MF,26,185,5,0,140,1.6,0,0,0,0,0,0,1,0,5,1,20.0,3.21,0.64,0.0,0.0,2,1,,,,,,,,,,,,,0.0,0.0,1.2857142857142856,0.6428571428571428,,
241,Luis Díaz,COL,FC Bayern München,FW,29,179,5,5,478,5.3,1,1,2,1,0,0,0,0,19,6,31.6,3.58,1.13,0.05,0.17,0,1,,,,,,,,,,,,,0.18828451882845187,0.18828451882845187,0.0,0.18828451882845187,,
243,Jhon Córdoba,COL,FC Krasnodar,FW,33,186,3,2,99,1.1,0,0,0,0,0,0,0,0,2,1,50.0,1.82,0.91,0.0,0.0,0,0,,,,,,,,,,,,,0.0,0.0,0.0,0.0,,
244,James Rodríguez,COL,Minnesota United FC,MF,34,181,5,5,313,3.5,0,0,0,0,0,0,0,0,6,3,50.0,1.73,0.86,0.0,0.0,1,1,,,,,,,,,,,,,0.0,0.0,0.2875399361022364,0.2875399361022364,,
245,Jhon Arias,COL,SE Palmeiras,MF,28,168,5,5,377,4.2,1,0,1,1,0,0,1,0,9,4,44.4,2.15,0.95,0.11,0.25,9,2,,,,,,,,,,,,,0.23872679045092837,0.0,2.1485411140583555,0.47745358090185674,,
246,Camilo Vargas,COL,Atlas FC,GK,37,183,5,5,480,5.3,0,0,0,0,0,0,0,0,0,0,,0.0,0.0,,,0,0,1.0,0.19,7.0,6.0,85.7,4.0,80.0,0.0,0.0,0.0,0.0,,0.0,0.0,0.0,0.0,1.125,0.75
247,Yerry Mina,COL,Cagliari,DF,31,195,1,0,2,0.0,0,0,0,0,0,0,0,0,0,0,,0.0,0.0,,,0,0,,,,,,,,,,,,,0.0,0.0,0.0,0.0,,
248,Gustavo Puerta,COL,Racing Santander,DF,22,173,5,5,469,5.2,0,1,1,0,0,0,1,0,14,5,35.7,2.69,0.96,0.0,0.0,3,3,,,,,,,,,,,,,0.0,0.19189765458422176,0.5756929637526652,0.5756929637526652,,
250,Jefferson Lerma,COL,Crystal Palace FC,MF,31,180,5,5,410,4.6,0,0,0,0,0,0,1,0,5,1,20.0,1.1,0.22,0.0,0.0,1,5,,,,,,,,,,,,,0.0,0.0,0.21951219512195122,1.0975609756097562,,
251,Johan Mojica,COL,RCD Mallorca,DF,33,184,4,4,390,4.3,0,0,0,0,0,0,1,0,3,2,66.7,0.69,0.46,0.0,0.0,3,3,,,,,,,,,,,,,0.0,0.0,0.6923076923076923,0.6923076923076923,,
254,Juan Quintero,COL,CA River Plate,MF,33,167,4,0,121,1.3,0,1,1,0,0,0,0,0,4,0,0.0,2.98,0.0,0.0,,0,0,,,,,,,,,,,,,0.0,0.743801652892562,0.0,0.0,,
255,Jaminton Campaz,COL,CA Rosario Central,FW,26,166,3,0,75,0.8,1,0,1,1,0,0,0,0,6,3,50.0,7.2,3.6,0.17,0.33,1,0,,,,,,,,,,,,,1.2000000000000002,0.0,1.2000000000000002,0.0,,
256,Deiver Machado,COL,FC Nantes,DF,32,173,1,1,90,1.0,0,0,0,0,0,0,0,0,0,0,,0.0,0.0,,,0,2,,,,,,,,,,,,,0.0,0.0,0.0,2.0,,
257,Davinson Sánchez,COL,Galatasaray SK,DF,29,188,5,5,480,5.3,0,0,0,0,0,0,1,0,6,2,33.3,1.13,0.37,0.0,0.0,2,6,,,,,,,,,,,,,0.0,0.0,0.375,1.125,,
259,Luis Suárez,COL,Sporting CP,FW,28,179,5,3,331,3.7,0,1,1,0,0,0,1,0,9,0,0.0,2.45,0.0,0.0,,4,0,,,,,,,,,,,,,0.0,0.2719033232628399,1.0876132930513596,0.0,,
260,Andrés Gómez,COL,CR Vasco Da Gama,FW,23,170,1,0,1,0.0,0,0,0,0,0,0,0,0,0,0,,0.0,0.0,,,0,1,,,,,,,,,,,,,0.0,0.0,0.0,90.0,,
261,Lionel Mpasi,COD,Le Havre AC,GK,31,182,4,4,360,4.0,0,0,0,0,0,0,0,0,0,0,,0.0,0.0,,,0,0,5.0,1.25,19.0,14.0,73.7,0.0,0.0,0.0,0.0,0.0,0.0,,0.0,0.0,0.0,0.0,3.5,0.0
262,Aaron Wan-Bissaka,COD,West Ham United FC,DF,28,183,4,4,354,3.9,0,0,0,0,0,0,0,0,0,0,,0.0,0.0,,,4,7,,,,,,,,,,,,,0.0,0.0,1.0169491525423728,1.7796610169491527,,
263,Steve Kapuadi,COD,Widzew Łódź,DF,28,196,2,2,180,2.0,0,0,0,0,0,0,0,0,1,0,0.0,0.5,0.0,0.0,,1,1,,,,,,,,,,,,,0.0,0.0,0.5,0.5,,
264,Axel Tuanzebe,COD,Burnley FC,DF,28,188,4,4,360,4.0,0,0,0,0,0,0,0,0,0,0,,0.0,0.0,,,2,1,,,,,,,,,,,,,0.0,0.0,0.5,0.25,,
267,Nathanaël Mbuku,COD,Montpellier HSC,MF,24,170,3,2,143,1.6,0,0,0,0,0,0,1,0,3,2,66.7,1.89,1.26,0.0,0.0,3,0,,,,,,,,,,,,,0.0,0.0,1.8881118881118881,0.0,,
268,Samuel Moutoussamy,COD,Atromitos FC,MF,29,176,4,4,330,3.7,0,0,0,0,0,0,1,0,3,0,0.0,0.82,0.0,0.0,,8,1,,,,,,,,,,,,,0.0,0.0,2.1818181818181817,0.2727272727272727,,
269,Brian Cipenga,COD,CD Castellón,FW,28,172,2,2,146,1.6,1,0,1,1,0,0,0,0,6,1,16.7,3.7,0.62,0.17,1.0,2,0,,,,,,,,,,,,,0.6164383561643836,0.0,1.2328767123287672,0.0,,
270,Theo Bongonda,COD,FC Spartak Moscow,MF,30,176,2,0,34,0.4,0,0,0,0,0,0,0,0,1,0,0.0,2.65,0.0,0.0,,0,1,,,,,,,,,,,,,0.0,0.0,0.0,2.6470588235294117,,
272,Joris Kayembe,COD,KRC Genk,DF,31,180,4,0,45,0.5,0,0,0,0,0,0,0,0,1,0,0.0,2.0,0.0,0.0,,4,4,,,,,,,,,,,,,0.0,0.0,8.0,8.0,,
274,Noah Sadiki,COD,Sunderland AFC,MF,21,165,4,2,259,2.9,0,0,0,0,0,0,2,0,0,0,,0.0,0.0,,,4,2,,,,,,,,,,,,,0.0,0.0,1.38996138996139,0.694980694980695,,
277,Cédric Bakambu,COD,Real Betis,FW,35,182,3,3,190,2.1,0,0,0,0,0,0,0,0,3,0,0.0,1.42,0.0,0.0,,0,0,,,,,,,,,,,,,0.0,0.0,0.0,0.0,,
278,Charles Pickel,COD,RCD Espanyol,MF,29,187,2,0,35,0.4,0,0,0,0,0,0,1,0,1,0,0.0,2.57,0.0,0.0,,0,0,,,,,,,,,,,,,0.0,0.0,0.0,0.0,,
279,Fiston Mayele,COD,Pyramids FC,FW,31,185,2,0,42,0.5,1,0,1,1,0,0,0,0,5,1,20.0,10.71,2.14,0.2,1.0,0,0,,,,,,,,,,,,,2.142857142857143,0.0,0.0,0.0,,
280,Yoane Wissa,COD,Newcastle United FC,FW,29,176,4,4,360,4.0,3,0,3,2,1,1,0,0,11,3,27.3,2.75,0.75,0.27,1.0,1,0,,,,,,,,,,,,,0.75,0.0,0.25,0.0,,
282,Chancel Mbemba,COD,Lille OSC,DF,31,182,4,4,360,4.0,0,1,1,0,0,0,1,0,1,0,0.0,0.25,0.0,0.0,,3,1,,,,,,,,,,,,,0.0,0.25,0.75,0.25,,
283,Simon Banza,COD,Al Jazira,FW,29,189,2,0,40,0.4,0,0,0,0,0,0,0,0,0,0,,0.0,0.0,,,1,0,,,,,,,,,,,,,0.0,0.0,2.25,0.0,,
284,Gédéon Kalulu,COD,Aris Limassol FC,DF,28,178,1,0,6,0.1,0,0,0,0,0,0,0,0,0,0,,0.0,0.0,,,0,0,,,,,,,,,,,,,0.0,0.0,0.0,0.0,,
285,Edo Kayembe,COD,Watford FC,MF,28,183,3,2,160,1.8,0,0,0,0,0,0,0,0,2,1,50.0,1.13,0.56,0.0,0.0,1,0,,,,,,,,,,,,,0.0,0.0,0.5625,0.0,,
286,Arthur Masuaku,COD,RC Lens,DF,32,179,4,4,315,3.5,0,1,1,0,0,0,0,0,0,0,,0.0,0.0,,,5,0,,,,,,,,,,,,,0.0,0.2857142857142857,1.4285714285714284,0.0,,
287,Yahia Fofana,CIV,Çaykur Rizespor,GK,25,194,4,4,360,4.0,0,0,0,0,0,0,0,0,0,0,,0.0,0.0,,,0,0,4.0,1.0,13.0,9.0,69.2,2.0,50.0,0.0,0.0,0.0,0.0,,0.0,0.0,0.0,0.0,2.25,0.5
288,Ousmane Diomande,CIV,Sporting CP,DF,22,190,1,1,90,1.0,0,0,0,0,0,0,0,0,0,0,,0.0,0.0,,,0,1,,,,,,,,,,,,,0.0,0.0,0.0,1.0,,
289,Ghislain Konan,CIV,Gil Vicente FC,DF,30,176,3,3,269,3.0,0,0,0,0,0,0,0,0,4,0,0.0,1.34,0.0,0.0,,3,0,,,,,,,,,,,,,0.0,0.0,1.003717472118959,0.0,,
291,Wilfried Singo,CIV,Galatasaray SK,DF,25,182,2,2,171,1.9,0,1,1,0,0,0,0,0,2,0,0.0,1.05,0.0,0.0,,0,4,,,,,,,,,,,,,0.0,0.5263157894736842,0.0,2.1052631578947367,,
292,Seko Fofana,CIV,FC Porto,MF,31,185,2,1,92,1.0,0,0,0,0,0,0,1,0,5,1,20.0,4.89,0.98,0.0,0.0,0,2,,,,,,,,,,,,,0.0,0.0,0.0,1.9565217391304348,,
293,Odilon Kossounou,CIV,Atalanta Bergamo,DF,25,191,4,3,272,3.0,0,0,0,0,0,0,0,0,0,0,,0.0,0.0,,,3,3,,,,,,,,,,,,,0.0,0.0,0.9926470588235294,0.9926470588235294,,
294,Franck Kessié,CIV,Al Ahli FC,MF,29,183,4,4,346,3.8,1,0,1,1,0,0,1,0,4,2,50.0,1.04,0.52,0.25,0.5,4,0,,,,,,,,,,,,,0.26011560693641617,0.0,1.0404624277456647,0.0,,
295,Ange-Yoan Bonny,CIV,FC Internazionale Milano,FW,22,189,4,3,234,2.6,0,0,0,0,0,0,0,0,1,1,100.0,0.38,0.38,0.0,0.0,2,1,,,,,,,,,,,,,0.0,0.0,0.7692307692307693,0.38461538461538464,,
296,Simon Adingra,CIV,AS Monaco,FW,24,175,1,0,16,0.2,0,0,0,0,0,0,0,0,0,0,,0.0,0.0,,,0,0,,,,,,,,,,,,,0.0,0.0,0.0,0.0,,
297,Yan Diomandé,CIV,RB Leipzig,FW,19,180,4,4,329,3.7,0,1,1,0,0,0,0,0,4,0,0.0,1.09,0.0,0.0,,6,4,,,,,,,,,,,,,0.0,0.2735562310030395,1.641337386018237,1.094224924012158,,
298,Elye Wahi,CIV,OGC Nice,FW,23,181,3,1,110,1.2,0,0,0,0,0,0,0,0,3,2,66.7,2.45,1.64,0.0,0.0,1,0,,,,,,,,,,,,,0.0,0.0,0.8181818181818181,0.0,,
299,Christopher Opéri,CIV,Başakşehir FK,DF,29,183,1,1,90,1.0,0,0,0,0,0,0,0,0,0,0,,0.0,0.0,,,2,1,,,,,,,,,,,,,0.0,0.0,2.0,1.0,,
300,Oumar Diakité,CIV,Cercle Brugge,FW,22,182,2,0,28,0.3,0,0,0,0,0,0,0,0,0,0,,0.0,0.0,,,1,0,,,,,,,,,,,,,0.0,0.0,3.214285714285714,0.0,,
301,Amad Diallo,CIV,Manchester United FC,FW,23,173,4,2,185,2.1,2,0,2,2,0,0,0,0,8,4,50.0,3.89,1.95,0.25,0.5,4,2,,,,,,,,,,,,,0.972972972972973,0.0,1.945945945945946,0.972972972972973,,
303,Guéla Doué,CIV,RC Strasbourg,DF,23,187,4,3,277,3.1,0,0,0,0,0,0,1,0,1,0,0.0,0.32,0.0,0.0,,5,3,,,,,,,,,,,,,0.0,0.0,1.6245487364620939,0.9747292418772563,,
304,Ibrahim Sangaré,CIV,Nottingham Forest FC,MF,28,191,4,3,268,3.0,0,1,1,0,0,0,0,0,1,0,0.0,0.34,0.0,0.0,,5,6,,,,,,,,,,,,,0.0,0.33582089552238803,1.6791044776119401,2.014925373134328,,
305,Nicolas Pépé,CIV,Villarreal CF,FW,31,183,4,3,234,2.6,2,1,3,2,0,0,1,0,6,3,50.0,2.31,1.15,0.33,0.67,0,3,,,,,,,,,,,,,0.7692307692307693,0.38461538461538464,0.0,1.1538461538461537,,
306,Emmanuel Agbadou,CIV,Beşiktaş JK,DF,28,185,3,3,270,3.0,0,0,0,0,0,0,0,0,3,1,33.3,1.0,0.33,0.0,0.0,6,4,,,,,,,,,,,,,0.0,0.0,2.0,1.3333333333333335,,
308,Evann Guessand,CIV,Crystal Palace FC,FW,24,188,2,0,17,0.2,0,0,0,0,0,0,0,0,1,0,0.0,5.29,0.0,0.0,,0,0,,,,,,,,,,,,,0.0,0.0,0.0,0.0,,
310,Bazoumana Touré,CIV,TSG Hoffenheim,FW,20,178,3,1,80,0.9,0,0,0,0,0,0,0,0,0,0,,0.0,0.0,,,1,0,,,,,,,,,,,,,0.0,0.0,1.125,0.0,,
313,Dominik Livaković,CRO,GNK Dinamo Zagreb,GK,31,188,4,4,360,4.0,0,0,0,0,0,0,0,0,0,0,,0.0,0.0,,,0,0,7.0,1.75,17.0,10.0,58.8,1.0,25.0,2.0,2.0,0.0,0.0,0.0,0.0,0.0,0.0,0.0,2.5,0.25
314,Josip Stanišić,CRO,FC Bayern München,DF,26,186,4,4,360,4.0,0,1,1,0,0,0,0,0,0,0,,0.0,0.0,,,2,5,,,,,,,,,,,,,0.0,0.25,0.5,1.25,,
315,Marin Pongračić,CRO,ACF Fiorentina,DF,28,193,3,3,270,3.0,0,0,0,0,0,0,0,0,1,0,0.0,0.33,0.0,0.0,,3,0,,,,,,,,,,,,,0.0,0.0,1.0,0.0,,
316,Joško Gvardiol,CRO,Manchester City FC,DF,24,185,4,2,139,1.5,0,0,0,0,0,0,0,0,1,0,0.0,0.65,0.0,0.0,,2,2,,,,,,,,,,,,,0.0,0.0,1.2949640287769786,1.2949640287769786,,
318,Josip Šutalo,CRO,AFC Ajax,DF,26,185,4,4,360,4.0,0,0,0,0,0,0,0,0,1,0,0.0,0.25,0.0,0.0,,4,6,,,,,,,,,,,,,0.0,0.0,1.0,1.5,,
320,Mateo Kovačić,CRO,Manchester City FC,MF,32,178,4,3,270,3.0,0,1,1,0,0,0,0,0,5,4,80.0,1.67,1.33,0.0,0.0,3,2,,,,,,,,,,,,,0.0,0.33333333333333337,1.0,0.6666666666666667,,
321,Andrej Kramarić,CRO,TSG Hoffenheim,FW,34,177,3,0,59,0.7,0,0,0,0,0,0,0,0,1,0,0.0,1.53,0.0,0.0,,1,0,,,,,,,,,,,,,0.0,0.0,1.5254237288135593,0.0,,
322,Luka Modrić,CRO,AC Milan,MF,40,172,4,4,317,3.5,0,1,1,0,0,0,1,0,1,0,0.0,0.28,0.0,0.0,,3,0,,,,,,,,,,,,,0.0,0.28391167192429023,0.8517350157728707,0.0,,
323,Ante Budimir,CRO,CA Osasuna,FW,34,190,3,2,155,1.7,1,0,1,1,0,0,0,0,3,1,33.3,1.74,0.58,0.33,1.0,1,0,,,,,,,,,,,,,0.5806451612903226,0.0,0.5806451612903226,0.0,,
325,Nikola Vlašić,CRO,Torino FC,MF,28,179,3,2,189,2.1,1,0,1,1,0,0,0,0,3,1,33.3,1.43,0.48,0.33,1.0,2,1,,,,,,,,,,,,,0.47619047619047616,0.0,0.9523809523809523,0.47619047619047616,,
326,Ivan Perišić,CRO,PSV Eindhoven,FW,37,186,4,4,360,4.0,1,1,2,1,0,0,2,0,2,2,100.0,0.5,0.5,0.5,0.5,4,4,,,,,,,,,,,,,0.25,0.25,1.0,1.0,,
327,Mario Pašalić,CRO,Atalanta Bergamo,MF,31,188,4,1,123,1.4,0,0,0,0,0,0,0,0,4,1,25.0,2.93,0.73,0.0,0.0,1,1,,,,,,,,,,,,,0.0,0.0,0.7317073170731708,0.7317073170731708,,
328,Martin Baturina,CRO,Como,MF,23,172,4,4,321,3.6,1,0,1,1,0,0,0,0,3,1,33.3,0.84,0.28,0.33,1.0,2,1,,,,,,,,,,,,,0.2803738317757009,0.0,0.5607476635514018,0.2803738317757009,,
329,Petar Sučić,CRO,FC Internazionale Milano,MF,22,183,4,3,289,3.2,1,1,2,1,0,0,1,0,3,2,66.7,0.93,0.62,0.33,0.5,2,1,,,,,,,,,,,,,0.31141868512110726,0.31141868512110726,0.6228373702422145,0.31141868512110726,,
332,Igor Matanović,CRO,SC Freiburg,FW,23,194,3,0,95,1.1,0,0,0,0,0,0,0,0,4,2,50.0,3.79,1.89,0.0,0.0,0,0,,,,,,,,,,,,,0.0,0.0,0.0,0.0,,
333,Luka Sučić,CRO,Real Sociedad,MF,23,185,1,0,19,0.2,0,0,0,0,0,0,0,0,1,0,0.0,4.74,0.0,0.0,,0,0,,,,,,,,,,,,,0.0,0.0,0.0,0.0,,
334,Luka Vušković,CRO,Hamburger SV,DF,19,193,1,1,65,0.7,0,0,0,0,0,0,0,0,0,0,,0.0,0.0,,,0,1,,,,,,,,,,,,,0.0,0.0,0.0,1.3846153846153846,,
336,Marco Pašalić,CRO,Orlando City SC,FW,25,177,3,1,99,1.1,0,0,0,0,0,0,0,0,3,2,66.7,2.73,1.82,0.0,0.0,2,1,,,,,,,,,,,,,0.0,0.0,1.8181818181818183,0.9090909090909092,,
338,Petar Musa,CRO,FC Dallas,FW,28,190,2,2,110,1.2,1,0,1,1,0,0,0,0,1,1,100.0,0.82,0.82,1.0,1.0,0,0,,,,,,,,,,,,,0.8181818181818181,0.0,0.0,0.0,,
339,Eloy Room,CUW,Miami FC,GK,37,190,3,3,270,3.0,0,0,0,0,0,0,0,0,0,0,,0.0,0.0,,,0,0,9.0,3.0,29.0,20.0,69.0,1.0,33.3,1.0,1.0,0.0,0.0,0.0,0.0,0.0,0.0,0.0,6.666666666666666,0.33333333333333337
340,Shurandy Sambo,CUW,Sparta Rotterdam,DF,24,174,1,0,1,0.0,0,0,0,0,0,0,0,0,0,0,,0.0,0.0,,,0,1,,,,,,,,,,,,,0.0,0.0,0.0,90.0,,
341,Juriën Gaari,CUW,Abha Club,DF,32,183,2,2,166,1.8,0,0,0,0,0,0,1,0,2,0,0.0,1.08,0.0,0.0,,2,2,,,,,,,,,,,,,0.0,0.0,1.0843373493975905,1.0843373493975905,,
342,Roshon van Eijma,CUW,RKC Waalwijk,DF,28,186,1,0,15,0.2,0,0,0,0,0,0,0,0,0,0,,0.0,0.0,,,0,0,,,,,,,,,,,,,0.0,0.0,0.0,0.0,,
343,Sherel Floranus,CUW,PEC Zwolle,DF,27,181,3,3,270,3.0,0,0,0,0,0,0,0,0,2,0,0.0,0.67,0.0,0.0,,6,4,,,,,,,,,,,,,0.0,0.0,2.0,1.3333333333333335,,
344,Godfried Roemeratoe,CUW,RKC Waalwijk,MF,26,178,1,0,7,0.1,0,0,0,0,0,0,0,0,0,0,,0.0,0.0,,,0,0,,,,,,,,,,,,,0.0,0.0,0.0,0.0,,
345,Juninho Bacuna,CUW,FC Volendam,MF,28,178,3,3,254,2.8,0,0,0,0,0,0,2,0,5,1,20.0,1.77,0.35,0.0,0.0,4,5,,,,,,,,,,,,,0.0,0.0,1.4173228346456692,1.7716535433070866,,
346,Livano Comenencia,CUW,FC Zürich,MF,22,185,3,3,233,2.6,1,0,1,1,0,0,1,0,5,2,40.0,1.93,0.77,0.2,0.5,1,11,,,,,,,,,,,,,0.38626609442060084,0.0,0.38626609442060084,4.24892703862661,,
348,Leandro Bacuna,CUW,Iğdır FK,MF,34,180,3,3,270,3.0,0,0,0,0,0,0,1,0,6,1,16.7,2.0,0.33,0.0,0.0,3,0,,,,,,,,,,,,,0.0,0.0,1.0,0.0,,
349,Jeremy Antonisse,CUW,AE Kifisia FC,FW,24,164,2,0,75,0.8,0,0,0,0,0,0,0,0,1,0,0.0,1.2,0.0,0.0,,1,0,,,,,,,,,,,,,0.0,0.0,1.2000000000000002,0.0,,
350,Sontje Hansen,CUW,Middlesbrough FC,FW,24,176,1,1,45,0.5,0,0,0,0,0,0,0,0,1,1,100.0,2.0,2.0,0.0,0.0,0,0,,,,,,,,,,,,,0.0,0.0,0.0,0.0,,
351,Tyrese Noslin,CUW,SC Telstar,FW,23,182,1,0,14,0.2,0,0,0,0,0,0,0,0,0,0,,0.0,0.0,,,0,0,,,,,,,,,,,,,0.0,0.0,0.0,0.0,,
352,Kenji Gorré,CUW,Maccabi Haifa FC,FW,31,174,1,0,16,0.2,0,0,0,0,0,0,0,0,0,0,,0.0,0.0,,,0,0,,,,,,,,,,,,,0.0,0.0,0.0,0.0,,
354,Jearl Margaritha,CUW,SK Beveren,FW,26,181,2,0,41,0.5,0,0,0,0,0,0,0,0,1,0,0.0,2.2,0.0,0.0,,0,0,,,,,,,,,,,,,0.0,0.0,0.0,0.0,,
355,Brandley Kuwas,CUW,FC Volendam,FW,33,181,1,0,1,0.0,0,0,0,0,0,0,0,0,0,0,,0.0,0.0,,,0,0,,,,,,,,,,,,,0.0,0.0,0.0,0.0,,
356,Armando Obispo,CUW,PSV Eindhoven,DF,27,185,3,3,270,3.0,0,0,0,0,0,0,0,0,0,0,,0.0,0.0,,,1,7,,,,,,,,,,,,,0.0,0.0,0.33333333333333337,2.3333333333333335,,
357,Gervane Kastaneer,CUW,Terengganu FC,FW,30,189,3,0,30,0.3,0,0,0,0,0,0,2,0,1,0,0.0,3.0,0.0,0.0,,0,0,,,,,,,,,,,,,0.0,0.0,0.0,0.0,,
358,Joshua Brenet,CUW,Kayserispor,DF,32,181,2,2,179,2.0,0,0,0,0,0,0,0,0,0,0,,0.0,0.0,,,4,1,,,,,,,,,,,,,0.0,0.0,2.011173184357542,0.5027932960893855,,
359,Tahith Chong,CUW,Sheeld United FC,MF,26,185,3,3,247,2.7,0,0,0,0,0,0,0,0,4,2,50.0,1.46,0.73,0.0,0.0,0,1,,,,,,,,,,,,,0.0,0.0,0.0,0.3643724696356275,,
361,Riechedly Bazoer,CUW,Konyaspor,DF,29,184,1,1,90,1.0,0,0,0,0,0,0,0,0,0,0,,0.0,0.0,,,1,1,,,,,,,,,,,,,0.0,0.0,1.0,1.0,,
362,Deveron Fonville,CUW,NEC Nijmegen,DF,23,188,3,3,241,2.7,0,0,0,0,0,0,0,0,0,0,,0.0,0.0,,,3,5,,,,,,,,,,,,,0.0,0.0,1.120331950207469,1.8672199170124482,,
365,Matej Kovar,CZE,PSV Eindhoven,GK,26,196,3,3,270,3.0,0,0,0,0,0,0,0,0,0,0,,0.0,0.0,,,0,0,6.0,2.0,15.0,9.0,60.0,0.0,0.0,1.0,1.0,0.0,0.0,0.0,0.0,0.0,0.0,0.0,3.0,0.0
366,David Zima,CZE,SK Slavia Praha,DF,25,190,1,0,13,0.1,0,0,0,0,0,0,0,0,0,0,,0.0,0.0,,,0,0,,,,,,,,,,,,,0.0,0.0,0.0,0.0,,
367,Tomáš Holeš,CZE,SK Slavia Praha,DF,33,180,2,2,153,1.7,0,0,0,0,0,0,0,0,0,0,,0.0,0.0,,,3,4,,,,,,,,,,,,,0.0,0.0,1.7647058823529411,2.3529411764705883,,
368,Robin Hranáč,CZE,TSG Hoffenheim,DF,26,189,3,3,270,3.0,0,0,0,0,0,0,0,0,0,0,,0.0,0.0,,,0,1,,,,,,,,,,,,,0.0,0.0,0.0,0.33333333333333337,,
369,Vladimír Coufal,CZE,TSG Hoffenheim,DF,33,175,3,3,270,3.0,0,1,1,0,0,0,0,0,1,0,0.0,0.33,0.0,0.0,,1,2,,,,,,,,,,,,,0.0,0.33333333333333337,0.33333333333333337,0.6666666666666667,,
370,Štěpán Chaloupek,CZE,SK Slavia Praha,DF,23,188,1,1,90,1.0,0,0,0,0,0,0,0,0,0,0,,0.0,0.0,,,0,2,,,,,,,,,,,,,0.0,0.0,0.0,2.0,,
371,Ladislav Krejčí,CZE,Wolverhampton Wanderers FC,DF,27,191,3,3,270,3.0,1,0,1,1,0,0,1,0,5,1,20.0,1.67,0.33,0.2,1.0,3,1,,,,,,,,,,,,,0.33333333333333337,0.0,1.0,0.33333333333333337,,
372,Vladimír Darida,CZE,FC Hradec Králové,MF,35,172,1,1,54,0.6,0,0,0,0,0,0,0,0,1,0,0.0,1.67,0.0,0.0,,0,1,,,,,,,,,,,,,0.0,0.0,0.0,1.6666666666666665,,
373,Adam Hložek,CZE,TSG Hoffenheim,FW,23,188,3,2,156,1.7,0,0,0,0,0,0,0,0,3,1,33.3,1.73,0.58,0.0,0.0,1,1,,,,,,,,,,,,,0.0,0.0,0.5769230769230769,0.5769230769230769,,
374,Patrik Schick,CZE,Bayer 04 Leverkusen,FW,30,191,3,2,180,2.0,0,0,0,0,0,0,0,0,2,1,50.0,1.0,0.5,0.0,0.0,0,0,,,,,,,,,,,,,0.0,0.0,0.0,0.0,,
376,Lukáš Červ,CZE,FC Viktoria Plzeň,MF,25,182,2,2,163,1.8,0,0,0,0,0,0,0,0,3,2,66.7,1.66,1.1,0.0,0.0,3,0,,,,,,,,,,,,,0.0,0.0,1.6564417177914113,0.0,,
377,Mojmír Chytil,CZE,SK Slavia Praha,FW,27,187,1,0,7,0.1,0,0,0,0,0,0,0,0,0,0,,0.0,0.0,,,0,0,,,,,,,,,,,,,0.0,0.0,0.0,0.0,,
379,Pavel Šulc,CZE,Olympique Lyonnais,FW,25,177,3,2,189,2.1,0,0,0,0,0,0,0,0,2,0,0.0,0.95,0.0,0.0,,2,0,,,,,,,,,,,,,0.0,0.0,0.9523809523809523,0.0,,
381,Lukáš Provod,CZE,SK Slavia Praha,MF,29,191,3,1,122,1.4,0,0,0,0,0,0,0,0,1,0,0.0,0.74,0.0,0.0,,3,1,,,,,,,,,,,,,0.0,0.0,2.2131147540983607,0.7377049180327869,,
382,Michal Sadílek,CZE,SK Slavia Praha,MF,27,169,3,2,183,2.0,1,0,1,1,0,0,0,0,7,3,42.9,3.44,1.48,0.14,0.33,2,2,,,,,,,,,,,,,0.4918032786885246,0.0,0.9836065573770492,0.9836065573770492,,
383,Tomáš Chorý,CZE,SK Slavia Praha,FW,31,199,2,0,31,0.3,0,0,0,0,0,0,0,0,0,0,,0.0,0.0,,,0,0,,,,,,,,,,,,,0.0,0.0,0.0,0.0,,
384,Jaroslav Zelený,CZE,AC Sparta Praha,DF,33,190,2,1,126,1.4,0,0,0,0,0,0,0,0,1,0,0.0,0.71,0.0,0.0,,0,0,,,,,,,,,,,,,0.0,0.0,0.0,0.0,,
385,David Douděra,CZE,SK Slavia Praha,DF,28,175,1,1,90,1.0,0,0,0,0,0,0,0,0,4,0,0.0,4.0,0.0,0.0,,0,1,,,,,,,,,,,,,0.0,0.0,0.0,1.0,,
386,Tomáš Souček,CZE,West Ham United FC,MF,31,192,3,1,137,1.5,0,0,0,0,0,0,0,0,1,0,0.0,0.66,0.0,0.0,,0,1,,,,,,,,,,,,,0.0,0.0,0.0,0.656934306569343,,
388,Alexandr Sojka,CZE,FC Viktoria Plzeň,MF,23,188,3,2,141,1.6,0,1,1,0,0,0,0,0,0,0,,0.0,0.0,,,1,2,,,,,,,,,,,,,0.0,0.6382978723404256,0.6382978723404256,1.2765957446808511,,
390,Denis Višinský,CZE,FC Viktoria Plzeň,FW,23,178,1,1,55,0.6,0,0,0,0,0,0,0,0,3,0,0.0,4.91,0.0,0.0,,0,0,,,,,,,,,,,,,0.0,0.0,0.0,0.0,,
391,Hernán Galíndez,ECU,CA Huracán,GK,39,189,4,4,360,4.0,0,0,0,0,0,0,0,0,0,0,,0.0,0.0,,,0,0,4.0,1.0,13.0,9.0,69.2,1.0,25.0,0.0,0.0,0.0,0.0,,0.0,0.0,0.0,0.0,2.25,0.25
393,Piero Hincapié,ECU,Arsenal FC,DF,24,183,4,4,339,3.8,0,0,0,0,0,0,1,1,3,0,0.0,0.8,0.0,0.0,,5,4,,,,,,,,,,,,,0.0,0.0,1.3274336283185841,1.0619469026548671,,
394,Joel Ordóñez,ECU,Club Brugge,DF,22,188,3,3,225,2.5,0,0,0,0,0,0,0,0,2,0,0.0,0.8,0.0,0.0,,5,1,,,,,,,,,,,,,0.0,0.0,2.0,0.4,,
395,Jordy Alcivar,ECU,Independiente Del Valle,MF,26,168,1,1,45,0.5,0,0,0,0,0,0,1,0,1,0,0.0,2.0,0.0,0.0,,1,0,,,,,,,,,,,,,0.0,0.0,2.0,0.0,,
396,Willian Pacho,ECU,Paris Saint-Germain,DF,24,188,4,4,360,4.0,0,0,0,0,0,0,0,0,1,1,100.0,0.25,0.25,0.0,0.0,2,8,,,,,,,,,,,,,0.0,0.0,0.5,2.0,,
397,Pervis Estupiñán,ECU,AC Milan,DF,28,175,2,1,89,1.0,0,0,0,0,0,0,0,0,0,0,,0.0,0.0,,,1,0,,,,,,,,,,,,,0.0,0.0,1.0112359550561798,0.0,,
399,John Yeboah,ECU,Venezia FC,FW,25,170,4,4,311,3.5,0,0,0,0,0,0,0,0,8,3,37.5,2.32,0.87,0.0,0.0,3,3,,,,,,,,,,,,,0.0,0.0,0.8681672025723474,0.8681672025723474,,
400,Kendry Páez,ECU,CA River Plate,MF,19,178,1,0,12,0.1,0,0,0,0,0,0,1,0,0,0,,0.0,0.0,,,0,0,,,,,,,,,,,,,0.0,0.0,0.0,0.0,,
401,Kevin Rodríguez,ECU,Royale Union Saint-Gilloise,FW,26,190,4,0,118,1.3,0,1,1,0,0,0,0,0,6,1,16.7,4.58,0.76,0.0,0.0,1,0,,,,,,,,,,,,,0.0,0.7627118644067796,0.7627118644067796,0.0,,
403,Enner Valencia,ECU,CF Pachuca,FW,36,177,4,4,287,3.2,0,0,0,0,0,0,0,0,10,6,60.0,3.14,1.88,0.0,0.0,1,0,,,,,,,,,,,,,0.0,0.0,0.313588850174216,0.0,,
404,Alan Minda,ECU,Atlético Mineiro,MF,23,174,1,1,55,0.6,0,0,0,0,0,0,0,0,2,0,0.0,3.27,0.0,0.0,,0,1,,,,,,,,,,,,,0.0,0.0,0.0,1.6363636363636362,,
405,Pedro Vite,ECU,Pumas UNAM,MF,24,172,4,4,360,4.0,0,1,1,0,0,0,0,0,4,1,25.0,1.0,0.25,0.0,0.0,11,5,,,,,,,,,,,,,0.0,0.25,2.75,1.25,,
406,Jordy Caicedo,ECU,CA Huracán,FW,28,186,3,0,20,0.2,0,0,0,0,0,0,0,0,1,0,0.0,4.5,0.0,0.0,,0,0,,,,,,,,,,,,,0.0,0.0,0.0,0.0,,
407,Ángelo Preciado,ECU,Atlético Mineiro,DF,28,174,4,0,109,1.2,0,0,0,0,0,0,0,0,0,0,,0.0,0.0,,,1,3,,,,,,,,,,,,,0.0,0.0,0.8256880733944955,2.4770642201834865,,
409,Gonzalo Plata,ECU,CR Flamengo,FW,25,178,4,4,360,4.0,1,0,1,1,0,0,1,0,8,5,62.5,2.0,1.25,0.13,0.2,5,2,,,,,,,,,,,,,0.25,0.0,1.25,0.5,,
410,Nilson Angulo,ECU,Sunderland AFC,FW,22,184,4,2,218,2.4,1,0,1,1,0,0,0,0,2,2,100.0,0.83,0.83,0.5,0.5,1,2,,,,,,,,,,,,,0.41284403669724773,0.0,0.41284403669724773,0.8256880733944955,,
411,Alan Franco,ECU,Atlético Mineiro,MF,27,175,4,4,251,2.8,0,0,0,0,0,0,2,0,0,0,,0.0,0.0,,,6,4,,,,,,,,,,,,,0.0,0.0,2.151394422310757,1.4342629482071714,,
413,Moisés Caicedo,ECU,Chelsea FC,MF,24,178,4,4,360,4.0,0,0,0,0,0,0,1,0,4,1,25.0,1.0,0.25,0.0,0.0,6,4,,,,,,,,,,,,,0.0,0.0,1.5,1.0,,
415,Jackson Porozo,ECU,Club Tijuana,DF,25,192,1,0,29,0.3,0,0,0,0,0,0,1,0,0,0,,0.0,0.0,,,0,0,,,,,,,,,,,,,0.0,0.0,0.0,0.0,,
416,Yaimar Medina,ECU,KRC Genk,DF,21,173,1,0,45,0.5,0,0,0,0,0,0,0,0,1,0,0.0,2.0,0.0,0.0,,0,1,,,,,,,,,,,,,0.0,0.0,0.0,2.0,,
418,Yasser Ibrahim,EGY,Al Ahly FC,DF,33,185,5,4,467,5.2,1,0,1,1,0,0,2,0,1,1,100.0,0.19,0.19,1.0,1.0,6,3,,,,,,,,,,,,,0.19271948608137046,0.0,1.1563169164882228,0.5781584582441114,,
419,Mohamed Hany,EGY,Al Ahly FC,DF,30,175,5,5,480,5.3,0,1,1,0,0,0,0,0,4,0,0.0,0.75,0.0,0.0,,9,6,,,,,,,,,,,,,0.0,0.1875,1.6875,1.125,,
420,Hossam Abdelmaguid,EGY,Zamalek SC,DF,25,193,2,0,59,0.7,0,0,0,0,0,0,0,0,0,0,,0.0,0.0,,,0,1,,,,,,,,,,,,,0.0,0.0,0.0,1.5254237288135593,,
421,Ramy Rabia,EGY,Al Ain FC,DF,33,183,5,3,372,4.1,0,0,0,0,0,0,0,0,1,1,100.0,0.24,0.24,0.0,0.0,5,3,,,,,,,,,,,,,0.0,0.0,1.2096774193548387,0.7258064516129032,,
423,Trézéguet,EGY,Al Ahly FC,FW,31,181,4,1,164,1.8,1,1,2,1,0,0,0,0,8,3,37.5,4.39,1.65,0.13,0.33,0,1,,,,,,,,,,,,,0.5487804878048781,0.5487804878048781,0.0,0.5487804878048781,,
424,Emam Ashour,EGY,Al Ahly FC,MF,28,180,5,5,362,4.0,2,0,2,2,0,0,0,0,10,2,20.0,2.49,0.5,0.2,1.0,2,4,,,,,,,,,,,,,0.49723756906077343,0.0,0.49723756906077343,0.9944751381215469,,
425,Hamza Abdelkarim,EGY,FC Barcelona,FW,18,182,4,0,60,0.7,0,0,0,0,0,0,0,0,0,0,,0.0,0.0,,,0,0,,,,,,,,,,,,,0.0,0.0,0.0,0.0,,
426,Mohamed Salah,EGY,Liverpool FC,FW,33,175,5,5,425,4.7,1,2,3,1,0,0,0,0,9,4,44.4,1.91,0.85,0.11,0.25,0,2,,,,,,,,,,,,,0.2117647058823529,0.4235294117647058,0.0,0.4235294117647058,,
428,Haissem Hassan,EGY,Real Oviedo,FW,24,175,2,1,126,1.4,0,1,1,0,0,0,2,0,1,0,0.0,0.71,0.0,0.0,,1,0,,,,,,,,,,,,,0.0,0.7142857142857142,0.7142857142857142,0.0,,
429,Ahmed Fatouh,EGY,Zamalek SC,DF,28,177,3,3,267,3.0,0,0,0,0,0,0,1,0,1,1,100.0,0.34,0.34,0.0,0.0,5,4,,,,,,,,,,,,,0.0,0.0,1.6853932584269664,1.348314606741573,,
430,Hamdy Fathy,EGY,Al Wakrah SC,MF,31,183,4,3,238,2.6,0,0,0,0,0,0,1,0,0,0,,0.0,0.0,,,3,2,,,,,,,,,,,,,0.0,0.0,1.134453781512605,0.7563025210084033,,
431,Karim Hafez,EGY,Pyramids FC,DF,30,174,3,2,172,1.9,0,1,1,0,0,0,0,0,1,0,0.0,0.52,0.0,0.0,,1,3,,,,,,,,,,,,,0.0,0.5232558139534884,0.5232558139534884,1.569767441860465,,
436,Ibrahim Adel,EGY,FC Nordsjælland,FW,25,178,1,0,3,0.0,0,0,0,0,0,0,0,0,0,0,,0.0,0.0,,,0,0,,,,,,,,,,,,,0.0,0.0,0.0,0.0,,
437,Mahmoud Saber,EGY,ZED FC,MF,24,170,2,1,46,0.5,1,0,1,1,0,0,1,0,3,1,33.3,5.87,1.96,0.33,1.0,0,0,,,,,,,,,,,,,1.9565217391304348,0.0,0.0,0.0,,
438,Omar Marmoush,EGY,Manchester City FC,FW,27,180,5,3,326,3.6,0,0,0,0,0,0,0,0,11,1,9.1,3.04,0.28,0.0,0.0,3,2,,,,,,,,,,,,,0.0,0.0,0.8282208588957056,0.5521472392638037,,
441,Zizo,EGY,Al Ahly FC,FW,30,175,4,0,56,0.6,0,0,0,0,0,0,0,0,3,1,33.3,4.82,1.61,0.0,0.0,1,0,,,,,,,,,,,,,0.0,0.0,1.607142857142857,0.0,,
443,Jordan Pickford,ENG,Everton FC,GK,32,185,7,7,660,7.3,0,0,0,0,0,0,0,0,0,0,,0.0,0.0,,,0,0,8.0,1.09,23.0,15.0,65.2,2.0,28.6,1.0,1.0,0.0,0.0,0.0,0.0,0.0,0.0,0.0,2.0454545454545454,0.2727272727272727
444,Ezri Konsa,ENG,Aston Villa FC,DF,28,180,8,7,647,7.2,1,0,1,1,0,0,0,0,3,2,66.7,0.42,0.28,0.33,0.5,5,8,,,,,,,,,,,,,0.1391035548686244,0.0,0.6955177743431221,1.1128284389489953,,
446,Declan Rice,ENG,Arsenal FC,MF,27,185,7,7,557,6.2,1,2,3,1,0,0,2,0,6,3,50.0,0.97,0.48,0.17,0.33,3,5,,,,,,,,,,,,,0.16157989228007183,0.32315978456014366,0.48473967684021546,0.8078994614003591,,
447,John Stones,ENG,Manchester City FC,DF,32,188,5,3,330,3.7,0,0,0,0,0,0,0,0,1,0,0.0,0.27,0.0,0.0,,0,0,,,,,,,,,,,,,0.0,0.0,0.0,0.0,,
448,Marc Guéhi,ENG,Manchester City FC,DF,25,183,8,7,663,7.4,0,0,0,0,0,0,1,0,1,0,0.0,0.14,0.0,0.0,,1,6,,,,,,,,,,,,,0.0,0.0,0.13574660633484165,0.8144796380090499,,
449,Bukayo Saka,ENG,Arsenal FC,FW,24,178,7,3,358,4.0,3,3,6,2,1,1,0,0,13,7,53.8,3.27,1.76,0.23,0.43,7,1,,,,,,,,,,,,,0.7541899441340782,0.7541899441340782,1.7597765363128492,0.25139664804469275,,
450,Elliot Anderson,ENG,Nottingham Forest FC,MF,23,179,8,7,632,7.0,0,1,1,0,0,0,1,0,7,1,14.3,1.0,0.14,0.0,0.0,18,8,,,,,,,,,,,,,0.0,0.14240506329113925,2.5632911392405062,1.139240506329114,,
451,Harry Kane,ENG,FC Bayern München,FW,32,190,7,7,652,7.2,6,1,7,4,2,2,0,0,23,12,52.2,3.17,1.66,0.26,0.5,3,1,,,,,,,,,,,,,0.8282208588957056,0.13803680981595093,0.4141104294478528,0.13803680981595093,,
452,Jude Bellingham,ENG,Real Madrid C. F.,MF,22,183,8,7,614,6.8,7,1,8,7,0,0,1,0,19,13,68.4,2.79,1.91,0.37,0.54,10,3,,,,,,,,,,,,,1.0260586319218241,0.1465798045602606,1.4657980456026058,0.43973941368078173,,
453,Marcus Rashford,ENG,FC Barcelona,FW,28,180,6,3,223,2.5,1,1,2,1,0,0,0,0,12,5,41.7,4.84,2.02,0.08,0.2,2,0,,,,,,,,,,,,,0.40358744394618834,0.40358744394618834,0.8071748878923767,0.0,,
455,Dean Henderson,ENG,Crystal Palace FC,GK,29,188,1,1,90,1.0,0,0,0,0,0,0,0,0,0,0,,0.0,0.0,,,0,1,4.0,4.0,9.0,5.0,55.6,0.0,0.0,0.0,0.0,0.0,0.0,,0.0,0.0,0.0,1.0,5.0,0.0
456,Jordan Henderson,ENG,Brentford FC,MF,35,183,1,0,7,0.1,0,0,0,0,0,0,1,0,0,0,,0.0,0.0,,,1,0,,,,,,,,,,,,,0.0,0.0,12.857142857142856,0.0,,
457,Dan Burn,ENG,Newcastle United FC,DF,34,201,3,0,35,0.4,0,0,0,0,0,0,0,0,0,0,,0.0,0.0,,,0,0,,,,,,,,,,,,,0.0,0.0,0.0,0.0,,
459,Morgan Rogers,ENG,Aston Villa FC,MF,23,187,7,3,339,3.8,0,1,1,0,0,0,0,0,3,1,33.3,0.8,0.27,0.0,0.0,3,0,,,,,,,,,,,,,0.0,0.2654867256637168,0.7964601769911505,0.0,,
460,Anthony Gordon,ENG,Newcastle United FC,FW,25,182,6,5,396,4.4,1,3,4,1,0,0,0,0,6,4,66.7,1.36,0.91,0.17,0.25,3,3,,,,,,,,,,,,,0.2272727272727273,0.6818181818181819,0.6818181818181819,0.6818181818181819,,
461,Ollie Watkins,ENG,Aston Villa FC,FW,30,180,2,0,52,0.6,0,0,0,0,0,0,0,0,1,0,0.0,1.73,0.0,0.0,,1,0,,,,,,,,,,,,,0.0,0.0,1.7307692307692308,0.0,,
462,Noni Madueke,ENG,Arsenal FC,FW,24,182,5,4,286,3.2,0,0,0,0,0,0,0,0,6,1,16.7,1.89,0.31,0.0,0.0,4,2,,,,,,,,,,,,,0.0,0.0,1.2587412587412588,0.6293706293706294,,
463,Eberechi Eze,ENG,Arsenal FC,MF,27,178,5,1,211,2.3,0,1,1,0,0,0,0,0,5,0,0.0,2.13,0.0,0.0,,0,0,,,,,,,,,,,,,0.0,0.4265402843601896,0.0,0.0,,
464,Ivan Toney,ENG,Al Ahli FC,FW,30,185,2,1,79,0.9,0,0,0,0,0,0,0,0,2,1,50.0,2.28,1.14,0.0,0.0,0,0,,,,,,,,,,,,,0.0,0.0,0.0,0.0,,
466,Reece James,ENG,Chelsea FC,DF,26,180,5,3,319,3.5,0,0,0,0,0,0,0,0,1,0,0.0,0.28,0.0,0.0,,3,3,,,,,,,,,,,,,0.0,0.0,0.8463949843260189,0.8463949843260189,,
467,Djed Spence,ENG,Tottenham Hotspur FC,DF,25,184,8,4,404,4.5,0,0,0,0,0,0,0,0,2,2,100.0,0.45,0.45,0.0,0.0,10,5,,,,,,,,,,,,,0.0,0.0,2.227722772277228,1.113861386138614,,
468,Jarell Quansah,ENG,Bayer 04 Leverkusen,DF,23,190,3,3,197,2.2,0,0,0,0,0,0,1,1,0,0,,0.0,0.0,,,0,0,,,,,,,,,,,,,0.0,0.0,0.0,0.0,,
470,Malo Gusto,FRA,Chelsea FC,DF,23,179,5,1,121,1.3,0,0,0,0,0,0,0,0,0,0,,0.0,0.0,,,3,2,,,,,,,,,,,,,0.0,0.0,2.231404958677686,1.487603305785124,,
471,Lucas Digne,FRA,Aston Villa FC,DF,32,178,6,5,463,5.1,0,0,0,0,0,0,0,0,2,1,50.0,0.39,0.19,0.0,0.0,3,2,,,,,,,,,,,,,0.0,0.0,0.5831533477321814,0.38876889848812096,,
472,Dayot Upamecano,FRA,FC Bayern München,DF,27,186,8,7,660,7.3,0,1,1,0,0,0,0,0,4,2,50.0,0.55,0.27,0.0,0.0,12,15,,,,,,,,,,,,,0.0,0.13636363636363635,1.6363636363636362,2.0454545454545454,,
473,Jules Koundé,FRA,FC Barcelona,DF,27,178,8,7,599,6.7,0,0,0,0,0,0,0,0,2,0,0.0,0.3,0.0,0.0,,8,3,,,,,,,,,,,,,0.0,0.0,1.2020033388981637,0.4507512520868113,,
474,Manu Koné,FRA,AS Roma,MF,25,185,5,4,385,4.3,0,0,0,0,0,0,1,0,6,2,33.3,1.4,0.47,0.0,0.0,5,3,,,,,,,,,,,,,0.0,0.0,1.168831168831169,0.7012987012987013,,
475,Ousmane Dembélé,FRA,Paris Saint-Germain,FW,29,179,8,7,592,6.6,6,2,8,6,0,0,0,0,20,10,50.0,3.04,1.52,0.3,0.6,2,0,,,,,,,,,,,,,0.9121621621621622,0.30405405405405406,0.30405405405405406,0.0,,
476,Aurélien Tchouaméni,FRA,Real Madrid C. F.,MF,26,188,4,4,360,4.0,0,1,1,0,0,0,1,0,3,0,0.0,0.75,0.0,0.0,,14,6,,,,,,,,,,,,,0.0,0.25,3.5,1.5,,
477,Marcus Thuram,FRA,FC Internazionale Milano,FW,28,192,1,0,1,0.0,0,0,0,0,0,0,0,0,0,0,,0.0,0.0,,,0,0,,,,,,,,,,,,,0.0,0.0,0.0,0.0,,
478,Kylian Mbappé,FRA,Real Madrid C. F.,FW,27,180,8,8,695,7.7,10,4,14,9,1,2,1,0,41,23,56.1,5.31,2.98,0.24,0.43,1,0,,,,,,,,,,,,,1.2949640287769786,0.5179856115107914,0.12949640287769784,0.0,,
479,Michael Olise,FRA,FC Bayern München,FW,24,184,8,8,646,7.2,0,7,7,0,0,0,1,0,20,5,25.0,2.79,0.7,0.0,0.0,8,3,,,,,,,,,,,,,0.0,0.9752321981424149,1.1145510835913313,0.4179566563467492,,
480,Bradley Barcola,FRA,Paris Saint-Germain,FW,23,187,8,4,384,4.3,3,1,4,3,0,0,1,0,10,5,50.0,2.34,1.17,0.3,0.6,4,1,,,,,,,,,,,,,0.703125,0.234375,0.9375,0.234375,,
482,Adrien Rabiot,FRA,AC Milan,MF,31,191,7,7,585,6.5,0,1,1,0,0,0,1,0,9,1,11.1,1.38,0.15,0.0,0.0,7,11,,,,,,,,,,,,,0.0,0.15384615384615385,1.076923076923077,1.6923076923076923,,
483,Ibrahima Konaté,FRA,Liverpool FC,DF,27,194,2,1,60,0.7,0,0,0,0,0,0,0,0,0,0,,0.0,0.0,,,0,3,,,,,,,,,,,,,0.0,0.0,0.0,4.5,,
484,Mike Maignan,FRA,AC Milan,GK,30,191,8,8,720,8.0,0,0,0,0,0,0,0,0,0,0,,0.0,0.0,,,0,0,10.0,1.25,22.0,12.0,54.5,4.0,50.0,3.0,2.0,1.0,0.0,33.3,0.0,0.0,0.0,0.0,1.5,0.5
485,William Saliba,FRA,Arsenal FC,DF,25,192,6,6,479,5.3,0,0,0,0,0,0,0,0,1,0,0.0,0.19,0.0,0.0,,0,6,,,,,,,,,,,,,0.0,0.0,0.0,1.1273486430062631,,
486,Warren Zaïre-Emery,FRA,Paris Saint-Germain,MF,20,176,2,1,110,1.2,0,0,0,0,0,0,0,0,1,0,0.0,0.82,0.0,0.0,,0,1,,,,,,,,,,,,,0.0,0.0,0.0,0.8181818181818181,,
487,Theo Hernández,FRA,Al Hilal SC,DF,28,184,5,3,257,2.9,0,0,0,0,0,0,0,0,3,0,0.0,1.05,0.0,0.0,,1,3,,,,,,,,,,,,,0.0,0.0,0.35019455252918286,1.0505836575875487,,
488,Désiré Doué,FRA,Paris Saint-Germain,FW,21,182,8,4,400,4.4,1,1,2,1,0,0,0,0,13,8,61.5,2.93,1.8,0.08,0.13,6,2,,,,,,,,,,,,,0.225,0.225,1.3499999999999999,0.45,,
490,Jean-Philippe Mateta,FRA,Crystal Palace FC,FW,28,192,3,0,24,0.3,0,0,0,0,0,0,0,0,3,1,33.3,11.25,3.75,0.0,0.0,0,0,,,,,,,,,,,,,0.0,0.0,0.0,0.0,,
492,Rayan Cherki,FRA,Manchester City FC,MF,22,180,7,1,130,1.4,0,0,0,0,0,0,0,0,1,1,100.0,0.69,0.69,0.0,0.0,1,1,,,,,,,,,,,,,0.0,0.0,0.6923076923076923,0.6923076923076923,,
493,Maghnes Akliouche,FRA,AS Monaco,MF,24,183,1,0,8,0.1,0,0,0,0,0,0,0,0,0,0,,0.0,0.0,,,0,0,,,,,,,,,,,,,0.0,0.0,0.0,0.0,,
494,Maxence Lacroix,FRA,Crystal Palace FC,DF,26,192,3,2,241,2.7,0,0,0,0,0,0,0,0,0,0,,0.0,0.0,,,2,3,,,,,,,,,,,,,0.0,0.0,0.7468879668049793,1.120331950207469,,
495,Manuel Neuer,GER,FC Bayern München,GK,40,193,4,4,390,4.3,0,0,0,0,0,0,0,0,0,0,,0.0,0.0,,,0,0,5.0,1.15,10.0,5.0,50.0,0.0,0.0,0.0,0.0,0.0,0.0,,0.0,0.0,0.0,0.0,1.1538461538461537,0.0
497,Waldemar Anton,GER,Borussia Dortmund,DF,29,189,2,0,50,0.6,0,0,0,0,0,0,0,0,1,1,100.0,1.8,1.8,0.0,0.0,1,2,,,,,,,,,,,,,0.0,0.0,1.8,3.6,,
498,Jonathan Tah,GER,FC Bayern München,DF,30,195,4,4,372,4.1,0,0,0,0,0,0,0,0,1,1,100.0,0.24,0.24,0.0,0.0,3,1,,,,,,,,,,,,,0.0,0.0,0.7258064516129032,0.24193548387096775,,
499,Aleksandar Pavlovic,GER,FC Bayern München,MF,22,188,4,4,272,3.0,0,0,0,0,0,0,1,0,4,1,25.0,1.32,0.33,0.0,0.0,3,2,,,,,,,,,,,,,0.0,0.0,0.9926470588235294,0.6617647058823529,,
500,Joshua Kimmich,GER,FC Bayern München,DF,31,177,4,4,351,3.9,0,2,2,0,0,0,0,0,5,1,20.0,1.28,0.26,0.0,0.0,4,4,,,,,,,,,,,,,0.0,0.5128205128205129,1.0256410256410258,1.0256410256410258,,
501,Kai Havertz,GER,Arsenal FC,FW,27,190,4,4,353,3.9,3,0,3,2,1,1,1,0,12,7,58.3,3.06,1.78,0.25,0.43,2,1,,,,,,,,,,,,,0.764872521246459,0.0,0.509915014164306,0.254957507082153,,
502,Leon Goretzka,GER,FC Bayern München,MF,31,189,3,0,99,1.1,0,0,0,0,0,0,0,0,2,0,0.0,1.82,0.0,0.0,,1,1,,,,,,,,,,,,,0.0,0.0,0.9090909090909092,0.9090909090909092,,
503,Jamie Leweling,GER,VfB Stuttgart,MF,25,185,1,0,31,0.3,0,0,0,0,0,0,0,0,1,0,0.0,2.9,0.0,0.0,,0,0,,,,,,,,,,,,,0.0,0.0,0.0,0.0,,
504,Jamal Musiala,GER,FC Bayern München,MF,23,180,4,3,270,3.0,1,0,1,1,0,0,1,0,6,1,16.7,2.0,0.33,0.17,1.0,5,1,,,,,,,,,,,,,0.33333333333333337,0.0,1.6666666666666665,0.33333333333333337,,
505,Nick Woltemade,GER,Newcastle United FC,FW,24,198,1,0,33,0.4,0,0,0,0,0,0,0,0,2,0,0.0,5.45,0.0,0.0,,1,0,,,,,,,,,,,,,0.0,0.0,2.7272727272727275,0.0,,
508,Maximilian Beier,GER,Borussia Dortmund,FW,23,185,1,0,27,0.3,0,0,0,0,0,0,0,0,0,0,,0.0,0.0,,,0,0,,,,,,,,,,,,,0.0,0.0,0.0,0.0,,
509,Nico Schlotterbeck,GER,Borussia Dortmund,DF,26,191,2,2,135,1.5,1,0,1,1,0,0,0,0,2,2,100.0,1.33,1.33,0.5,0.5,2,3,,,,,,,,,,,,,0.6666666666666667,0.0,1.3333333333333335,2.0,,
510,Angelo Stiller,GER,VfB Stuttgart,MF,25,183,1,0,45,0.5,0,0,0,0,0,0,0,0,0,0,,0.0,0.0,,,1,1,,,,,,,,,,,,,0.0,0.0,2.0,2.0,,
511,Florian Wirtz,GER,Liverpool FC,MF,23,176,4,4,361,4.0,0,3,3,0,0,0,0,0,10,1,10.0,2.49,0.25,0.0,0.0,6,2,,,,,,,,,,,,,0.0,0.7479224376731303,1.4958448753462605,0.4986149584487535,,
512,Nathaniel Brown,GER,Eintracht Frankfurt,DF,22,176,3,3,282,3.1,1,1,2,1,0,0,0,0,3,2,66.7,0.96,0.64,0.33,0.5,6,2,,,,,,,,,,,,,0.3191489361702128,0.3191489361702128,1.9148936170212765,0.6382978723404256,,
513,Leroy Sané,GER,Galatasaray SK,MF,30,183,4,4,326,3.6,1,0,1,1,0,0,0,0,6,2,33.3,1.66,0.55,0.17,0.5,3,2,,,,,,,,,,,,,0.27607361963190186,0.0,0.8282208588957056,0.5521472392638037,,
514,Nadiem Amiri,GER,1. FSV Mainz 05,MF,29,178,2,0,42,0.5,0,1,1,0,0,0,0,0,2,1,50.0,4.29,2.14,0.0,0.0,1,0,,,,,,,,,,,,,0.0,2.142857142857143,2.142857142857143,0.0,,
516,David Raum,GER,RB Leipzig,DF,28,180,2,1,108,1.2,0,0,0,0,0,0,0,0,1,1,100.0,0.83,0.83,0.0,0.0,1,1,,,,,,,,,,,,,0.0,0.0,0.8333333333333333,0.8333333333333333,,
517,Felix Nmecha,GER,Borussia Dortmund,MF,25,190,4,4,270,3.0,1,1,2,1,0,0,0,0,8,3,37.5,2.67,1.0,0.13,0.33,9,2,,,,,,,,,,,,,0.33333333333333337,0.33333333333333337,3.0,0.6666666666666667,,
518,Malick Thiaw,GER,Newcastle United FC,DF,24,194,2,0,42,0.5,0,0,0,0,0,0,0,0,0,0,,0.0,0.0,,,2,0,,,,,,,,,,,,,0.0,0.0,4.285714285714286,0.0,,
520,Deniz Undav,GER,VfB Stuttgart,FW,29,179,4,1,151,1.7,3,2,5,3,0,0,0,0,6,4,66.7,3.58,2.38,0.5,0.75,0,0,,,,,,,,,,,,,1.7880794701986755,1.1920529801324504,0.0,0.0,,
522,Alidu Seidu,GHA,Stade Rennais FC,DF,26,173,1,0,78,0.9,0,0,0,0,0,0,1,0,0,0,,0.0,0.0,,,1,1,,,,,,,,,,,,,0.0,0.0,1.1538461538461537,1.1538461538461537,,
523,Caleb Yirenkyi,GHA,FC Nordsjælland,MF,20,182,4,3,264,2.9,1,0,1,1,0,0,2,0,2,1,50.0,0.68,0.34,0.5,1.0,1,3,,,,,,,,,,,,,0.34090909090909094,0.0,0.34090909090909094,1.0227272727272727,,
524,Jonas Adjetey,GHA,VfL Wolfsburg,DF,22,188,3,3,225,2.5,0,0,0,0,0,0,0,0,2,1,50.0,0.8,0.4,0.0,0.0,3,1,,,,,,,,,,,,,0.0,0.0,1.2000000000000002,0.4,,
525,Thomas Partey,GHA,Villarreal CF,MF,32,185,3,3,270,3.0,0,0,0,0,0,0,0,0,2,0,0.0,0.67,0.0,0.0,,4,6,,,,,,,,,,,,,0.0,0.0,1.3333333333333335,2.0,,
528,Kwasi Sibo,GHA,Real Oviedo,MF,27,183,4,3,248,2.8,0,0,0,0,0,0,0,0,0,0,,0.0,0.0,,,0,2,,,,,,,,,,,,,0.0,0.0,0.0,0.7258064516129032,,
529,Jordan Ayew,GHA,Leicester City FC,FW,34,182,4,4,300,3.3,0,0,0,0,0,0,0,0,0,0,,0.0,0.0,,,3,1,,,,,,,,,,,,,0.0,0.0,0.9,0.30000000000000004,,
530,Brandon Thomas-Asante,GHA,Coventry City FC,FW,27,182,2,0,53,0.6,0,0,0,0,0,0,0,0,1,0,0.0,1.7,0.0,0.0,,0,0,,,,,,,,,,,,,0.0,0.0,0.0,0.0,,
531,Antoine Semenyo,GHA,Manchester City FC,MF,26,185,4,4,360,4.0,0,0,0,0,0,0,0,0,6,0,0.0,1.5,0.0,0.0,,2,0,,,,,,,,,,,,,0.0,0.0,0.5,0.0,,
534,Gideon Mensah,GHA,AJ Auxerre,DF,27,178,4,4,360,4.0,0,0,0,0,0,0,0,0,0,0,,0.0,0.0,,,5,8,,,,,,,,,,,,,0.0,0.0,1.25,2.0,,
535,Elisha Owusu,GHA,AJ Auxerre,MF,28,182,3,2,151,1.7,0,0,0,0,0,0,0,0,0,0,,0.0,0.0,,,3,0,,,,,,,,,,,,,0.0,0.0,1.7880794701986755,0.0,,
536,Benjamin Asare,GHA,Hearts Of Oak SC,GK,33,188,3,2,225,2.5,0,0,0,0,0,0,0,0,0,0,,0.0,0.0,,,0,0,2.0,0.8,10.0,8.0,80.0,2.0,100.0,0.0,0.0,0.0,0.0,,0.0,0.0,0.0,0.0,3.2,0.8
538,Jerome Opoku,GHA,Başakşehir FK,DF,27,197,3,3,270,3.0,0,0,0,0,0,0,0,0,0,0,,0.0,0.0,,,2,1,,,,,,,,,,,,,0.0,0.0,0.6666666666666667,0.33333333333333337,,
539,Iñaki Williams,GHA,Athletic Club,FW,31,186,2,2,126,1.4,0,0,0,0,0,0,1,0,3,0,0.0,2.14,0.0,0.0,,0,1,,,,,,,,,,,,,0.0,0.0,0.0,0.7142857142857142,,
542,Kamaldeen Sulemana,GHA,Atalanta Bergamo,FW,24,174,2,2,127,1.4,0,0,0,0,0,0,0,0,1,0,0.0,0.71,0.0,0.0,,2,1,,,,,,,,,,,,,0.0,0.0,1.4173228346456692,0.7086614173228346,,
543,Derrick Luckassen,GHA,Pafos FC,DF,30,188,2,2,180,2.0,1,0,1,1,0,0,0,0,1,1,100.0,0.5,0.5,1.0,1.0,1,0,,,,,,,,,,,,,0.5,0.0,0.5,0.0,,
544,Ernest Nuamah,GHA,Olympique Lyonnais,FW,22,178,3,1,89,1.0,0,1,1,0,0,0,0,0,0,0,,0.0,0.0,,,1,0,,,,,,,,,,,,,0.0,1.0112359550561798,1.0112359550561798,0.0,,
546,Marvin Senaya,GHA,AJ Auxerre,DF,25,181,4,4,278,3.1,0,0,0,0,0,0,0,0,2,0,0.0,0.65,0.0,0.0,,12,6,,,,,,,,,,,,,0.0,0.0,3.8848920863309355,1.9424460431654678,,
547,Johny Placide,HAI,SC Bastia,GK,38,181,3,3,270,3.0,0,0,0,0,0,0,1,0,0,0,,0.0,0.0,,,0,0,8.0,2.67,19.0,11.0,57.9,0.0,0.0,0.0,0.0,0.0,0.0,,0.0,0.0,0.0,0.0,3.666666666666667,0.0
548,Carlens Arcus,HAI,Angers SCO,DF,29,180,3,2,146,1.6,0,0,0,0,0,0,1,0,0,0,,0.0,0.0,,,3,3,,,,,,,,,,,,,0.0,0.0,1.8493150684931505,1.8493150684931505,,
550,Ricardo Adé,HAI,LDU Quito,DF,36,190,3,3,270,3.0,0,0,0,0,0,0,0,0,4,1,25.0,1.33,0.33,0.0,0.0,2,5,,,,,,,,,,,,,0.0,0.0,0.6666666666666667,1.6666666666666665,,
551,Hannes Delcroix,HAI,FC Lugano,DF,27,183,3,3,270,3.0,0,0,0,0,0,0,0,0,0,0,,0.0,0.0,,,3,4,,,,,,,,,,,,,0.0,0.0,1.0,1.3333333333333335,,
553,Derrick Etienne,HAI,Toronto FC,FW,29,178,1,0,10,0.1,0,0,0,0,0,0,0,0,0,0,,0.0,0.0,,,0,0,,,,,,,,,,,,,0.0,0.0,0.0,0.0,,
554,Martin Expérience,HAI,AS Nancy,DF,27,178,3,3,270,3.0,0,0,0,0,0,0,0,0,1,0,0.0,0.33,0.0,0.0,,6,4,,,,,,,,,,,,,0.0,0.0,2.0,1.3333333333333335,,
555,Duckens Nazon,HAI,Esteghlal Tehran FC,FW,32,181,1,0,24,0.3,0,0,0,0,0,0,1,0,1,1,100.0,3.75,3.75,0.0,0.0,0,0,,,,,,,,,,,,,0.0,0.0,0.0,0.0,,
556,Jean-Ricner Bellegarde,HAI,Wolverhampton Wanderers FC,MF,27,170,3,3,260,2.9,0,0,0,0,0,0,1,0,6,0,0.0,2.08,0.0,0.0,,2,3,,,,,,,,,,,,,0.0,0.0,0.6923076923076923,1.0384615384615385,,
557,Louicius Deedson,HAI,FC Dallas,FW,25,178,3,1,112,1.2,0,0,0,0,0,0,0,0,2,0,0.0,1.61,0.0,0.0,,0,1,,,,,,,,,,,,,0.0,0.0,0.0,0.8035714285714285,,
561,Ruben Providence,HAI,Almere City FC,FW,24,178,3,3,220,2.4,0,0,0,0,0,0,0,0,4,1,25.0,1.64,0.41,0.0,0.0,2,0,,,,,,,,,,,,,0.0,0.0,0.8181818181818181,0.0,,
562,Lenny Joseph,HAI,Ferencvárosi TC,FW,25,182,3,1,117,1.3,0,0,0,0,0,0,0,0,2,0,0.0,1.54,0.0,0.0,,0,0,,,,,,,,,,,,,0.0,0.0,0.0,0.0,,
564,Wilson Isidor,HAI,Sunderland AFC,FW,25,184,3,2,186,2.1,1,0,1,1,0,0,0,0,5,2,40.0,2.42,0.97,0.2,0.5,1,1,,,,,,,,,,,,,0.4838709677419355,0.0,0.4838709677419355,0.4838709677419355,,
565,Yassin Fortuné,HAI,FC Vizela,FW,27,186,1,0,6,0.1,0,0,0,0,0,0,0,0,0,0,,0.0,0.0,,,0,0,,,,,,,,,,,,,0.0,0.0,0.0,0.0,,
566,Frantzdy Pierrot,HAI,Çaykur Rizespor,FW,31,194,3,2,143,1.6,0,0,0,0,0,0,1,0,3,1,33.3,1.89,0.63,0.0,0.0,0,0,,,,,,,,,,,,,0.0,0.0,0.0,0.0,,
567,Josué Casimir,HAI,AJ Auxerre,FW,24,178,3,2,182,2.0,0,0,0,0,0,0,1,0,1,0,0.0,0.49,0.0,0.0,,0,0,,,,,,,,,,,,,0.0,0.0,0.0,0.0,,
568,Jean-Kevin Duverne,HAI,KAA Gent,DF,28,184,2,2,169,1.9,0,1,1,0,0,0,0,0,1,0,0.0,0.53,0.0,0.0,,2,4,,,,,,,,,,,,,0.0,0.5325443786982248,1.0650887573964496,2.130177514792899,,
571,Dominique Simon,HAI,FC Tatran Prešov,MF,25,178,2,0,56,0.6,0,0,0,0,0,0,0,0,1,1,100.0,1.61,1.61,0.0,0.0,1,1,,,,,,,,,,,,,0.0,0.0,1.607142857142857,1.607142857142857,,
573,Alireza Beiranvand,IRN,Tractor Sazi Tabriz FC,GK,33,195,3,3,270,3.0,0,0,0,0,0,0,0,0,0,0,,0.0,0.0,,,0,0,3.0,1.0,18.0,15.0,83.3,1.0,33.3,0.0,0.0,0.0,0.0,,0.0,0.0,0.0,0.0,5.0,0.33333333333333337
574,Saleh Hardani,IRN,Esteghlal Tehran FC,DF,27,176,2,1,90,1.0,0,0,0,0,0,0,0,0,0,0,,0.0,0.0,,,2,2,,,,,,,,,,,,,0.0,0.0,2.0,2.0,,
577,Milad Mohammadi,IRN,Persepolis FC,DF,32,175,3,2,205,2.3,0,0,0,0,0,0,0,0,1,1,100.0,0.44,0.44,0.0,0.0,4,2,,,,,,,,,,,,,0.0,0.0,1.7560975609756098,0.8780487804878049,,
578,Saeid Ezatolahi,IRN,Shabab Al Ahli Club,MF,29,189,3,3,264,2.9,0,0,0,0,0,0,2,0,6,2,33.3,2.05,0.68,0.0,0.0,5,7,,,,,,,,,,,,,0.0,0.0,1.7045454545454546,2.3863636363636362,,
579,Alireza Jahanbakhsh,IRN,FCV Dender EH,MF,32,180,2,0,46,0.5,0,0,0,0,0,0,0,0,1,0,0.0,1.96,0.0,0.0,,1,0,,,,,,,,,,,,,0.0,0.0,1.9565217391304348,0.0,,
581,Mehdi Taremi,IRN,Olympiacos FC,FW,33,187,3,3,259,2.9,0,0,0,0,0,1,0,0,5,2,40.0,1.74,0.69,0.0,0.0,2,2,,,,,,,,,,,,,0.0,0.0,0.694980694980695,0.694980694980695,,
582,Mehdi Ghayedi,IRN,Al Nasr SC,FW,27,166,1,0,45,0.5,0,0,0,0,0,0,0,0,1,0,0.0,2.0,0.0,0.0,,0,0,,,,,,,,,,,,,0.0,0.0,0.0,0.0,,
583,Ali Alipour,IRN,Persepolis FC,FW,30,181,1,0,38,0.4,0,0,0,0,0,0,0,0,1,0,0.0,2.37,0.0,0.0,,1,1,,,,,,,,,,,,,0.0,0.0,2.3684210526315788,2.3684210526315788,,
586,Saman Ghoddos,IRN,Al Ittihad Kalba SCC,MF,32,176,3,3,208,2.3,0,0,0,0,0,0,0,0,4,0,0.0,1.73,0.0,0.0,,4,5,,,,,,,,,,,,,0.0,0.0,1.7307692307692308,2.1634615384615388,,
588,Mehdi Torabi,IRN,Tractor Sazi Tabriz FC,MF,31,185,1,0,25,0.3,0,0,0,0,0,0,0,0,0,0,,0.0,0.0,,,0,1,,,,,,,,,,,,,0.0,0.0,0.0,3.6,,
590,Amirhossein Hosseinzadeh,IRN,Tractor Sazi Tabriz FC,FW,25,178,2,0,17,0.2,0,0,0,0,0,0,0,0,1,0,0.0,5.29,0.0,0.0,,2,0,,,,,,,,,,,,,0.0,0.0,10.588235294117647,0.0,,
591,Ali Nemati,IRN,Foolad Khuzestan FC,DF,30,182,3,3,270,3.0,0,0,0,0,0,0,1,0,1,0,0.0,0.33,0.0,0.0,,2,0,,,,,,,,,,,,,0.0,0.0,0.6666666666666667,0.0,,
593,Mohammad Ghorbani,IRN,Al Wahda SC,MF,24,190,1,1,90,1.0,0,0,0,0,0,0,0,0,2,1,50.0,2.0,1.0,0.0,0.0,2,2,,,,,,,,,,,,,0.0,0.0,2.0,2.0,,
595,Ramin Rezaeian,IRN,Foolad Khuzestan FC,DF,36,184,3,3,270,3.0,2,1,3,2,0,0,0,0,4,2,50.0,1.33,0.67,0.5,1.0,5,2,,,,,,,,,,,,,0.6666666666666667,0.33333333333333337,1.6666666666666665,0.6666666666666667,,
600,Rebin Sulaka,IRQ,Port FC,DF,34,193,2,1,43,0.5,0,0,0,0,0,0,0,1,1,0,0.0,2.09,0.0,0.0,,0,1,,,,,,,,,,,,,0.0,0.0,0.0,2.0930232558139537,,
601,Hussein Ali,IRQ,Pogoń Szczecin,DF,24,182,2,2,162,1.8,0,0,0,0,0,0,0,0,1,0,0.0,0.56,0.0,0.0,,2,2,,,,,,,,,,,,,0.0,0.0,1.1111111111111112,1.1111111111111112,,
602,Zaid Tahseen,IRQ,Pakhtakor Tashkent FK,DF,25,187,2,2,149,1.7,0,0,0,0,0,0,1,0,2,0,0.0,1.21,0.0,0.0,,1,0,,,,,,,,,,,,,0.0,0.0,0.6040268456375839,0.0,,
603,Akam Hashim,IRQ,Al Zawra'a SC,DF,27,184,3,3,270,3.0,0,0,0,0,0,0,0,0,1,0,0.0,0.33,0.0,0.0,,1,2,,,,,,,,,,,,,0.0,0.0,0.33333333333333337,0.6666666666666667,,
605,Youssef Amyn,IRQ,AEK Larnaca FC,MF,22,172,1,0,31,0.3,0,0,0,0,0,0,0,0,0,0,,0.0,0.0,,,0,0,,,,,,,,,,,,,0.0,0.0,0.0,0.0,,
606,Ibrahim Bayesh,IRQ,Al Dhafra SCC,MF,26,180,3,3,235,2.6,0,0,0,0,0,0,0,0,1,0,0.0,0.38,0.0,0.0,,4,1,,,,,,,,,,,,,0.0,0.0,1.5319148936170213,0.3829787234042553,,
608,Mohanad Ali,IRQ,Dibba FC,FW,25,183,1,0,13,0.1,0,0,0,0,0,0,0,0,0,0,,0.0,0.0,,,0,0,,,,,,,,,,,,,0.0,0.0,0.0,0.0,,
610,Jalal Hassan,IRQ,Al Zawra'a SC,GK,35,188,2,1,135,1.5,0,0,0,0,0,0,0,0,0,0,,0.0,0.0,,,0,0,8.0,5.33,16.0,8.0,50.0,0.0,0.0,0.0,0.0,0.0,0.0,,0.0,0.0,0.0,0.0,5.333333333333334,0.0
611,Ali Yousif,IRQ,Al Talaba SC,FW,30,180,1,0,33,0.4,0,0,0,0,0,0,0,0,0,0,,0.0,0.0,,,1,0,,,,,,,,,,,,,0.0,0.0,2.7272727272727275,0.0,,
612,Zidane Iqbal,IRQ,FC Utrecht,MF,23,183,3,2,188,2.1,0,0,0,0,0,0,0,0,0,0,,0.0,0.0,,,2,1,,,,,,,,,,,,,0.0,0.0,0.9574468085106382,0.4787234042553191,,
615,Ali Jasim,IRQ,Al Najmah SC,FW,22,178,2,2,129,1.4,0,0,0,0,0,0,0,0,4,1,25.0,2.79,0.7,0.0,0.0,1,0,,,,,,,,,,,,,0.0,0.0,0.6976744186046512,0.0,,
617,Kevin Yakob,IRQ,Aarhus GF,MF,25,180,1,0,24,0.3,0,0,0,0,0,0,0,0,1,0,0.0,3.75,0.0,0.0,,0,1,,,,,,,,,,,,,0.0,0.0,0.0,3.75,,
618,Aimar Sher,IRQ,Sarpsborg 08 FF,MF,23,180,1,0,23,0.3,0,0,0,0,0,0,0,0,0,0,,0.0,0.0,,,0,0,,,,,,,,,,,,,0.0,0.0,0.0,0.0,,
619,Marko Farji,IRQ,Venezia FC,FW,22,185,2,0,54,0.6,0,0,0,0,0,0,0,0,0,0,,0.0,0.0,,,1,1,,,,,,,,,,,,,0.0,0.0,1.6666666666666665,1.6666666666666665,,
620,Ahmed Basil,IRQ,Al Shorta SC,GK,29,184,2,2,135,1.5,0,0,0,0,0,0,0,0,0,0,,0.0,0.0,,,0,0,4.0,2.67,7.0,3.0,42.9,0.0,0.0,0.0,0.0,0.0,0.0,,0.0,0.0,0.0,0.0,2.0,0.0
621,Merchas Doski,IRQ,FC Viktoria Plzeň,DF,26,173,3,3,270,3.0,0,0,0,0,0,0,1,0,1,0,0.0,0.33,0.0,0.0,,9,6,,,,,,,,,,,,,0.0,0.0,3.0,2.0,,
623,Mustafa Saadoon,IRQ,Al Shorta SC,DF,25,181,1,0,18,0.2,0,0,0,0,0,0,0,0,0,0,,0.0,0.0,,,1,0,,,,,,,,,,,,,0.0,0.0,5.0,0.0,,
625,Zion Suzuki,JPN,Parma,GK,23,190,4,4,360,4.0,0,0,0,0,0,0,0,0,0,0,,0.0,0.0,,,0,0,5.0,1.25,17.0,12.0,70.6,1.0,25.0,0.0,0.0,0.0,0.0,,0.0,0.0,0.0,0.0,3.0,0.25
626,Yukinari Sugawara,JPN,SV Werder Bremen,DF,25,179,4,1,148,1.6,0,0,0,0,0,0,0,0,2,2,100.0,1.22,1.22,0.0,0.0,3,0,,,,,,,,,,,,,0.0,0.0,1.8243243243243243,0.0,,
627,Shogo Taniguchi,JPN,Sint-Truiden VV,DF,34,185,3,2,232,2.6,0,0,0,0,0,0,1,0,0,0,,0.0,0.0,,,0,1,,,,,,,,,,,,,0.0,0.0,0.0,0.3879310344827586,,
629,Yūto Nagatomo,JPN,FC Tokyo,DF,39,170,1,0,16,0.2,0,0,0,0,0,0,0,0,0,0,,0.0,0.0,,,0,1,,,,,,,,,,,,,0.0,0.0,0.0,5.625,,
631,Ao Tanaka,JPN,Leeds United FC,MF,27,180,3,2,193,2.1,0,0,0,0,0,0,0,0,2,0,0.0,0.93,0.0,0.0,,6,1,,,,,,,,,,,,,0.0,0.0,2.7979274611398965,0.46632124352331605,,
632,Takefusa Kubo,JPN,Real Sociedad,MF,25,173,1,1,74,0.8,0,1,1,0,0,0,0,0,1,0,0.0,1.22,0.0,0.0,,0,1,,,,,,,,,,,,,0.0,1.2162162162162162,0.0,1.2162162162162162,,
633,Keisuke Gotō,JPN,Sint-Truiden VV,FW,21,191,1,0,7,0.1,0,0,0,0,0,0,0,0,0,0,,0.0,0.0,,,1,0,,,,,,,,,,,,,0.0,0.0,12.857142857142856,0.0,,
634,Ritsu Doan,JPN,Eintracht Frankfurt,MF,27,172,4,4,278,3.1,0,1,1,0,0,0,0,0,1,0,0.0,0.32,0.0,0.0,,1,1,,,,,,,,,,,,,0.0,0.32374100719424465,0.32374100719424465,0.32374100719424465,,
635,Daizen Maeda,JPN,Celtic FC,MF,28,173,3,3,244,2.7,1,0,1,1,0,0,0,0,2,1,50.0,0.74,0.37,0.5,1.0,3,2,,,,,,,,,,,,,0.36885245901639346,0.0,1.1065573770491803,0.7377049180327869,,
637,Keito Nakamura,JPN,Stade Reims,MF,25,180,4,4,307,3.4,1,1,2,1,0,0,0,0,5,2,40.0,1.47,0.59,0.2,0.5,3,1,,,,,,,,,,,,,0.2931596091205212,0.2931596091205212,0.8794788273615635,0.2931596091205212,,
638,Junya Itō,JPN,KRC Genk,MF,33,177,4,2,216,2.4,1,0,1,1,0,0,0,0,3,1,33.3,1.25,0.42,0.33,1.0,2,1,,,,,,,,,,,,,0.41666666666666663,0.0,0.8333333333333333,0.41666666666666663,,
639,Daichi Kamada,JPN,Crystal Palace FC,MF,29,180,4,4,329,3.7,2,0,2,2,0,0,1,0,3,2,66.7,0.82,0.55,0.67,1.0,3,1,,,,,,,,,,,,,0.547112462006079,0.0,0.8206686930091185,0.2735562310030395,,
640,Tsuyoshi Watanabe,JPN,Feyenoord Rotterdam,DF,29,184,2,1,90,1.0,0,0,0,0,0,0,0,0,0,0,,0.0,0.0,,,2,0,,,,,,,,,,,,,0.0,0.0,2.0,0.0,,
641,Yuito Suzuki,JPN,SC Freiburg,MF,24,175,1,0,12,0.1,0,0,0,0,0,0,0,0,0,0,,0.0,0.0,,,1,0,,,,,,,,,,,,,0.0,0.0,7.5,0.0,,
642,Ayase Ueda,JPN,Feyenoord Rotterdam,FW,27,182,4,4,321,3.6,2,1,3,2,0,0,0,0,9,4,44.4,2.52,1.12,0.22,0.5,1,0,,,,,,,,,,,,,0.5607476635514018,0.2803738317757009,0.2803738317757009,0.0,,
643,Kōki Ogawa,JPN,NEC Nijmegen,FW,28,186,3,0,42,0.5,0,1,1,0,0,0,0,0,3,0,0.0,6.43,0.0,0.0,,0,0,,,,,,,,,,,,,0.0,2.142857142857143,0.0,0.0,,
644,Ayumu Seko,JPN,Le Havre AC,DF,26,186,2,1,86,1.0,0,0,0,0,0,0,0,0,0,0,,0.0,0.0,,,1,1,,,,,,,,,,,,,0.0,0.0,1.0465116279069768,1.0465116279069768,,
645,Hiroki Ito,JPN,FC Bayern München,DF,27,188,4,4,360,4.0,0,0,0,0,0,0,0,0,1,0,0.0,0.25,0.0,0.0,,2,0,,,,,,,,,,,,,0.0,0.0,0.5,0.0,,
646,Takehiro Tomiyasu,JPN,AFC Ajax,DF,27,187,3,2,184,2.0,0,0,0,0,0,0,0,0,1,0,0.0,0.49,0.0,0.0,,1,2,,,,,,,,,,,,,0.0,0.0,0.4891304347826087,0.9782608695652174,,
648,Kaishū Sano,JPN,1. FSV Mainz 05,MF,25,176,3,3,270,3.0,1,1,2,1,0,0,1,0,1,1,100.0,0.33,0.33,1.0,1.0,2,4,,,,,,,,,,,,,0.33333333333333337,0.33333333333333337,0.6666666666666667,1.3333333333333335,,
649,Junnosuke Suzuki,JPN,FC København,DF,22,180,2,0,43,0.5,0,0,0,0,0,0,1,0,0,0,,0.0,0.0,,,0,1,,,,,,,,,,,,,0.0,0.0,0.0,2.0930232558139537,,
650,Kento Shiogai,JPN,VfL Wolfsburg,FW,21,180,1,0,7,0.1,0,0,0,0,0,0,0,0,0,0,,0.0,0.0,,,0,0,,,,,,,,,,,,,0.0,0.0,0.0,0.0,,
651,Yazeed Abulaila,JOR,Al Hussein SC,GK,33,188,3,3,270,3.0,0,0,0,0,0,0,0,0,0,0,,0.0,0.0,,,0,0,8.0,2.67,16.0,8.0,50.0,0.0,0.0,2.0,2.0,0.0,0.0,0.0,0.0,0.0,0.0,0.0,2.666666666666667,0.0
653,Abdallah Nasib,JOR,Al Zawra'a SC,DF,32,184,3,3,260,2.9,0,0,0,0,0,0,0,0,0,0,,0.0,0.0,,,3,7,,,,,,,,,,,,,0.0,0.0,1.0384615384615385,2.4230769230769234,,
656,Amer Jamous,JOR,Al Zawra'a SC,MF,23,177,1,0,15,0.2,0,0,0,0,0,0,0,0,0,0,,0.0,0.0,,,0,0,,,,,,,,,,,,,0.0,0.0,0.0,0.0,,
659,Ali Olwan,JOR,Al Sailiya SC,FW,26,182,3,3,268,3.0,1,0,1,1,0,0,0,0,6,3,50.0,2.01,1.01,0.17,0.33,0,1,,,,,,,,,,,,,0.33582089552238803,0.0,0.0,0.33582089552238803,,
674,Ali Azaizeh,JOR,Al Shabab FC,FW,22,178,3,1,54,0.6,0,0,0,0,0,0,0,0,2,0,0.0,3.33,0.0,0.0,,3,0,,,,,,,,,,,,,0.0,0.0,5.0,0.0,,
692,Park Jinseob,KOR,Zhejiang FC,DF,30,183,2,0,32,0.4,0,0,0,0,0,0,0,0,1,1,100.0,2.81,2.81,0.0,0.0,0,0,,,,,,,,,,,,,0.0,0.0,0.0,0.0,,
699,Jens Castrop,KOR,Borussia Mönchengladbach,DF,22,178,1,0,45,0.5,0,0,0,0,0,0,0,0,0,0,,0.0,0.0,,,0,0,,,,,,,,,,,,,0.0,0.0,0.0,0.0,,
703,Raúl Rangel,MEX,CD Guadalajara,GK,26,190,5,5,437,4.9,0,0,0,0,0,0,0,0,0,0,,0.0,0.0,,,0,0,3.0,0.62,11.0,8.0,72.7,4.0,80.0,1.0,1.0,0.0,0.0,0.0,0.0,0.0,0.0,0.0,1.6475972540045767,0.8237986270022883
704,Jorge Sánchez,MEX,PAOK Saloniki,DF,28,176,4,4,348,3.9,0,1,1,0,0,0,1,0,1,1,100.0,0.26,0.26,0.0,0.0,4,5,,,,,,,,,,,,,0.0,0.25862068965517243,1.0344827586206897,1.293103448275862,,
705,César Montes,MEX,FC Lokomotiv Moscow,DF,29,191,4,4,314,3.5,0,0,0,0,0,0,0,1,1,1,100.0,0.29,0.29,0.0,0.0,1,2,,,,,,,,,,,,,0.0,0.0,0.28662420382165604,0.5732484076433121,,
706,Edson Álvarez,MEX,Fenerbahçe SK,DF,28,180,4,2,240,2.7,0,0,0,0,0,0,1,0,2,0,0.0,0.75,0.0,0.0,,6,3,,,,,,,,,,,,,0.0,0.0,2.25,1.125,,
707,Johan Vásquez,MEX,Genoa CFC,DF,27,182,4,4,360,4.0,0,0,0,0,0,0,1,0,1,0,0.0,0.25,0.0,0.0,,1,2,,,,,,,,,,,,,0.0,0.0,0.25,0.5,,
708,Erik Lira,MEX,CF Cruz Azul,MF,26,172,4,4,345,3.8,0,1,1,0,0,0,0,0,0,0,,0.0,0.0,,,3,2,,,,,,,,,,,,,0.0,0.2608695652173913,0.782608695652174,0.5217391304347826,,
709,Luis Romo,MEX,CD Guadalajara,MF,31,183,4,4,264,2.9,1,1,2,1,0,0,0,0,3,1,33.3,1.02,0.34,0.33,1.0,4,4,,,,,,,,,,,,,0.34090909090909094,0.34090909090909094,1.3636363636363638,1.3636363636363638,,
710,Álvaro Fidalgo,MEX,Real Betis,MF,29,175,3,1,96,1.1,1,0,1,1,0,0,0,0,3,2,66.7,2.81,1.87,0.33,0.5,0,1,,,,,,,,,,,,,0.9375,0.0,0.0,0.9375,,
711,Raúl Jiménez,MEX,Fulham FC,FW,35,188,4,4,317,3.5,3,0,3,2,1,1,0,0,18,7,38.9,5.11,1.99,0.17,0.43,1,0,,,,,,,,,,,,,0.8517350157728707,0.0,0.28391167192429023,0.0,,
712,Alexis Vega,MEX,Deportivo Toluca FC,FW,28,175,1,0,12,0.1,0,0,0,0,0,0,0,0,0,0,,0.0,0.0,,,0,0,,,,,,,,,,,,,0.0,0.0,0.0,0.0,,
713,Santiago Giménez,MEX,AC Milan,FW,25,180,4,0,86,1.0,0,0,0,0,0,0,0,0,2,1,50.0,2.09,1.05,0.0,0.0,0,0,,,,,,,,,,,,,0.0,0.0,0.0,0.0,,
715,Guillermo Ochoa,MEX,AEL Limassol,GK,40,185,1,0,13,0.1,0,0,0,0,0,0,0,0,0,0,,0.0,0.0,,,0,0,0.0,0.0,0.0,0.0,,1.0,,0.0,0.0,0.0,0.0,,0.0,0.0,0.0,0.0,0.0,6.923076923076923
716,Armando González,MEX,CD Guadalajara,FW,23,182,1,0,15,0.2,0,0,0,0,0,0,0,0,0,0,,0.0,0.0,,,0,0,,,,,,,,,,,,,0.0,0.0,0.0,0.0,,
717,Israel Reyes,MEX,Club América,DF,26,181,4,2,202,2.2,0,0,0,0,0,0,0,0,2,0,0.0,0.89,0.0,0.0,,1,3,,,,,,,,,,,,,0.0,0.0,0.44554455445544555,1.3366336633663365,,
718,Julián Quiñones,MEX,Al Qadsiah FC,FW,29,177,5,5,410,4.6,4,1,5,4,0,0,0,0,14,6,42.9,3.07,1.32,0.29,0.67,0,0,,,,,,,,,,,,,0.8780487804878049,0.21951219512195122,0.0,0.0,,
719,Orbelín Pineda,MEX,AEK Athens,MF,30,169,2,0,31,0.3,0,0,0,0,0,0,0,0,1,0,0.0,2.9,0.0,0.0,,0,0,,,,,,,,,,,,,0.0,0.0,0.0,0.0,,
720,Obed Vargas,MEX,Atlético De Madrid,MF,20,175,3,0,66,0.7,0,0,0,0,0,0,0,0,1,1,100.0,1.36,1.36,0.0,0.0,2,1,,,,,,,,,,,,,0.0,0.0,2.7272727272727275,1.3636363636363638,,
721,Gilberto Mora,MEX,Club Tijuana,MF,17,175,4,3,213,2.4,0,0,0,0,0,0,0,0,5,0,0.0,2.11,0.0,0.0,,2,2,,,,,,,,,,,,,0.0,0.0,0.8450704225352113,0.8450704225352113,,
722,Mateo Chávez,MEX,AZ Alkmaar,DF,22,178,1,1,77,0.9,1,0,1,1,0,0,0,0,1,1,100.0,1.17,1.17,1.0,1.0,1,0,,,,,,,,,,,,,1.168831168831169,0.0,1.168831168831169,0.0,,
723,César Huerta,MEX,RSC Anderlecht,FW,25,171,1,0,7,0.1,0,0,0,0,0,0,0,0,0,0,,0.0,0.0,,,0,0,,,,,,,,,,,,,0.0,0.0,0.0,0.0,,
725,Jesús Gallardo,MEX,Deportivo Toluca FC,DF,31,174,5,4,373,4.1,0,0,0,0,0,0,0,0,4,0,0.0,0.97,0.0,0.0,,1,7,,,,,,,,,,,,,0.0,0.0,0.24128686327077747,1.6890080428954422,,
726,Luis Chávez,MEX,FC Dynamo Moscow,MF,30,178,1,0,25,0.3,0,0,0,0,0,0,0,0,0,0,,0.0,0.0,,,1,0,,,,,,,,,,,,,0.0,0.0,3.6,0.0,,
727,Roberto Alvarado,MEX,CD Guadalajara,FW,27,176,5,5,428,4.8,0,3,3,0,0,0,0,0,5,0,0.0,1.05,0.0,0.0,,3,2,,,,,,,,,,,,,0.0,0.6308411214953271,0.6308411214953271,0.4205607476635514,,
728,Brian Gutiérrez,MEX,CD Guadalajara,MF,22,178,4,2,198,2.2,0,0,0,0,0,0,1,0,6,0,0.0,2.73,0.0,0.0,,1,2,,,,,,,,,,,,,0.0,0.0,0.4545454545454546,0.9090909090909092,,
729,Yassine Bounou,MAR,Al Hilal SC,GK,35,192,6,6,570,6.3,0,0,0,0,0,0,0,0,0,0,,0.0,0.0,,,0,0,6.0,0.95,20.0,14.0,70.0,2.0,33.3,1.0,0.0,1.0,0.0,100.0,0.0,0.0,0.0,0.0,2.210526315789474,0.3157894736842105
730,Achraf Hakimi,MAR,Paris Saint-Germain,DF,27,180,6,6,570,6.3,1,2,3,1,0,0,1,0,14,4,28.6,2.21,0.63,0.07,0.25,10,5,,,,,,,,,,,,,0.15789473684210525,0.3157894736842105,1.5789473684210527,0.7894736842105263,,
731,Noussair Mazraoui,MAR,Manchester United FC,DF,28,183,6,5,477,5.3,0,0,0,0,0,0,0,0,0,0,,0.0,0.0,,,8,2,,,,,,,,,,,,,0.0,0.0,1.509433962264151,0.37735849056603776,,
732,Sofyan Amrabat,MAR,Real Betis,MF,29,185,3,1,147,1.6,0,0,0,0,0,0,0,0,0,0,,0.0,0.0,,,1,2,,,,,,,,,,,,,0.0,0.0,0.6122448979591837,1.2244897959183674,,
734,Ayyoub Bouaddi,MAR,Lille OSC,MF,18,185,5,5,381,4.2,0,0,0,0,0,0,0,0,3,0,0.0,0.71,0.0,0.0,,3,1,,,,,,,,,,,,,0.0,0.0,0.7086614173228346,0.23622047244094488,,
735,Chemsdine Talbi,MAR,Sunderland AFC,MF,21,175,5,1,179,2.0,0,1,1,0,0,0,0,0,2,0,0.0,1.01,0.0,0.0,,2,2,,,,,,,,,,,,,0.0,0.5027932960893855,1.005586592178771,1.005586592178771,,
736,Azzedine Ounahi,MAR,Girona FC,MF,26,182,6,5,435,4.8,2,0,2,2,0,0,1,0,5,3,60.0,1.03,0.62,0.4,0.67,1,1,,,,,,,,,,,,,0.41379310344827586,0.0,0.20689655172413793,0.20689655172413793,,
737,Soufiane Rahimi,MAR,Al Ain FC,FW,30,180,6,0,163,1.8,2,1,3,2,0,0,0,0,6,4,66.7,3.31,2.21,0.33,0.5,2,0,,,,,,,,,,,,,1.1042944785276074,0.5521472392638037,1.1042944785276074,0.0,,
738,Brahim Díaz,MAR,Real Madrid C. F.,FW,26,170,6,6,457,5.1,0,4,4,0,0,0,0,0,6,1,16.7,1.18,0.2,0.0,0.0,2,4,,,,,,,,,,,,,0.0,0.787746170678337,0.3938730853391685,0.787746170678337,,
739,Ismael Saibari,MAR,PSV Eindhoven,MF,25,185,5,5,381,4.2,3,0,3,3,0,0,0,0,10,3,30.0,2.36,0.71,0.3,1.0,2,0,,,,,,,,,,,,,0.7086614173228346,0.0,0.47244094488188976,0.0,,
741,Zakaria El Ouahdi,MAR,KRC Genk,DF,24,171,1,0,17,0.2,0,0,0,0,0,0,0,0,0,0,,0.0,0.0,,,0,0,,,,,,,,,,,,,0.0,0.0,0.0,0.0,,
742,Issa Diop,MAR,Fulham FC,DF,29,194,5,5,476,5.3,1,0,1,1,0,0,3,0,1,1,100.0,0.19,0.19,1.0,1.0,1,7,,,,,,,,,,,,,0.18907563025210083,0.0,0.18907563025210083,1.3235294117647058,,
743,Samir El Mourabet,MAR,RC Strasbourg,MF,20,187,5,0,81,0.9,0,0,0,0,0,0,0,0,0,0,,0.0,0.0,,,1,1,,,,,,,,,,,,,0.0,0.0,1.1111111111111112,1.1111111111111112,,
744,Gessime Yassine,MAR,RC Strasbourg,MF,20,172,3,0,80,0.9,1,0,1,1,0,0,0,0,2,1,50.0,2.25,1.13,0.5,1.0,2,1,,,,,,,,,,,,,1.125,0.0,2.25,1.125,,
746,Chadi Riad,MAR,Crystal Palace FC,DF,22,186,4,4,344,3.8,0,1,1,0,0,0,0,0,1,0,0.0,0.26,0.0,0.0,,1,4,,,,,,,,,,,,,0.0,0.2616279069767442,0.2616279069767442,1.0465116279069768,,
748,Ayoub El Kaabi,MAR,Olympiacos FC,FW,32,182,1,1,69,0.8,0,0,0,0,0,0,0,0,3,2,66.7,3.91,2.61,0.0,0.0,2,0,,,,,,,,,,,,,0.0,0.0,2.608695652173913,0.0,,
749,Ayoube Amaimouni,MAR,Eintracht Frankfurt,FW,21,179,2,0,18,0.2,0,0,0,0,0,0,0,0,2,1,50.0,10.0,5.0,0.0,0.0,1,0,,,,,,,,,,,,,0.0,0.0,5.0,0.0,,
751,Bilal El Khannouss,MAR,VfB Stuttgart,MF,22,180,6,6,461,5.1,0,0,0,0,0,0,1,0,6,4,66.7,1.17,0.78,0.0,0.0,7,1,,,,,,,,,,,,,0.0,0.0,1.3665943600867678,0.19522776572668113,,
752,Neil El Aynaoui,MAR,AS Roma,MF,24,185,6,6,562,6.2,0,0,0,0,0,0,0,0,7,2,28.6,1.12,0.32,0.0,0.0,9,8,,,,,,,,,,,,,0.0,0.0,1.4412811387900357,1.281138790035587,,
753,Redouane Halhal,MAR,KV Mechelen,DF,23,189,2,2,180,2.0,0,0,0,0,0,0,1,0,0,0,,0.0,0.0,,,1,1,,,,,,,,,,,,,0.0,0.0,0.5,0.5,,
755,Bart Verbruggen,NED,Brighton & Hove Albion FC,GK,23,193,4,4,390,4.3,0,0,0,0,0,0,0,0,0,0,,0.0,0.0,,,0,0,5.0,1.15,21.0,16.0,76.2,0.0,0.0,0.0,0.0,0.0,0.0,,0.0,0.0,0.0,0.0,3.6923076923076925,0.0
757,Marten de Roon,NED,Atalanta Bergamo,MF,35,186,1,0,11,0.1,0,0,0,0,0,0,0,0,0,0,,0.0,0.0,,,0,0,,,,,,,,,,,,,0.0,0.0,0.0,0.0,,
758,Virgil van Dijk,NED,Liverpool FC,DF,34,195,4,4,390,4.3,1,1,2,1,0,0,0,0,2,2,100.0,0.46,0.46,0.5,0.5,1,3,,,,,,,,,,,,,0.23076923076923078,0.23076923076923078,0.23076923076923078,0.6923076923076923,,
759,Nathan Aké,NED,Manchester City FC,DF,31,180,3,2,170,1.9,0,0,0,0,0,0,0,0,1,0,0.0,0.53,0.0,0.0,,0,4,,,,,,,,,,,,,0.0,0.0,0.0,2.1176470588235294,,
761,Justin Kluivert,NED,AFC Bournemouth,MF,27,173,2,0,27,0.3,0,0,0,0,0,0,0,0,0,0,,0.0,0.0,,,0,0,,,,,,,,,,,,,0.0,0.0,0.0,0.0,,
762,Ryan Gravenberch,NED,Liverpool FC,MF,24,190,4,4,345,3.8,0,2,2,0,0,0,0,0,5,0,0.0,1.3,0.0,0.0,,1,6,,,,,,,,,,,,,0.0,0.5217391304347826,0.2608695652173913,1.565217391304348,,
763,Wout Weghorst,NED,AFC Ajax,FW,33,197,1,0,50,0.6,0,0,0,0,0,0,0,0,0,0,,0.0,0.0,,,1,0,,,,,,,,,,,,,0.0,0.0,1.8,0.0,,
765,Cody Gakpo,NED,Liverpool FC,FW,27,193,4,4,368,4.1,3,1,4,3,0,0,0,0,10,6,60.0,2.45,1.47,0.3,0.5,1,2,,,,,,,,,,,,,0.733695652173913,0.24456521739130435,0.24456521739130435,0.4891304347826087,,
768,Tijjani Reijnders,NED,Manchester City FC,MF,27,178,3,3,199,2.2,0,1,1,0,0,0,0,0,4,2,50.0,1.81,0.9,0.0,0.0,0,2,,,,,,,,,,,,,0.0,0.45226130653266333,0.0,0.9045226130653267,,
769,Micky van de Ven,NED,Tottenham Hotspur FC,DF,25,193,3,3,265,2.9,0,0,0,0,0,0,1,0,3,1,33.3,1.02,0.34,0.0,0.0,3,2,,,,,,,,,,,,,0.0,0.0,1.0188679245283019,0.6792452830188679,,
770,Guus Til,NED,PSV Eindhoven,MF,28,188,1,0,32,0.4,0,0,0,0,0,0,0,0,0,0,,0.0,0.0,,,0,0,,,,,,,,,,,,,0.0,0.0,0.0,0.0,,
771,Noa Lang,NED,Galatasaray SK,FW,26,176,2,0,8,0.1,0,0,0,0,0,0,0,0,0,0,,0.0,0.0,,,0,0,,,,,,,,,,,,,0.0,0.0,0.0,0.0,,
772,Donyell Malen,NED,AS Roma,FW,27,178,3,3,185,2.1,0,0,0,0,0,0,0,0,4,2,50.0,1.95,0.97,0.0,0.0,0,0,,,,,,,,,,,,,0.0,0.0,0.0,0.0,,
773,Brian Brobbey,NED,Sunderland AFC,FW,24,181,4,3,223,2.5,3,0,3,3,0,0,0,0,4,3,75.0,1.61,1.21,0.75,1.0,1,0,,,,,,,,,,,,,1.2107623318385652,0.0,0.40358744394618834,0.0,,
774,Teun Koopmeiners,NED,Juventus FC,MF,28,185,4,0,122,1.4,0,0,0,0,0,0,0,0,2,0,0.0,1.48,0.0,0.0,,1,1,,,,,,,,,,,,,0.0,0.0,0.7377049180327869,0.7377049180327869,,
775,Frenkie de Jong,NED,FC Barcelona,MF,29,181,4,4,328,3.6,0,0,0,0,0,0,0,0,1,0,0.0,0.27,0.0,0.0,,7,8,,,,,,,,,,,,,0.0,0.0,1.9207317073170733,2.1951219512195124,,
776,Denzel Dumfries,NED,FC Internazionale Milano,DF,30,188,4,4,390,4.3,0,2,2,0,0,0,0,0,5,2,40.0,1.15,0.46,0.0,0.0,6,1,,,,,,,,,,,,,0.0,0.46153846153846156,1.3846153846153846,0.23076923076923078,,
778,Crysencio Summerville,NED,West Ham United FC,FW,24,172,4,2,253,2.8,2,2,4,2,0,0,1,0,2,2,100.0,0.71,0.71,1.0,1.0,2,2,,,,,,,,,,,,,0.7114624505928854,0.7114624505928854,0.7114624505928854,0.7114624505928854,,
779,Jorrel Hato,NED,Chelsea FC,DF,20,182,1,0,35,0.4,0,0,0,0,0,0,0,0,0,0,,0.0,0.0,,,0,0,,,,,,,,,,,,,0.0,0.0,0.0,0.0,,
780,Quinten Timber,NED,Olympique Marseille,MF,24,176,2,0,55,0.6,0,0,0,0,0,0,0,0,0,0,,0.0,0.0,,,0,1,,,,,,,,,,,,,0.0,0.0,0.0,1.6363636363636362,,
781,Max Crocombe,NZL,Millwall FC,GK,32,190,3,3,270,3.0,0,0,0,0,0,0,0,0,0,0,,0.0,0.0,,,0,0,10.0,3.33,21.0,11.0,52.4,0.0,0.0,0.0,0.0,0.0,0.0,,0.0,0.0,0.0,0.0,3.666666666666667,0.0
782,Tim Payne,NZL,Wellington Phoenix FC,DF,32,179,3,3,224,2.5,0,1,1,0,0,0,0,0,1,0,0.0,0.4,0.0,0.0,,3,1,,,,,,,,,,,,,0.0,0.40178571428571425,1.2053571428571428,0.40178571428571425,,
783,Francis de Vries,NZL,Auckland FC,DF,31,181,2,0,18,0.2,0,0,0,0,0,0,0,0,0,0,,0.0,0.0,,,0,1,,,,,,,,,,,,,0.0,0.0,0.0,5.0,,
784,Tyler Bindon,NZL,Sheeld United FC,DF,21,190,3,1,97,1.1,0,0,0,0,0,0,0,0,2,1,50.0,1.86,0.93,0.0,0.0,2,1,,,,,,,,,,,,,0.0,0.0,1.8556701030927836,0.9278350515463918,,
785,Michael Boxall,NZL,Minnesota United FC,DF,37,191,3,2,207,2.3,0,0,0,0,0,0,0,0,0,0,,0.0,0.0,,,1,2,,,,,,,,,,,,,0.0,0.0,0.43478260869565216,0.8695652173913043,,
786,Joe Bell,NZL,Viking Stavanger,MF,27,182,3,3,243,2.7,0,0,0,0,0,0,0,0,1,0,0.0,0.37,0.0,0.0,,2,4,,,,,,,,,,,,,0.0,0.0,0.7407407407407408,1.4814814814814816,,
788,Marko Stamenic,NZL,Swansea City AFC,MF,24,188,3,3,269,3.0,0,0,0,0,0,0,1,0,3,0,0.0,1.0,0.0,0.0,,1,4,,,,,,,,,,,,,0.0,0.0,0.33457249070631967,1.3382899628252787,,
789,Chris Wood,NZL,Nottingham Forest FC,FW,34,191,3,3,270,3.0,0,2,2,0,0,0,0,0,5,2,40.0,1.67,0.67,0.0,0.0,1,0,,,,,,,,,,,,,0.0,0.6666666666666667,0.33333333333333337,0.0,,
790,Sarpreet Singh,NZL,Wellington Phoenix FC,MF,27,180,3,3,209,2.3,0,0,0,0,0,0,1,0,4,2,50.0,1.72,0.86,0.0,0.0,1,0,,,,,,,,,,,,,0.0,0.0,0.43062200956937796,0.0,,
791,Elijah Just,NZL,Motherwell FC,MF,26,176,3,3,264,2.9,3,0,3,3,0,0,1,0,7,5,71.4,2.39,1.7,0.43,0.6,3,2,,,,,,,,,,,,,1.0227272727272727,0.0,1.0227272727272727,0.6818181818181819,,
793,Liberato Cacace,NZL,Wrexham AFC,DF,25,182,3,3,220,2.4,0,0,0,0,0,0,0,0,1,1,100.0,0.41,0.41,0.0,0.0,2,3,,,,,,,,,,,,,0.0,0.0,0.8181818181818181,1.2272727272727273,,
796,Finn Surman,NZL,Portland Timbers,DF,22,190,3,3,270,3.0,1,0,1,1,0,0,0,0,2,1,50.0,0.67,0.33,0.5,1.0,1,4,,,,,,,,,,,,,0.33333333333333337,0.0,0.33333333333333337,1.3333333333333335,,
799,Ben Old,NZL,AS Saint-Etienne,MF,23,173,3,0,93,1.0,0,0,0,0,0,0,0,0,0,0,,0.0,0.0,,,0,1,,,,,,,,,,,,,0.0,0.0,0.0,0.967741935483871,,
800,Callum McCowatt,NZL,Silkeborg IF,MF,27,180,3,2,159,1.8,0,0,0,0,0,0,1,0,4,3,75.0,2.26,1.7,0.0,0.0,1,1,,,,,,,,,,,,,0.0,0.0,0.5660377358490566,0.5660377358490566,,
801,Jesse Randall,NZL,Auckland FC,FW,23,176,3,0,61,0.7,0,0,0,0,0,0,0,0,1,0,0.0,1.48,0.0,0.0,,0,0,,,,,,,,,,,,,0.0,0.0,0.0,0.0,,
803,Ryan Thomas,NZL,PEC Zwolle,MF,31,176,3,1,83,0.9,0,0,0,0,0,0,0,0,0,0,,0.0,0.0,,,2,0,,,,,,,,,,,,,0.0,0.0,2.168674698795181,0.0,,
804,Callan Elliot,NZL,Auckland FC,DF,26,177,1,0,13,0.1,0,0,0,0,0,0,0,0,0,0,,0.0,0.0,,,1,0,,,,,,,,,,,,,0.0,0.0,6.923076923076923,0.0,,
808,Morten Thorsby,NOR,US Cremonese,MF,30,188,1,0,45,0.5,0,0,0,0,0,0,0,0,0,0,,0.0,0.0,,,1,1,,,,,,,,,,,,,0.0,0.0,2.0,2.0,,
809,Kristoffer Ajer,NOR,Brentford FC,DF,28,198,5,5,480,5.3,0,0,0,0,0,0,1,0,2,1,50.0,0.37,0.19,0.0,0.0,8,4,,,,,,,,,,,,,0.0,0.0,1.5,0.75,,
812,Patrick Berg,NOR,FK Bodø/Glimt,MF,28,178,6,4,445,4.9,0,2,2,0,0,0,1,0,3,0,0.0,0.61,0.0,0.0,,7,2,,,,,,,,,,,,,0.0,0.40449438202247195,1.4157303370786518,0.40449438202247195,,
814,Sander Berge,NOR,Fulham FC,MF,28,195,5,5,480,5.3,0,0,0,0,0,0,0,0,0,0,,0.0,0.0,,,4,9,,,,,,,,,,,,,0.0,0.0,0.75,1.6875,,
815,Erling Haaland,NOR,Manchester City FC,FW,25,195,5,5,465,5.2,7,0,7,7,0,0,0,0,20,13,65.0,3.87,2.52,0.35,0.54,0,1,,,,,,,,,,,,,1.3548387096774195,0.0,0.0,0.1935483870967742,,
819,Egil Selvik,NOR,Watford FC,GK,28,187,1,1,90,1.0,0,0,0,0,0,0,0,0,0,0,,0.0,0.0,,,0,0,4.0,4.0,9.0,5.0,55.6,0.0,0.0,0.0,0.0,0.0,0.0,,0.0,0.0,0.0,0.0,5.0,0.0
820,Fredrik Aursnes,NOR,SL Benfica,MF,30,181,6,3,304,3.4,0,0,0,0,0,0,0,0,2,0,0.0,0.59,0.0,0.0,,8,1,,,,,,,,,,,,,0.0,0.0,2.3684210526315788,0.29605263157894735,,
824,Kristian Thorstvedt,NOR,US Sassuolo,MF,27,189,2,1,63,0.7,0,0,0,0,0,0,0,0,3,1,33.3,4.29,1.43,0.0,0.0,1,0,,,,,,,,,,,,,0.0,0.0,1.4285714285714284,0.0,,
825,Thelo Aasgaard,NOR,Rangers FC,MF,24,188,1,1,90,1.0,1,0,1,1,0,0,0,0,2,1,50.0,2.0,1.0,0.5,1.0,1,3,,,,,,,,,,,,,1.0,0.0,1.0,3.0,,
826,Antonio Nusa,NOR,RB Leipzig,FW,21,183,6,4,318,3.5,1,0,1,1,0,0,1,0,6,2,33.3,1.7,0.57,0.17,0.5,2,2,,,,,,,,,,,,,0.2830188679245283,0.0,0.5660377358490566,0.5660377358490566,,
827,Andreas Schjelderup,NOR,SL Benfica,MF,22,177,6,2,252,2.8,1,3,4,1,0,0,0,0,3,2,66.7,1.07,0.71,0.33,0.5,3,5,,,,,,,,,,,,,0.3571428571428571,1.0714285714285714,1.0714285714285714,1.7857142857142856,,
828,Oscar Bobb,NOR,Fulham FC,MF,22,177,6,1,225,2.5,0,0,0,0,0,0,0,0,4,2,50.0,1.6,0.8,0.0,0.0,3,3,,,,,,,,,,,,,0.0,0.0,1.2000000000000002,1.2000000000000002,,
830,Sondre Langås,NOR,Derby County FC,DF,25,190,1,0,25,0.3,0,0,0,0,0,0,0,0,0,0,,0.0,0.0,,,0,0,,,,,,,,,,,,,0.0,0.0,0.0,0.0,,
831,Henrik Falchener,NOR,Viking Stavanger,DF,23,194,1,1,65,0.7,0,0,0,0,0,0,0,0,0,0,,0.0,0.0,,,0,1,,,,,,,,,,,,,0.0,0.0,0.0,1.3846153846153846,,
832,Julian Ryerson,NOR,Borussia Dortmund,FW,28,186,4,4,223,2.5,0,0,0,0,0,0,0,0,0,0,,0.0,0.0,,,8,0,,,,,,,,,,,,,0.0,0.0,3.2286995515695067,0.0,,
834,César Blackman,PAN,ŠK Slovan Bratislava,DF,28,174,2,2,178,2.0,0,0,0,0,0,0,1,0,2,1,50.0,1.01,0.51,0.0,0.0,0,1,,,,,,,,,,,,,0.0,0.0,0.0,0.5056179775280899,,
835,José Córdoba,PAN,Norwich City FC,DF,25,189,3,3,270,3.0,0,0,0,0,0,0,0,0,0,0,,0.0,0.0,,,3,1,,,,,,,,,,,,,0.0,0.0,1.0,0.33333333333333337,,
836,Fidel Escobar,PAN,Deportivo Saprissa,DF,31,184,1,1,90,1.0,0,0,0,0,0,0,0,0,0,0,,0.0,0.0,,,2,1,,,,,,,,,,,,,0.0,0.0,2.0,1.0,,
838,Cristian Martínez,PAN,Hapoel Kiryat Shmona FC,MF,29,170,3,3,242,2.7,0,0,0,0,0,0,0,0,1,0,0.0,0.37,0.0,0.0,,4,1,,,,,,,,,,,,,0.0,0.0,1.487603305785124,0.371900826446281,,
841,Tomás Rodríguez,PAN,Deportivo Saprissa,FW,27,183,2,1,46,0.5,0,0,0,0,0,0,0,0,1,1,100.0,1.96,1.96,0.0,0.0,0,0,,,,,,,,,,,,,0.0,0.0,0.0,0.0,,
842,Ismael Díaz,PAN,Club León,MF,29,184,2,0,37,0.4,0,0,0,0,0,0,0,0,6,2,33.3,14.59,4.86,0.0,0.0,1,0,,,,,,,,,,,,,0.0,0.0,2.4324324324324325,0.0,,
845,Jiovany Ramos,PAN,Puerto Cabello CF,DF,29,188,2,2,166,1.8,0,0,0,0,0,0,0,0,2,0,0.0,1.08,0.0,0.0,,1,3,,,,,,,,,,,,,0.0,0.0,0.5421686746987953,1.6265060240963856,,
846,Carlos Harvey,PAN,Minnesota United FC,DF,26,184,3,3,267,3.0,0,0,0,0,0,0,1,0,5,0,0.0,1.69,0.0,0.0,,3,0,,,,,,,,,,,,,0.0,0.0,1.0112359550561798,0.0,,
849,José Fajardo,PAN,CD Universidad Católica,FW,32,184,3,1,155,1.7,0,0,0,0,0,0,1,0,1,0,0.0,0.58,0.0,0.0,,2,0,,,,,,,,,,,,,0.0,0.0,1.1612903225806452,0.0,,
850,Cecilio Waterman,PAN,CD Universidad De Concepción,FW,35,180,2,1,76,0.8,0,0,0,0,0,0,0,0,2,1,50.0,2.37,1.18,0.0,0.0,0,0,,,,,,,,,,,,,0.0,0.0,0.0,0.0,,
851,Alberto Quintero,PAN,CD Plaza Amador,MF,38,165,1,0,3,0.0,0,0,0,0,0,0,0,0,0,0,,0.0,0.0,,,0,0,,,,,,,,,,,,,0.0,0.0,0.0,0.0,,
852,Aníbal Godoy,PAN,San Diego FC,MF,36,184,1,0,1,0.0,0,0,0,0,0,0,0,0,0,0,,0.0,0.0,,,0,0,,,,,,,,,,,,,0.0,0.0,0.0,0.0,,
854,Orlando Mosquera,PAN,Al Fayha FC,GK,31,191,3,3,270,3.0,0,0,0,0,0,0,0,0,0,0,,0.0,0.0,,,0,0,4.0,1.33,11.0,7.0,63.6,0.0,0.0,0.0,0.0,0.0,0.0,,0.0,0.0,0.0,0.0,2.3333333333333335,0.0
856,Azarías Londoño,PAN,CD Universidad Católica,FW,24,185,3,0,56,0.6,0,0,0,0,0,0,0,0,1,0,0.0,1.61,0.0,0.0,,0,1,,,,,,,,,,,,,0.0,0.0,0.0,1.607142857142857,,
858,Jorge Gutiérrez,PAN,Deportivo La Guaira,DF,27,171,1,1,87,1.0,0,0,0,0,0,0,0,0,0,0,,0.0,0.0,,,1,1,,,,,,,,,,,,,0.0,0.0,1.0344827586206897,1.0344827586206897,,
861,Omar Alderete,PAR,Sunderland AFC,DF,29,190,4,4,320,3.6,0,0,0,0,0,0,0,0,1,0,0.0,0.28,0.0,0.0,,0,2,,,,,,,,,,,,,0.0,0.0,0.0,0.5625,,
863,Fabián Balbuena,PAR,Grêmio FBPA,DF,34,188,1,0,1,0.0,0,0,0,0,0,0,0,0,0,0,,0.0,0.0,,,0,0,,,,,,,,,,,,,0.0,0.0,0.0,0.0,,
864,Júnior Alonso,PAR,Atlético Mineiro,DF,33,184,5,4,390,4.3,0,0,0,0,0,0,1,0,3,1,33.3,0.69,0.23,0.0,0.0,9,4,,,,,,,,,,,,,0.0,0.0,2.076923076923077,0.9230769230769231,,
865,Ramón Sosa,PAR,SE Palmeiras,MF,26,178,1,0,12,0.1,0,0,0,0,0,0,0,0,0,0,,0.0,0.0,,,0,0,,,,,,,,,,,,,0.0,0.0,0.0,0.0,,
866,Diego Gómez,PAR,Brighton & Hove Albion FC,MF,23,183,4,4,304,3.4,0,0,0,0,0,0,2,0,6,0,0.0,1.78,0.0,0.0,,6,9,,,,,,,,,,,,,0.0,0.0,1.776315789473684,2.664473684210526,,
867,Antonio Sanabria,PAR,US Cremonese,FW,30,180,2,1,83,0.9,0,0,0,0,0,0,0,0,0,0,,0.0,0.0,,,2,0,,,,,,,,,,,,,0.0,0.0,2.168674698795181,0.0,,
868,Miguel Almirón,PAR,Atlanta United FC,MF,32,178,4,4,282,3.1,0,0,0,0,0,0,1,1,4,0,0.0,1.28,0.0,0.0,,7,3,,,,,,,,,,,,,0.0,0.0,2.2340425531914896,0.9574468085106382,,
869,Mauricio,PAR,SE Palmeiras,MF,24,175,4,0,173,1.9,1,0,1,1,0,0,0,0,4,3,75.0,2.08,1.56,0.25,0.33,6,1,,,,,,,,,,,,,0.5202312138728323,0.0,3.1213872832369938,0.5202312138728323,,
870,Orlando Gill,PAR,CA San Lorenzo,GK,26,190,5,5,480,5.3,0,0,0,0,0,0,0,0,0,0,,0.0,0.0,,,0,0,6.0,1.13,29.0,23.0,79.3,2.0,40.0,1.0,1.0,0.0,0.0,0.0,0.0,0.0,0.0,0.0,4.3125,0.375
871,José Canale,PAR,CA Lanús,DF,29,192,4,1,161,1.8,0,0,0,0,0,0,0,0,0,0,,0.0,0.0,,,6,1,,,,,,,,,,,,,0.0,0.0,3.3540372670807455,0.5590062111801242,,
872,Andrés Cubas,PAR,Vancouver Whitecaps FC,MF,30,166,5,5,480,5.3,0,0,0,0,0,0,1,0,1,0,0.0,0.19,0.0,0.0,,13,11,,,,,,,,,,,,,0.0,0.0,2.4375,2.0625,,
873,Gustavo Gómez,PAR,SE Palmeiras,DF,33,179,5,5,480,5.3,0,0,0,0,0,0,0,0,2,0,0.0,0.37,0.0,0.0,,3,2,,,,,,,,,,,,,0.0,0.0,0.5625,0.375,,
874,Damián Bobadilla,PAR,São Paulo FC,MF,24,180,4,2,189,2.1,0,0,0,0,0,0,0,0,0,0,,0.0,0.0,,,3,5,,,,,,,,,,,,,0.0,0.0,1.4285714285714284,2.380952380952381,,
876,Álex Arce,PAR,CS Independiente Rivadavia,FW,30,188,2,0,53,0.6,0,0,0,0,0,0,1,0,0,0,,0.0,0.0,,,1,0,,,,,,,,,,,,,0.0,0.0,1.6981132075471697,0.0,,
877,Julio Enciso,PAR,RC Strasbourg,FW,22,168,5,5,386,4.3,1,2,3,1,0,0,0,0,8,1,12.5,1.87,0.23,0.13,1.0,5,1,,,,,,,,,,,,,0.23316062176165803,0.46632124352331605,1.16580310880829,0.23316062176165803,,
878,Braian Ojeda,PAR,Orlando City SC,MF,25,173,1,0,22,0.2,0,0,0,0,0,0,0,0,0,0,,0.0,0.0,,,0,0,,,,,,,,,,,,,0.0,0.0,0.0,0.0,,
879,Gabriel Ávalos,PAR,CA Independiente,FW,34,185,4,2,141,1.6,0,0,0,0,0,0,0,0,1,0,0.0,0.64,0.0,0.0,,2,0,,,,,,,,,,,,,0.0,0.0,1.2765957446808511,0.0,,
881,Matías Galarza,PAR,Atlanta United FC,MF,24,175,4,4,388,4.3,1,1,2,1,0,0,2,0,2,1,50.0,0.46,0.23,0.5,1.0,11,7,,,,,,,,,,,,,0.23195876288659795,0.23195876288659795,2.551546391752577,1.6237113402061853,,
882,Gustavo Caballero,PAR,Portsmouth FC,MF,24,189,2,0,96,1.1,0,0,0,0,0,0,0,0,1,1,100.0,0.94,0.94,0.0,0.0,2,0,,,,,,,,,,,,,0.0,0.0,1.875,0.0,,
883,Isidro Pitta,PAR,Red Bull Bragantino,FW,26,185,1,1,45,0.5,0,0,0,0,0,0,0,0,0,0,,0.0,0.0,,,0,0,,,,,,,,,,,,,0.0,0.0,0.0,0.0,,
884,Alexandro Maidana,PAR,CA Talleres,DF,20,173,2,1,55,0.6,0,0,0,0,0,0,0,0,0,0,,0.0,0.0,,,0,1,,,,,,,,,,,,,0.0,0.0,0.0,1.6363636363636362,,
885,Diogo Costa,POR,FC Porto,GK,26,188,5,5,450,5.0,0,0,0,0,0,0,0,0,0,0,,0.0,0.0,,,0,0,3.0,0.6,22.0,19.0,86.4,2.0,40.0,0.0,0.0,0.0,0.0,,0.0,0.0,0.0,0.0,3.8000000000000003,0.4
886,Nélson Semedo,POR,Fenerbahçe SK,DF,32,179,4,0,127,1.4,0,0,0,0,0,0,1,0,0,0,,0.0,0.0,,,0,0,,,,,,,,,,,,,0.0,0.0,0.0,0.0,,
887,Rúben Dias,POR,Manchester City FC,DF,29,187,4,4,360,4.0,0,0,0,0,0,0,1,0,0,0,,0.0,0.0,,,3,5,,,,,,,,,,,,,0.0,0.0,0.75,1.25,,
888,Tomás Araújo,POR,SL Benfica,DF,24,187,1,1,90,1.0,0,0,0,0,0,0,1,0,0,0,,0.0,0.0,,,0,1,,,,,,,,,,,,,0.0,0.0,0.0,1.0,,
889,Diogo Dalot,POR,Manchester United FC,DF,27,184,2,0,65,0.7,0,0,0,0,0,0,0,0,1,0,0.0,1.38,0.0,0.0,,2,0,,,,,,,,,,,,,0.0,0.0,2.769230769230769,0.0,,
890,Matheus Nunes,POR,Manchester City FC,MF,27,183,1,0,1,0.0,0,0,0,0,0,0,0,0,0,0,,0.0,0.0,,,0,0,,,,,,,,,,,,,0.0,0.0,0.0,0.0,,
891,Cristiano Ronaldo,POR,Al Nassr FC,FW,41,185,5,5,440,4.9,3,0,3,2,1,1,0,0,18,9,50.0,3.68,1.84,0.17,0.33,1,1,,,,,,,,,,,,,0.6136363636363636,0.0,0.20454545454545453,0.20454545454545453,,
892,Bruno Fernandes,POR,Manchester United FC,MF,31,183,5,5,422,4.7,0,1,1,0,0,0,0,0,9,3,33.3,1.92,0.64,0.0,0.0,5,0,,,,,,,,,,,,,0.0,0.2132701421800948,1.066350710900474,0.0,,
893,Gonçalo Ramos,POR,Paris Saint-Germain,FW,24,185,2,0,36,0.4,1,0,1,1,0,0,0,0,2,1,50.0,5.0,2.5,0.5,1.0,0,0,,,,,,,,,,,,,2.5,0.0,0.0,0.0,,
894,Bernardo Silva,POR,Manchester City FC,MF,31,173,4,1,97,1.1,0,0,0,0,0,0,2,0,1,0,0.0,0.93,0.0,0.0,,0,1,,,,,,,,,,,,,0.0,0.0,0.0,0.9278350515463918,,
895,João Félix,POR,Al Nassr FC,FW,26,179,3,3,201,2.2,0,0,0,0,0,0,0,0,6,1,16.7,2.69,0.45,0.0,0.0,4,3,,,,,,,,,,,,,0.0,0.0,1.791044776119403,1.3432835820895521,,
897,Renato Veiga,POR,Villarreal CF,DF,22,188,5,5,450,5.0,0,0,0,0,0,0,2,0,2,0,0.0,0.4,0.0,0.0,,1,6,,,,,,,,,,,,,0.0,0.0,0.2,1.2000000000000002,,
899,João Neves,POR,Paris Saint-Germain,MF,21,171,5,4,390,4.3,1,0,1,1,0,0,0,0,3,1,33.3,0.69,0.23,0.33,1.0,7,4,,,,,,,,,,,,,0.23076923076923078,0.0,1.6153846153846152,0.9230769230769231,,
900,Francisco Trincão,POR,Sporting CP,FW,26,184,1,0,28,0.3,0,0,0,0,0,0,0,0,1,0,0.0,3.21,0.0,0.0,,1,0,,,,,,,,,,,,,0.0,0.0,3.214285714285714,0.0,,
901,Rafael Leão,POR,AC Milan,FW,27,188,5,1,158,1.8,1,1,2,1,0,0,0,0,4,1,25.0,2.28,0.57,0.25,1.0,0,2,,,,,,,,,,,,,0.569620253164557,0.569620253164557,0.0,1.139240506329114,,
902,Pedro Neto,POR,Chelsea FC,FW,26,174,5,5,350,3.9,0,1,1,0,0,0,0,0,1,0,0.0,0.26,0.0,0.0,,2,0,,,,,,,,,,,,,0.0,0.2571428571428571,0.5142857142857142,0.0,,
904,João Cancelo,POR,FC Barcelona,DF,32,173,5,5,312,3.5,0,1,1,0,0,0,0,0,3,0,0.0,0.87,0.0,0.0,,4,5,,,,,,,,,,,,,0.0,0.28846153846153844,1.1538461538461537,1.442307692307692,,
905,Rúben Neves,POR,Al Hilal SC,MF,29,183,2,1,55,0.6,0,0,0,0,0,0,0,0,2,0,0.0,3.27,0.0,0.0,,0,0,,,,,,,,,,,,,0.0,0.0,0.0,0.0,,
907,Vitinha,POR,Paris Saint-Germain,MF,26,170,5,5,376,4.2,0,0,0,0,0,0,0,0,4,0,0.0,0.96,0.0,0.0,,0,2,,,,,,,,,,,,,0.0,0.0,0.0,0.4787234042553191,,
908,Samu Costa,POR,RCD Mallorca,DF,25,185,1,0,21,0.2,0,0,0,0,0,0,0,0,0,0,,0.0,0.0,,,1,0,,,,,,,,,,,,,0.0,0.0,4.285714285714286,0.0,,
909,Nuno Mendes,POR,Paris Saint-Germain,DF,23,177,5,5,395,4.4,1,0,1,1,0,0,0,0,3,1,33.3,0.68,0.23,0.33,1.0,6,0,,,,,,,,,,,,,0.22784810126582278,0.0,1.3670886075949367,0.0,,
910,Francisco Conceição,POR,Juventus FC,FW,23,166,4,0,126,1.4,0,0,0,0,0,0,0,0,2,0,0.0,1.43,0.0,0.0,,2,0,,,,,,,,,,,,,0.0,0.0,1.4285714285714284,0.0,,
911,Mahmoud Abunada,QAT,Al Rayyan SC,GK,26,185,3,3,270,3.0,0,0,0,0,0,0,1,0,0,0,,0.0,0.0,,,0,0,10.0,3.33,22.0,12.0,54.5,0.0,0.0,1.0,1.0,0.0,0.0,0.0,0.0,0.0,0.0,0.0,4.0,0.0
913,Lucas Mendes,QAT,Al Wakrah SC,DF,35,179,1,0,4,0.0,0,0,0,0,0,0,0,0,0,0,,0.0,0.0,,,0,0,,,,,,,,,,,,,0.0,0.0,0.0,0.0,,
914,Issa Laye,QAT,Al Arabi SC,DF,28,178,3,3,270,3.0,0,0,0,0,0,0,0,0,1,0,0.0,0.33,0.0,0.0,,1,1,,,,,,,,,,,,,0.0,0.0,0.33333333333333337,0.33333333333333337,,
915,Jassem Gaber,QAT,Al Rayyan SC,DF,24,181,3,3,149,1.7,0,0,0,0,0,0,1,0,0,0,,0.0,0.0,,,2,0,,,,,,,,,,,,,0.0,0.0,1.2080536912751678,0.0,,
916,Abdulaziz Hatem,QAT,Al Rayyan SC,MF,36,179,1,0,45,0.5,0,0,0,0,0,0,0,0,0,0,,0.0,0.0,,,0,0,,,,,,,,,,,,,0.0,0.0,0.0,0.0,,
917,Ahmed Alaaeldin,QAT,Al Rayyan SC,FW,33,179,2,0,43,0.5,0,0,0,0,0,0,0,0,1,1,100.0,2.09,2.09,0.0,0.0,1,0,,,,,,,,,,,,,0.0,0.0,2.0930232558139537,0.0,,
918,Edmilson Junior,QAT,Al Duhail SC,FW,31,180,3,3,210,2.3,0,1,1,0,0,0,0,0,3,2,66.7,1.29,0.86,0.0,0.0,1,0,,,,,,,,,,,,,0.0,0.4285714285714286,0.4285714285714286,0.0,,
921,Akram Afif,QAT,Al Sadd SC,FW,29,176,3,3,238,2.6,0,0,0,0,0,0,0,0,2,0,0.0,0.76,0.0,0.0,,1,0,,,,,,,,,,,,,0.0,0.0,0.37815126050420167,0.0,,
922,Karim Boudiaf,QAT,Al Duhail SC,MF,35,190,2,1,102,1.1,0,0,0,0,0,0,0,0,1,0,0.0,0.88,0.0,0.0,,0,0,,,,,,,,,,,,,0.0,0.0,0.0,0.0,,
924,Homam Ahmed,QAT,Cultural Leonesa,DF,26,188,2,2,122,1.4,0,1,1,0,0,0,0,1,1,0,0.0,0.74,0.0,0.0,,1,3,,,,,,,,,,,,,0.0,0.7377049180327869,0.7377049180327869,2.2131147540983607,,
925,Yusuf Abdurisag,QAT,Al Wakrah SC,FW,26,171,2,2,98,1.1,0,0,0,0,0,0,0,0,0,0,,0.0,0.0,,,2,1,,,,,,,,,,,,,0.0,0.0,1.8367346938775508,0.9183673469387754,,
926,Boualem Khoukhi,QAT,Al Sadd SC,DF,35,185,3,3,270,3.0,1,0,1,1,0,0,0,0,3,1,33.3,1.0,0.33,0.33,1.0,3,3,,,,,,,,,,,,,0.33333333333333337,0.0,1.0,1.0,,
929,Almoez Ali,QAT,Al Duhail SC,FW,29,180,1,0,19,0.2,0,0,0,0,0,0,0,0,1,1,100.0,4.74,4.74,0.0,0.0,0,0,,,,,,,,,,,,,0.0,0.0,0.0,0.0,,
930,Ahmed Fathy,QAT,Al Arabi SC,MF,33,171,3,1,150,1.7,0,0,0,0,0,0,2,0,0,0,,0.0,0.0,,,3,3,,,,,,,,,,,,,0.0,0.0,1.8,1.8,,
933,Assim Madibo,QAT,Al Wakrah SC,MF,29,168,2,2,131,1.5,0,0,0,0,0,0,0,1,0,0,,0.0,0.0,,,1,4,,,,,,,,,,,,,0.0,0.0,0.6870229007633587,2.748091603053435,,
936,Mohamed Manai,QAT,Al Shamal SC,FW,23,180,3,0,69,0.8,0,0,0,0,0,0,0,0,0,0,,0.0,0.0,,,0,2,,,,,,,,,,,,,0.0,0.0,0.0,2.608695652173913,,
939,Ali Lajami,KSA,Al Hilal SC,DF,30,177,3,1,149,1.7,0,0,0,0,0,0,0,0,0,0,,0.0,0.0,,,2,3,,,,,,,,,,,,,0.0,0.0,1.2080536912751678,1.8120805369127515,,
948,Saud Abdulhamid,KSA,RC Lens,DF,26,172,3,3,269,3.0,0,0,0,0,0,0,1,0,2,0,0.0,0.67,0.0,0.0,,9,2,,,,,,,,,,,,,0.0,0.0,3.011152416356877,0.6691449814126393,,
959,Mohamed Kanno,KSA,Al Hilal SC,MF,31,191,3,2,225,2.5,0,0,0,0,0,0,1,0,3,2,66.7,1.2,0.8,0.0,0.0,4,2,,,,,,,,,,,,,0.0,0.0,1.6,0.8,,
963,Angus Gunn,SCO,Nottingham Forest FC,GK,30,196,3,3,270,3.0,0,0,0,0,0,0,0,0,0,0,,0.0,0.0,,,1,0,4.0,1.33,12.0,8.0,66.7,1.0,33.3,0.0,0.0,0.0,0.0,,0.0,0.0,0.33333333333333337,0.0,2.666666666666667,0.33333333333333337
964,Aaron Hickey,SCO,Brentford FC,DF,24,185,1,1,74,0.8,0,0,0,0,0,0,1,0,0,0,,0.0,0.0,,,0,1,,,,,,,,,,,,,0.0,0.0,0.0,1.2162162162162162,,
965,Andy Robertson,SCO,Liverpool FC,DF,32,178,3,3,225,2.5,0,0,0,0,0,0,1,0,0,0,,0.0,0.0,,,1,2,,,,,,,,,,,,,0.0,0.0,0.4,0.8,,
966,Scott McTominay,SCO,SSC Napoli,MF,29,193,3,3,270,3.0,0,0,0,0,0,0,0,0,8,3,37.5,2.67,1.0,0.0,0.0,2,0,,,,,,,,,,,,,0.0,0.0,0.6666666666666667,0.0,,
967,Grant Hanley,SCO,Hibernian FC,DF,34,188,2,2,180,2.0,0,0,0,0,0,0,0,0,0,0,,0.0,0.0,,,2,1,,,,,,,,,,,,,0.0,0.0,1.0,0.5,,
968,Kieran Tierney,SCO,Celtic FC,DF,29,180,2,1,104,1.2,0,0,0,0,0,0,0,0,2,0,0.0,1.73,0.0,0.0,,1,2,,,,,,,,,,,,,0.0,0.0,0.8653846153846154,1.7307692307692308,,
969,John McGinn,SCO,Aston Villa FC,MF,31,178,3,3,259,2.9,1,0,1,1,0,0,0,0,3,1,33.3,1.04,0.35,0.33,1.0,0,0,,,,,,,,,,,,,0.3474903474903475,0.0,0.0,0.0,,
971,Lyndon Dykes,SCO,Charlton Athletic FC,FW,30,188,2,0,36,0.4,0,0,0,0,0,0,0,0,1,0,0.0,2.5,0.0,0.0,,0,0,,,,,,,,,,,,,0.0,0.0,0.0,0.0,,
972,Ché Adams,SCO,Torino FC,FW,29,175,3,2,145,1.6,0,0,0,0,0,0,0,0,1,1,100.0,0.62,0.62,0.0,0.0,1,0,,,,,,,,,,,,,0.0,0.0,0.6206896551724138,0.0,,
973,Ryan Christie,SCO,AFC Bournemouth,MF,31,178,3,1,95,1.1,0,0,0,0,0,0,1,0,2,0,0.0,1.89,0.0,0.0,,3,2,,,,,,,,,,,,,0.0,0.0,2.8421052631578947,1.894736842105263,,
975,Jack Hendry,SCO,Al Ettifaq FC,DF,31,192,3,3,270,3.0,0,0,0,0,0,0,0,0,0,0,,0.0,0.0,,,2,0,,,,,,,,,,,,,0.0,0.0,0.6666666666666667,0.0,,
976,Ross Stewart,SCO,Southampton FC,FW,29,188,1,0,2,0.0,0,0,0,0,0,0,0,0,0,0,,0.0,0.0,,,0,0,,,,,,,,,,,,,0.0,0.0,0.0,0.0,,
979,Ben Gannon-Doak,SCO,AFC Bournemouth,FW,20,173,3,2,186,2.1,0,0,0,0,0,0,0,0,4,0,0.0,1.94,0.0,0.0,,1,0,,,,,,,,,,,,,0.0,0.0,0.4838709677419355,0.0,,
981,Lewis Ferguson,SCO,Bologna FC,MF,26,181,3,3,270,3.0,0,0,0,0,0,0,0,0,2,1,50.0,0.67,0.33,0.0,0.0,7,4,,,,,,,,,,,,,0.0,0.0,2.3333333333333335,1.3333333333333335,,
982,Lawrence Shankland,SCO,Heart Of Midlothian FC,FW,30,185,2,2,171,1.9,0,0,0,0,0,0,0,0,4,0,0.0,2.11,0.0,0.0,,1,0,,,,,,,,,,,,,0.0,0.0,0.5263157894736842,0.0,,
984,Nathan Patterson,SCO,Everton FC,DF,24,183,3,2,185,2.1,0,0,0,0,0,0,0,0,0,0,,0.0,0.0,,,2,3,,,,,,,,,,,,,0.0,0.0,0.972972972972973,1.4594594594594597,,
985,Kenny McLean,SCO,Norwich City FC,MF,34,183,3,1,118,1.3,0,0,0,0,0,0,1,0,1,0,0.0,0.76,0.0,0.0,,1,2,,,,,,,,,,,,,0.0,0.0,0.7627118644067796,1.5254237288135593,,
986,Anthony Ralston,SCO,Celtic FC,DF,27,178,2,0,11,0.1,0,0,0,0,0,0,0,0,1,1,100.0,8.18,8.18,0.0,0.0,0,0,,,,,,,,,,,,,0.0,0.0,0.0,0.0,,
987,Findlay Curtis,SCO,Kilmarnock FC,FW,20,180,2,0,9,0.1,0,0,0,0,0,0,1,0,0,0,,0.0,0.0,,,0,0,,,,,,,,,,,,,0.0,0.0,0.0,0.0,,
988,Scott McKenna,SCO,GNK Dinamo Zagreb,DF,29,189,1,1,90,1.0,0,0,0,0,0,0,0,0,0,0,,0.0,0.0,,,0,0,,,,,,,,,,,,,0.0,0.0,0.0,0.0,,
991,Kalidou Koulibaly,SEN,Al Hilal SC,DF,34,186,2,2,161,1.8,0,0,0,0,0,0,0,0,0,0,,0.0,0.0,,,1,2,,,,,,,,,,,,,0.0,0.0,0.5590062111801242,1.1180124223602483,,
992,Abdoulaye Seck,SEN,Maccabi Haifa FC,DF,34,192,1,1,57,0.6,0,1,1,0,0,0,1,0,2,0,0.0,3.16,0.0,0.0,,0,0,,,,,,,,,,,,,0.0,1.5789473684210527,0.0,0.0,,
994,Pathé Ciss,SEN,Rayo Vallecano,MF,32,186,4,1,184,2.0,0,0,0,0,0,0,0,0,2,1,50.0,0.98,0.49,0.0,0.0,0,0,,,,,,,,,,,,,0.0,0.0,0.0,0.0,,
995,Assane Diao,SEN,Como,FW,20,185,1,0,10,0.1,0,0,0,0,0,0,0,0,0,0,,0.0,0.0,,,1,0,,,,,,,,,,,,,0.0,0.0,9.0,0.0,,
996,Lamine Camara,SEN,AS Monaco,MF,22,174,4,3,248,2.8,0,1,1,0,0,0,1,0,3,0,0.0,1.09,0.0,0.0,,1,2,,,,,,,,,,,,,0.0,0.3629032258064516,0.3629032258064516,0.7258064516129032,,
997,Bamba Dieng,SEN,FC Lorient,FW,26,178,1,0,8,0.1,0,0,0,0,0,0,0,0,0,0,,0.0,0.0,,,0,0,,,,,,,,,,,,,0.0,0.0,0.0,0.0,,
998,Sadio Mané,SEN,Al Nassr FC,FW,34,175,4,4,362,4.0,0,1,1,0,0,0,0,0,6,3,50.0,1.49,0.75,0.0,0.0,2,3,,,,,,,,,,,,,0.0,0.24861878453038672,0.49723756906077343,0.7458563535911602,,
999,Nicolas Jackson,SEN,FC Bayern München,FW,24,187,4,2,234,2.6,0,1,1,0,0,0,0,0,7,3,42.9,2.69,1.15,0.0,0.0,2,1,,,,,,,,,,,,,0.0,0.38461538461538464,0.7692307692307693,0.38461538461538464,,
1001,Iliman Ndiaye,SEN,Everton FC,FW,26,180,3,1,114,1.3,1,2,3,1,0,0,0,0,3,2,66.7,2.37,1.58,0.33,0.5,0,2,,,,,,,,,,,,,0.7894736842105263,1.5789473684210527,0.0,1.5789473684210527,,
1002,Ismail Jakobs,SEN,Galatasaray SK,DF,26,184,3,2,219,2.4,0,0,0,0,0,0,0,0,1,0,0.0,0.41,0.0,0.0,,2,2,,,,,,,,,,,,,0.0,0.0,0.821917808219178,0.821917808219178,,
1003,Krépin Diatta,SEN,AS Monaco,DF,27,173,4,4,390,4.3,0,0,0,0,0,0,0,0,1,0,0.0,0.23,0.0,0.0,,10,3,,,,,,,,,,,,,0.0,0.0,2.3076923076923075,0.6923076923076923,,
1004,Édouard Mendy,SEN,Al Ahli FC,GK,34,194,2,2,152,1.7,0,0,0,0,0,0,0,0,0,0,,0.0,0.0,,,0,0,6.0,3.55,14.0,8.0,57.1,0.0,0.0,0.0,0.0,0.0,0.0,,0.0,0.0,0.0,0.0,4.7368421052631575,0.0
1006,Ismaila Sarr,SEN,Crystal Palace FC,FW,28,185,4,4,364,4.0,4,1,5,4,0,0,0,0,17,6,35.3,4.2,1.48,0.24,0.67,1,2,,,,,,,,,,,,,0.989010989010989,0.24725274725274726,0.24725274725274726,0.4945054945054945,,
1007,Moussa Niakhaté,SEN,Olympique Lyonnais,DF,30,190,4,4,390,4.3,0,1,1,0,0,0,0,0,1,0,0.0,0.23,0.0,0.0,,1,4,,,,,,,,,,,,,0.0,0.23076923076923078,0.23076923076923078,0.9230769230769231,,
1008,Ibrahim Mbaye,SEN,Paris Saint-Germain,FW,18,175,4,1,157,1.7,1,0,1,1,0,0,0,0,4,1,25.0,2.29,0.57,0.25,1.0,0,1,,,,,,,,,,,,,0.5732484076433121,0.0,0.0,0.5732484076433121,,
1009,Habib Diarra,SEN,Sunderland AFC,MF,22,178,3,2,143,1.6,2,0,2,2,0,0,0,0,4,2,50.0,2.52,1.26,0.5,1.0,2,1,,,,,,,,,,,,,1.2587412587412588,0.0,1.2587412587412588,0.6293706293706294,,
1011,Mory Diaw,SEN,Le Havre AC,GK,32,197,3,2,238,2.6,0,0,0,0,0,0,0,0,0,0,,0.0,0.0,,,0,0,3.0,1.13,7.0,4.0,57.1,1.0,50.0,1.0,1.0,0.0,0.0,0.0,0.0,0.0,0.0,0.0,1.5126050420168067,0.37815126050420167
1014,Pape Gueye,SEN,Villarreal CF,MF,27,189,4,3,234,2.6,2,1,3,2,0,0,1,0,8,3,37.5,3.08,1.15,0.25,0.67,1,4,,,,,,,,,,,,,0.7692307692307693,0.38461538461538464,0.38461538461538464,1.5384615384615385,,
1015,Ronwen Williams,RSA,Mamelodi Sundowns FC,GK,34,184,4,4,360,4.0,0,0,0,0,0,0,0,0,0,0,,0.0,0.0,,,0,1,4.0,1.0,15.0,11.0,73.3,1.0,25.0,0.0,0.0,0.0,0.0,,0.0,0.0,0.0,0.25,2.75,0.25
1018,Teboho Mokoena,RSA,Mamelodi Sundowns FC,MF,29,177,3,3,270,3.0,1,0,1,0,1,1,2,0,4,2,50.0,1.33,0.67,0.25,0.5,3,5,,,,,,,,,,,,,0.33333333333333337,0.0,1.0,1.6666666666666665,,
1019,Thalente Mbatha,RSA,Orlando Pirates FC,MF,26,179,4,2,260,2.9,0,0,0,0,0,0,1,0,4,1,25.0,1.38,0.35,0.0,0.0,2,5,,,,,,,,,,,,,0.0,0.0,0.6923076923076923,1.7307692307692308,,
1020,Aubrey Modiba,RSA,Mamelodi Sundowns FC,DF,30,171,4,4,346,3.8,0,0,0,0,0,0,1,0,5,1,20.0,1.3,0.26,0.0,0.0,5,4,,,,,,,,,,,,,0.0,0.0,1.300578034682081,1.0404624277456647,,
1021,Oswin Appollis,RSA,Orlando Pirates FC,FW,24,171,4,3,255,2.8,0,0,0,0,0,0,0,0,4,1,25.0,1.41,0.35,0.0,0.0,3,1,,,,,,,,,,,,,0.0,0.0,1.0588235294117647,0.3529411764705882,,
1022,Tshepang Moremi,RSA,Orlando Pirates FC,FW,25,169,2,0,34,0.4,0,1,1,0,0,0,0,0,0,0,,0.0,0.0,,,1,0,,,,,,,,,,,,,0.0,2.6470588235294117,2.6470588235294117,0.0,,
1023,Lyle Foster,RSA,Burnley FC,FW,25,185,1,1,55,0.6,0,0,0,0,0,0,0,0,1,0,0.0,1.64,0.0,0.0,,0,0,,,,,,,,,,,,,0.0,0.0,0.0,0.0,,
1024,Relebohile Mofokeng,RSA,Orlando Pirates FC,FW,21,168,3,2,169,1.9,0,0,0,0,0,0,0,0,3,1,33.3,1.6,0.53,0.0,0.0,2,0,,,,,,,,,,,,,0.0,0.0,1.0650887573964496,0.0,,
1025,Themba Zwane,RSA,Mamelodi Sundowns FC,MF,36,178,1,0,23,0.3,0,0,0,0,0,0,0,1,0,0,,0.0,0.0,,,0,0,,,,,,,,,,,,,0.0,0.0,0.0,0.0,,
1026,Thapelo Maseko,RSA,AEL Limassol,FW,22,178,3,3,242,2.7,1,0,1,1,0,0,0,0,8,1,12.5,2.98,0.37,0.13,1.0,1,2,,,,,,,,,,,,,0.371900826446281,0.0,0.371900826446281,0.743801652892562,,
1027,Sphephelo Sithole,RSA,CD Tondela,MF,27,197,3,3,229,2.5,0,0,0,0,0,0,0,1,0,0,,0.0,0.0,,,5,5,,,,,,,,,,,,,0.0,0.0,1.965065502183406,1.965065502183406,,
1028,Mbekezeli Mbokazi,RSA,Chicago Fire FC,DF,20,177,4,4,360,4.0,0,0,0,0,0,0,0,0,4,1,25.0,1.0,0.25,0.0,0.0,5,4,,,,,,,,,,,,,0.0,0.0,1.25,1.0,,
1029,Iqraam Rayners,RSA,Mamelodi Sundowns FC,FW,30,174,4,2,161,1.8,0,0,0,0,0,0,0,0,1,0,0.0,0.56,0.0,0.0,,0,0,,,,,,,,,,,,,0.0,0.0,0.0,0.0,,
1031,Evidence Makgopa,RSA,Orlando Pirates FC,FW,26,183,4,2,215,2.4,0,0,0,0,0,0,0,0,4,3,75.0,1.67,1.26,0.0,0.0,1,1,,,,,,,,,,,,,0.0,0.0,0.41860465116279066,0.41860465116279066,,
1033,Nkosinathi Sibisi,RSA,Orlando Pirates FC,DF,30,172,1,1,90,1.0,0,0,0,0,0,0,1,0,0,0,,0.0,0.0,,,0,1,,,,,,,,,,,,,0.0,0.0,0.0,1.0,,
1034,Khuliso Mudau,RSA,Mamelodi Sundowns FC,DF,31,179,4,4,360,4.0,0,0,0,0,0,0,0,0,0,0,,0.0,0.0,,,8,11,,,,,,,,,,,,,0.0,0.0,2.0,2.75,,
1035,Ime Okon,RSA,Hannover 96,DF,22,187,4,4,360,4.0,0,0,0,0,0,0,0,0,1,0,0.0,0.25,0.0,0.0,,2,5,,,,,,,,,,,,,0.0,0.0,0.5,1.25,,
1037,Jayden Adams,RSA,Mamelodi Sundowns FC,MF,25,177,3,2,116,1.3,0,0,0,0,0,0,0,0,0,0,,0.0,0.0,,,0,2,,,,,,,,,,,,,0.0,0.0,0.0,1.5517241379310345,,
1039,Kamogelo Sebelebele,RSA,Orlando Pirates FC,FW,23,166,1,0,7,0.1,0,0,0,0,0,0,0,0,0,0,,0.0,0.0,,,0,0,,,,,,,,,,,,,0.0,0.0,0.0,0.0,,
1042,Marc Pubill,ESP,Atlético De Madrid,DF,22,191,1,0,1,0.0,0,0,0,0,0,0,0,0,0,0,,0.0,0.0,,,0,0,,,,,,,,,,,,,0.0,0.0,0.0,0.0,,
1044,Eric García,ESP,FC Barcelona,DF,25,183,1,0,22,0.2,0,0,0,0,0,0,0,0,0,0,,0.0,0.0,,,0,1,,,,,,,,,,,,,0.0,0.0,0.0,4.090909090909091,,
1045,Marcos Llorente,ESP,Atlético De Madrid,DF,31,183,3,2,187,2.1,0,1,1,0,0,0,0,0,0,0,,0.0,0.0,,,6,1,,,,,,,,,,,,,0.0,0.48128342245989303,2.8877005347593587,0.48128342245989303,,
1046,Mikel Merino,ESP,Arsenal FC,MF,29,188,8,1,199,2.2,2,0,2,2,0,0,0,0,5,3,60.0,2.26,1.36,0.4,0.67,2,3,,,,,,,,,,,,,0.9045226130653267,0.0,0.9045226130653267,1.3567839195979898,,
1047,Ferran Torres,ESP,FC Barcelona,FW,26,183,8,1,288,3.2,1,1,2,1,0,0,1,0,14,4,28.6,4.37,1.25,0.07,0.25,0,0,,,,,,,,,,,,,0.3125,0.3125,0.0,0.0,,
1049,Gavi,ESP,FC Barcelona,MF,21,173,2,1,76,0.8,0,0,0,0,0,0,0,0,1,0,0.0,1.18,0.0,0.0,,2,1,,,,,,,,,,,,,0.0,0.0,2.3684210526315788,1.1842105263157894,,
1050,Dani Olmo,ESP,FC Barcelona,FW,28,179,8,6,491,5.5,0,2,2,0,0,0,0,0,13,2,15.4,2.38,0.37,0.0,0.0,5,1,,,,,,,,,,,,,0.0,0.3665987780040733,0.9164969450101833,0.18329938900203666,,
1051,Yéremy Pino,ESP,Crystal Palace FC,FW,23,174,2,0,70,0.8,0,0,0,0,0,0,0,0,0,0,,0.0,0.0,,,0,0,,,,,,,,,,,,,0.0,0.0,0.0,0.0,,
1052,Pedro Porro,ESP,Tottenham Hotspur FC,DF,26,173,6,6,563,6.3,2,0,2,2,0,0,0,0,7,3,42.9,1.12,0.48,0.29,0.67,11,8,,,,,,,,,,,,,0.3197158081705151,0.0,1.7584369449378332,1.2788632326820604,,
1054,Aymeric Laporte,ESP,Athletic Club,DF,32,191,8,8,727,8.1,0,1,1,0,0,0,1,0,5,2,40.0,0.62,0.25,0.0,0.0,3,14,,,,,,,,,,,,,0.0,0.12379642365887208,0.37138927097661617,1.7331499312242091,,
1055,Álex Baena,ESP,Atlético De Madrid,MF,24,172,7,7,481,5.3,1,1,2,1,0,0,1,0,12,5,41.7,2.25,0.94,0.08,0.2,5,2,,,,,,,,,,,,,0.18711018711018712,0.18711018711018712,0.9355509355509356,0.37422037422037424,,
1056,Rodri,ESP,Manchester City FC,MF,29,190,8,8,724,8.0,0,0,0,0,0,0,0,0,7,0,0.0,0.87,0.0,0.0,,20,3,,,,,,,,,,,,,0.0,0.0,2.4861878453038675,0.3729281767955801,,
1057,Nico Williams,ESP,Athletic Club,FW,23,181,6,0,113,1.3,0,1,1,0,0,0,0,0,4,2,50.0,3.19,1.59,0.0,0.0,1,1,,,,,,,,,,,,,0.0,0.7964601769911505,0.7964601769911505,0.7964601769911505,,
1058,Martín Zubimendi,ESP,Arsenal FC,MF,27,181,1,0,22,0.2,0,0,0,0,0,0,0,0,0,0,,0.0,0.0,,,0,1,,,,,,,,,,,,,0.0,0.0,0.0,4.090909090909091,,
1059,Lamine Yamal,ESP,FC Barcelona,FW,18,183,8,7,614,6.8,1,0,1,1,0,0,0,0,27,12,44.4,3.96,1.76,0.04,0.08,9,2,,,,,,,,,,,,,0.1465798045602606,0.0,1.3192182410423452,0.2931596091205212,,
1060,Pedri,ESP,FC Barcelona,MF,23,174,8,5,499,5.5,0,0,0,0,0,0,1,0,5,2,40.0,0.9,0.36,0.0,0.0,8,10,,,,,,,,,,,,,0.0,0.0,1.442885771543086,1.8036072144288577,,
1061,Mikel Oyarzabal,ESP,Real Sociedad,FW,29,181,8,8,601,6.7,5,1,6,4,1,1,0,0,23,12,52.2,3.44,1.8,0.22,0.42,5,1,,,,,,,,,,,,,0.7487520798668885,0.1497504159733777,0.7487520798668885,0.1497504159733777,,
1062,Pau Cubarsí,ESP,FC Barcelona,DF,19,183,8,8,750,8.3,0,0,0,0,0,0,1,0,4,2,50.0,0.48,0.24,0.0,0.0,4,4,,,,,,,,,,,,,0.0,0.0,0.48,0.48,,
1063,Unai Simón,ESP,Athletic Club,GK,29,190,8,8,750,8.3,0,0,0,0,0,0,0,0,0,0,,0.0,0.0,,,0,0,1.0,0.12,11.0,9.0,90.9,7.0,87.5,0.0,0.0,0.0,0.0,,0.0,0.0,0.0,0.0,1.08,0.8400000000000001
1064,Marc Cucurella,ESP,Chelsea FC,DF,27,173,8,8,750,8.3,0,2,2,0,0,0,1,0,5,3,60.0,0.6,0.36,0.0,0.0,4,7,,,,,,,,,,,,,0.0,0.24,0.48,0.8400000000000001,,
1066,Borja Iglesias,ESP,RC Celta Vigo,FW,33,187,1,0,1,0.0,0,0,0,0,0,0,0,0,0,0,,0.0,0.0,,,0,0,,,,,,,,,,,,,0.0,0.0,0.0,0.0,,
1067,Jacob Widell Zetterström,SWE,Derby County FC,GK,27,197,2,2,180,2.0,0,0,0,0,0,0,0,0,0,0,,0.0,0.0,,,0,0,4.0,2.0,15.0,11.0,73.3,0.0,0.0,0.0,0.0,0.0,0.0,,0.0,0.0,0.0,0.0,5.5,0.0
1068,Gustaf Lagerbielke,SWE,SC Braga,DF,26,193,4,4,360,4.0,0,0,0,0,0,0,0,0,3,1,33.3,0.75,0.25,0.0,0.0,5,5,,,,,,,,,,,,,0.0,0.0,1.25,1.25,,
1069,Victor Lindelöf,SWE,Aston Villa FC,DF,31,187,4,4,356,4.0,0,0,0,0,0,0,0,0,2,0,0.0,0.51,0.0,0.0,,1,4,,,,,,,,,,,,,0.0,0.0,0.25280898876404495,1.0112359550561798,,
1070,Isak Hien,SWE,Atalanta Bergamo,DF,27,191,3,3,216,2.4,0,0,0,0,0,0,1,0,0,0,,0.0,0.0,,,3,1,,,,,,,,,,,,,0.0,0.0,1.25,0.41666666666666663,,
1071,Gabriel Gudmundsson,SWE,Leeds United FC,DF,27,181,4,4,330,3.7,0,0,0,0,0,0,1,0,0,0,,0.0,0.0,,,3,5,,,,,,,,,,,,,0.0,0.0,0.8181818181818181,1.3636363636363638,,
1073,Lucas Bergvall,SWE,Tottenham Hotspur FC,MF,20,187,4,1,181,2.0,0,1,1,0,0,0,1,0,2,0,0.0,0.99,0.0,0.0,,2,2,,,,,,,,,,,,,0.0,0.49723756906077343,0.9944751381215469,0.9944751381215469,,
1074,Daniel Svensson,SWE,Borussia Dortmund,DF,24,183,3,1,98,1.1,0,0,0,0,0,0,0,0,1,0,0.0,0.92,0.0,0.0,,2,1,,,,,,,,,,,,,0.0,0.0,1.8367346938775508,0.9183673469387754,,
1075,Alexander Isak,SWE,Liverpool FC,FW,26,190,4,4,357,4.0,1,3,4,1,0,0,0,0,8,6,75.0,2.02,1.51,0.13,0.17,2,0,,,,,,,,,,,,,0.25210084033613445,0.7563025210084033,0.5042016806722689,0.0,,
1076,Benjamin Nygren,SWE,Celtic FC,MF,24,187,4,2,130,1.4,0,0,0,0,0,0,0,0,1,0,0.0,0.69,0.0,0.0,,0,0,,,,,,,,,,,,,0.0,0.0,0.0,0.0,,
1077,Anthony Elanga,SWE,Newcastle United FC,FW,24,178,4,2,217,2.4,2,0,2,2,0,0,0,0,3,3,100.0,1.24,1.24,0.67,0.67,0,2,,,,,,,,,,,,,0.8294930875576036,0.0,0.0,0.8294930875576036,,
1079,Ken Sema,SWE,Pafos FC,MF,32,180,1,0,16,0.2,0,0,0,0,0,0,0,0,1,0,0.0,5.63,0.0,0.0,,1,0,,,,,,,,,,,,,0.0,0.0,5.625,0.0,,
1081,Carl Starfelt,SWE,RC Celta Vigo,DF,31,185,1,0,4,0.0,0,0,0,0,0,0,0,0,0,0,,0.0,0.0,,,0,0,,,,,,,,,,,,,0.0,0.0,0.0,0.0,,
1082,Jesper Karlström,SWE,Udinese,MF,30,182,2,2,138,1.5,0,0,0,0,0,0,0,0,1,0,0.0,0.65,0.0,0.0,,3,1,,,,,,,,,,,,,0.0,0.0,1.9565217391304348,0.6521739130434783,,
1083,Viktor Gyökeres,SWE,Arsenal FC,FW,28,189,4,4,360,4.0,1,2,3,1,0,0,1,0,12,6,50.0,3.0,1.5,0.08,0.17,1,0,,,,,,,,,,,,,0.25,0.5,0.25,0.0,,
1084,Yasin Ayari,SWE,Brighton & Hove Albion FC,MF,22,172,4,4,339,3.8,2,0,2,2,0,0,1,0,7,3,42.9,1.86,0.8,0.29,0.67,4,3,,,,,,,,,,,,,0.5309734513274336,0.0,1.0619469026548671,0.7964601769911505,,
1085,Mattias Svanberg,SWE,VfL Wolfsburg,MF,27,186,2,0,16,0.2,1,0,1,1,0,0,0,0,3,2,66.7,16.88,11.25,0.33,0.5,1,1,,,,,,,,,,,,,5.625,0.0,5.625,5.625,,
1087,Alexander Bernhardsson,SWE,Holstein Kiel,DF,27,184,3,3,217,2.4,0,0,0,0,0,0,0,0,1,1,100.0,0.41,0.41,0.0,0.0,2,2,,,,,,,,,,,,,0.0,0.0,0.8294930875576036,0.8294930875576036,,
1088,Besfort Zeneli,SWE,Royale Union Saint-Gilloise,MF,23,187,2,0,60,0.7,0,0,0,0,0,0,0,0,1,1,100.0,1.5,1.5,0.0,0.0,0,1,,,,,,,,,,,,,0.0,0.0,0.0,1.5,,
1089,Kristoffer Nordfeldt,SWE,AIK Stockholm,GK,36,190,2,2,180,2.0,0,0,0,0,0,0,0,0,0,0,,0.0,0.0,,,0,0,6.0,3.0,9.0,3.0,33.3,0.0,0.0,0.0,0.0,0.0,0.0,,0.0,0.0,0.0,0.0,1.5,0.0
1090,Elliot Stroud,SWE,Mjällby AIF,DF,23,185,4,2,166,1.8,0,0,0,0,0,0,0,0,1,0,0.0,0.54,0.0,0.0,,0,3,,,,,,,,,,,,,0.0,0.0,0.0,1.6265060240963856,,
1091,Gustaf Nilsson,SWE,Club Brugge,FW,29,197,1,0,2,0.0,0,0,0,0,0,0,0,0,1,0,0.0,45.0,0.0,0.0,,0,0,,,,,,,,,,,,,0.0,0.0,0.0,0.0,,
1092,Taha Ali,SWE,Malmö FF,FW,27,174,2,0,37,0.4,0,0,0,0,0,0,0,0,0,0,,0.0,0.0,,,0,0,,,,,,,,,,,,,0.0,0.0,0.0,0.0,,
1093,Gregor Kobel,SUI,Borussia Dortmund,GK,28,196,6,6,600,6.7,0,0,0,0,0,0,0,0,0,0,,0.0,0.0,,,0,0,6.0,0.9,26.0,20.0,76.9,2.0,33.3,0.0,0.0,0.0,0.0,,0.0,0.0,0.0,0.0,3.0,0.30000000000000004
1094,Miro Muheim,SUI,Hamburger SV,DF,28,182,3,0,87,1.0,0,0,0,0,0,0,1,0,0,0,,0.0,0.0,,,1,2,,,,,,,,,,,,,0.0,0.0,1.0344827586206897,2.0689655172413794,,
1095,Silvan Widmer,SUI,1. FSV Mainz 05,DF,33,183,5,1,175,1.9,0,0,0,0,0,0,0,0,0,0,,0.0,0.0,,,4,1,,,,,,,,,,,,,0.0,0.0,2.057142857142857,0.5142857142857142,,
1096,Nico Elvedi,SUI,Borussia Mönchengladbach,DF,29,189,6,6,600,6.7,0,0,0,0,0,0,1,0,3,0,0.0,0.45,0.0,0.0,,2,6,,,,,,,,,,,,,0.0,0.0,0.30000000000000004,0.9,,
1097,Manuel Akanji,SUI,FC Internazionale Milano,DF,30,188,6,6,600,6.7,0,0,0,0,0,0,0,0,1,1,100.0,0.15,0.15,0.0,0.0,9,6,,,,,,,,,,,,,0.0,0.0,1.3499999999999999,0.9,,
1098,Denis Zakaria,SUI,AS Monaco,MF,29,189,4,4,357,4.0,0,0,0,0,0,0,2,0,5,2,40.0,1.26,0.5,0.0,0.0,5,9,,,,,,,,,,,,,0.0,0.0,1.2605042016806722,2.26890756302521,,
1099,Breel Embolo,SUI,Stade Rennais FC,FW,29,184,6,6,501,5.6,2,2,4,1,1,1,2,1,10,5,50.0,1.8,0.9,0.2,0.4,0,2,,,,,,,,,,,,,0.35928143712574845,0.35928143712574845,0.0,0.35928143712574845,,
1100,Remo Freuler,SUI,Bologna FC,MF,34,181,6,6,592,6.6,0,0,0,0,0,0,0,0,2,1,50.0,0.3,0.15,0.0,0.0,5,8,,,,,,,,,,,,,0.0,0.0,0.7601351351351352,1.2162162162162162,,
1101,Johan Manzambi,SUI,SC Freiburg,MF,20,182,4,2,199,2.2,3,2,5,3,0,0,0,0,6,3,50.0,2.71,1.36,0.5,1.0,0,0,,,,,,,,,,,,,1.3567839195979898,0.9045226130653267,0.0,0.0,,
1102,Granit Xhaka,SUI,Sunderland AFC,MF,33,183,6,6,600,6.7,1,0,1,0,1,1,2,0,9,2,22.2,1.35,0.3,0.11,0.5,4,4,,,,,,,,,,,,,0.15000000000000002,0.0,0.6000000000000001,0.6000000000000001,,
1103,Dan Ndoye,SUI,Nottingham Forest FC,FW,25,184,6,5,406,4.5,2,0,2,2,0,0,0,0,16,8,50.0,3.55,1.77,0.13,0.25,5,4,,,,,,,,,,,,,0.4433497536945813,0.0,1.1083743842364533,0.8866995073891626,,
1105,Ricardo Rodríguez,SUI,Real Betis,DF,33,182,6,6,517,5.7,0,1,1,0,0,0,0,0,1,0,0.0,0.17,0.0,0.0,,7,4,,,,,,,,,,,,,0.0,0.17408123791102514,1.2185686653771761,0.6963249516441006,,
1106,Ardon Jashari,SUI,AC Milan,MF,23,181,3,1,72,0.8,0,0,0,0,0,0,0,0,2,0,0.0,2.5,0.0,0.0,,0,0,,,,,,,,,,,,,0.0,0.0,0.0,0.0,,
1107,Djibril Sow,SUI,Sevilla FC,MF,29,183,4,2,253,2.8,0,0,0,0,0,0,0,0,2,1,50.0,0.71,0.36,0.0,0.0,1,2,,,,,,,,,,,,,0.0,0.0,0.3557312252964427,0.7114624505928854,,
1108,Christian Fassnacht,SUI,BSC Young Boys,FW,32,185,1,0,6,0.1,0,0,0,0,0,0,0,0,0,0,,0.0,0.0,,,1,0,,,,,,,,,,,,,0.0,0.0,15.0,0.0,,
1109,Ruben Vargas,SUI,Sevilla FC,FW,27,179,6,3,284,3.2,2,1,3,2,0,0,0,0,6,4,66.7,1.9,1.27,0.33,0.5,2,2,,,,,,,,,,,,,0.6338028169014085,0.31690140845070425,0.6338028169014085,0.6338028169014085,,
1111,Noah Okafor,SUI,Leeds United FC,FW,26,185,1,0,20,0.2,0,0,0,0,0,0,0,0,1,0,0.0,4.5,0.0,0.0,,1,0,,,,,,,,,,,,,0.0,0.0,4.5,0.0,,
1112,Michel Aebischer,SUI,Pisa SC,MF,29,183,4,2,156,1.7,0,0,0,0,0,0,0,0,2,1,50.0,1.15,0.58,0.0,0.0,1,0,,,,,,,,,,,,,0.0,0.0,0.5769230769230769,0.0,,
1114,Fabian Rieder,SUI,FC Augsburg,MF,24,181,5,3,302,3.4,0,0,0,0,0,0,0,0,7,2,28.6,2.09,0.6,0.0,0.0,3,1,,,,,,,,,,,,,0.0,0.0,0.8940397350993378,0.2980132450331126,,
1115,Zeki Amdouni,SUI,Burnley FC,FW,25,183,4,0,73,0.8,0,0,0,0,0,0,0,0,1,0,0.0,1.23,0.0,0.0,,1,0,,,,,,,,,,,,,0.0,0.0,1.2328767123287672,0.0,,
1117,Luca Jaquez,SUI,VfB Stuttgart,DF,23,187,2,1,78,0.9,0,0,0,0,0,0,0,0,0,0,,0.0,0.0,,,0,1,,,,,,,,,,,,,0.0,0.0,0.0,1.1538461538461537,,
1118,Cedric Itten,SUI,Fortuna Düsseldorf,FW,29,190,3,0,42,0.5,0,0,0,0,0,0,0,0,0,0,,0.0,0.0,,,0,0,,,,,,,,,,,,,0.0,0.0,0.0,0.0,,
1119,Mouhib Chamakh,TUN,Club Africain,GK,24,189,1,1,90,1.0,0,0,0,0,0,0,0,0,0,0,,0.0,0.0,,,0,0,5.0,5.0,6.0,1.0,16.7,0.0,0.0,0.0,0.0,0.0,0.0,,0.0,0.0,0.0,0.0,1.0,0.0
1120,Ali Abdi,TUN,OGC Nice,DF,32,177,3,3,269,3.0,0,0,0,0,0,0,0,0,1,0,0.0,0.33,0.0,0.0,,8,4,,,,,,,,,,,,,0.0,0.0,2.6765799256505574,1.3382899628252787,,
1121,Montassar Talbi,TUN,FC Lorient,DF,28,190,3,3,270,3.0,0,0,0,0,0,0,0,0,1,0,0.0,0.33,0.0,0.0,,2,5,,,,,,,,,,,,,0.0,0.0,0.6666666666666667,1.6666666666666665,,
1122,Omar Rekik,TUN,NK Maribor,DF,24,188,2,2,180,2.0,1,0,1,1,0,0,0,0,1,1,100.0,0.5,0.5,1.0,1.0,2,3,,,,,,,,,,,,,0.5,0.0,1.0,1.5,,
1124,Dylan Bronn,TUN,Servette FC,DF,30,186,1,1,45,0.5,0,0,0,0,0,0,0,0,0,0,,0.0,0.0,,,0,1,,,,,,,,,,,,,0.0,0.0,0.0,2.0,,
1125,Elias Achouri,TUN,FC København,FW,27,187,3,0,43,0.5,0,0,0,0,0,0,0,0,3,1,33.3,6.28,2.09,0.0,0.0,2,0,,,,,,,,,,,,,0.0,0.0,4.186046511627907,0.0,,
1126,Elias Saad,TUN,Hannover 96,FW,26,185,2,2,116,1.3,0,0,0,0,0,0,0,0,1,0,0.0,0.78,0.0,0.0,,1,0,,,,,,,,,,,,,0.0,0.0,0.7758620689655172,0.0,,
1127,Hazem Mastouri,TUN,FC Dynamo Makhachkala,FW,28,191,1,1,89,1.0,1,0,1,1,0,0,0,0,3,2,66.7,3.03,2.02,0.33,0.5,0,1,,,,,,,,,,,,,1.0112359550561798,0.0,0.0,1.0112359550561798,,
1128,Hannibal Mejbri,TUN,Burnley FC,MF,23,177,3,3,270,3.0,0,2,2,0,0,0,0,0,3,1,33.3,1.0,0.33,0.0,0.0,4,1,,,,,,,,,,,,,0.0,0.6666666666666667,1.3333333333333335,0.33333333333333337,,
1129,Ismaël Gharbi,TUN,FC Augsburg,MF,22,180,3,1,127,1.4,0,0,0,0,0,0,0,0,3,0,0.0,2.13,0.0,0.0,,1,1,,,,,,,,,,,,,0.0,0.0,0.7086614173228346,0.7086614173228346,,
1130,Mortadha Ben Ouanes,TUN,Kasımpaşa SK,DF,31,188,1,0,23,0.3,0,0,0,0,0,0,0,0,0,0,,0.0,0.0,,,0,0,,,,,,,,,,,,,0.0,0.0,0.0,0.0,,
1131,Rani Khedira,TUN,1. FC Union Berlin,MF,32,188,3,2,149,1.7,0,0,0,0,0,0,1,0,1,0,0.0,0.6,0.0,0.0,,1,2,,,,,,,,,,,,,0.0,0.0,0.6040268456375839,1.2080536912751678,,
1134,Aymen Dahmen,TUN,CS Sfaxien,GK,29,188,2,2,180,2.0,0,0,0,0,0,0,0,0,0,0,,0.0,0.0,,,0,0,7.0,3.5,12.0,5.0,41.7,0.0,0.0,0.0,0.0,0.0,0.0,,0.0,0.0,0.0,0.0,2.5,0.0
1135,Ellyes Skhiri,TUN,Eintracht Frankfurt,MF,31,185,3,3,250,2.8,0,0,0,0,0,0,0,0,0,0,,0.0,0.0,,,1,2,,,,,,,,,,,,,0.0,0.0,0.36,0.72,,
1137,Firas Chaouat,TUN,Club Africain,FW,30,185,3,0,49,0.5,0,0,0,0,0,0,0,0,0,0,,0.0,0.0,,,0,0,,,,,,,,,,,,,0.0,0.0,0.0,0.0,,
1138,Yan Valery,TUN,BSC Young Boys,DF,27,181,3,3,251,2.8,0,0,0,0,0,0,0,0,0,0,,0.0,0.0,,,1,4,,,,,,,,,,,,,0.0,0.0,0.35856573705179284,1.4342629482071714,,
1144,Sebastian Tounekti,TUN,Celtic FC,MF,23,182,3,1,84,0.9,0,0,0,0,0,0,0,0,0,0,,0.0,0.0,,,0,0,,,,,,,,,,,,,0.0,0.0,0.0,0.0,,
1146,Zeki Çelik,TUR,AS Roma,DF,29,180,2,2,163,1.8,0,0,0,0,0,0,0,0,1,1,100.0,0.55,0.55,0.0,0.0,3,1,,,,,,,,,,,,,0.0,0.0,1.6564417177914113,0.5521472392638037,,
1147,Merih Demiral,TUR,Al Ahli FC,DF,28,190,2,2,180,2.0,0,0,0,0,0,0,0,0,6,2,33.3,3.0,1.0,0.0,0.0,1,1,,,,,,,,,,,,,0.0,0.0,0.5,0.5,,
1148,Çağlar Söyüncü,TUR,Fenerbahçe SK,DF,30,185,1,0,7,0.1,0,0,0,0,0,0,0,0,0,0,,0.0,0.0,,,0,0,,,,,,,,,,,,,0.0,0.0,0.0,0.0,,
1149,Salih Özcan,TUR,Borussia Dortmund,MF,28,182,2,1,100,1.1,0,0,0,0,0,0,0,0,0,0,,0.0,0.0,,,1,4,,,,,,,,,,,,,0.0,0.0,0.9,3.6,,
1150,Orkun Kökçü,TUR,Beşiktaş JK,MF,25,175,3,2,153,1.7,0,1,1,0,0,0,0,0,3,0,0.0,1.76,0.0,0.0,,1,0,,,,,,,,,,,,,0.0,0.5882352941176471,0.5882352941176471,0.0,,
1151,Kerem Aktürkoğlu,TUR,Fenerbahçe SK,FW,27,172,2,2,129,1.4,0,0,0,0,0,0,0,0,3,1,33.3,2.09,0.7,0.0,0.0,1,0,,,,,,,,,,,,,0.0,0.0,0.6976744186046512,0.0,,
1152,Arda Güler,TUR,Real Madrid C. F.,FW,21,175,3,3,270,3.0,1,0,1,1,0,0,0,0,12,4,33.3,4.0,1.33,0.08,0.25,3,2,,,,,,,,,,,,,0.33333333333333337,0.0,1.0,0.6666666666666667,,
1153,Deniz Gül,TUR,FC Porto,FW,21,192,2,0,37,0.4,0,0,0,0,0,0,0,0,2,1,50.0,4.86,2.43,0.0,0.0,0,0,,,,,,,,,,,,,0.0,0.0,0.0,0.0,,
1154,Hakan Çalhanoğlu,TUR,FC Internazionale Milano,MF,32,178,2,2,180,2.0,0,0,0,0,0,0,0,0,11,2,18.2,5.5,1.0,0.0,0.0,3,1,,,,,,,,,,,,,0.0,0.0,1.5,0.5,,
1159,Ozan Kabak,TUR,TSG Hoffenheim,DF,26,187,1,1,90,1.0,0,0,0,0,0,0,0,0,0,0,,0.0,0.0,,,2,0,,,,,,,,,,,,,0.0,0.0,2.0,0.0,,
1160,İsmail Yüksek,TUR,Fenerbahçe SK,MF,27,183,2,2,139,1.5,0,0,0,0,0,0,0,0,5,0,0.0,3.24,0.0,0.0,,5,2,,,,,,,,,,,,,0.0,0.0,3.237410071942446,1.2949640287769786,,
1162,Mert Müldür,TUR,Fenerbahçe SK,DF,27,184,3,1,101,1.1,0,0,0,0,0,0,0,0,3,0,0.0,2.67,0.0,0.0,,2,1,,,,,,,,,,,,,0.0,0.0,1.7821782178217822,0.8910891089108911,,
1163,Yunus Akgün,TUR,Galatasaray SK,FW,25,173,2,1,88,1.0,0,0,0,0,0,0,1,0,0,0,,0.0,0.0,,,0,0,,,,,,,,,,,,,0.0,0.0,0.0,0.0,,
1164,Ferdi Kadioglu,TUR,Brighton & Hove Albion FC,DF,26,174,2,2,159,1.8,0,0,0,0,0,0,0,0,1,0,0.0,0.57,0.0,0.0,,2,1,,,,,,,,,,,,,0.0,0.0,1.1320754716981132,0.5660377358490566,,
1166,Kaan Ayhan,TUR,Galatasaray SK,MF,31,185,1,0,3,0.0,1,0,1,1,0,0,0,0,1,1,100.0,30.0,30.0,1.0,1.0,0,0,,,,,,,,,,,,,30.0,0.0,0.0,0.0,,
1170,Can Uzun,TUR,Eintracht Frankfurt,FW,20,186,2,0,38,0.4,0,1,1,0,0,0,0,0,4,1,25.0,9.47,2.37,0.0,0.0,0,0,,,,,,,,,,,,,0.0,2.3684210526315788,0.0,0.0,,
1171,Sergio Rochet,URU,SC Internacional,GK,33,189,1,0,45,0.5,0,0,0,0,0,0,0,0,0,0,,0.0,0.0,,,0,0,0.0,0.0,0.0,0.0,,0.0,,0.0,0.0,0.0,0.0,,0.0,0.0,0.0,0.0,0.0,0.0
1173,Sebastián Cáceres,URU,Club América,DF,26,180,3,3,270,3.0,0,0,0,0,0,0,0,0,3,0,0.0,1.0,0.0,0.0,,1,2,,,,,,,,,,,,,0.0,0.0,0.33333333333333337,0.6666666666666667,,
1175,Manuel Ugarte,URU,Manchester United FC,MF,25,182,3,3,184,2.0,0,0,0,0,0,0,0,0,3,1,33.3,1.47,0.49,0.0,0.0,1,3,,,,,,,,,,,,,0.0,0.0,0.4891304347826087,1.467391304347826,,
1176,Rodrigo Bentancur,URU,Tottenham Hotspur FC,MF,28,187,3,3,270,3.0,0,0,0,0,0,0,1,0,4,0,0.0,1.33,0.0,0.0,,5,7,,,,,,,,,,,,,0.0,0.0,1.6666666666666665,2.3333333333333335,,
1177,Nicolás De La Cruz,URU,CR Flamengo,MF,29,167,3,0,86,1.0,0,0,0,0,0,0,1,0,4,2,50.0,4.19,2.09,0.0,0.0,1,2,,,,,,,,,,,,,0.0,0.0,1.0465116279069768,2.0930232558139537,,
1178,Federico Valverde,URU,Real Madrid C. F.,MF,27,182,3,3,236,2.6,0,0,0,0,0,0,0,0,10,2,20.0,3.81,0.76,0.0,0.0,2,3,,,,,,,,,,,,,0.0,0.0,0.7627118644067796,1.1440677966101696,,
1179,Darwin Núñez,URU,Al Hilal SC,FW,26,185,3,2,156,1.7,0,0,0,0,0,0,0,0,2,0,0.0,1.15,0.0,0.0,,1,2,,,,,,,,,,,,,0.0,0.0,0.5769230769230769,1.1538461538461537,,
1183,Guillermo Varela,URU,CR Flamengo,DF,33,174,3,3,270,3.0,0,0,0,0,0,0,1,0,2,0,0.0,0.67,0.0,0.0,,1,7,,,,,,,,,,,,,0.0,0.0,0.33333333333333337,2.3333333333333335,,
1184,Agustín Canobbio,URU,Fluminense FC,MF,27,176,3,2,224,2.5,1,0,1,1,0,0,0,1,4,1,25.0,1.61,0.4,0.25,1.0,3,2,,,,,,,,,,,,,0.40178571428571425,0.0,1.2053571428571428,0.8035714285714285,,
1186,Mathías Olivera,URU,SSC Napoli,DF,28,174,3,3,270,3.0,0,0,0,0,0,0,1,0,1,0,0.0,0.33,0.0,0.0,,4,2,,,,,,,,,,,,,0.0,0.0,1.3333333333333335,0.6666666666666667,,
1187,Matías Viña,URU,CA River Plate,DF,28,180,1,1,45,0.5,0,0,0,0,0,0,0,0,0,0,,0.0,0.0,,,0,0,,,,,,,,,,,,,0.0,0.0,0.0,0.0,,
1188,Brian Rodríguez,URU,Club América,FW,26,175,3,0,41,0.5,0,0,0,0,0,0,0,0,3,1,33.3,6.59,2.2,0.0,0.0,0,0,,,,,,,,,,,,,0.0,0.0,0.0,0.0,,
1189,Rodrigo Aguirre,URU,Tigres UANL,FW,31,182,1,0,1,0.0,0,0,0,0,0,0,0,0,0,0,,0.0,0.0,,,0,0,,,,,,,,,,,,,0.0,0.0,0.0,0.0,,
1190,Maxi Araújo,URU,Sporting CP,MF,26,176,3,3,250,2.8,2,1,3,2,0,0,0,0,4,3,75.0,1.44,1.08,0.5,0.67,0,0,,,,,,,,,,,,,0.72,0.36,0.0,0.0,,
1191,Federico Viñas,URU,Real Oviedo,FW,27,181,3,2,192,2.1,0,0,0,0,0,0,0,0,6,3,50.0,2.81,1.41,0.0,0.0,2,1,,,,,,,,,,,,,0.0,0.0,0.9375,0.46875,,
1193,Fernando Muslera,URU,Estudiantes LP,GK,39,190,3,3,225,2.5,0,0,0,0,0,0,0,0,0,0,,0.0,0.0,,,0,0,4.0,1.6,8.0,4.0,50.0,0.0,0.0,0.0,0.0,0.0,0.0,,0.0,0.0,0.0,0.0,1.6,0.0
1197,Matt Turner,USA,New England Revolution,GK,31,190,1,1,90,1.0,0,0,0,0,0,0,0,0,0,0,,0.0,0.0,,,0,0,3.0,3.0,3.0,0.0,0.0,0.0,0.0,0.0,0.0,0.0,0.0,,0.0,0.0,0.0,0.0,0.0,0.0
1198,Sergiño Dest,USA,PSV Eindhoven,DF,25,173,5,4,297,3.3,0,0,0,0,0,0,0,0,3,1,33.3,0.91,0.3,0.0,0.0,1,5,,,,,,,,,,,,,0.0,0.0,0.30303030303030304,1.5151515151515151,,
1199,Chris Richards,USA,Crystal Palace FC,DF,26,189,4,4,360,4.0,0,0,0,0,0,0,1,0,1,0,0.0,0.25,0.0,0.0,,3,4,,,,,,,,,,,,,0.0,0.0,0.75,1.0,,
1200,Tyler Adams,USA,AFC Bournemouth,MF,27,175,4,4,341,3.8,0,0,0,0,0,0,1,0,0,0,,0.0,0.0,,,5,8,,,,,,,,,,,,,0.0,0.0,1.3196480938416424,2.1114369501466275,,
1201,Antonee Robinson,USA,Fulham FC,DF,28,183,4,4,348,3.9,0,0,0,0,0,0,1,0,0,0,,0.0,0.0,,,4,6,,,,,,,,,,,,,0.0,0.0,1.0344827586206897,1.5517241379310345,,
1202,Auston Trusty,USA,Celtic FC,DF,27,190,2,1,101,1.1,1,0,1,1,0,0,0,0,3,2,66.7,2.67,1.78,0.33,0.5,1,4,,,,,,,,,,,,,0.8910891089108911,0.0,0.8910891089108911,3.5643564356435644,,
1204,Weston McKennie,USA,Juventus FC,MF,27,180,5,5,443,4.9,0,0,0,0,0,0,1,0,5,1,20.0,1.02,0.2,0.0,0.0,7,7,,,,,,,,,,,,,0.0,0.0,1.4221218961625284,1.4221218961625284,,
1205,Ricardo Pepi,USA,PSV Eindhoven,FW,23,185,5,2,204,2.3,0,0,0,0,0,0,0,0,5,0,0.0,2.21,0.0,0.0,,1,1,,,,,,,,,,,,,0.0,0.0,0.4411764705882353,0.4411764705882353,,
1206,Christian Pulisic,USA,AC Milan,FW,27,177,4,3,223,2.5,0,1,1,0,0,0,0,0,4,2,50.0,1.61,0.81,0.0,0.0,1,0,,,,,,,,,,,,,0.0,0.40358744394618834,0.40358744394618834,0.0,,
1207,Brenden Aaronson,USA,Leeds United FC,FW,25,177,1,1,76,0.8,0,0,0,0,0,0,0,0,3,1,33.3,3.55,1.18,0.0,0.0,1,0,,,,,,,,,,,,,0.0,0.0,1.1842105263157894,0.0,,
1208,Miles Robinson,USA,FC Cincinnatti,DF,29,187,1,1,90,1.0,0,0,0,0,0,0,0,0,1,0,0.0,1.0,0.0,0.0,,1,1,,,,,,,,,,,,,0.0,0.0,1.0,1.0,,
1209,Tim Ream,USA,Charlotte FC,DF,38,186,4,4,360,4.0,0,0,0,0,0,0,0,0,0,0,,0.0,0.0,,,1,6,,,,,,,,,,,,,0.0,0.0,0.25,1.5,,
1210,Sebastian Berhalter,USA,Vancouver Whitecaps FC,MF,25,175,5,1,187,2.1,1,1,2,1,0,0,1,0,3,1,33.3,1.44,0.48,0.33,1.0,0,3,,,,,,,,,,,,,0.48128342245989303,0.48128342245989303,0.0,1.4438502673796794,,
1212,Alex Freeman,USA,Villarreal CF,DF,21,188,5,4,374,4.2,1,1,2,1,0,0,0,0,4,1,25.0,0.96,0.24,0.25,1.0,6,7,,,,,,,,,,,,,0.24064171122994651,0.24064171122994651,1.4438502673796794,1.6844919786096255,,
1213,Malik Tillman,USA,Bayer 04 Leverkusen,MF,24,187,5,4,356,4.0,2,1,3,2,0,0,1,0,8,4,50.0,2.02,1.01,0.25,0.5,7,5,,,,,,,,,,,,,0.5056179775280899,0.25280898876404495,1.7696629213483146,1.2640449438202246,,
1214,Max Arfsten,USA,Columbus Crew,DF,25,185,1,0,1,0.0,0,0,0,0,0,0,0,0,0,0,,0.0,0.0,,,0,0,,,,,,,,,,,,,0.0,0.0,0.0,0.0,,
1215,Haji Wright,USA,Coventry City FC,FW,28,191,2,0,2,0.0,0,0,0,0,0,0,0,0,0,0,,0.0,0.0,,,0,0,,,,,,,,,,,,,0.0,0.0,0.0,0.0,,
1216,Folarin Balogun,USA,AS Monaco,FW,24,179,4,4,312,3.5,3,0,3,3,0,0,1,1,14,5,35.7,4.04,1.44,0.21,0.6,0,1,,,,,,,,,,,,,0.8653846153846154,0.0,0.0,0.28846153846153844,,
1217,Timothy Weah,USA,Olympique Marseille,FW,26,183,2,1,76,0.8,0,0,0,0,0,0,0,0,2,0,0.0,2.37,0.0,0.0,,0,0,,,,,,,,,,,,,0.0,0.0,0.0,0.0,,
1218,Mark McKenzie,USA,Toulouse FC,DF,27,186,1,1,90,1.0,0,0,0,0,0,0,0,0,0,0,,0.0,0.0,,,1,1,,,,,,,,,,,,,0.0,0.0,1.0,1.0,,
1219,Joe Scally,USA,Borussia Mönchengladbach,DF,23,184,2,1,87,1.0,0,0,0,0,0,0,0,0,0,0,,0.0,0.0,,,1,1,,,,,,,,,,,,,0.0,0.0,1.0344827586206897,1.0344827586206897,,
1220,Matt Freese,USA,New York City FC,GK,27,198,4,4,360,4.0,0,0,0,0,0,0,0,0,0,0,,0.0,0.0,,,0,0,5.0,1.25,13.0,8.0,61.5,2.0,50.0,0.0,0.0,0.0,0.0,,0.0,0.0,0.0,0.0,2.0,0.5
1223,Utkir Yusupov,UZB,PFC Navbahor Namangan,GK,35,185,1,1,90,1.0,0,0,0,0,0,0,0,0,0,0,,0.0,0.0,,,0,0,3.0,3.0,4.0,1.0,25.0,0.0,0.0,0.0,0.0,0.0,0.0,,0.0,0.0,0.0,0.0,1.0,0.0
1224,Abdukodir Khusanov,UZB,Manchester City FC,DF,22,186,3,3,270,3.0,0,0,0,0,0,0,2,0,0,0,,0.0,0.0,,,3,5,,,,,,,,,,,,,0.0,0.0,1.0,1.6666666666666665,,
1225,Khojiakbar Alijonov,UZB,Pakhtakor Tashkent FK,DF,29,180,2,1,135,1.5,0,0,0,0,0,0,0,0,0,0,,0.0,0.0,,,2,5,,,,,,,,,,,,,0.0,0.0,1.3333333333333335,3.333333333333333,,
1226,Farrukh Sayfiev,UZB,FK Neftchi Farg'ona,DF,35,183,1,0,45,0.5,0,0,0,0,0,0,0,0,0,0,,0.0,0.0,,,0,0,,,,,,,,,,,,,0.0,0.0,0.0,0.0,,
1227,Rustam Ashurmatov,UZB,Esteghlal Tehran FC,DF,29,186,3,3,256,2.8,0,0,0,0,0,0,0,0,0,0,,0.0,0.0,,,2,7,,,,,,,,,,,,,0.0,0.0,0.703125,2.4609375,,
1228,Akmal Mozgovoy,UZB,Pakhtakor Tashkent FK,MF,27,180,3,2,216,2.4,0,1,1,0,0,0,0,0,1,0,0.0,0.42,0.0,0.0,,0,2,,,,,,,,,,,,,0.0,0.41666666666666663,0.0,0.8333333333333333,,
1229,Otabek Shukurov,UZB,Baniyas Club,MF,29,183,3,3,237,2.6,0,0,0,0,0,0,0,0,2,0,0.0,0.76,0.0,0.0,,2,0,,,,,,,,,,,,,0.0,0.0,0.7594936708860759,0.0,,
1230,Jamshid Iskanderov,UZB,FK Neftchi Farg'ona,MF,32,171,1,0,9,0.1,0,0,0,0,0,0,0,0,0,0,,0.0,0.0,,,0,0,,,,,,,,,,,,,0.0,0.0,0.0,0.0,,
1233,Oston Urunov,UZB,Persepolis FC,MF,25,181,2,1,63,0.7,0,0,0,0,0,0,0,0,0,0,,0.0,0.0,,,0,1,,,,,,,,,,,,,0.0,0.0,0.0,1.4285714285714284,,
1234,Abduvohid Nematov,UZB,Nasaf Qarshi FC,GK,25,182,2,2,180,2.0,0,0,0,0,0,0,0,0,0,0,,0.0,0.0,,,0,0,8.0,4.0,13.0,5.0,38.5,0.0,0.0,1.0,1.0,0.0,0.0,0.0,0.0,0.0,0.0,0.0,2.5,0.0
1235,Sherzod Nasrullaev,UZB,Pakhtakor Tashkent FK,DF,27,183,3,3,180,2.0,0,0,0,0,0,0,1,0,1,1,100.0,0.5,0.5,0.0,0.0,2,2,,,,,,,,,,,,,0.0,0.0,1.0,1.0,,
1236,Eldor Shomurodov,UZB,Başakşehir FK,FW,30,190,3,3,269,3.0,1,0,1,1,0,0,0,0,4,2,50.0,1.34,0.67,0.25,0.5,4,0,,,,,,,,,,,,,0.33457249070631967,0.0,1.3382899628252787,0.0,,
1239,Dostonbek Khamdamov,UZB,Pakhtakor Tashkent FK,MF,29,178,2,1,103,1.1,0,0,0,0,0,0,0,0,2,0,0.0,1.75,0.0,0.0,,4,2,,,,,,,,,,,,,0.0,0.0,3.495145631067961,1.7475728155339805,,
1240,Abdulla Abdullaev,UZB,Dibba FC,DF,28,181,2,2,180,2.0,0,0,0,0,0,0,0,0,0,0,,0.0,0.0,,,2,3,,,,,,,,,,,,,0.0,0.0,1.0,1.5,,
1242,Azizbek Amonov,UZB,FK Dinamo Samarkand,FW,28,181,1,0,14,0.2,0,0,0,0,0,0,0,0,1,0,0.0,6.43,0.0,0.0,,0,0,,,,,,,,,,,,,0.0,0.0,0.0,0.0,,
1243,Igor Sergeev,UZB,Persepolis FC,FW,33,185,3,0,28,0.3,0,0,0,0,0,0,0,0,0,0,,0.0,0.0,,,0,0,,,,,,,,,,,,,0.0,0.0,0.0,0.0,,
1245,Sherzod Esanov,UZB,FK Buxoro,MF,23,190,1,0,1,0.0,0,0,0,0,0,0,0,0,0,0,,0.0,0.0,,,0,1,,,,,,,,,,,,,0.0,0.0,0.0,90.0,,
1248,Jakhongir Urozov,UZB,FK Dinamo Samarkand,DF,22,190,2,1,95,1.1,0,0,0,0,0,0,0,0,0,0,,0.0,0.0,,,0,1,,,,,,,,,,,,,0.0,0.0,0.0,0.9473684210526315,,
