player_id,fbref_id,player_name,national_team,nationality,club,position,age,height_cm,foot,matches,starts,minutes,90s,goals,assists,yellow_cards,red_cards,shots,shots_on_target,passes_completed,passes_attempted,pass_completion_pct,progressive_passes,key_passes,tackles,tackles_won,interceptions,clearances,blocks,errors,sca,gca,saves,save_percentage,psxg,psxg_plus_minus,sweeper_actions,crosses_stopped,distance_covered,source,fbref_name,match_type,position_standard,national_team_standard,age_standard,club_standard,matches_standard,starts_standard,minutes_standard,90s_standard,goals_standard,assists_standard,goals_assists,goals_minus_pk,penalties,penalties_attempted,yellow_cards_standard,red_cards_standard,rank,position_passing,national_team_passing,age_passing,birth_year,90s_passing,total_passes_completed,total_passes_attempted,total_pass_completion_pct,total_distance,progressive_distance,short_completed,short_attempted,short_completion_pct,medium_completed,medium_attempted,medium_completion_pct,long_completed,long_attempted,long_completion_pct,assists_passing,xag_minus_assists,key_passes_passing,passes_into_final_third,penalty_area_passes,crosses_into_penalty_area,matches_passing
2,,MANDI Aissa,ALG,Algeria,Lille OSC,DF,34,184,,,,,,,,,,,,,,,,,,,,,,,,,,,,,,,,FIFA World Cup 2026 roster,Aïssa Mandi,moved,DF,dz Algeria,34,1.fr Lille,4,4,360,4.0,0,0,0,0,0,0,0,0,563,DF,dz Algeria,34,1991,4.0,,,,,,,,,,,,,,,0,,,,,,Matches
5,,BELAID Zineddine,ALG,Algeria,JS Kabylie,DF,27,186,,,,,,,,,,,,,,,,,,,,,,,,,,,,,,,,FIFA World Cup 2026 roster,Zineddine Belaïd,moved,DF,dz Algeria,27,1.dz JS Kabylie,2,0,25,0.3,0,0,0,0,0,0,0,0,119,DF,dz Algeria,27,1999,0.3,,,,,,,,,,,,,,,0,,,,,,Matches
6,,ZERROUKI Ramiz,ALG,Algeria,FC Twente,MF,28,183,,,,,,,,,,,,,,,,,,,,,,,,,,,,,,,,FIFA World Cup 2026 roster,Ramiz Zerrouki,moved,MF,dz Algeria,28,1.nl Twente,3,2,111,1.2,0,0,0,0,0,0,1,0,1031,MF,dz Algeria,28,1998,1.2,,,,,,,,,,,,,,,0,,,,,,Matches
7,,MAHREZ Riyad,ALG,Algeria,Al Ahli FC,FW,35,179,,,,,,,,,,,,,,,,,,,,,,,,,,,,,,,,FIFA World Cup 2026 roster,Riyad Mahrez,moved,MF,dz Algeria,35,1.sa Al-Ahli,4,3,262,2.9,2,1,3,2,0,0,0,0,555,MF,dz Algeria,35,1991,2.9,,,,,,,,,,,,,,,1,,,,,,Matches
8,,AOUAR Houssem,ALG,Algeria,Al Ittihad,MF,27,175,,,,,,,,,,,,,,,,,,,,,,,,,,,,,,,,FIFA World Cup 2026 roster,Houssem Aouar,moved,MF,dz Algeria,27,1.sa Al-Ittihad,3,2,173,1.9,0,2,2,0,0,0,0,0,72,MF,dz Algeria,27,1998,1.9,,,,,,,,,,,,,,,2,,,,,,Matches
9,,GOUIRI Amine,ALG,Algeria,Olympique Marseille,FW,26,180,,,,,,,,,,,,,,,,,,,,,,,,,,,,,,,,FIFA World Cup 2026 roster,Amine Gouiri,moved,FW,dz Algeria,26,1.fr Marseille,4,3,251,2.8,1,0,1,1,0,0,0,0,353,FW,dz Algeria,26,2000,2.8,,,,,,,,,,,,,,,0,,,,,,Matches
10,,CHAIBI Fares,ALG,Algeria,Eintracht Frankfurt,MF,23,183,,,,,,,,,,,,,,,,,,,,,,,,,,,,,,,,FIFA World Cup 2026 roster,Fares Chaïbi,moved,MF,dz Algeria,23,1.de Frankfurt,4,4,360,4.0,0,0,0,0,0,0,1,0,185,MF,dz Algeria,23,2002,4.0,,,,,,,,,,,,,,,0,,,,,,Matches
11,,HADJ MOUSSA Anis,ALG,Algeria,Feyenoord Rotterdam,FW,24,176,,,,,,,,,,,,,,,,,,,,,,,,,,,,,,,,FIFA World Cup 2026 roster,Anis Hadj Moussa,moved,MF,dz Algeria,24,1.nl Feyenoord,3,1,98,1.1,0,0,0,0,0,0,0,0,376,MF,dz Algeria,24,2002,1.1,,,,,,,,,,,,,,,0,,,,,,Matches
12,,BENBOUALI Nadhir,ALG,Algeria,Györi ETO FC,FW,26,190,,,,,,,,,,,,,,,,,,,,,,,,,,,,,,,,FIFA World Cup 2026 roster,Nadhir Benbouali,moved,FW,dz Algeria,26,1.hu Győr,1,0,45,0.5,1,0,1,1,0,0,0,0,127,FW,dz Algeria,26,2000,0.5,,,,,,,,,,,,,,,0,,,,,,Matches
13,,HADJAM Jaouen,ALG,Algeria,BSC Young Boys,DF,23,185,,,,,,,,,,,,,,,,,,,,,,,,,,,,,,,,FIFA World Cup 2026 roster,Jaouen Hadjam,moved,DF,dz Algeria,23,1.ch Young Boys,3,1,109,1.2,0,0,0,0,0,0,0,0,377,DF,dz Algeria,23,2003,1.2,,,,,,,,,,,,,,,0,,,,,,Matches
14,,BOUDAOUI Hicham,ALG,Algeria,OGC Nice,MF,26,175,,,,,,,,,,,,,,,,,,,,,,,,,,,,,,,,FIFA World Cup 2026 roster,Hicham Boudaoui,moved,MF,dz Algeria,26,1.fr Nice,3,2,128,1.4,0,0,0,0,0,0,1,0,146,MF,dz Algeria,26,1999,1.4,,,,,,,,,,,,,,,0,,,,,,Matches
15,,AIT-NOURI Rayan,ALG,Algeria,Manchester City FC,DF,25,180,,,,,,,,,,,,,,,,,,,,,,,,,,,,,,,,FIFA World Cup 2026 roster,Rayan Aït-Nouri,moved,DF,dz Algeria,25,1.eng Manchester City,4,3,284,3.2,0,0,0,0,0,0,0,0,30,DF,dz Algeria,25,2001,3.2,,,,,,,,,,,,,,,0,,,,,,Matches
16,,BENBOT Oussama,ALG,Algeria,USM Alger,GK,31,188,,,,,,,,,,,,,,,,,,,,,,,,,,,,,,,,FIFA World Cup 2026 roster,Oussama Benbot,moved,GK,dz Algeria,31,1.dz USM Alger,1,1,90,1.0,0,0,0,0,0,0,0,0,126,GK,dz Algeria,31,1994,1.0,,,,,,,,,,,,,,,0,,,,,,Matches
17,,BELGHALI Rafik,ALG,Algeria,Hellas Verona FC,DF,24,180,,,,,,,,,,,,,,,,,,,,,,,,,,,,,,,,FIFA World Cup 2026 roster,Rafik Belghali,moved,DF,dz Algeria,24,1.it Hellas Verona,4,4,331,3.7,1,0,1,1,0,0,0,0,120,DF,dz Algeria,24,2002,3.7,,,,,,,,,,,,,,,0,,,,,,Matches
18,,AMOURA Mohamed,ALG,Algeria,VfL Wolfsburg,FW,26,170,,,,,,,,,,,,,,,,,,,,,,,,,,,,,,,,FIFA World Cup 2026 roster,Mohamed Amoura,moved,"FW,MF",dz Algeria,26,1.de Wolfsburg,1,0,27,0.3,0,0,0,0,0,0,0,0,62,"FW,MF",dz Algeria,26,2000,0.3,,,,,,,,,,,,,,,0,,,,,,Matches
19,,BENTALEB Nabil,ALG,Algeria,Lille OSC,MF,31,189,,,,,,,,,,,,,,,,,,,,,,,,,,,,,,,,FIFA World Cup 2026 roster,Nabil Bentaleb,moved,MF,dz Algeria,31,1.fr Lille,4,3,285,3.2,0,0,0,0,0,0,0,0,130,MF,dz Algeria,31,1994,3.2,,,,,,,,,,,,,,,0,,,,,,Matches
20,,BOULBINA Adil,ALG,Algeria,Al Duhail SC,FW,23,183,,,,,,,,,,,,,,,,,,,,,,,,,,,,,,,,FIFA World Cup 2026 roster,Adil Boulbina,moved,FW,dz Algeria,23,1.qa Al Duhail SC,2,0,19,0.2,0,0,0,0,0,0,0,0,148,FW,dz Algeria,23,2003,0.2,,,,,,,,,,,,,,,0,,,,,,Matches
21,,BENSEBAINI Ramy,ALG,Algeria,Borussia Dortmund,DF,31,187,,,,,,,,,,,,,,,,,,,,,,,,,,,,,,,,FIFA World Cup 2026 roster,Ramy Bensebaini,moved,DF,dz Algeria,31,1.de Dortmund,4,4,360,4.0,0,0,0,0,0,0,0,0,129,DF,dz Algeria,31,1995,4.0,,,,,,,,,,,,,,,0,,,,,,Matches
22,,MAZA Ibrahim,ALG,Algeria,Bayer 04 Leverkusen,MF,20,180,,,,,,,,,,,,,,,,,,,,,,,,,,,,,,,,FIFA World Cup 2026 roster,Ibrahim Maza,moved,"MF,FW",dz Algeria,20,1.de Leverkusen,4,4,351,3.9,0,0,0,0,0,0,0,0,585,"MF,FW",dz Algeria,20,2005,3.9,,,,,,,,,,,,,,,0,,,,,,Matches
23,,ZIDANE Luca,ALG,Algeria,Granada CF,GK,28,183,,,,,,,,,,,,,,,,,,,,,,,,,,,,,,,,FIFA World Cup 2026 roster,Luca Zidane,moved,GK,dz Algeria,28,2.es Granada,3,3,270,3.0,0,0,0,0,0,0,0,0,1032,GK,dz Algeria,28,1998,3.0,,,,,,,,,,,,,,,0,,,,,,Matches
25,,GHEDJEMIS Fares,ALG,Algeria,Frosinone,FW,23,183,,,,,,,,,,,,,,,,,,,,,,,,,,,,,,,,FIFA World Cup 2026 roster,Farés Ghedjemis,moved,"FW,MF",dz Algeria,23,2.it Frosinone,1,0,1,0.0,0,0,0,0,0,0,0,0,336,"FW,MF",dz Algeria,23,2002,0.0,,,,,,,,,,,,,,,0,,,,,,Matches
26,,CHERGUI Samir,ALG,Algeria,Paris FC,DF,27,185,,,,,,,,,,,,,,,,,,,,,,,,,,,,,,,,FIFA World Cup 2026 roster,Samir Chergui,moved,DF,dz Algeria,27,1.fr Paris FC,1,0,20,0.2,0,0,0,0,0,0,0,0,192,DF,dz Algeria,27,1999,0.2,,,,,,,,,,,,,,,0,,,,,,Matches
29,,TAGLIAFICO Nicolas,ARG,Argentina,Olympique Lyonnais,DF,33,172,,,,,,,,,,,,,,,,,,,,,,,,,,,,,,,,FIFA World Cup 2026 roster,Nicolás Tagliafico,moved,DF,ar Argentina,33,1.fr Lyon,7,5,476,5.3,0,0,0,0,0,0,0,0,917,DF,ar Argentina,33,1992,5.3,,,,,,,,,,,,,,,0,,,,,,Matches
30,,MONTIEL Gonzalo,ARG,Argentina,CA River Plate,DF,29,175,,,,,,,,,,,,,,,,,,,,,,,,,,,,,,,,FIFA World Cup 2026 roster,Gonzalo Montiel,moved,DF,ar Argentina,29,1.ar River Plate,6,2,192,2.1,0,1,1,0,0,0,1,0,631,DF,ar Argentina,29,1997,2.1,,,,,,,,,,,,,,,1,,,,,,Matches
31,,PAREDES Leandro,ARG,Argentina,CA Boca Juniors,MF,31,182,,,,,,,,,,,,,,,,,,,,,,,,,,,,,,,,FIFA World Cup 2026 roster,Leandro Paredes,moved,MF,ar Argentina,31,1.ar Boca Juniors,7,4,473,5.3,0,0,0,0,0,0,2,0,713,MF,ar Argentina,31,1994,5.3,,,,,,,,,,,,,,,0,,,,,,Matches
32,,MARTINEZ Lisandro,ARG,Argentina,Manchester United FC,DF,28,175,,,,,,,,,,,,,,,,,,,,,,,,,,,,,,,,FIFA World Cup 2026 roster,Lisandro Martínez,moved,DF,ar Argentina,28,1.eng Manchester Utd,7,7,624,6.9,1,1,2,1,0,0,2,0,576,DF,ar Argentina,28,1998,6.9,,,,,,,,,,,,,,,1,,,,,,Matches
33,,DE PAUL Rodrigo,ARG,Argentina,Inter Miami CF,MF,32,178,,,,,,,,,,,,,,,,,,,,,,,,,,,,,,,,FIFA World Cup 2026 roster,Rodrigo De Paul,moved,MF,ar Argentina,32,1.us Inter Miami,7,6,491,5.5,0,1,1,0,0,0,1,0,239,MF,ar Argentina,32,1994,5.5,,,,,,,,,,,,,,,1,,,,,,Matches
34,,BARCO Valentin,ARG,Argentina,RC Strasbourg,MF,21,172,,,,,,,,,,,,,,,,,,,,,,,,,,,,,,,,FIFA World Cup 2026 roster,Valentín Barco,moved,"DF,MF",ar Argentina,21,1.fr Strasbourg,1,0,20,0.2,0,0,0,0,0,0,0,0,106,"DF,MF",ar Argentina,21,2004,0.2,,,,,,,,,,,,,,,0,,,,,,Matches
35,,ALVAREZ Julian,ARG,Argentina,Atlético De Madrid,FW,26,170,,,,,,,,,,,,,,,,,,,,,,,,,,,,,,,,FIFA World Cup 2026 roster,Julián Álvarez,moved,FW,ar Argentina,26,1.es Atlético Madrid,8,5,602,6.7,1,0,1,1,0,0,0,0,55,FW,ar Argentina,26,2000,6.7,,,,,,,,,,,,,,,0,,,,,,Matches
36,,MESSI Lionel,ARG,Argentina,Inter Miami CF,FW,38,170,,,,,,,,,,,,,,,,,,,,,,,,,,,,,,,,FIFA World Cup 2026 roster,Lionel Messi,moved,FW,ar Argentina,38,1.us Inter Miami,8,7,740,8.2,8,4,12,8,0,2,0,0,613,FW,ar Argentina,38,1987,8.2,,,,,,,,,,,,,,,4,,,,,,Matches
37,,LO CELSO Giovani,ARG,Argentina,Real Betis,MF,30,177,,,,,,,,,,,,,,,,,,,,,,,,,,,,,,,,FIFA World Cup 2026 roster,Giovani Lo Celso,moved,MF,ar Argentina,30,1.es Real Betis,1,1,59,0.7,1,0,1,1,0,0,0,0,534,MF,ar Argentina,30,1996,0.7,,,,,,,,,,,,,,,0,,,,,,Matches
39,,ROMERO Cristian,ARG,Argentina,Tottenham Hotspur FC,DF,28,185,,,,,,,,,,,,,,,,,,,,,,,,,,,,,,,,FIFA World Cup 2026 roster,Cristian Romero,moved,DF,ar Argentina,28,1.eng Tottenham,7,7,608,6.8,1,0,1,1,0,0,2,0,799,DF,ar Argentina,28,1998,6.8,,,,,,,,,,,,,,,0,,,,,,Matches
40,,PALACIOS Exequiel,ARG,Argentina,Bayer 04 Leverkusen,MF,27,177,,,,,,,,,,,,,,,,,,,,,,,,,,,,,,,,FIFA World Cup 2026 roster,Exequiel Palacios,moved,DF,ar Argentina,27,1.de Leverkusen,1,1,90,1.0,0,0,0,0,0,0,0,0,711,DF,ar Argentina,27,1998,1.0,,,,,,,,,,,,,,,0,,,,,,Matches
41,,GONZALEZ Nico,ARG,Argentina,Atlético De Madrid,MF,28,180,,,,,,,,,,,,,,,,,,,,,,,,,,,,,,,,FIFA World Cup 2026 roster,Nicolás González,manual,MF,ar Argentina,28,1.es Atlético Madrid,7,1,259,2.9,0,1,1,0,0,0,0,0,348,MF,ar Argentina,28,1998,2.9,,,,,,,,,,,,,,,1,,,,,,Matches
42,,ALMADA Thiago,ARG,Argentina,Atlético De Madrid,FW,25,171,,,,,,,,,,,,,,,,,,,,,,,,,,,,,,,,FIFA World Cup 2026 roster,Thiago Almada,moved,MF,ar Argentina,25,1.es Atlético Madrid,5,3,241,2.7,0,0,0,0,0,0,1,0,49,MF,ar Argentina,25,2001,2.7,,,,,,,,,,,,,,,0,,,,,,Matches
43,,SIMEONE Giuliano,ARG,Argentina,Atlético De Madrid,FW,23,174,,,,,,,,,,,,,,,,,,,,,,,,,,,,,,,,FIFA World Cup 2026 roster,Giuliano Simeone,moved,FW,ar Argentina,23,1.es Atlético Madrid,3,2,192,2.1,0,0,0,0,0,0,0,0,875,FW,ar Argentina,23,2002,2.1,,,,,,,,,,,,,,,0,,,,,,Matches
44,,PAZ Nico,ARG,Argentina,Como,FW,21,185,,,,,,,,,,,,,,,,,,,,,,,,,,,,,,,,FIFA World Cup 2026 roster,Nicolás Paz,manual,MF,ar Argentina,21,1.it Como,2,1,71,0.8,0,0,0,0,0,0,0,0,721,MF,ar Argentina,21,2004,0.8,,,,,,,,,,,,,,,0,,,,,,Matches
45,,OTAMENDI Nicolas,ARG,Argentina,SL Benfica,DF,38,182,,,,,,,,,,,,,,,,,,,,,,,,,,,,,,,,FIFA World Cup 2026 roster,Nicolás Otamendi,moved,DF,ar Argentina,38,1.pt Benfica,7,1,247,2.7,0,0,0,0,0,0,0,0,701,DF,ar Argentina,38,1988,2.7,,,,,,,,,,,,,,,0,,,,,,Matches
46,,MAC ALLISTER Alexis,ARG,Argentina,Liverpool FC,MF,27,176,,,,,,,,,,,,,,,,,,,,,,,,,,,,,,,,FIFA World Cup 2026 roster,Alexis Mac Allister,moved,MF,ar Argentina,27,1.eng Liverpool,8,7,750,8.3,1,1,2,1,0,0,1,0,546,MF,ar Argentina,27,1998,8.3,,,,,,,,,,,,,,,1,,,,,,Matches
48,,MARTINEZ Lautaro,ARG,Argentina,FC Internazionale Milano,FW,28,175,,,,,,,,,,,,,,,,,,,,,,,,,,,,,,,,FIFA World Cup 2026 roster,Lautaro Martínez,moved,FW,ar Argentina,28,1.it Inter,7,4,310,3.4,3,1,4,2,1,1,1,0,575,FW,ar Argentina,28,1997,3.4,,,,,,,,,,,,,,,1,,,,,,Matches
49,,MARTINEZ Emiliano,ARG,Argentina,Aston Villa FC,GK,33,195,,,,,,,,,,,,,,,,,,,,,,,,,,,,,,,,FIFA World Cup 2026 roster,Emiliano Martínez,moved,GK,ar Argentina,33,1.eng Aston Villa,8,8,810,9.0,0,0,0,0,0,0,0,0,574,GK,ar Argentina,33,1992,9.0,,,,,,,,,,,,,,,0,,,,,,Matches
50,,FERNANDEZ Enzo,ARG,Argentina,Chelsea FC,MF,25,178,,,,,,,,,,,,,,,,,,,,,,,,,,,,,,,,FIFA World Cup 2026 roster,Enzo Fernández,moved,MF,ar Argentina,25,1.eng Chelsea,7,7,659,7.3,2,0,2,2,0,0,2,1,308,MF,ar Argentina,25,2001,7.3,,,,,,,,,,,,,,,0,,,,,,Matches
51,,MEDINA Facundo,ARG,Argentina,Olympique Marseille,DF,27,184,,,,,,,,,,,,,,,,,,,,,,,,,,,,,,,,FIFA World Cup 2026 roster,Facundo Medina,moved,DF,ar Argentina,27,1.fr Marseille,5,3,308,3.4,0,1,1,0,0,0,1,0,601,DF,ar Argentina,27,1999,3.4,,,,,,,,,,,,,,,1,,,,,,Matches
52,,MOLINA Nahuel,ARG,Argentina,Atlético De Madrid,DF,28,179,,,,,,,,,,,,,,,,,,,,,,,,,,,,,,,,FIFA World Cup 2026 roster,Nahuel Molina,moved,DF,ar Argentina,28,1.es Atlético Madrid,7,5,528,5.9,0,0,0,0,0,0,0,0,628,DF,ar Argentina,28,1998,5.9,,,,,,,,,,,,,,,0,,,,,,Matches
53,,RYAN Mathew,AUS,Australia,Levante UD,GK,34,184,,,,,,,,,,,,,,,,,,,,,,,,,,,,,,,,FIFA World Cup 2026 roster,Mathew Ryan,moved,GK,au Australia,34,1.es Levante,1,0,2,0.0,0,0,0,0,0,0,0,0,807,GK,au Australia,34,1992,0.0,,,,,,,,,,,,,,,0,,,,,,Matches
55,,CIRCATI Alessandro,AUS,Australia,Parma,DF,22,191,,,,,,,,,,,,,,,,,,,,,,,,,,,,,,,,FIFA World Cup 2026 roster,Alessandro Circati,moved,DF,au Australia,22,1.it Parma,4,4,390,4.3,0,0,0,0,0,0,1,0,201,DF,au Australia,22,2003,4.3,,,,,,,,,,,,,,,0,,,,,,Matches
56,,ITALIANO Jacob,AUS,Australia,Grazer AK,DF,24,177,,,,,,,,,,,,,,,,,,,,,,,,,,,,,,,,FIFA World Cup 2026 roster,Jacob Italiano,moved,DF,au Australia,24,1.at Grazer AK,2,2,163,1.8,0,0,0,0,0,0,1,0,439,DF,au Australia,24,2001,1.8,,,,,,,,,,,,,,,0,,,,,,Matches
58,,GERIA Jason,AUS,Australia,Albirex Niigata,DF,33,181,,,,,,,,,,,,,,,,,,,,,,,,,,,,,,,,FIFA World Cup 2026 roster,Jason Geria,moved,DF,au Australia,33,2.jp Albirex Niigata,2,0,62,0.7,0,0,0,0,0,0,0,0,332,DF,au Australia,33,1993,0.7,,,,,,,,,,,,,,,0,,,,,,Matches
59,,LECKIE Mathew,AUS,Australia,Melbourne City FC,FW,35,181,,,,,,,,,,,,,,,,,,,,,,,,,,,,,,,,FIFA World Cup 2026 roster,Mathew Leckie,moved,MF,au Australia,35,1.au Melb City,1,1,60,0.7,0,0,0,0,0,0,0,0,525,MF,au Australia,35,1991,0.7,,,,,,,,,,,,,,,0,,,,,,Matches
60,,METCALFE Connor,AUS,Australia,FC St. Pauli,MF,26,183,,,,,,,,,,,,,,,,,,,,,,,,,,,,,,,,FIFA World Cup 2026 roster,Connor Metcalfe,moved,MF,au Australia,26,1.de St Pauli,4,3,315,3.5,1,0,1,1,0,0,0,0,614,MF,au Australia,26,1999,3.5,,,,,,,,,,,,,,,0,,,,,,Matches
62,,HRUSTIC Ajdin,AUS,Australia,SC Heracles Almelo,FW,29,180,,,,,,,,,,,,,,,,,,,,,,,,,,,,,,,,FIFA World Cup 2026 roster,Ajdin Hrustic,moved,MF,au Australia,29,1.nl Heracles Almelo,2,0,80,0.9,0,0,0,0,0,0,0,0,420,MF,au Australia,29,1996,0.9,,,,,,,,,,,,,,,0,,,,,,Matches
63,,MABIL Awer,AUS,Australia,CD Castellón,FW,30,178,,,,,,,,,,,,,,,,,,,,,,,,,,,,,,,,FIFA World Cup 2026 roster,Awer Mabil,moved,"FW,MF",au Australia,30,2.es Castellón,1,0,30,0.3,0,0,0,0,0,0,0,0,545,"FW,MF",au Australia,30,1995,0.3,,,,,,,,,,,,,,,0,,,,,,Matches
65,,ONEILL Aiden,AUS,Australia,New York City FC,MF,27,180,,,,,,,,,,,,,,,,,,,,,,,,,,,,,,,,FIFA World Cup 2026 roster,Aiden O'Neill,manual,MF,au Australia,27,1.us NYCFC,4,4,360,4.0,0,0,0,0,0,0,0,0,680,MF,au Australia,27,1998,4.0,,,,,,,,,,,,,,,0,,,,,,Matches
67,,TREWIN Kai,AUS,Australia,New York City FC,DF,25,183,,,,,,,,,,,,,,,,,,,,,,,,,,,,,,,,FIFA World Cup 2026 roster,Kai Trewin,moved,"DF,MF",au Australia,25,1.us NYCFC,1,0,75,0.8,0,0,0,0,0,0,0,0,949,"DF,MF",au Australia,25,2001,0.8,,,,,,,,,,,,,,,0,,,,,,Matches
68,,BEHICH Aziz,AUS,Australia,Melbourne City FC,DF,35,170,,,,,,,,,,,,,,,,,,,,,,,,,,,,,,,,FIFA World Cup 2026 roster,Aziz Behich,moved,MF,au Australia,35,1.au Melb City,3,2,217,2.4,0,0,0,0,0,0,0,0,116,MF,au Australia,35,1990,2.4,,,,,,,,,,,,,,,0,,,,,,Matches
69,,IRANKUNDA Nestory,AUS,Australia,Watford FC,FW,20,165,,,,,,,,,,,,,,,,,,,,,,,,,,,,,,,,FIFA World Cup 2026 roster,Nestory Irankunda,moved,"FW,MF",au Australia,20,2.eng Watford,4,3,261,2.9,1,0,1,1,0,0,0,0,432,"FW,MF",au Australia,20,2006,2.9,,,,,,,,,,,,,,,0,,,,,,Matches
70,,BEACH Patrick,AUS,Australia,Melbourne City FC,GK,22,189,,,,,,,,,,,,,,,,,,,,,,,,,,,,,,,,FIFA World Cup 2026 roster,Patrick Beach,moved,GK,au Australia,22,1.au Melb City,4,4,388,4.3,0,0,0,0,0,0,0,0,115,GK,au Australia,22,2003,4.3,,,,,,,,,,,,,,,0,,,,,,Matches
71,,SOUTTAR Harry,AUS,Australia,Leicester City FC,DF,27,198,,,,,,,,,,,,,,,,,,,,,,,,,,,,,,,,FIFA World Cup 2026 roster,Harry Souttar,moved,DF,au Australia,27,2.eng Leicester City,4,4,390,4.3,0,0,0,0,0,0,1,0,885,DF,au Australia,27,1998,4.3,,,,,,,,,,,,,,,0,,,,,,Matches
72,,VOLPATO Cristian,AUS,Australia,US Sassuolo,FW,22,187,,,,,,,,,,,,,,,,,,,,,,,,,,,,,,,,FIFA World Cup 2026 roster,Cristian Volpato,moved,MF,au Australia,22,1.it Sassuolo,3,2,160,1.8,0,0,0,0,0,0,0,0,987,MF,au Australia,22,2003,1.8,,,,,,,,,,,,,,,0,,,,,,Matches
73,,BURGESS Cameron,AUS,Australia,Swansea City AFC,DF,30,194,,,,,,,,,,,,,,,,,,,,,,,,,,,,,,,,FIFA World Cup 2026 roster,Cameron Burgess,moved,DF,au Australia,30,2.eng Swansea City,2,2,135,1.5,0,0,0,0,0,0,0,0,160,DF,au Australia,30,1995,1.5,,,,,,,,,,,,,,,0,,,,,,Matches
74,,IRVINE Jackson,AUS,Australia,FC St. Pauli,MF,33,189,,,,,,,,,,,,,,,,,,,,,,,,,,,,,,,,FIFA World Cup 2026 roster,Jackson Irvine,moved,MF,au Australia,33,1.de St Pauli,4,2,223,2.5,0,0,0,0,0,0,1,0,433,MF,au Australia,33,1993,2.5,,,,,,,,,,,,,,,0,,,,,,Matches
75,,VELUPILLAY Nishan,AUS,Australia,Melbourne Victory FC,FW,25,181,,,,,,,,,,,,,,,,,,,,,,,,,,,,,,,,FIFA World Cup 2026 roster,Nishan Velupillay,moved,MF,au Australia,25,1.au Melb. Victory,2,1,75,0.8,0,0,0,0,0,0,0,0,978,MF,au Australia,25,2001,0.8,,,,,,,,,,,,,,,0,,,,,,Matches
76,,OKON-ENGSTLER Paul,AUS,Australia,Sydney FC,MF,21,185,,,,,,,,,,,,,,,,,,,,,,,,,,,,,,,,FIFA World Cup 2026 roster,Paul Okon-Engstler,moved,MF,au Australia,21,1.au Sydney FC,4,2,197,2.2,0,1,1,0,0,0,0,0,689,MF,au Australia,21,2005,2.2,,,,,,,,,,,,,,,1,,,,,,Matches
77,,HERRINGTON Lucas,AUS,Australia,Colorado Rapids,DF,18,193,,,,,,,,,,,,,,,,,,,,,,,,,,,,,,,,FIFA World Cup 2026 roster,Lucas Herrington,moved,DF,au Australia,18,1.us Colorado Rapids,2,2,210,2.3,0,0,0,0,0,0,0,0,411,DF,au Australia,18,2007,2.3,,,,,,,,,,,,,,,0,,,,,,Matches
78,,YENGI Tete,AUS,Australia,FC Machida Zelvia,FW,25,197,,,,,,,,,,,,,,,,,,,,,,,,,,,,,,,,FIFA World Cup 2026 roster,Tete Yengi,moved,FW,au Australia,25,1.jp Machida Zelvia,2,0,24,0.3,0,0,0,0,0,0,0,0,1017,FW,au Australia,25,2000,0.3,,,,,,,,,,,,,,,0,,,,,,Matches
79,,SCHLAGER Alexander,AUT,Austria,FC Red Bull Salzburg,GK,30,188,,,,,,,,,,,,,,,,,,,,,,,,,,,,,,,,FIFA World Cup 2026 roster,Alexander Schlager,moved,GK,at Austria,30,1.at RB Salzburg,4,4,360,4.0,0,0,0,0,0,0,0,0,840,GK,at Austria,30,1996,4.0,,,,,,,,,,,,,,,0,,,,,,Matches
81,,DANSO Kevin,AUT,Austria,Tottenham Hotspur FC,DF,27,190,,,,,,,,,,,,,,,,,,,,,,,,,,,,,,,,FIFA World Cup 2026 roster,Kevin Danso,moved,DF,at Austria,27,1.eng Tottenham,4,2,241,2.7,0,0,0,0,0,0,0,0,225,DF,at Austria,27,1998,2.7,,,,,,,,,,,,,,,0,,,,,,Matches
82,,SCHLAGER Xaver,AUT,Austria,RB Leipzig,MF,28,174,,,,,,,,,,,,,,,,,,,,,,,,,,,,,,,,FIFA World Cup 2026 roster,Xaver Schlager,moved,MF,at Austria,28,1.de RB Leipzig,4,4,238,2.6,0,1,1,0,0,0,0,0,841,MF,at Austria,28,1997,2.6,,,,,,,,,,,,,,,1,,,,,,Matches
83,,POSCH Stefan,AUT,Austria,1. FSV Mainz 05,DF,29,188,,,,,,,,,,,,,,,,,,,,,,,,,,,,,,,,FIFA World Cup 2026 roster,Stefan Posch,moved,DF,at Austria,29,1.de Mainz 05,4,4,331,3.7,0,0,0,0,0,0,2,0,743,DF,at Austria,29,1997,3.7,,,,,,,,,,,,,,,0,,,,,,Matches
84,,SEIWALD Nicolas,AUT,Austria,RB Leipzig,MF,25,179,,,,,,,,,,,,,,,,,,,,,,,,,,,,,,,,FIFA World Cup 2026 roster,Nicolas Seiwald,moved,MF,at Austria,25,1.de RB Leipzig,4,4,315,3.5,0,0,0,0,0,0,0,0,847,MF,at Austria,25,2001,3.5,,,,,,,,,,,,,,,0,,,,,,Matches
85,,ARNAUTOVIC Marko,AUT,Austria,FK Crvena Zvezda,FW,37,192,,,,,,,,,,,,,,,,,,,,,,,,,,,,,,,,FIFA World Cup 2026 roster,Marko Arnautović,moved,FW,at Austria,37,1.rs Red Star,4,1,144,1.6,2,0,2,1,1,1,1,0,83,FW,at Austria,37,1989,1.6,,,,,,,,,,,,,,,0,,,,,,Matches
86,,ALABA David,AUT,Austria,Real Madrid C. F.,DF,33,180,,,,,,,,,,,,,,,,,,,,,,,,,,,,,,,,FIFA World Cup 2026 roster,David Alaba,moved,DF,at Austria,33,1.es Real Madrid,4,4,275,3.1,0,1,1,0,0,0,0,0,38,DF,at Austria,33,1992,3.1,,,,,,,,,,,,,,,1,,,,,,Matches
87,,SABITZER Marcel,AUT,Austria,Borussia Dortmund,MF,32,178,,,,,,,,,,,,,,,,,,,,,,,,,,,,,,,,FIFA World Cup 2026 roster,Marcel Sabitzer,moved,MF,at Austria,32,1.de Dortmund,4,4,360,4.0,1,0,1,1,0,0,1,0,813,MF,at Austria,32,1994,4.0,,,,,,,,,,,,,,,0,,,,,,Matches
88,,GRILLITSCH Florian,AUT,Austria,SC Braga,MF,30,186,,,,,,,,,,,,,,,,,,,,,,,,,,,,,,,,FIFA World Cup 2026 roster,Florian Grillitsch,moved,"DF,MF",at Austria,30,1.pt Braga,2,0,90,1.0,0,0,0,0,0,0,0,0,356,"DF,MF",at Austria,30,1995,1.0,,,,,,,,,,,,,,,0,,,,,,Matches
89,,GREGORITSCH Michael,AUT,Austria,FC Augsburg,FW,32,193,,,,,,,,,,,,,,,,,,,,,,,,,,,,,,,,FIFA World Cup 2026 roster,Michael Gregoritsch,moved,FW,at Austria,32,1.de Augsburg,3,2,188,2.1,0,1,1,0,0,0,0,0,355,FW,at Austria,32,1994,2.1,,,,,,,,,,,,,,,1,,,,,,Matches
92,,KALAJDZIC Sasa,AUT,Austria,LASK Linz,FW,28,200,,,,,,,,,,,,,,,,,,,,,,,,,,,,,,,,FIFA World Cup 2026 roster,Saša Kalajdžić,moved,FW,at Austria,28,1.at LASK,3,1,77,0.9,1,0,1,1,0,0,0,0,469,FW,at Austria,28,1997,0.9,,,,,,,,,,,,,,,0,,,,,,Matches
93,,LIENHART Philipp,AUT,Austria,SC Freiburg,DF,29,189,,,,,,,,,,,,,,,,,,,,,,,,,,,,,,,,FIFA World Cup 2026 roster,Philipp Lienhart,moved,DF,at Austria,29,1.de Freiburg,2,2,180,2.0,0,0,0,0,0,0,0,0,528,DF,at Austria,29,1996,2.0,,,,,,,,,,,,,,,0,,,,,,Matches
94,,MWENE Phillip,AUT,Austria,1. FSV Mainz 05,DF,32,170,,,,,,,,,,,,,,,,,,,,,,,,,,,,,,,,FIFA World Cup 2026 roster,Phillipp Mwene,manual,DF,at Austria,32,1.de Mainz 05,2,2,147,1.6,0,0,0,0,0,0,0,0,651,DF,at Austria,32,1994,1.6,,,,,,,,,,,,,,,0,,,,,,Matches
95,,CHUKWUEMEKA Carney,AUT,Austria,Borussia Dortmund,MF,22,187,,,,,,,,,,,,,,,,,,,,,,,,,,,,,,,,FIFA World Cup 2026 roster,Carney Chukwuemeka,moved,MF,at Austria,22,1.de Dortmund,3,0,83,0.9,0,0,0,0,0,0,0,0,198,MF,at Austria,22,2003,0.9,,,,,,,,,,,,,,,0,,,,,,Matches
96,,SCHMID Romano,AUT,Austria,SV Werder Bremen,MF,26,168,,,,,,,,,,,,,,,,,,,,,,,,,,,,,,,,FIFA World Cup 2026 roster,Romano Schmid,moved,"MF,FW",at Austria,26,1.de Werder Bremen,4,4,263,2.9,1,0,1,1,0,0,0,0,843,"MF,FW",at Austria,26,2000,2.9,,,,,,,,,,,,,,,0,,,,,,Matches
98,,LAIMER Konrad,AUT,Austria,FC Bayern München,MF,29,180,,,,,,,,,,,,,,,,,,,,,,,,,,,,,,,,FIFA World Cup 2026 roster,Konrad Laimer,moved,"MF,DF",at Austria,29,1.de Bayern Munich,4,4,360,4.0,0,1,1,0,0,0,1,0,514,"MF,DF",at Austria,29,1997,4.0,,,,,,,,,,,,,,,1,,,,,,Matches
99,,WIMMER Patrick,AUT,Austria,VfL Wolfsburg,FW,25,182,,,,,,,,,,,,,,,,,,,,,,,,,,,,,,,,FIFA World Cup 2026 roster,Patrick Wimmer,moved,"FW,MF",at Austria,25,1.de Wolfsburg,2,0,21,0.2,0,0,0,0,0,0,0,0,1004,"FW,MF",at Austria,25,2001,0.2,,,,,,,,,,,,,,,0,,,,,,Matches
100,,PRASS Alexander,AUT,Austria,TSG Hoffenheim,MF,25,180,,,,,,,,,,,,,,,,,,,,,,,,,,,,,,,,FIFA World Cup 2026 roster,Alexander Prass,moved,"DF,MF",at Austria,25,1.de Hoffenheim,2,0,29,0.3,0,0,0,0,0,0,0,0,744,"DF,MF",at Austria,25,2001,0.3,,,,,,,,,,,,,,,0,,,,,,Matches
101,,FRIEDL Marco,AUT,Austria,SV Werder Bremen,DF,28,187,,,,,,,,,,,,,,,,,,,,,,,,,,,,,,,,FIFA World Cup 2026 roster,Marco Friedl,moved,DF,at Austria,28,1.de Werder Bremen,1,0,24,0.3,0,0,0,0,0,0,0,0,321,DF,at Austria,28,1998,0.3,,,,,,,,,,,,,,,0,,,,,,Matches
102,,WANNER Paul,AUT,Austria,PSV Eindhoven,MF,20,185,,,,,,,,,,,,,,,,,,,,,,,,,,,,,,,,FIFA World Cup 2026 roster,Paul Wanner,moved,MF,at Austria,20,1.nl PSV,4,2,234,2.6,0,0,0,0,0,0,0,0,993,MF,at Austria,20,2005,2.6,,,,,,,,,,,,,,,0,,,,,,Matches
105,,COURTOIS Thibaut,BEL,Belgium,Real Madrid C. F.,GK,34,199,,,,,,,,,,,,,,,,,,,,,,,,,,,,,,,,FIFA World Cup 2026 roster,Thibaut Courtois,moved,GK,be Belgium,34,1.es Real Madrid,6,6,550,6.1,0,0,0,0,0,0,0,0,213,GK,be Belgium,34,1992,6.1,,,,,,,,,,,,,,,0,,,,,,Matches
107,,THEATE Arthur,BEL,Belgium,Eintracht Frankfurt,DF,26,185,,,,,,,,,,,,,,,,,,,,,,,,,,,,,,,,FIFA World Cup 2026 roster,Arthur Theate,moved,DF,be Belgium,26,1.de Frankfurt,3,2,228,2.5,0,0,0,0,0,0,0,0,928,DF,be Belgium,26,2000,2.5,,,,,,,,,,,,,,,0,,,,,,Matches
108,,MECHELE Brandon,BEL,Belgium,Club Brugge,DF,33,190,,,,,,,,,,,,,,,,,,,,,,,,,,,,,,,,FIFA World Cup 2026 roster,Brandon Mechele,moved,DF,be Belgium,33,1.be Club Brugge,6,6,570,6.3,0,0,0,0,0,0,1,0,600,DF,be Belgium,33,1993,6.3,,,,,,,,,,,,,,,0,,,,,,Matches
109,,DE CUYPER Maxim,BEL,Belgium,Brighton & Hove Albion FC,DF,25,182,,,,,,,,,,,,,,,,,,,,,,,,,,,,,,,,FIFA World Cup 2026 roster,Maxim De Cuyper,moved,DF,be Belgium,25,1.eng Brighton,6,5,442,4.9,0,0,0,0,0,0,1,0,235,DF,be Belgium,25,2000,4.9,,,,,,,,,,,,,,,0,,,,,,Matches
110,,WITSEL Axel,BEL,Belgium,Girona FC,MF,37,186,,,,,,,,,,,,,,,,,,,,,,,,,,,,,,,,FIFA World Cup 2026 roster,Axel Witsel,moved,"DF,MF",be Belgium,37,1.es Girona,2,0,33,0.4,0,0,0,0,0,0,1,0,1007,"DF,MF",be Belgium,37,1989,0.4,,,,,,,,,,,,,,,0,,,,,,Matches
111,,DE BRUYNE Kevin,BEL,Belgium,SSC Napoli,MF,34,181,,,,,,,,,,,,,,,,,,,,,,,,,,,,,,,,FIFA World Cup 2026 roster,Kevin De Bruyne,moved,MF,be Belgium,34,1.it Napoli,5,5,382,4.2,1,0,1,1,0,0,1,0,234,MF,be Belgium,34,1991,4.2,,,,,,,,,,,,,,,0,,,,,,Matches
112,,TIELEMANS Youri,BEL,Belgium,Aston Villa FC,MF,29,176,,,,,,,,,,,,,,,,,,,,,,,,,,,,,,,,FIFA World Cup 2026 roster,Youri Tielemans,moved,MF,be Belgium,29,1.eng Aston Villa,5,5,474,5.3,2,0,2,1,1,1,0,0,936,MF,be Belgium,29,1997,5.3,,,,,,,,,,,,,,,0,,,,,,Matches
113,,LUKAKU Romelu,BEL,Belgium,SSC Napoli,FW,33,190,,,,,,,,,,,,,,,,,,,,,,,,,,,,,,,,FIFA World Cup 2026 roster,Romelu Lukaku,moved,FW,be Belgium,33,1.it Napoli,6,1,233,2.6,3,1,4,3,0,0,1,0,542,FW,be Belgium,33,1993,2.6,,,,,,,,,,,,,,,1,,,,,,Matches
114,,TROSSARD Leandro,BEL,Belgium,Arsenal FC,FW,31,172,,,,,,,,,,,,,,,,,,,,,,,,,,,,,,,,FIFA World Cup 2026 roster,Leandro Trossard,moved,"MF,FW",be Belgium,31,1.eng Arsenal,6,6,506,5.6,2,2,4,2,0,0,0,0,952,"MF,FW",be Belgium,31,1994,5.6,,,,,,,,,,,,,,,2,,,,,,Matches
115,,DOKU Jeremy,BEL,Belgium,Manchester City FC,FW,24,173,,,,,,,,,,,,,,,,,,,,,,,,,,,,,,,,FIFA World Cup 2026 roster,Jeremy Doku,moved,MF,be Belgium,24,1.eng Manchester City,5,4,309,3.4,0,0,0,0,0,0,0,0,266,MF,be Belgium,24,2002,3.4,,,,,,,,,,,,,,,0,,,,,,Matches
116,,LAMMENS Senne,BEL,Belgium,Manchester United FC,GK,23,193,,,,,,,,,,,,,,,,,,,,,,,,,,,,,,,,FIFA World Cup 2026 roster,Senne Lammens,moved,GK,be Belgium,23,1.eng Manchester Utd,1,0,20,0.2,0,0,0,0,0,0,0,0,516,GK,be Belgium,23,2002,0.2,,,,,,,,,,,,,,,0,,,,,,Matches
118,,LUKEBAKIO Dodi,BEL,Belgium,SL Benfica,FW,28,184,,,,,,,,,,,,,,,,,,,,,,,,,,,,,,,,FIFA World Cup 2026 roster,Dodi Lukebakio,moved,MF,be Belgium,28,1.pt Benfica,3,1,164,1.8,0,0,0,0,0,0,0,0,543,MF,be Belgium,28,1997,1.8,,,,,,,,,,,,,,,0,,,,,,Matches
119,,MEUNIER Thomas,BEL,Belgium,Lille OSC,DF,34,190,,,,,,,,,,,,,,,,,,,,,,,,,,,,,,,,FIFA World Cup 2026 roster,Thomas Meunier,moved,DF,be Belgium,34,1.fr Lille,3,2,190,2.1,0,1,1,0,0,0,0,0,615,DF,be Belgium,34,1991,2.1,,,,,,,,,,,,,,,1,,,,,,Matches
121,,DE KETELAERE Charles,BEL,Belgium,Atalanta Bergamo,FW,25,192,,,,,,,,,,,,,,,,,,,,,,,,,,,,,,,,FIFA World Cup 2026 roster,Charles De Ketelaere,moved,"FW,MF",be Belgium,25,1.it Atalanta,5,5,350,3.9,3,1,4,3,0,0,0,0,237,"FW,MF",be Belgium,25,2001,3.9,,,,,,,,,,,,,,,1,,,,,,Matches
122,,SEYS Joaquin,BEL,Belgium,Club Brugge,DF,21,178,,,,,,,,,,,,,,,,,,,,,,,,,,,,,,,,FIFA World Cup 2026 roster,Joaquin Seys,moved,DF,be Belgium,21,1.be Club Brugge,1,0,30,0.3,0,0,0,0,0,0,0,0,860,DF,be Belgium,21,2005,0.3,,,,,,,,,,,,,,,0,,,,,,Matches
123,,MOREIRA Diego,BEL,Belgium,RC Strasbourg,MF,21,179,,,,,,,,,,,,,,,,,,,,,,,,,,,,,,,,FIFA World Cup 2026 roster,Diego Moreira,moved,MF,be Belgium,21,1.fr Strasbourg,1,0,58,0.6,0,0,0,0,0,0,0,0,634,MF,be Belgium,21,2004,0.6,,,,,,,,,,,,,,,0,,,,,,Matches
124,,VANAKEN Hans,BEL,Belgium,Club Brugge,MF,33,195,,,,,,,,,,,,,,,,,,,,,,,,,,,,,,,,FIFA World Cup 2026 roster,Hans Vanaken,moved,MF,be Belgium,33,1.be Club Brugge,6,3,319,3.5,1,2,3,1,0,0,0,0,967,MF,be Belgium,33,1992,3.5,,,,,,,,,,,,,,,2,,,,,,Matches
125,,CASTAGNE Timothy,BEL,Belgium,Fulham FC,DF,30,185,,,,,,,,,,,,,,,,,,,,,,,,,,,,,,,,FIFA World Cup 2026 roster,Timothy Castagne,moved,DF,be Belgium,30,1.eng Fulham,6,5,478,5.3,0,1,1,0,0,0,1,0,180,DF,be Belgium,30,1995,5.3,,,,,,,,,,,,,,,1,,,,,,Matches
126,,SAELEMAEKERS Alexis,BEL,Belgium,AC Milan,MF,26,180,,,,,,,,,,,,,,,,,,,,,,,,,,,,,,,,FIFA World Cup 2026 roster,Alexis Saelemaekers,moved,MF,be Belgium,26,1.it Milan,4,1,83,0.9,1,0,1,1,0,0,0,0,816,MF,be Belgium,26,1999,0.9,,,,,,,,,,,,,,,0,,,,,,Matches
127,,RASKIN Nicolas,BEL,Belgium,Rangers FC,MF,25,178,,,,,,,,,,,,,,,,,,,,,,,,,,,,,,,,FIFA World Cup 2026 roster,Nicolas Raskin,moved,MF,be Belgium,25,1.sct Rangers,6,3,341,3.8,0,2,2,0,0,0,0,0,769,MF,be Belgium,25,2001,3.8,,,,,,,,,,,,,,,2,,,,,,Matches
128,,ONANA Amadou,BEL,Belgium,Aston Villa FC,MF,24,192,,,,,,,,,,,,,,,,,,,,,,,,,,,,,,,,FIFA World Cup 2026 roster,Amadou Onana,moved,MF,be Belgium,24,1.eng Aston Villa,4,2,106,1.2,0,0,0,0,0,0,0,0,696,MF,be Belgium,24,2001,1.2,,,,,,,,,,,,,,,0,,,,,,Matches
129,,NGOY Nathan,BEL,Belgium,Lille OSC,DF,23,183,,,,,,,,,,,,,,,,,,,,,,,,,,,,,,,,FIFA World Cup 2026 roster,Nathan Ngoy,moved,DF,be Belgium,23,1.fr Lille,4,4,335,3.7,0,0,0,0,0,0,0,1,668,DF,be Belgium,23,2003,3.7,,,,,,,,,,,,,,,0,,,,,,Matches
130,,FERNANDEZ-PARDO Matias,BEL,Belgium,Lille OSC,FW,21,188,,,,,,,,,,,,,,,,,,,,,,,,,,,,,,,,FIFA World Cup 2026 roster,Matias Fernandez-Pardo,moved,"FW,MF",be Belgium,21,1.fr Lille,3,0,44,0.5,0,0,0,0,0,0,0,0,309,"FW,MF",be Belgium,21,2005,0.5,,,,,,,,,,,,,,,0,,,,,,Matches
131,,VASILJ Nikola,BIH,Bosnia And Herzegovina,FC St. Pauli,GK,30,193,,,,,,,,,,,,,,,,,,,,,,,,,,,,,,,,FIFA World Cup 2026 roster,Nikola Vasilj,moved,GK,ba Bosnia–Herz,30,1.de St Pauli,4,4,360,4.0,0,0,0,0,0,0,0,0,973,GK,ba Bosnia–Herz,30,1995,4.0,,,,,,,,,,,,,,,0,,,,,,Matches
133,,HADZIKADUNIC Dennis,BIH,Bosnia And Herzegovina,UC Sampdoria,DF,27,191,,,,,,,,,,,,,,,,,,,,,,,,,,,,,,,,FIFA World Cup 2026 roster,Dennis Hadžikadunić,moved,DF,ba Bosnia–Herz,27,2.it Sampdoria,1,0,27,0.3,0,1,1,0,0,0,0,0,379,DF,ba Bosnia–Herz,27,1998,0.3,,,,,,,,,,,,,,,1,,,,,,Matches
134,,MUHAREMOVIC Tarik,BIH,Bosnia And Herzegovina,US Sassuolo,DF,23,192,,,,,,,,,,,,,,,,,,,,,,,,,,,,,,,,FIFA World Cup 2026 roster,Tarik Muharemovic,moved,DF,ba Bosnia–Herz,23,1.it Sassuolo,3,3,259,2.9,0,0,0,0,0,0,0,1,643,DF,ba Bosnia–Herz,23,2003,2.9,,,,,,,,,,,,,,,0,,,,,,Matches
135,,KOLASINAC Sead,BIH,Bosnia And Herzegovina,Atalanta Bergamo,DF,32,183,,,,,,,,,,,,,,,,,,,,,,,,,,,,,,,,FIFA World Cup 2026 roster,Sead Kolašinac,moved,DF,ba Bosnia–Herz,32,1.it Atalanta,4,4,337,3.7,0,1,1,0,0,0,0,0,495,DF,ba Bosnia–Herz,32,1993,3.7,,,,,,,,,,,,,,,1,,,,,,Matches
136,,TAHIROVIC Benjamin,BIH,Bosnia And Herzegovina,Brøndby IF,MF,23,191,,,,,,,,,,,,,,,,,,,,,,,,,,,,,,,,FIFA World Cup 2026 roster,Benjamin Tahirovic,moved,MF,ba Bosnia–Herz,23,1.dk Brøndby,4,2,237,2.6,0,0,0,0,0,0,0,0,919,MF,ba Bosnia–Herz,23,2003,2.6,,,,,,,,,,,,,,,0,,,,,,Matches
137,,DEDIC Amar,BIH,Bosnia And Herzegovina,SL Benfica,DF,23,180,,,,,,,,,,,,,,,,,,,,,,,,,,,,,,,,FIFA World Cup 2026 roster,Amar Dedić,moved,DF,ba Bosnia–Herz,23,1.pt Benfica,3,3,270,3.0,0,0,0,0,0,0,1,0,240,DF,ba Bosnia–Herz,23,2002,3.0,,,,,,,,,,,,,,,0,,,,,,Matches
138,,GIGOVIC Armin,BIH,Bosnia And Herzegovina,BSC Young Boys,MF,24,187,,,,,,,,,,,,,,,,,,,,,,,,,,,,,,,,FIFA World Cup 2026 roster,Armin Gigovic,moved,MF,ba Bosnia–Herz,24,1.ch Young Boys,2,1,79,0.9,0,0,0,0,0,0,0,0,340,MF,ba Bosnia–Herz,24,2002,0.9,,,,,,,,,,,,,,,0,,,,,,Matches
139,,BAZDAR Samed,BIH,Bosnia And Herzegovina,Jagiellonia Białystok,FW,22,189,,,,,,,,,,,,,,,,,,,,,,,,,,,,,,,,FIFA World Cup 2026 roster,Samed Baždar,moved,FW,ba Bosnia–Herz,22,1.de Gladbach,1,0,29,0.3,0,0,0,0,0,0,0,0,113,FW,ba Bosnia–Herz,22,2004,0.3,,,,,,,,,,,,,,,0,,,,,,Matches
140,,DEMIROVIC Ermedin,BIH,Bosnia And Herzegovina,VfB Stuttgart,FW,28,185,,,,,,,,,,,,,,,,,,,,,,,,,,,,,,,,FIFA World Cup 2026 roster,Ermedin Demirović,moved,FW,ba Bosnia–Herz,28,1.de Stuttgart,4,4,354,3.9,0,0,0,0,0,0,1,0,245,FW,ba Bosnia–Herz,28,1998,3.9,,,,,,,,,,,,,,,0,,,,,,Matches
141,,DZEKO Edin,BIH,Bosnia And Herzegovina,FC Schalke 04,FW,40,192,,,,,,,,,,,,,,,,,,,,,,,,,,,,,,,,FIFA World Cup 2026 roster,Edin Džeko,moved,FW,ba Bosnia–Herz,40,2.de Schalke 04,3,3,176,2.0,0,0,0,0,0,0,1,0,276,FW,ba Bosnia–Herz,40,1986,2.0,,,,,,,,,,,,,,,0,,,,,,Matches
143,,BASIC Ivan,BIH,Bosnia And Herzegovina,FC Astana,MF,24,178,,,,,,,,,,,,,,,,,,,,,,,,,,,,,,,,FIFA World Cup 2026 roster,Ivan Bašić,moved,MF,ba Bosnia–Herz,24,1.kz FC Astana,3,2,179,2.0,0,1,1,0,0,0,0,0,109,MF,ba Bosnia–Herz,24,2002,2.0,,,,,,,,,,,,,,,1,,,,,,Matches
144,,SUNJIC Ivan,BIH,Bosnia And Herzegovina,Pafos FC,MF,29,183,,,,,,,,,,,,,,,,,,,,,,,,,,,,,,,,FIFA World Cup 2026 roster,Ivan Šunjić,moved,MF,ba Bosnia–Herz,29,1.cy Pafos FC,4,3,196,2.2,0,0,0,0,0,0,0,0,905,MF,ba Bosnia–Herz,29,1996,2.2,,,,,,,,,,,,,,,0,,,,,,Matches
145,,MEMIC Amar,BIH,Bosnia And Herzegovina,FC Viktoria Plzeň,MF,25,176,,,,,,,,,,,,,,,,,,,,,,,,,,,,,,,,FIFA World Cup 2026 roster,Amar Memić,moved,MF,ba Bosnia–Herz,25,1.cz Viktoria Plzeň,4,2,224,2.5,0,0,0,0,0,0,0,0,604,MF,ba Bosnia–Herz,25,2001,2.5,,,,,,,,,,,,,,,0,,,,,,Matches
146,,HADZIAHMETOVIC Amir,BIH,Bosnia And Herzegovina,Hull City FC,MF,29,179,,,,,,,,,,,,,,,,,,,,,,,,,,,,,,,,FIFA World Cup 2026 roster,Amir Hadžiahmetović,moved,MF,ba Bosnia–Herz,29,2.eng Hull City,1,0,6,0.1,0,0,0,0,0,0,0,0,378,MF,ba Bosnia–Herz,29,1997,0.1,,,,,,,,,,,,,,,0,,,,,,Matches
147,,BURNIC Dzenis,BIH,Bosnia And Herzegovina,Karlsruher SC,MF,28,182,,,,,,,,,,,,,,,,,,,,,,,,,,,,,,,,FIFA World Cup 2026 roster,Dženis Burnić,moved,MF,ba Bosnia–Herz,28,2.de Karlsruher,2,0,16,0.2,0,0,0,0,0,0,0,0,162,MF,ba Bosnia–Herz,28,1998,0.2,,,,,,,,,,,,,,,0,,,,,,Matches
148,,KATIC Nikola,BIH,Bosnia And Herzegovina,FC Schalke 04,DF,29,194,,,,,,,,,,,,,,,,,,,,,,,,,,,,,,,,FIFA World Cup 2026 roster,Nikola Katić,moved,DF,ba Bosnia–Herz,29,2.de Schalke 04,4,4,317,3.5,0,0,0,0,0,0,1,0,480,DF,ba Bosnia–Herz,29,1996,3.5,,,,,,,,,,,,,,,0,,,,,,Matches
149,,ALAJBEGOVIC Kerim,BIH,Bosnia And Herzegovina,FC Red Bull Salzburg,FW,18,186,,,,,,,,,,,,,,,,,,,,,,,,,,,,,,,,FIFA World Cup 2026 roster,Kerim Alajbegović,moved,MF,ba Bosnia–Herz,18,1.at RB Salzburg,4,3,277,3.1,1,0,1,1,0,0,0,0,39,MF,ba Bosnia–Herz,18,2007,3.1,,,,,,,,,,,,,,,0,,,,,,Matches
150,,BAJRAKTAREVIC Esmir,BIH,Bosnia And Herzegovina,PSV Eindhoven,FW,21,175,,,,,,,,,,,,,,,,,,,,,,,,,,,,,,,,FIFA World Cup 2026 roster,Esmir Bajraktarevic,moved,MF,ba Bosnia–Herz,21,1.nl PSV,4,2,230,2.6,0,0,0,0,0,0,0,0,100,MF,ba Bosnia–Herz,21,2005,2.6,,,,,,,,,,,,,,,0,,,,,,Matches
151,,RADELJIC Stjepan,BIH,Bosnia And Herzegovina,HNK Rijeka,DF,28,201,,,,,,,,,,,,,,,,,,,,,,,,,,,,,,,,FIFA World Cup 2026 roster,Stjepan Radeljić,moved,DF,ba Bosnia–Herz,28,1.hr Rijeka,2,2,180,2.0,0,0,0,0,0,0,1,0,758,DF,ba Bosnia–Herz,28,1997,2.0,,,,,,,,,,,,,,,0,,,,,,Matches
153,,TABAKOVIC Haris,BIH,Bosnia And Herzegovina,Borussia Mönchengladbach,FW,31,196,,,,,,,,,,,,,,,,,,,,,,,,,,,,,,,,FIFA World Cup 2026 roster,Haris Tabaković,moved,FW,ba Bosnia–Herz,31,2.de Schalke 04,1,0,16,0.2,0,0,0,0,0,0,0,0,915,FW,ba Bosnia–Herz,31,1994,0.2,,,,,,,,,,,,,,,0,,,,,,Matches
155,,LUKIC Jovo,BIH,Bosnia And Herzegovina,Universitatea Cluj,FW,27,190,,,,,,,,,,,,,,,,,,,,,,,,,,,,,,,,FIFA World Cup 2026 roster,Jovo Lukić,moved,FW,ba Bosnia–Herz,27,1.ro Univ. Cluj,2,1,67,0.7,1,0,1,1,0,0,1,0,544,FW,ba Bosnia–Herz,27,1998,0.7,,,,,,,,,,,,,,,0,,,,,,Matches
156,,MAHMIC Ermin,BIH,Bosnia And Herzegovina,FC Slovan Liberec,MF,21,182,,,,,,,,,,,,,,,,,,,,,,,,,,,,,,,,FIFA World Cup 2026 roster,Ermin Mahmić,moved,MF,ba Bosnia–Herz,21,1.cz Slovan Liberec,3,0,68,0.8,2,0,2,2,0,0,1,0,553,MF,ba Bosnia–Herz,21,2005,0.8,,,,,,,,,,,,,,,0,,,,,,Matches
157,,ALISSON,BRA,Brazil,Liverpool FC,GK,33,193,,,,,,,,,,,,,,,,,,,,,,,,,,,,,,,,FIFA World Cup 2026 roster,Alisson,normal,GK,br Brazil,33,1.eng Liverpool,5,5,450,5.0,0,0,0,0,0,0,0,0,48,GK,br Brazil,33,1992,5.0,,,,,,,,,,,,,,,0,,,,,,Matches
158,,EDERSON SILVA,BRA,Brazil,Atalanta Bergamo,MF,26,184,,,,,,,,,,,,,,,,,,,,,,,,,,,,,,,,FIFA World Cup 2026 roster,Éderson Silva,normal,MF,br Brazil,26,1.it Atalanta,2,0,22,0.2,0,0,0,0,0,0,0,0,874,MF,br Brazil,26,1999,0.2,,,,,,,,,,,,,,,0,,,,,,Matches
159,,GABRIEL MAGALHAES,BRA,Brazil,Arsenal FC,DF,28,190,,,,,,,,,,,,,,,,,,,,,,,,,,,,,,,,FIFA World Cup 2026 roster,Gabriel Magalhães,normal,DF,br Brazil,28,1.eng Arsenal,5,5,450,5.0,0,1,1,0,0,0,0,0,552,DF,br Brazil,28,1997,5.0,,,,,,,,,,,,,,,1,,,,,,Matches
160,,MARQUINHOS,BRA,Brazil,Paris Saint-Germain,DF,32,183,,,,,,,,,,,,,,,,,,,,,,,,,,,,,,,,FIFA World Cup 2026 roster,Marquinhos,normal,DF,br Brazil,32,1.fr PSG,5,5,450,5.0,0,0,0,0,0,0,0,0,570,DF,br Brazil,32,1994,5.0,,,,,,,,,,,,,,,0,,,,,,Matches
161,,CASEMIRO,BRA,Brazil,Manchester United FC,MF,34,185,,,,,,,,,,,,,,,,,,,,,,,,,,,,,,,,FIFA World Cup 2026 roster,Casemiro,normal,MF,br Brazil,34,1.eng Manchester Utd,5,5,379,4.2,1,0,1,1,0,0,2,0,178,MF,br Brazil,34,1992,4.2,,,,,,,,,,,,,,,0,,,,,,Matches
162,,ALEX SANDRO,BRA,Brazil,CR Flamengo,DF,35,180,,,,,,,,,,,,,,,,,,,,,,,,,,,,,,,,FIFA World Cup 2026 roster,Alex Sandro,normal,"DF,MF",br Brazil,35,1.br Flamengo,1,0,9,0.1,0,0,0,0,0,0,0,0,827,"DF,MF",br Brazil,35,1991,0.1,,,,,,,,,,,,,,,0,,,,,,Matches
163,,VINICIUS JUNIOR,BRA,Brazil,Real Madrid C. F.,FW,25,176,,,,,,,,,,,,,,,,,,,,,,,,,,,,,,,,FIFA World Cup 2026 roster,Vinicius Júnior,normal,FW,br Brazil,25,1.es Real Madrid,5,5,440,4.9,4,1,5,4,0,0,0,0,462,FW,br Brazil,25,2000,4.9,,,,,,,,,,,,,,,1,,,,,,Matches
164,,BRUNO GUIMARAES,BRA,Brazil,Newcastle United FC,MF,28,182,,,,,,,,,,,,,,,,,,,,,,,,,,,,,,,,FIFA World Cup 2026 roster,Bruno Guimarães,normal,MF,br Brazil,28,1.eng Newcastle,5,5,416,4.6,0,4,4,0,0,1,0,0,364,MF,br Brazil,28,1997,4.6,,,,,,,,,,,,,,,4,,,,,,Matches
165,,MATHEUS CUNHA,BRA,Brazil,Manchester United FC,FW,27,183,,,,,,,,,,,,,,,,,,,,,,,,,,,,,,,,FIFA World Cup 2026 roster,Matheus Cunha,normal,FW,br Brazil,27,1.eng Manchester Utd,5,4,290,3.2,3,0,3,3,0,0,0,0,220,FW,br Brazil,27,1999,3.2,,,,,,,,,,,,,,,0,,,,,,Matches
167,,RAPHINHA,BRA,Brazil,FC Barcelona,FW,29,176,,,,,,,,,,,,,,,,,,,,,,,,,,,,,,,,FIFA World Cup 2026 roster,Raphinha,normal,"MF,FW",br Brazil,29,1.es Barcelona,2,2,129,1.4,0,0,0,0,0,0,0,0,766,"MF,FW",br Brazil,29,1996,1.4,,,,,,,,,,,,,,,0,,,,,,Matches
169,,DANILO,BRA,Brazil,CR Flamengo,DF,34,184,,,,,,,,,,,,,,,,,,,,,,,,,,,,,,,,FIFA World Cup 2026 roster,Danilo,normal,DF,br Brazil,34,1.br Flamengo,5,4,405,4.5,0,0,0,0,0,0,2,0,224,DF,br Brazil,34,1991,4.5,,,,,,,,,,,,,,,0,,,,,,Matches
172,,DOUGLAS SANTOS,BRA,Brazil,FC Zenit St. Petersburg,DF,32,173,,,,,,,,,,,,,,,,,,,,,,,,,,,,,,,,FIFA World Cup 2026 roster,Douglas Santos,normal,DF,br Brazil,32,1.ru Zenit,5,5,441,4.9,0,0,0,0,0,0,1,0,832,DF,br Brazil,32,1994,4.9,,,,,,,,,,,,,,,0,,,,,,Matches
173,,FABINHO,BRA,Brazil,Al Ittihad,MF,32,188,,,,,,,,,,,,,,,,,,,,,,,,,,,,,,,,FIFA World Cup 2026 roster,Fabinho,normal,"DF,MF",br Brazil,32,1.sa Al-Ittihad,3,0,71,0.8,0,0,0,0,0,0,1,0,294,"DF,MF",br Brazil,32,1993,0.8,,,,,,,,,,,,,,,0,,,,,,Matches
174,,DANILO SANTOS,BRA,Brazil,Botafogo,MF,25,177,,,,,,,,,,,,,,,,,,,,,,,,,,,,,,,,FIFA World Cup 2026 roster,Danilo Santos,normal,MF,br Brazil,25,1.br Botafogo–RJ,4,0,46,0.5,0,0,0,0,0,0,0,0,831,MF,br Brazil,25,2001,0.5,,,,,,,,,,,,,,,0,,,,,,Matches
175,,ENDRICK,BRA,Brazil,Olympique Lyonnais,FW,19,172,,,,,,,,,,,,,,,,,,,,,,,,,,,,,,,,FIFA World Cup 2026 roster,Endrick,normal,FW,br Brazil,19,1.fr Lyon,4,0,114,1.3,0,0,0,0,0,0,0,0,285,FW,br Brazil,19,2006,1.3,,,,,,,,,,,,,,,0,,,,,,Matches
176,,LUCAS PAQUETA,BRA,Brazil,CR Flamengo,MF,28,183,,,,,,,,,,,,,,,,,,,,,,,,,,,,,,,,FIFA World Cup 2026 roster,Lucas Paquetá,normal,MF,br Brazil,28,1.br Flamengo,4,4,233,2.6,0,1,1,0,0,0,0,0,712,MF,br Brazil,28,1997,2.6,,,,,,,,,,,,,,,1,,,,,,Matches
177,,LUIZ HENRIQUE,BRA,Brazil,FC Zenit St. Petersburg,FW,25,182,,,,,,,,,,,,,,,,,,,,,,,,,,,,,,,,FIFA World Cup 2026 roster,Luiz Henrique,normal,"FW,MF",br Brazil,25,1.ru Zenit,1,0,29,0.3,0,0,0,0,0,0,0,0,409,"FW,MF",br Brazil,25,2001,0.3,,,,,,,,,,,,,,,0,,,,,,Matches
178,,GABRIEL MARTINELLI,BRA,Brazil,Arsenal FC,FW,24,178,,,,,,,,,,,,,,,,,,,,,,,,,,,,,,,,FIFA World Cup 2026 roster,Gabriel Martinelli,normal,MF,br Brazil,24,1.eng Arsenal,4,1,143,1.6,1,0,1,1,0,0,0,0,571,MF,br Brazil,24,2001,1.6,,,,,,,,,,,,,,,0,,,,,,Matches
180,,ROGER IBANEZ,BRA,Brazil,Al Ahli FC,DF,27,186,,,,,,,,,,,,,,,,,,,,,,,,,,,,,,,,FIFA World Cup 2026 roster,Roger Ibanez,normal,DF,br Brazil,27,1.sa Al-Ahli,1,1,45,0.5,0,0,0,0,0,0,1,0,426,DF,br Brazil,27,1998,0.5,,,,,,,,,,,,,,,0,,,,,,Matches
181,,IGOR THIAGO,BRA,Brazil,Brentford FC,FW,24,190,,,,,,,,,,,,,,,,,,,,,,,,,,,,,,,,FIFA World Cup 2026 roster,Igor Thiago,normal,FW,br Brazil,24,1.eng Brentford,1,1,61,0.7,0,0,0,0,0,0,0,0,929,FW,br Brazil,24,2001,0.7,,,,,,,,,,,,,,,0,,,,,,Matches
182,,RAYAN,BRA,Brazil,AFC Bournemouth,FW,19,187,,,,,,,,,,,,,,,,,,,,,,,,,,,,,,,,FIFA World Cup 2026 roster,Rayan,normal,"FW,MF",br Brazil,19,1.eng Bournemouth,4,3,288,3.2,0,1,1,0,0,0,0,0,772,"FW,MF",br Brazil,19,2006,3.2,,,,,,,,,,,,,,,1,,,,,,Matches
183,,VOZINHA,CPV,Cabo Verde,GD Chaves,GK,40,189,,,,,,,,,,,,,,,,,,,,,,,,,,,,,,,,FIFA World Cup 2026 roster,Vozinha,normal,GK,cv Cabo Verde,40,2.pt Chaves,4,4,390,4.3,0,0,0,0,0,0,0,0,988,GK,cv Cabo Verde,40,1986,4.3,,,,,,,,,,,,,,,0,,,,,,Matches
188,,KEVIN PINA,CPV,Cabo Verde,FC Krasnodar,MF,29,177,,,,,,,,,,,,,,,,,,,,,,,,,,,,,,,,FIFA World Cup 2026 roster,Kevin Pina,normal,MF,cv Cabo Verde,29,1.ru Krasnodar,4,4,349,3.9,1,0,1,1,0,0,1,0,733,MF,cv Cabo Verde,29,1997,3.9,,,,,,,,,,,,,,,0,,,,,,Matches
189,,JOVANE CABRAL,CPV,Cabo Verde,CF Estrela Da Amadora,MF,27,174,,,,,,,,,,,,,,,,,,,,,,,,,,,,,,,,FIFA World Cup 2026 roster,Jovane Cabral,normal,FW,cv Cabo Verde,28,1.pt Estrela,2,2,139,1.5,0,0,0,0,0,0,0,0,164,FW,cv Cabo Verde,28,1998,1.5,,,,,,,,,,,,,,,0,,,,,,Matches
191,,GILSON BENCHIMOL,CPV,Cabo Verde,FC Akron Tolyatti,FW,24,187,,,,,,,,,,,,,,,,,,,,,,,,,,,,,,,,FIFA World Cup 2026 roster,Gilson Benchimol,normal,FW,cv Cabo Verde,24,1.ru Akron Tolyatti,2,1,78,0.9,0,0,0,0,0,0,0,0,128,FW,cv Cabo Verde,24,2001,0.9,,,,,,,,,,,,,,,0,,,,,,Matches
192,,JAMIRO MONTEIRO,CPV,Cabo Verde,PEC Zwolle,MF,32,175,,,,,,,,,,,,,,,,,,,,,,,,,,,,,,,,FIFA World Cup 2026 roster,Jamiro Monteiro,normal,MF,cv Cabo Verde,32,1.nl Zwolle,4,3,281,3.1,0,0,0,0,0,0,0,0,629,MF,cv Cabo Verde,32,1993,3.1,,,,,,,,,,,,,,,0,,,,,,Matches
193,,GARRY RODRIGUES,CPV,Cabo Verde,Apollon Limassol,MF,35,173,,,,,,,,,,,,,,,,,,,,,,,,,,,,,,,,FIFA World Cup 2026 roster,Garry Rodrigues,normal,MF,cv Cabo Verde,35,1.cy Apollon Limassol,2,1,76,0.8,0,0,0,0,0,0,0,0,791,MF,cv Cabo Verde,35,1990,0.8,,,,,,,,,,,,,,,0,,,,,,Matches
195,,SIDNY LOPES CABRAL,CPV,Cabo Verde,SL Benfica,DF,23,176,,,,,,,,,,,,,,,,,,,,,,,,,,,,,,,,FIFA World Cup 2026 roster,Sidny Lopes Cabral,normal,DF,cv Cabo Verde,23,1.pt Benfica,3,3,285,3.2,1,0,1,1,0,0,2,0,537,DF,cv Cabo Verde,23,2002,3.2,,,,,,,,,,,,,,,0,,,,,,Matches
196,,DEROY DUARTE,CPV,Cabo Verde,PFC Ludogorets Razgrad,MF,26,177,,,,,,,,,,,,,,,,,,,,,,,,,,,,,,,,FIFA World Cup 2026 roster,Deroy Duarte,normal,MF,cv Cabo Verde,26,1.bg Ludogorets,4,2,264,2.9,1,0,1,1,0,0,0,0,271,MF,cv Cabo Verde,26,1999,2.9,,,,,,,,,,,,,,,0,,,,,,Matches
197,,LAROS DUARTE,CPV,Cabo Verde,Puskás Akadémia FC,MF,29,180,,,,,,,,,,,,,,,,,,,,,,,,,,,,,,,,FIFA World Cup 2026 roster,Laros Duarte,normal,MF,cv Cabo Verde,29,1.hu Puskás Akad.,4,2,166,1.8,0,0,0,0,0,0,0,0,272,MF,cv Cabo Verde,29,1997,1.8,,,,,,,,,,,,,,,0,,,,,,Matches
199,,WILLY SEMEDO,CPV,Cabo Verde,AC Omonia,MF,32,185,,,,,,,,,,,,,,,,,,,,,,,,,,,,,,,,FIFA World Cup 2026 roster,Willy Semedo,normal,FW,cv Cabo Verde,32,1.cy AC Omonia,3,1,131,1.5,0,0,0,0,0,0,0,0,852,FW,cv Cabo Verde,32,1994,1.5,,,,,,,,,,,,,,,0,,,,,,Matches
200,,TELMO ARCANJO,CPV,Cabo Verde,Vitória SC,MF,24,180,,,,,,,,,,,,,,,,,,,,,,,,,,,,,,,,FIFA World Cup 2026 roster,Telmo Arcanjo,normal,MF,cv Cabo Verde,24,1.pt Vit. Guimarães,2,1,57,0.6,0,0,0,0,0,0,0,0,77,MF,cv Cabo Verde,24,2001,0.6,,,,,,,,,,,,,,,0,,,,,,Matches
201,,DAILON LIVRAMENTO,CPV,Cabo Verde,Casa Pia AC,FW,25,185,,,,,,,,,,,,,,,,,,,,,,,,,,,,,,,,FIFA World Cup 2026 roster,Dailon Livramento,normal,FW,cv Cabo Verde,25,1.pt Casa Pia,3,2,174,1.9,0,0,0,0,0,0,0,0,532,FW,cv Cabo Verde,25,2001,1.9,,,,,,,,,,,,,,,0,,,,,,Matches
202,,RYAN MENDES,CPV,Cabo Verde,Iğdır FK,FW,36,178,,,,,,,,,,,,,,,,,,,,,,,,,,,,,,,,FIFA World Cup 2026 roster,Ryan Mendes,normal,"FW,MF",cv Cabo Verde,36,2.tr 76 Iğdır Belediyespor,4,4,330,3.7,0,1,1,0,0,0,0,0,609,"FW,MF",cv Cabo Verde,36,1990,3.7,,,,,,,,,,,,,,,1,,,,,,Matches
203,,NUNO DA COSTA,CPV,Cabo Verde,Başakşehir FK,MF,35,182,,,,,,,,,,,,,,,,,,,,,,,,,,,,,,,,FIFA World Cup 2026 roster,Nuno da Costa,normal,FW,cv Cabo Verde,35,1.tr Başakşehir,4,1,159,1.8,0,0,0,0,0,0,0,0,210,FW,cv Cabo Verde,35,1991,1.8,,,,,,,,,,,,,,,0,,,,,,Matches
204,,STEVEN MOREIRA,CPV,Cabo Verde,Columbus Crew,DF,31,178,,,,,,,,,,,,,,,,,,,,,,,,,,,,,,,,FIFA World Cup 2026 roster,Steven Moreira,normal,DF,cv Cabo Verde,31,1.us Columbus Crew,4,3,301,3.3,0,0,0,0,0,0,0,0,635,DF,cv Cabo Verde,31,1994,3.3,,,,,,,,,,,,,,,0,,,,,,Matches
206,,WAGNER PINA,CPV,Cabo Verde,Trabzonspor,DF,23,180,,,,,,,,,,,,,,,,,,,,,,,,,,,,,,,,FIFA World Cup 2026 roster,Wagner Pina,normal,DF,cv Cabo Verde,23,1.tr Trabzonspor,1,1,89,1.0,0,0,0,0,0,0,1,0,734,DF,cv Cabo Verde,23,2002,1.0,,,,,,,,,,,,,,,0,,,,,,Matches
208,,HELIO VARELA,CPV,Cabo Verde,Maccabi Tel-Aviv FC,MF,24,176,,,,,,,,,,,,,,,,,,,,,,,,,,,,,,,,FIFA World Cup 2026 roster,Hélio Varela,normal,FW,cv Cabo Verde,24,1.il Maccabi Tel Aviv,3,0,104,1.2,1,0,1,1,0,0,0,0,969,FW,cv Cabo Verde,24,2002,1.2,,,,,,,,,,,,,,,0,,,,,,Matches
210,,JOHNSTON Alistair,CAN,Canada,Celtic FC,DF,27,180,,,,,,,,,,,,,,,,,,,,,,,,,,,,,,,,FIFA World Cup 2026 roster,Alistair Johnston,moved,DF,ca Canada,27,1.sct Celtic,5,5,450,5.0,0,0,0,0,0,0,1,0,458,DF,ca Canada,27,1998,5.0,,,,,,,,,,,,,,,0,,,,,,Matches
212,,DE FOUGEROLLES Luc,CAN,Canada,FCV Dender EH,DF,20,183,,,,,,,,,,,,,,,,,,,,,,,,,,,,,,,,FIFA World Cup 2026 roster,Luc De Fougerolles,moved,DF,ca Canada,20,1.eng Fulham,5,4,372,4.1,0,0,0,0,0,0,2,0,236,DF,ca Canada,20,2005,4.1,,,,,,,,,,,,,,,0,,,,,,Matches
214,,CHOINIERE Mathieu,CAN,Canada,LAFC,MF,27,173,,,,,,,,,,,,,,,,,,,,,,,,,,,,,,,,FIFA World Cup 2026 roster,Mathieu Choinière,moved,MF,ca Canada,27,1.us LAFC,1,1,57,0.6,0,0,0,0,0,0,0,0,194,MF,ca Canada,27,1999,0.6,,,,,,,,,,,,,,,0,,,,,,Matches
215,,EUSTAQUIO Stephen,CAN,Canada,LAFC,MF,29,175,,,,,,,,,,,,,,,,,,,,,,,,,,,,,,,,FIFA World Cup 2026 roster,Stephen Eustáquio,moved,MF,ca Canada,29,1.pt Porto,5,4,392,4.4,1,0,1,1,0,0,0,0,290,MF,ca Canada,29,1996,4.4,,,,,,,,,,,,,,,0,,,,,,Matches
216,,KONE Ismael,CAN,Canada,US Sassuolo,MF,23,188,,,,,,,,,,,,,,,,,,,,,,,,,,,,,,,,FIFA World Cup 2026 roster,Ismaël Koné,moved,MF,ca Canada,23,1.it Sassuolo,2,2,146,1.6,0,0,0,0,0,0,0,0,498,MF,ca Canada,23,2002,1.6,,,,,,,,,,,,,,,0,,,,,,Matches
217,,LARIN Cyle,CAN,Canada,Southampton FC,FW,31,188,,,,,,,,,,,,,,,,,,,,,,,,,,,,,,,,FIFA World Cup 2026 roster,Cyle Larin,moved,FW,ca Canada,31,1.es Mallorca,4,2,190,2.1,2,0,2,2,0,0,2,0,520,FW,ca Canada,31,1995,2.1,,,,,,,,,,,,,,,0,,,,,,Matches
218,,DAVID Jonathan,CAN,Canada,Juventus FC,FW,26,175,,,,,,,,,,,,,,,,,,,,,,,,,,,,,,,,FIFA World Cup 2026 roster,Jonathan David,moved,FW,ca Canada,26,1.it Juventus,5,5,420,4.7,3,0,3,3,0,0,1,0,227,FW,ca Canada,26,2000,4.7,,,,,,,,,,,,,,,0,,,,,,Matches
219,,MILLAR Liam,CAN,Canada,Hull City FC,MF,26,176,,,,,,,,,,,,,,,,,,,,,,,,,,,,,,,,FIFA World Cup 2026 roster,Liam Millar,moved,MF,ca Canada,26,2.eng Hull City,3,2,162,1.8,0,0,0,0,0,0,1,0,616,MF,ca Canada,26,1999,1.8,,,,,,,,,,,,,,,0,,,,,,Matches
220,,OLUWASEYI Tani,CAN,Canada,Villarreal CF,FW,26,187,,,,,,,,,,,,,,,,,,,,,,,,,,,,,,,,FIFA World Cup 2026 roster,Tani Oluwaseyi,moved,FW,ca Canada,26,1.es Villarreal,5,3,259,2.9,0,0,0,0,0,0,0,0,694,FW,ca Canada,26,2000,2.9,,,,,,,,,,,,,,,0,,,,,,Matches
221,,CORNELIUS Derek,CAN,Canada,Rangers FC,DF,28,186,,,,,,,,,,,,,,,,,,,,,,,,,,,,,,,,FIFA World Cup 2026 roster,Derek Cornelius,moved,DF,ca Canada,28,1.fr Marseille,4,4,315,3.5,0,0,0,0,0,0,1,0,208,DF,ca Canada,28,1997,3.5,,,,,,,,,,,,,,,0,,,,,,Matches
222,,SHAFFELBURG Jacob,CAN,Canada,LAFC,MF,26,181,,,,,,,,,,,,,,,,,,,,,,,,,,,,,,,,FIFA World Cup 2026 roster,Jacob Shaffelburg,moved,MF,ca Canada,26,1.us LAFC,5,0,92,1.0,0,0,0,0,0,0,0,0,861,MF,ca Canada,26,1999,1.0,,,,,,,,,,,,,,,0,,,,,,Matches
223,,BOMBITO Moise,CAN,Canada,OGC Nice,DF,26,190,,,,,,,,,,,,,,,,,,,,,,,,,,,,,,,,FIFA World Cup 2026 roster,Moïse Bombito,moved,DF,ca Canada,26,1.fr Nice,3,2,193,2.1,0,0,0,0,0,0,0,0,141,DF,ca Canada,26,2000,2.1,,,,,,,,,,,,,,,0,,,,,,Matches
224,,CREPEAU Maxime,CAN,Canada,Orlando City SC,GK,32,185,,,,,,,,,,,,,,,,,,,,,,,,,,,,,,,,FIFA World Cup 2026 roster,Maxime Crépeau,moved,GK,ca Canada,32,1.us Orlando City,5,5,450,5.0,0,0,0,0,0,0,0,0,214,GK,ca Canada,32,1994,5.0,,,,,,,,,,,,,,,0,,,,,,Matches
225,,BUCHANAN Tajon,CAN,Canada,Villarreal CF,FW,27,183,,,,,,,,,,,,,,,,,,,,,,,,,,,,,,,,FIFA World Cup 2026 roster,Tajon Buchanan,moved,MF,ca Canada,27,1.es Villarreal,5,5,376,4.2,0,0,0,0,0,0,0,0,157,MF,ca Canada,27,1999,4.2,,,,,,,,,,,,,,,0,,,,,,Matches
227,,DAVIES Alphonso,CAN,Canada,FC Bayern München,DF,25,183,,,,,,,,,,,,,,,,,,,,,,,,,,,,,,,,FIFA World Cup 2026 roster,Alphonso Davies,moved,"DF,FW",ca Canada,25,1.de Bayern Munich,1,0,16,0.2,0,0,0,0,0,0,0,0,229,"DF,FW",ca Canada,25,2000,0.2,,,,,,,,,,,,,,,0,,,,,,Matches
228,,AHMED Ali,CAN,Canada,Norwich City FC,FW,25,180,,,,,,,,,,,,,,,,,,,,,,,,,,,,,,,,FIFA World Cup 2026 roster,Ali Ahmed,moved,MF,ca Canada,25,2.eng Norwich City,4,3,234,2.6,0,0,0,0,0,0,0,0,28,MF,ca Canada,25,2000,2.6,,,,,,,,,,,,,,,0,,,,,,Matches
229,,OSORIO Jonathan,CAN,Canada,Toronto FC,MF,33,175,,,,,,,,,,,,,,,,,,,,,,,,,,,,,,,,FIFA World Cup 2026 roster,Jonathan Osorio,moved,MF,ca Canada,34,1.us Toronto FC,2,0,5,0.1,0,0,0,0,0,0,0,0,700,MF,ca Canada,34,1992,0.1,,,,,,,,,,,,,,,0,,,,,,Matches
230,,LARYEA Richie,CAN,Canada,Toronto FC,DF,31,175,,,,,,,,,,,,,,,,,,,,,,,,,,,,,,,,FIFA World Cup 2026 roster,Richie Laryea,moved,DF,ca Canada,31,1.us Toronto FC,5,5,429,4.8,0,0,0,0,0,0,1,0,521,DF,ca Canada,31,1995,4.8,,,,,,,,,,,,,,,0,,,,,,Matches
231,,SIGUR Niko,CAN,Canada,HNK Hajduk Split,DF,22,178,,,,,,,,,,,,,,,,,,,,,,,,,,,,,,,,FIFA World Cup 2026 roster,Niko Sigur,moved,MF,ca Canada,22,1.hr Hajduk Split,3,1,126,1.4,0,0,0,0,0,0,1,0,872,MF,ca Canada,22,2003,1.4,,,,,,,,,,,,,,,0,,,,,,Matches
232,,DAVID Promise,CAN,Canada,Royale Union Saint-Gilloise,FW,24,195,,,,,,,,,,,,,,,,,,,,,,,,,,,,,,,,FIFA World Cup 2026 roster,Promise David,moved,FW,ca Canada,24,1.be Union SG,4,0,80,0.9,1,1,2,1,0,0,0,0,228,FW,ca Canada,24,2001,0.9,,,,,,,,,,,,,,,1,,,,,,Matches
233,,SALIBA Nathan,CAN,Canada,RSC Anderlecht,MF,22,174,,,,,,,,,,,,,,,,,,,,,,,,,,,,,,,,FIFA World Cup 2026 roster,Nathan Saliba,moved,MF,ca Canada,22,1.be Anderlecht,3,2,182,2.0,1,2,3,1,0,0,1,0,821,MF,ca Canada,22,2004,2.0,,,,,,,,,,,,,,,2,,,,,,Matches
236,,MUNOZ Daniel,COL,Colombia,Crystal Palace FC,DF,30,180,,,,,,,,,,,,,,,,,,,,,,,,,,,,,,,,FIFA World Cup 2026 roster,Daniel Muñoz,moved,DF,co Colombia,30,1.eng Crystal Palace,5,4,394,4.4,2,0,2,2,0,0,0,0,647,DF,co Colombia,30,1996,4.4,,,,,,,,,,,,,,,0,,,,,,Matches
237,,LUCUMI Jhon,COL,Colombia,Bologna FC,DF,27,187,,,,,,,,,,,,,,,,,,,,,,,,,,,,,,,,FIFA World Cup 2026 roster,Jhon Lucumí,moved,DF,co Colombia,27,1.it Bologna,5,5,478,5.3,0,0,0,0,0,0,1,0,540,DF,co Colombia,27,1998,5.3,,,,,,,,,,,,,,,0,,,,,,Matches
238,,ARIAS Santiago,COL,Colombia,CA Independiente,DF,34,177,,,,,,,,,,,,,,,,,,,,,,,,,,,,,,,,FIFA World Cup 2026 roster,Santiago Arias,moved,DF,co Colombia,34,1.ar Independiente,1,1,86,1.0,0,0,0,0,0,0,0,0,82,DF,co Colombia,34,1992,1.0,,,,,,,,,,,,,,,0,,,,,,Matches
239,,CASTANO Kevin,COL,Colombia,CA River Plate,MF,25,179,,,,,,,,,,,,,,,,,,,,,,,,,,,,,,,,FIFA World Cup 2026 roster,Kevin Castaño,moved,MF,co Colombia,25,1.ar River Plate,2,0,16,0.2,0,0,0,0,0,0,0,0,181,MF,co Colombia,25,2000,0.2,,,,,,,,,,,,,,,0,,,,,,Matches
240,,RIOS Richard,COL,Colombia,SL Benfica,MF,26,185,,,,,,,,,,,,,,,,,,,,,,,,,,,,,,,,FIFA World Cup 2026 roster,Richard Ríos,moved,MF,co Colombia,26,1.pt Benfica,5,0,140,1.6,0,0,0,0,0,0,1,0,784,MF,co Colombia,26,2000,1.6,,,,,,,,,,,,,,,0,,,,,,Matches
241,,DIAZ Luis,COL,Colombia,FC Bayern München,FW,29,179,,,,,,,,,,,,,,,,,,,,,,,,,,,,,,,,FIFA World Cup 2026 roster,Luis Díaz,moved,"FW,MF",co Colombia,29,1.de Bayern Munich,5,5,478,5.3,1,1,2,1,0,0,0,0,257,"FW,MF",co Colombia,29,1997,5.3,,,,,,,,,,,,,,,1,,,,,,Matches
243,,CORDOBA Jhon,COL,Colombia,FC Krasnodar,FW,33,186,,,,,,,,,,,,,,,,,,,,,,,,,,,,,,,,FIFA World Cup 2026 roster,Jhon Córdoba,moved,FW,co Colombia,33,1.ru Krasnodar,3,2,99,1.1,0,0,0,0,0,0,0,0,206,FW,co Colombia,33,1993,1.1,,,,,,,,,,,,,,,0,,,,,,Matches
244,,RODRIGUEZ James,COL,Colombia,Minnesota United FC,MF,34,181,,,,,,,,,,,,,,,,,,,,,,,,,,,,,,,,FIFA World Cup 2026 roster,James Rodríguez,moved,"FW,MF",co Colombia,34,1.us Minnesota Utd,5,5,313,3.5,0,0,0,0,0,0,0,0,793,"FW,MF",co Colombia,34,1991,3.5,,,,,,,,,,,,,,,0,,,,,,Matches
245,,ARIAS Jhon,COL,Colombia,SE Palmeiras,MF,28,168,,,,,,,,,,,,,,,,,,,,,,,,,,,,,,,,FIFA World Cup 2026 roster,Jhon Arias,moved,MF,co Colombia,28,1.br Palmeiras,5,5,377,4.2,1,0,1,1,0,0,1,0,81,MF,co Colombia,28,1997,4.2,,,,,,,,,,,,,,,0,,,,,,Matches
246,,VARGAS Camilo,COL,Colombia,Atlas FC,GK,37,183,,,,,,,,,,,,,,,,,,,,,,,,,,,,,,,,FIFA World Cup 2026 roster,Camilo Vargas,moved,GK,co Colombia,37,1.mx Atlas,5,5,480,5.3,0,0,0,0,0,0,0,0,970,GK,co Colombia,37,1989,5.3,,,,,,,,,,,,,,,0,,,,,,Matches
247,,MINA Yerry,COL,Colombia,Cagliari,DF,31,195,,,,,,,,,,,,,,,,,,,,,,,,,,,,,,,,FIFA World Cup 2026 roster,Yerry Mina,moved,DF,co Colombia,31,1.it Cagliari,1,0,2,0.0,0,0,0,0,0,0,0,0,618,DF,co Colombia,31,1994,0.0,,,,,,,,,,,,,,,0,,,,,,Matches
248,,PUERTA Gustavo,COL,Colombia,Racing Santander,DF,22,173,,,,,,,,,,,,,,,,,,,,,,,,,,,,,,,,FIFA World Cup 2026 roster,Gustavo Puerta,moved,MF,co Colombia,22,2.es Racing Sant,5,5,469,5.2,0,1,1,0,0,0,1,0,749,MF,co Colombia,22,2003,5.2,,,,,,,,,,,,,,,1,,,,,,Matches
250,,LERMA Jefferson,COL,Colombia,Crystal Palace FC,MF,31,180,,,,,,,,,,,,,,,,,,,,,,,,,,,,,,,,FIFA World Cup 2026 roster,Jefferson Lerma,moved,MF,co Colombia,31,1.eng Crystal Palace,5,5,410,4.6,0,0,0,0,0,0,1,0,526,MF,co Colombia,31,1994,4.6,,,,,,,,,,,,,,,0,,,,,,Matches
251,,MOJICA Johan,COL,Colombia,RCD Mallorca,DF,33,184,,,,,,,,,,,,,,,,,,,,,,,,,,,,,,,,FIFA World Cup 2026 roster,Johan Mojica,moved,DF,co Colombia,33,1.es Mallorca,4,4,390,4.3,0,0,0,0,0,0,1,0,626,DF,co Colombia,33,1992,4.3,,,,,,,,,,,,,,,0,,,,,,Matches
254,,QUINTERO Juan,COL,Colombia,CA River Plate,MF,33,167,,,,,,,,,,,,,,,,,,,,,,,,,,,,,,,,FIFA World Cup 2026 roster,Juan Quintero,moved,"FW,MF",co Colombia,33,1.ar River Plate,4,0,121,1.3,0,1,1,0,0,0,0,0,755,"FW,MF",co Colombia,33,1993,1.3,,,,,,,,,,,,,,,1,,,,,,Matches
255,,CAMPAZ Jaminton,COL,Colombia,CA Rosario Central,FW,26,166,,,,,,,,,,,,,,,,,,,,,,,,,,,,,,,,FIFA World Cup 2026 roster,Jaminton Campaz,moved,"FW,MF",co Colombia,26,1.ar Rosario Central,3,0,75,0.8,1,0,1,1,0,0,0,0,173,"FW,MF",co Colombia,26,2000,0.8,,,,,,,,,,,,,,,0,,,,,,Matches
256,,MACHADO Deiver,COL,Colombia,FC Nantes,DF,32,173,,,,,,,,,,,,,,,,,,,,,,,,,,,,,,,,FIFA World Cup 2026 roster,Deiver Machado,moved,DF,co Colombia,32,1.fr Nantes,1,1,90,1.0,0,0,0,0,0,0,0,0,547,DF,co Colombia,32,1993,1.0,,,,,,,,,,,,,,,0,,,,,,Matches
257,,SANCHEZ Davinson,COL,Colombia,Galatasaray SK,DF,29,188,,,,,,,,,,,,,,,,,,,,,,,,,,,,,,,,FIFA World Cup 2026 roster,Davinson Sánchez,moved,DF,co Colombia,30,1.tr Galatasaray,5,5,480,5.3,0,0,0,0,0,0,1,0,825,DF,co Colombia,30,1996,5.3,,,,,,,,,,,,,,,0,,,,,,Matches
259,,SUAREZ Luis,COL,Colombia,Sporting CP,FW,28,179,,,,,,,,,,,,,,,,,,,,,,,,,,,,,,,,FIFA World Cup 2026 roster,Luis Suárez,moved,FW,co Colombia,28,1.pt Sporting CP,5,3,331,3.7,0,1,1,0,0,0,1,0,897,FW,co Colombia,28,1997,3.7,,,,,,,,,,,,,,,1,,,,,,Matches
260,,GOMEZ Andres,COL,Colombia,CR Vasco Da Gama,FW,23,170,,,,,,,,,,,,,,,,,,,,,,,,,,,,,,,,FIFA World Cup 2026 roster,Andrés Gómez,moved,MF,co Colombia,23,1.br Vasco da Gama,1,0,1,0.0,0,0,0,0,0,0,0,0,344,MF,co Colombia,23,2002,0.0,,,,,,,,,,,,,,,0,,,,,,Matches
261,,MPASI Lionel,COD,Congo DR,Le Havre AC,GK,31,182,,,,,,,,,,,,,,,,,,,,,,,,,,,,,,,,FIFA World Cup 2026 roster,Lionel Mpasi,moved,GK,cd Congo DR,31,1.fr Le Havre,4,4,360,4.0,0,0,0,0,0,0,0,0,641,GK,cd Congo DR,31,1994,4.0,,,,,,,,,,,,,,,0,,,,,,Matches
262,,WAN-BISSAKA Aaron,COD,Congo DR,West Ham United FC,DF,28,183,,,,,,,,,,,,,,,,,,,,,,,,,,,,,,,,FIFA World Cup 2026 roster,Aaron Wan-Bissaka,moved,DF,cd Congo DR,28,1.eng West Ham,4,4,354,3.9,0,0,0,0,0,0,0,0,992,DF,cd Congo DR,28,1997,3.9,,,,,,,,,,,,,,,0,,,,,,Matches
263,,KAPUADI Steve,COD,Congo DR,Widzew Łódź,DF,28,196,,,,,,,,,,,,,,,,,,,,,,,,,,,,,,,,FIFA World Cup 2026 roster,Steve Kapuadi,moved,DF,cd Congo DR,28,1.pl Widzew Łódź,2,2,180,2.0,0,0,0,0,0,0,0,0,476,DF,cd Congo DR,28,1998,2.0,,,,,,,,,,,,,,,0,,,,,,Matches
264,,TUANZEBE Axel,COD,Congo DR,Burnley FC,DF,28,188,,,,,,,,,,,,,,,,,,,,,,,,,,,,,,,,FIFA World Cup 2026 roster,Axel Tuanzebe,moved,DF,cd Congo DR,28,1.eng Burnley,4,4,360,4.0,0,0,0,0,0,0,0,0,954,DF,cd Congo DR,28,1997,4.0,,,,,,,,,,,,,,,0,,,,,,Matches
267,,MBUKU Nathanael,COD,Congo DR,Montpellier HSC,MF,24,170,,,,,,,,,,,,,,,,,,,,,,,,,,,,,,,,FIFA World Cup 2026 roster,Nathanaël Mbuku,moved,"MF,FW",cd Congo DR,24,2.fr Montpellier,3,2,143,1.6,0,0,0,0,0,0,1,0,592,"MF,FW",cd Congo DR,24,2002,1.6,,,,,,,,,,,,,,,0,,,,,,Matches
268,,MOUTOUSSAMY Samuel,COD,Congo DR,Atromitos FC,MF,29,176,,,,,,,,,,,,,,,,,,,,,,,,,,,,,,,,FIFA World Cup 2026 roster,Samuel Moutoussamy,moved,MF,cd Congo DR,29,1.gr Atromitos,4,4,330,3.7,0,0,0,0,0,0,1,0,639,MF,cd Congo DR,29,1996,3.7,,,,,,,,,,,,,,,0,,,,,,Matches
269,,CIPENGA Brian,COD,Congo DR,CD Castellón,FW,28,172,,,,,,,,,,,,,,,,,,,,,,,,,,,,,,,,FIFA World Cup 2026 roster,Brian Cipenga,moved,"MF,FW",cd Congo DR,28,2.es Castellón,2,2,146,1.6,1,0,1,1,0,0,0,0,200,"MF,FW",cd Congo DR,28,1998,1.6,,,,,,,,,,,,,,,0,,,,,,Matches
270,,BONGONDA Theo,COD,Congo DR,FC Spartak Moscow,MF,30,176,,,,,,,,,,,,,,,,,,,,,,,,,,,,,,,,FIFA World Cup 2026 roster,Theo Bongonda,moved,"FW,MF",cd Congo DR,30,1.ru Spartak Moscow,2,0,34,0.4,0,0,0,0,0,0,0,0,142,"FW,MF",cd Congo DR,30,1995,0.4,,,,,,,,,,,,,,,0,,,,,,Matches
272,,KAYEMBE Joris,COD,Congo DR,KRC Genk,DF,31,180,,,,,,,,,,,,,,,,,,,,,,,,,,,,,,,,FIFA World Cup 2026 roster,Joris Kayembe,moved,"DF,FW",cd Congo DR,31,1.be Genk,4,0,45,0.5,0,0,0,0,0,0,0,0,482,"DF,FW",cd Congo DR,31,1994,0.5,,,,,,,,,,,,,,,0,,,,,,Matches
274,,SADIKI Noah,COD,Congo DR,Sunderland AFC,MF,21,165,,,,,,,,,,,,,,,,,,,,,,,,,,,,,,,,FIFA World Cup 2026 roster,Noah Sadiki,moved,MF,cd Congo DR,21,1.eng Sunderland,4,2,259,2.9,0,0,0,0,0,0,2,0,814,MF,cd Congo DR,21,2004,2.9,,,,,,,,,,,,,,,0,,,,,,Matches
277,,BAKAMBU Cedric,COD,Congo DR,Real Betis,FW,35,182,,,,,,,,,,,,,,,,,,,,,,,,,,,,,,,,FIFA World Cup 2026 roster,Cédric Bakambu,moved,FW,cd Congo DR,35,1.es Real Betis,3,3,190,2.1,0,0,0,0,0,0,0,0,101,FW,cd Congo DR,35,1991,2.1,,,,,,,,,,,,,,,0,,,,,,Matches
278,,PICKEL Charles,COD,Congo DR,RCD Espanyol,MF,29,187,,,,,,,,,,,,,,,,,,,,,,,,,,,,,,,,FIFA World Cup 2026 roster,Charles Pickel,moved,"DF,MF",cd Congo DR,29,1.es Espanyol,2,0,35,0.4,0,0,0,0,0,0,1,0,729,"DF,MF",cd Congo DR,29,1997,0.4,,,,,,,,,,,,,,,0,,,,,,Matches
279,,MAYELE Fiston,COD,Congo DR,Pyramids FC,FW,31,185,,,,,,,,,,,,,,,,,,,,,,,,,,,,,,,,FIFA World Cup 2026 roster,Fiston Mayele,moved,FW,cd Congo DR,31,1.eg Pyramids FC,2,0,42,0.5,1,0,1,1,0,0,0,0,584,FW,cd Congo DR,31,1994,0.5,,,,,,,,,,,,,,,0,,,,,,Matches
280,,WISSA Yoane,COD,Congo DR,Newcastle United FC,FW,29,176,,,,,,,,,,,,,,,,,,,,,,,,,,,,,,,,FIFA World Cup 2026 roster,Yoane Wissa,moved,FW,cd Congo DR,29,1.eng Newcastle,4,4,360,4.0,3,0,3,2,1,1,0,0,1006,FW,cd Congo DR,29,1996,4.0,,,,,,,,,,,,,,,0,,,,,,Matches
282,,MBEMBA Chancel,COD,Congo DR,Lille OSC,DF,31,182,,,,,,,,,,,,,,,,,,,,,,,,,,,,,,,,FIFA World Cup 2026 roster,Chancel Mbemba,moved,DF,cd Congo DR,31,1.fr Lille,4,4,360,4.0,0,1,1,0,0,0,1,0,590,DF,cd Congo DR,31,1994,4.0,,,,,,,,,,,,,,,1,,,,,,Matches
283,,BANZA Simon,COD,Congo DR,Al Jazira,FW,29,189,,,,,,,,,,,,,,,,,,,,,,,,,,,,,,,,FIFA World Cup 2026 roster,Simon Banza,moved,"FW,MF",cd Congo DR,29,1.ae Al Jazira Club,2,0,40,0.4,0,0,0,0,0,0,0,0,104,"FW,MF",cd Congo DR,29,1996,0.4,,,,,,,,,,,,,,,0,,,,,,Matches
284,,KALULU Gedeon,COD,Congo DR,Aris Limassol FC,DF,28,178,,,,,,,,,,,,,,,,,,,,,,,,,,,,,,,,FIFA World Cup 2026 roster,Gédéon Kalulu,moved,DF,cd Congo DR,28,1.cy Aris Limassol,1,0,6,0.1,0,0,0,0,0,0,0,0,470,DF,cd Congo DR,28,1997,0.1,,,,,,,,,,,,,,,0,,,,,,Matches
285,,KAYEMBE Edo,COD,Congo DR,Watford FC,MF,28,183,,,,,,,,,,,,,,,,,,,,,,,,,,,,,,,,FIFA World Cup 2026 roster,Edo Kayembe,moved,MF,cd Congo DR,28,2.eng Watford,3,2,160,1.8,0,0,0,0,0,0,0,0,481,MF,cd Congo DR,28,1998,1.8,,,,,,,,,,,,,,,0,,,,,,Matches
286,,MASUAKU Arthur,COD,Congo DR,RC Lens,DF,32,179,,,,,,,,,,,,,,,,,,,,,,,,,,,,,,,,FIFA World Cup 2026 roster,Arthur Masuaku,moved,DF,cd Congo DR,32,1.fr Lens,4,4,315,3.5,0,1,1,0,0,0,0,0,579,DF,cd Congo DR,32,1993,3.5,,,,,,,,,,,,,,,1,,,,,,Matches
287,,FOFANA Yahia,CIV,Côte D'Ivoire,Çaykur Rizespor,GK,25,194,,,,,,,,,,,,,,,,,,,,,,,,,,,,,,,,FIFA World Cup 2026 roster,Yahia Fofana,moved,GK,ci Côte d'Ivoire,25,1.tr Rizespor,4,4,360,4.0,0,0,0,0,0,0,0,0,313,GK,ci Côte d'Ivoire,25,2000,4.0,,,,,,,,,,,,,,,0,,,,,,Matches
288,,DIOMANDE Ousmane,CIV,Côte D'Ivoire,Sporting CP,DF,22,190,,,,,,,,,,,,,,,,,,,,,,,,,,,,,,,,FIFA World Cup 2026 roster,Ousmane Diomande,moved,DF,ci Côte d'Ivoire,22,1.pt Sporting CP,1,1,90,1.0,0,0,0,0,0,0,0,0,261,DF,ci Côte d'Ivoire,22,2003,1.0,,,,,,,,,,,,,,,0,,,,,,Matches
289,,KONAN Ghislain,CIV,Côte D'Ivoire,Gil Vicente FC,DF,30,176,,,,,,,,,,,,,,,,,,,,,,,,,,,,,,,,FIFA World Cup 2026 roster,Ghislain Konan,moved,DF,ci Côte d'Ivoire,30,1.pt Gil Vicente FC,3,3,269,3.0,0,0,0,0,0,0,0,0,496,DF,ci Côte d'Ivoire,30,1995,3.0,,,,,,,,,,,,,,,0,,,,,,Matches
291,,SINGO Wilfried,CIV,Côte D'Ivoire,Galatasaray SK,DF,25,182,,,,,,,,,,,,,,,,,,,,,,,,,,,,,,,,FIFA World Cup 2026 roster,Wilfried Singo,moved,DF,ci Côte d'Ivoire,25,1.tr Galatasaray,2,2,171,1.9,0,1,1,0,0,0,0,0,879,DF,ci Côte d'Ivoire,25,2000,1.9,,,,,,,,,,,,,,,1,,,,,,Matches
292,,FOFANA Seko,CIV,Côte D'Ivoire,FC Porto,MF,31,185,,,,,,,,,,,,,,,,,,,,,,,,,,,,,,,,FIFA World Cup 2026 roster,Seko Fofana,moved,MF,ci Côte d'Ivoire,31,1.pt Porto,2,1,92,1.0,0,0,0,0,0,0,1,0,312,MF,ci Côte d'Ivoire,31,1995,1.0,,,,,,,,,,,,,,,0,,,,,,Matches
293,,KOSSOUNOU Odilon,CIV,Côte D'Ivoire,Atalanta Bergamo,DF,25,191,,,,,,,,,,,,,,,,,,,,,,,,,,,,,,,,FIFA World Cup 2026 roster,Odilon Kossounou,moved,DF,ci Côte d'Ivoire,25,1.it Atalanta,4,3,272,3.0,0,0,0,0,0,0,0,0,502,DF,ci Côte d'Ivoire,25,2001,3.0,,,,,,,,,,,,,,,0,,,,,,Matches
294,,KESSIE Franck,CIV,Côte D'Ivoire,Al Ahli FC,MF,29,183,,,,,,,,,,,,,,,,,,,,,,,,,,,,,,,,FIFA World Cup 2026 roster,Franck Kessié,moved,MF,ci Côte d'Ivoire,29,1.sa Al-Ahli,4,4,346,3.8,1,0,1,1,0,0,1,0,483,MF,ci Côte d'Ivoire,29,1996,3.8,,,,,,,,,,,,,,,0,,,,,,Matches
295,,BONNY Ange-Yoan,CIV,Côte D'Ivoire,FC Internazionale Milano,FW,22,189,,,,,,,,,,,,,,,,,,,,,,,,,,,,,,,,FIFA World Cup 2026 roster,Ange-Yoan Bonny,moved,FW,ci Côte d'Ivoire,22,1.it Inter,4,3,234,2.6,0,0,0,0,0,0,0,0,143,FW,ci Côte d'Ivoire,22,2003,2.6,,,,,,,,,,,,,,,0,,,,,,Matches
296,,ADINGRA Simon,CIV,Côte D'Ivoire,AS Monaco,FW,24,175,,,,,,,,,,,,,,,,,,,,,,,,,,,,,,,,FIFA World Cup 2026 roster,Simon Adingra,moved,"FW,MF",ci Côte d'Ivoire,24,1.fr Monaco,1,0,16,0.2,0,0,0,0,0,0,0,0,22,"FW,MF",ci Côte d'Ivoire,24,2002,0.2,,,,,,,,,,,,,,,0,,,,,,Matches
297,,DIOMANDE Yan,CIV,Côte D'Ivoire,RB Leipzig,FW,19,180,,,,,,,,,,,,,,,,,,,,,,,,,,,,,,,,FIFA World Cup 2026 roster,Yan Diomandé,moved,"MF,FW",ci Côte d'Ivoire,19,1.de RB Leipzig,4,4,329,3.7,0,1,1,0,0,0,0,0,262,"MF,FW",ci Côte d'Ivoire,19,2006,3.7,,,,,,,,,,,,,,,1,,,,,,Matches
298,,WAHI Elye,CIV,Côte D'Ivoire,OGC Nice,FW,23,181,,,,,,,,,,,,,,,,,,,,,,,,,,,,,,,,FIFA World Cup 2026 roster,Elye Wahi,moved,FW,ci Côte d'Ivoire,23,1.fr Nice,3,1,110,1.2,0,0,0,0,0,0,0,0,991,FW,ci Côte d'Ivoire,23,2003,1.2,,,,,,,,,,,,,,,0,,,,,,Matches
299,,OPERI Christopher,CIV,Côte D'Ivoire,Başakşehir FK,DF,29,183,,,,,,,,,,,,,,,,,,,,,,,,,,,,,,,,FIFA World Cup 2026 roster,Christopher Opéri,moved,DF,ci Côte d'Ivoire,29,1.tr Başakşehir,1,1,90,1.0,0,0,0,0,0,0,0,0,697,DF,ci Côte d'Ivoire,29,1997,1.0,,,,,,,,,,,,,,,0,,,,,,Matches
300,,DIAKITE Oumar,CIV,Côte D'Ivoire,Cercle Brugge,FW,22,182,,,,,,,,,,,,,,,,,,,,,,,,,,,,,,,,FIFA World Cup 2026 roster,Oumar Diakité,moved,FW,ci Côte d'Ivoire,22,1.be Cercle Brugge,2,0,28,0.3,0,0,0,0,0,0,0,0,248,FW,ci Côte d'Ivoire,22,2003,0.3,,,,,,,,,,,,,,,0,,,,,,Matches
301,,DIALLO Amad,CIV,Côte D'Ivoire,Manchester United FC,FW,23,173,,,,,,,,,,,,,,,,,,,,,,,,,,,,,,,,FIFA World Cup 2026 roster,Amad Diallo,moved,"MF,FW",ci Côte d'Ivoire,23,1.eng Manchester Utd,4,2,185,2.1,2,0,2,2,0,0,0,0,249,"MF,FW",ci Côte d'Ivoire,23,2002,2.1,,,,,,,,,,,,,,,0,,,,,,Matches
303,,DOUE Guela,CIV,Côte D'Ivoire,RC Strasbourg,DF,23,187,,,,,,,,,,,,,,,,,,,,,,,,,,,,,,,,FIFA World Cup 2026 roster,Guéla Doué,moved,DF,ci Côte d'Ivoire,23,1.fr Strasbourg,4,3,277,3.1,0,0,0,0,0,0,1,0,270,DF,ci Côte d'Ivoire,23,2002,3.1,,,,,,,,,,,,,,,0,,,,,,Matches
304,,SANGARE Ibrahim,CIV,Côte D'Ivoire,Nottingham Forest FC,MF,28,191,,,,,,,,,,,,,,,,,,,,,,,,,,,,,,,,FIFA World Cup 2026 roster,Ibrahim Sangaré,moved,MF,ci Côte d'Ivoire,28,1.eng Nottingham,4,3,268,3.0,0,1,1,0,0,0,0,0,829,MF,ci Côte d'Ivoire,28,1997,3.0,,,,,,,,,,,,,,,1,,,,,,Matches
305,,PEPE Nicolas,CIV,Côte D'Ivoire,Villarreal CF,FW,31,183,,,,,,,,,,,,,,,,,,,,,,,,,,,,,,,,FIFA World Cup 2026 roster,Nicolas Pépé,moved,FW,ci Côte d'Ivoire,31,1.es Villarreal,4,3,234,2.6,2,1,3,2,0,0,1,0,724,FW,ci Côte d'Ivoire,31,1995,2.6,,,,,,,,,,,,,,,1,,,,,,Matches
306,,AGBADOU Emmanuel,CIV,Côte D'Ivoire,Beşiktaş JK,DF,28,185,,,,,,,,,,,,,,,,,,,,,,,,,,,,,,,,FIFA World Cup 2026 roster,Emmanuel Agbadou,moved,DF,ci Côte d'Ivoire,28,1.tr Beşiktaş,3,3,270,3.0,0,0,0,0,0,0,0,0,26,DF,ci Côte d'Ivoire,28,1997,3.0,,,,,,,,,,,,,,,0,,,,,,Matches
308,,GUESSAND Evann,CIV,Côte D'Ivoire,Crystal Palace FC,FW,24,188,,,,,,,,,,,,,,,,,,,,,,,,,,,,,,,,FIFA World Cup 2026 roster,Evann Guessand,moved,"FW,MF",ci Côte d'Ivoire,24,1.eng Crystal Palace,2,0,17,0.2,0,0,0,0,0,0,0,0,361,"FW,MF",ci Côte d'Ivoire,24,2001,0.2,,,,,,,,,,,,,,,0,,,,,,Matches
310,,TOURE Bazoumana,CIV,Côte D'Ivoire,TSG Hoffenheim,FW,20,178,,,,,,,,,,,,,,,,,,,,,,,,,,,,,,,,FIFA World Cup 2026 roster,Bazoumana Touré,moved,MF,ci Côte d'Ivoire,20,1.de Hoffenheim,3,1,80,0.9,0,0,0,0,0,0,0,0,947,MF,ci Côte d'Ivoire,20,2006,0.9,,,,,,,,,,,,,,,0,,,,,,Matches
313,,LIVAKOVIC Dominik,CRO,Croatia,GNK Dinamo Zagreb,GK,31,188,,,,,,,,,,,,,,,,,,,,,,,,,,,,,,,,FIFA World Cup 2026 roster,Dominik Livaković,moved,GK,hr Croatia,31,1.hr Dinamo Zagreb,4,4,360,4.0,0,0,0,0,0,0,0,0,531,GK,hr Croatia,31,1995,4.0,,,,,,,,,,,,,,,0,,,,,,Matches
314,,STANISIC Josip,CRO,Croatia,FC Bayern München,DF,26,186,,,,,,,,,,,,,,,,,,,,,,,,,,,,,,,,FIFA World Cup 2026 roster,Josip Stanišić,moved,"DF,MF",hr Croatia,26,1.de Bayern Munich,4,4,360,4.0,0,1,1,0,0,0,0,0,890,"DF,MF",hr Croatia,26,2000,4.0,,,,,,,,,,,,,,,1,,,,,,Matches
315,,PONGRACIC Marin,CRO,Croatia,ACF Fiorentina,DF,28,193,,,,,,,,,,,,,,,,,,,,,,,,,,,,,,,,FIFA World Cup 2026 roster,Marin Pongračić,moved,DF,hr Croatia,28,1.it Fiorentina,3,3,270,3.0,0,0,0,0,0,0,0,0,740,DF,hr Croatia,28,1997,3.0,,,,,,,,,,,,,,,0,,,,,,Matches
316,,GVARDIOL Josko,CRO,Croatia,Manchester City FC,DF,24,185,,,,,,,,,,,,,,,,,,,,,,,,,,,,,,,,FIFA World Cup 2026 roster,Joško Gvardiol,moved,DF,hr Croatia,24,1.eng Manchester City,4,2,139,1.5,0,0,0,0,0,0,0,0,371,DF,hr Croatia,24,2002,1.5,,,,,,,,,,,,,,,0,,,,,,Matches
318,,SUTALO Josip,CRO,Croatia,AFC Ajax,DF,26,185,,,,,,,,,,,,,,,,,,,,,,,,,,,,,,,,FIFA World Cup 2026 roster,Josip Šutalo,moved,DF,hr Croatia,26,1.nl Ajax,4,4,360,4.0,0,0,0,0,0,0,0,0,907,DF,hr Croatia,26,2000,4.0,,,,,,,,,,,,,,,0,,,,,,Matches
320,,KOVACIC Mateo,CRO,Croatia,Manchester City FC,MF,32,178,,,,,,,,,,,,,,,,,,,,,,,,,,,,,,,,FIFA World Cup 2026 roster,Mateo Kovačić,moved,MF,hr Croatia,32,1.eng Manchester City,4,3,270,3.0,0,1,1,0,0,0,0,0,505,MF,hr Croatia,32,1994,3.0,,,,,,,,,,,,,,,1,,,,,,Matches
321,,KRAMARIC Andrej,CRO,Croatia,TSG Hoffenheim,FW,34,177,,,,,,,,,,,,,,,,,,,,,,,,,,,,,,,,FIFA World Cup 2026 roster,Andrej Kramarić,moved,"FW,MF",hr Croatia,34,1.de Hoffenheim,3,0,59,0.7,0,0,0,0,0,0,0,0,507,"FW,MF",hr Croatia,34,1991,0.7,,,,,,,,,,,,,,,0,,,,,,Matches
322,,MODRIC Luka,CRO,Croatia,AC Milan,MF,40,172,,,,,,,,,,,,,,,,,,,,,,,,,,,,,,,,FIFA World Cup 2026 roster,Luka Modrić,moved,MF,hr Croatia,40,1.it Milan,4,4,317,3.5,0,1,1,0,0,0,1,0,621,MF,hr Croatia,40,1985,3.5,,,,,,,,,,,,,,,1,,,,,,Matches
323,,BUDIMIR Ante,CRO,Croatia,CA Osasuna,FW,34,190,,,,,,,,,,,,,,,,,,,,,,,,,,,,,,,,FIFA World Cup 2026 roster,Ante Budimir,moved,FW,hr Croatia,34,1.es Osasuna,3,2,155,1.7,1,0,1,1,0,0,0,0,158,FW,hr Croatia,34,1991,1.7,,,,,,,,,,,,,,,0,,,,,,Matches
325,,VLASIC Nikola,CRO,Croatia,Torino FC,MF,28,179,,,,,,,,,,,,,,,,,,,,,,,,,,,,,,,,FIFA World Cup 2026 roster,Nikola Vlašić,moved,MF,hr Croatia,28,1.it Torino,3,2,189,2.1,1,0,1,1,0,0,0,0,986,MF,hr Croatia,28,1997,2.1,,,,,,,,,,,,,,,0,,,,,,Matches
326,,PERISIC Ivan,CRO,Croatia,PSV Eindhoven,FW,37,186,,,,,,,,,,,,,,,,,,,,,,,,,,,,,,,,FIFA World Cup 2026 roster,Ivan Perišić,moved,"MF,DF",hr Croatia,37,1.nl PSV,4,4,360,4.0,1,1,2,1,0,0,2,0,727,"MF,DF",hr Croatia,37,1989,4.0,,,,,,,,,,,,,,,1,,,,,,Matches
327,,PASALIC Mario,CRO,Croatia,Atalanta Bergamo,MF,31,188,,,,,,,,,,,,,,,,,,,,,,,,,,,,,,,,FIFA World Cup 2026 roster,Mario Pašalić,moved,MF,hr Croatia,31,1.it Atalanta,4,1,123,1.4,0,0,0,0,0,0,0,0,716,MF,hr Croatia,31,1995,1.4,,,,,,,,,,,,,,,0,,,,,,Matches
328,,BATURINA Martin,CRO,Croatia,Como,MF,23,172,,,,,,,,,,,,,,,,,,,,,,,,,,,,,,,,FIFA World Cup 2026 roster,Martin Baturina,moved,"MF,FW",hr Croatia,23,1.it Como,4,4,321,3.6,1,0,1,1,0,0,0,0,111,"MF,FW",hr Croatia,23,2003,3.6,,,,,,,,,,,,,,,0,,,,,,Matches
329,,SUCIC Petar,CRO,Croatia,FC Internazionale Milano,MF,22,183,,,,,,,,,,,,,,,,,,,,,,,,,,,,,,,,FIFA World Cup 2026 roster,Petar Sučić,moved,"MF,FW",hr Croatia,22,1.it Inter,4,3,289,3.2,1,1,2,1,0,0,1,0,899,"MF,FW",hr Croatia,22,2003,3.2,,,,,,,,,,,,,,,1,,,,,,Matches
332,,MATANOVIC Igor,CRO,Croatia,SC Freiburg,FW,23,194,,,,,,,,,,,,,,,,,,,,,,,,,,,,,,,,FIFA World Cup 2026 roster,Igor Matanović,moved,FW,hr Croatia,23,1.de Freiburg,3,0,95,1.1,0,0,0,0,0,0,0,0,580,FW,hr Croatia,23,2003,1.1,,,,,,,,,,,,,,,0,,,,,,Matches
333,,SUCIC Luka,CRO,Croatia,Real Sociedad,MF,23,185,,,,,,,,,,,,,,,,,,,,,,,,,,,,,,,,FIFA World Cup 2026 roster,Luka Sučić,moved,"FW,MF",hr Croatia,23,1.es Real Sociedad,1,0,19,0.2,0,0,0,0,0,0,0,0,898,"FW,MF",hr Croatia,23,2002,0.2,,,,,,,,,,,,,,,0,,,,,,Matches
334,,VUSKOVIC Luka,CRO,Croatia,Hamburger SV,DF,19,193,,,,,,,,,,,,,,,,,,,,,,,,,,,,,,,,FIFA World Cup 2026 roster,Luka Vušković,moved,DF,hr Croatia,19,1.de Hamburger SV,1,1,65,0.7,0,0,0,0,0,0,0,0,990,DF,hr Croatia,19,2007,0.7,,,,,,,,,,,,,,,0,,,,,,Matches
336,,PASALIC Marco,CRO,Croatia,Orlando City SC,FW,25,177,,,,,,,,,,,,,,,,,,,,,,,,,,,,,,,,FIFA World Cup 2026 roster,Marco Pašalić,moved,MF,hr Croatia,25,1.us Orlando City,3,1,99,1.1,0,0,0,0,0,0,0,0,715,MF,hr Croatia,25,2000,1.1,,,,,,,,,,,,,,,0,,,,,,Matches
338,,MUSA Petar,CRO,Croatia,FC Dallas,FW,28,190,,,,,,,,,,,,,,,,,,,,,,,,,,,,,,,,FIFA World Cup 2026 roster,Petar Musa,moved,FW,hr Croatia,28,1.us FC Dallas,2,2,110,1.2,1,0,1,1,0,0,0,0,648,FW,hr Croatia,28,1998,1.2,,,,,,,,,,,,,,,0,,,,,,Matches
339,,ROOM Eloy,CUW,Curaçao,Miami FC,GK,37,190,,,,,,,,,,,,,,,,,,,,,,,,,,,,,,,,FIFA World Cup 2026 roster,Eloy Room,moved,GK,cw Curaçao,37,2.us Miami FC,3,3,270,3.0,0,0,0,0,0,0,0,0,802,GK,cw Curaçao,37,1989,3.0,,,,,,,,,,,,,,,0,,,,,,Matches
340,,SAMBO Shurandy,CUW,Curaçao,Sparta Rotterdam,DF,24,174,,,,,,,,,,,,,,,,,,,,,,,,,,,,,,,,FIFA World Cup 2026 roster,Shurandy Sambo,moved,DF,cw Curaçao,24,1.nl Sparta R.,1,0,1,0.0,0,0,0,0,0,0,0,0,823,DF,cw Curaçao,24,2001,0.0,,,,,,,,,,,,,,,0,,,,,,Matches
341,,GAARI Jurien,CUW,Curaçao,Abha Club,DF,32,183,,,,,,,,,,,,,,,,,,,,,,,,,,,,,,,,FIFA World Cup 2026 roster,Juriën Gaari,moved,DF,cw Curaçao,32,2.sa Abha,2,2,166,1.8,0,0,0,0,0,0,1,0,322,DF,cw Curaçao,32,1993,1.8,,,,,,,,,,,,,,,0,,,,,,Matches
342,,VAN EIJMA Roshon,CUW,Curaçao,RKC Waalwijk,DF,28,186,,,,,,,,,,,,,,,,,,,,,,,,,,,,,,,,FIFA World Cup 2026 roster,Roshon van Eijma,moved,DF,cw Curaçao,28,2.nl RKC Waalwijk,1,0,15,0.2,0,0,0,0,0,0,0,0,277,DF,cw Curaçao,28,1998,0.2,,,,,,,,,,,,,,,0,,,,,,Matches
343,,FLORANUS Sherel,CUW,Curaçao,PEC Zwolle,DF,27,181,,,,,,,,,,,,,,,,,,,,,,,,,,,,,,,,FIFA World Cup 2026 roster,Sherel Floranus,moved,DF,cw Curaçao,27,1.nl Zwolle,3,3,270,3.0,0,0,0,0,0,0,0,0,311,DF,cw Curaçao,27,1998,3.0,,,,,,,,,,,,,,,0,,,,,,Matches
344,,ROEMERATOE Godfried,CUW,Curaçao,RKC Waalwijk,MF,26,178,,,,,,,,,,,,,,,,,,,,,,,,,,,,,,,,FIFA World Cup 2026 roster,Godfried Roemeratoe,moved,MF,cw Curaçao,26,2.nl RKC Waalwijk,1,0,7,0.1,0,0,0,0,0,0,0,0,797,MF,cw Curaçao,26,1999,0.1,,,,,,,,,,,,,,,0,,,,,,Matches
345,,BACUNA Juninho,CUW,Curaçao,FC Volendam,MF,28,178,,,,,,,,,,,,,,,,,,,,,,,,,,,,,,,,FIFA World Cup 2026 roster,Juninho Bacuna,moved,MF,cw Curaçao,28,1.nl Volendam,3,3,254,2.8,0,0,0,0,0,0,2,0,97,MF,cw Curaçao,28,1997,2.8,,,,,,,,,,,,,,,0,,,,,,Matches
346,,COMENENCIA Livano,CUW,Curaçao,FC Zürich,MF,22,185,,,,,,,,,,,,,,,,,,,,,,,,,,,,,,,,FIFA World Cup 2026 roster,Livano Comenencia,moved,MF,cw Curaçao,22,1.ch Zürich,3,3,233,2.6,1,0,1,1,0,0,1,0,203,MF,cw Curaçao,22,2004,2.6,,,,,,,,,,,,,,,0,,,,,,Matches
348,,BACUNA Leandro,CUW,Curaçao,Iğdır FK,MF,34,180,,,,,,,,,,,,,,,,,,,,,,,,,,,,,,,,FIFA World Cup 2026 roster,Leandro Bacuna,moved,MF,cw Curaçao,34,2.tr 76 Iğdır Belediyespor,3,3,270,3.0,0,0,0,0,0,0,1,0,98,MF,cw Curaçao,34,1991,3.0,,,,,,,,,,,,,,,0,,,,,,Matches
349,,ANTONISSE Jeremy,CUW,Curaçao,AE Kifisia FC,FW,24,164,,,,,,,,,,,,,,,,,,,,,,,,,,,,,,,,FIFA World Cup 2026 roster,Jeremy Antonisse,moved,"FW,MF",cw Curaçao,24,1.gr AE Kifisia,2,0,75,0.8,0,0,0,0,0,0,0,0,71,"FW,MF",cw Curaçao,24,2002,0.8,,,,,,,,,,,,,,,0,,,,,,Matches
350,,HANSEN Sontje,CUW,Curaçao,Middlesbrough FC,FW,24,176,,,,,,,,,,,,,,,,,,,,,,,,,,,,,,,,FIFA World Cup 2026 roster,Sontje Hansen,moved,FW,cw Curaçao,24,2.eng Middlesbrough,1,1,45,0.5,0,0,0,0,0,0,0,0,390,FW,cw Curaçao,24,2002,0.5,,,,,,,,,,,,,,,0,,,,,,Matches
351,,NOSLIN Tyrese,CUW,Curaçao,SC Telstar,FW,23,182,,,,,,,,,,,,,,,,,,,,,,,,,,,,,,,,FIFA World Cup 2026 roster,Tyrese Noslin,moved,MF,cw Curaçao,23,1.nl Telstar,1,0,14,0.2,0,0,0,0,0,0,0,0,673,MF,cw Curaçao,23,2002,0.2,,,,,,,,,,,,,,,0,,,,,,Matches
352,,GORRE Kenji,CUW,Curaçao,Maccabi Haifa FC,FW,31,174,,,,,,,,,,,,,,,,,,,,,,,,,,,,,,,,FIFA World Cup 2026 roster,Kenji Gorré,moved,"FW,MF",cw Curaçao,31,1.il Maccabi Haifa,1,0,16,0.2,0,0,0,0,0,0,0,0,351,"FW,MF",cw Curaçao,31,1994,0.2,,,,,,,,,,,,,,,0,,,,,,Matches
354,,MARGARITHA Jearl,CUW,Curaçao,SK Beveren,FW,26,181,,,,,,,,,,,,,,,,,,,,,,,,,,,,,,,,FIFA World Cup 2026 roster,Jearl Margaritha,moved,"FW,MF",cw Curaçao,26,2.be Beveren,2,0,41,0.5,0,0,0,0,0,0,0,0,568,"FW,MF",cw Curaçao,26,2000,0.5,,,,,,,,,,,,,,,0,,,,,,Matches
355,,KUWAS Brandley,CUW,Curaçao,FC Volendam,FW,33,181,,,,,,,,,,,,,,,,,,,,,,,,,,,,,,,,FIFA World Cup 2026 roster,Brandley Kuwas,moved,"FW,MF",cw Curaçao,33,1.nl Volendam,1,0,1,0.0,0,0,0,0,0,0,0,0,510,"FW,MF",cw Curaçao,33,1992,0.0,,,,,,,,,,,,,,,0,,,,,,Matches
356,,OBISPO Armando,CUW,Curaçao,PSV Eindhoven,DF,27,185,,,,,,,,,,,,,,,,,,,,,,,,,,,,,,,,FIFA World Cup 2026 roster,Armando Obispo,moved,DF,cw Curaçao,27,1.nl PSV,3,3,270,3.0,0,0,0,0,0,0,0,0,683,DF,cw Curaçao,27,1999,3.0,,,,,,,,,,,,,,,0,,,,,,Matches
357,,KASTANEER Gervane,CUW,Curaçao,Terengganu FC,FW,30,189,,,,,,,,,,,,,,,,,,,,,,,,,,,,,,,,FIFA World Cup 2026 roster,Gervane Kastaneer,moved,"FW,MF",cw Curaçao,30,1.my Terengganu City,3,0,30,0.3,0,0,0,0,0,0,2,0,479,"FW,MF",cw Curaçao,30,1996,0.3,,,,,,,,,,,,,,,0,,,,,,Matches
358,,BRENET Joshua,CUW,Curaçao,Kayserispor,DF,32,181,,,,,,,,,,,,,,,,,,,,,,,,,,,,,,,,FIFA World Cup 2026 roster,Joshua Brenet,moved,DF,cw Curaçao,32,1.tr Kayserispor,2,2,179,2.0,0,0,0,0,0,0,0,0,153,DF,cw Curaçao,32,1994,2.0,,,,,,,,,,,,,,,0,,,,,,Matches
359,,CHONG Tahith,CUW,Curaçao,Sheeld United FC,MF,26,185,,,,,,,,,,,,,,,,,,,,,,,,,,,,,,,,FIFA World Cup 2026 roster,Tahith Chong,moved,MF,cw Curaçao,26,2.eng Sheffield United,3,3,247,2.7,0,0,0,0,0,0,0,0,195,MF,cw Curaçao,26,1999,2.7,,,,,,,,,,,,,,,0,,,,,,Matches
361,,BAZOER Riechedly,CUW,Curaçao,Konyaspor,DF,29,184,,,,,,,,,,,,,,,,,,,,,,,,,,,,,,,,FIFA World Cup 2026 roster,Riechedly Bazoer,moved,DF,cw Curaçao,29,1.tr Konyaspor,1,1,90,1.0,0,0,0,0,0,0,0,0,114,DF,cw Curaçao,29,1996,1.0,,,,,,,,,,,,,,,0,,,,,,Matches
362,,FONVILLE Deveron,CUW,Curaçao,NEC Nijmegen,DF,23,188,,,,,,,,,,,,,,,,,,,,,,,,,,,,,,,,FIFA World Cup 2026 roster,Deveron Fonville,moved,DF,cw Curaçao,23,1.nl NEC Nijmegen,3,3,241,2.7,0,0,0,0,0,0,0,0,314,DF,cw Curaçao,23,2003,2.7,,,,,,,,,,,,,,,0,,,,,,Matches
365,,KOVAR Matej,CZE,Czechia,PSV Eindhoven,GK,26,196,,,,,,,,,,,,,,,,,,,,,,,,,,,,,,,,FIFA World Cup 2026 roster,Matej Kovar,moved,GK,cz Czechia,26,1.nl PSV,3,3,270,3.0,0,0,0,0,0,0,0,0,506,GK,cz Czechia,26,2000,3.0,,,,,,,,,,,,,,,0,,,,,,Matches
366,,ZIMA David,CZE,Czechia,SK Slavia Praha,DF,25,190,,,,,,,,,,,,,,,,,,,,,,,,,,,,,,,,FIFA World Cup 2026 roster,David Zima,moved,DF,cz Czechia,25,1.cz Slavia Prague,1,0,13,0.1,0,0,0,0,0,0,0,0,1034,DF,cz Czechia,25,2000,0.1,,,,,,,,,,,,,,,0,,,,,,Matches
367,,HOLES Tomas,CZE,Czechia,SK Slavia Praha,DF,33,180,,,,,,,,,,,,,,,,,,,,,,,,,,,,,,,,FIFA World Cup 2026 roster,Tomáš Holeš,moved,DF,cz Czechia,33,1.cz Slavia Prague,2,2,153,1.7,0,0,0,0,0,0,0,0,417,DF,cz Czechia,33,1993,1.7,,,,,,,,,,,,,,,0,,,,,,Matches
368,,HRANAC Robin,CZE,Czechia,TSG Hoffenheim,DF,26,189,,,,,,,,,,,,,,,,,,,,,,,,,,,,,,,,FIFA World Cup 2026 roster,Robin Hranáč,moved,DF,cz Czechia,26,1.de Hoffenheim,3,3,270,3.0,0,0,0,0,0,0,0,0,419,DF,cz Czechia,26,2000,3.0,,,,,,,,,,,,,,,0,,,,,,Matches
369,,COUFAL Vladimir,CZE,Czechia,TSG Hoffenheim,DF,33,175,,,,,,,,,,,,,,,,,,,,,,,,,,,,,,,,FIFA World Cup 2026 roster,Vladimír Coufal,moved,"MF,DF",cz Czechia,33,1.de Hoffenheim,3,3,270,3.0,0,1,1,0,0,0,0,0,212,"MF,DF",cz Czechia,33,1992,3.0,,,,,,,,,,,,,,,1,,,,,,Matches
370,,CHALOUPEK Stepan,CZE,Czechia,SK Slavia Praha,DF,23,188,,,,,,,,,,,,,,,,,,,,,,,,,,,,,,,,FIFA World Cup 2026 roster,Štěpán Chaloupek,moved,DF,cz Czechia,23,1.cz Slavia Prague,1,1,90,1.0,0,0,0,0,0,0,0,0,187,DF,cz Czechia,23,2003,1.0,,,,,,,,,,,,,,,0,,,,,,Matches
371,,KREJCI Ladislav,CZE,Czechia,Wolverhampton Wanderers FC,DF,27,191,,,,,,,,,,,,,,,,,,,,,,,,,,,,,,,,FIFA World Cup 2026 roster,Ladislav Krejčí,moved,DF,cz Czechia,27,1.eng Wolves,3,3,270,3.0,1,0,1,1,0,0,1,0,508,DF,cz Czechia,27,1999,3.0,,,,,,,,,,,,,,,0,,,,,,Matches
372,,DARIDA Vladimir,CZE,Czechia,FC Hradec Králové,MF,35,172,,,,,,,,,,,,,,,,,,,,,,,,,,,,,,,,FIFA World Cup 2026 roster,Vladimír Darida,moved,MF,cz Czechia,35,1.cz Hradec Králové,1,1,54,0.6,0,0,0,0,0,0,0,0,226,MF,cz Czechia,35,1990,0.6,,,,,,,,,,,,,,,0,,,,,,Matches
373,,HLOZEK Adam,CZE,Czechia,TSG Hoffenheim,FW,23,188,,,,,,,,,,,,,,,,,,,,,,,,,,,,,,,,FIFA World Cup 2026 roster,Adam Hložek,moved,FW,cz Czechia,23,1.de Hoffenheim,3,2,156,1.7,0,0,0,0,0,0,0,0,416,FW,cz Czechia,23,2002,1.7,,,,,,,,,,,,,,,0,,,,,,Matches
374,,SCHICK Patrik,CZE,Czechia,Bayer 04 Leverkusen,FW,30,191,,,,,,,,,,,,,,,,,,,,,,,,,,,,,,,,FIFA World Cup 2026 roster,Patrik Schick,moved,FW,cz Czechia,30,1.de Leverkusen,3,2,180,2.0,0,0,0,0,0,0,0,0,838,FW,cz Czechia,30,1996,2.0,,,,,,,,,,,,,,,0,,,,,,Matches
376,,CERV Lukas,CZE,Czechia,FC Viktoria Plzeň,MF,25,182,,,,,,,,,,,,,,,,,,,,,,,,,,,,,,,,FIFA World Cup 2026 roster,Lukáš Červ,moved,MF,cz Czechia,25,1.cz Viktoria Plzeň,2,2,163,1.8,0,0,0,0,0,0,0,0,184,MF,cz Czechia,25,2001,1.8,,,,,,,,,,,,,,,0,,,,,,Matches
377,,CHYTIL Mojmir,CZE,Czechia,SK Slavia Praha,FW,27,187,,,,,,,,,,,,,,,,,,,,,,,,,,,,,,,,FIFA World Cup 2026 roster,Mojmír Chytil,moved,FW,cz Czechia,27,1.cz Slavia Prague,1,0,7,0.1,0,0,0,0,0,0,0,0,199,FW,cz Czechia,27,1999,0.1,,,,,,,,,,,,,,,0,,,,,,Matches
379,,SULC Pavel,CZE,Czechia,Olympique Lyonnais,FW,25,177,,,,,,,,,,,,,,,,,,,,,,,,,,,,,,,,FIFA World Cup 2026 roster,Pavel Šulc,moved,FW,cz Czechia,25,1.fr Lyon,3,2,189,2.1,0,0,0,0,0,0,0,0,902,FW,cz Czechia,25,2000,2.1,,,,,,,,,,,,,,,0,,,,,,Matches
381,,PROVOD Lukas,CZE,Czechia,SK Slavia Praha,MF,29,191,,,,,,,,,,,,,,,,,,,,,,,,,,,,,,,,FIFA World Cup 2026 roster,Lukáš Provod,moved,FW,cz Czechia,29,1.cz Slavia Prague,3,1,122,1.4,0,0,0,0,0,0,0,0,747,FW,cz Czechia,29,1996,1.4,,,,,,,,,,,,,,,0,,,,,,Matches
382,,SADILEK Michal,CZE,Czechia,SK Slavia Praha,MF,27,169,,,,,,,,,,,,,,,,,,,,,,,,,,,,,,,,FIFA World Cup 2026 roster,Michal Sadílek,moved,MF,cz Czechia,27,1.cz Slavia Prague,3,2,183,2.0,1,0,1,1,0,0,0,0,815,MF,cz Czechia,27,1999,2.0,,,,,,,,,,,,,,,0,,,,,,Matches
383,,CHORY Tomas,CZE,Czechia,SK Slavia Praha,FW,31,199,,,,,,,,,,,,,,,,,,,,,,,,,,,,,,,,FIFA World Cup 2026 roster,Tomáš Chorý,moved,FW,cz Czechia,31,1.cz Slavia Prague,2,0,31,0.3,0,0,0,0,0,0,0,0,196,FW,cz Czechia,31,1995,0.3,,,,,,,,,,,,,,,0,,,,,,Matches
384,,ZELENY Jaroslav,CZE,Czechia,AC Sparta Praha,DF,33,190,,,,,,,,,,,,,,,,,,,,,,,,,,,,,,,,FIFA World Cup 2026 roster,Jaroslav Zelený,moved,MF,cz Czechia,33,1.cz Sparta Prague,2,1,126,1.4,0,0,0,0,0,0,0,0,1028,MF,cz Czechia,33,1992,1.4,,,,,,,,,,,,,,,0,,,,,,Matches
385,,DOUDERA David,CZE,Czechia,SK Slavia Praha,DF,28,175,,,,,,,,,,,,,,,,,,,,,,,,,,,,,,,,FIFA World Cup 2026 roster,David Douděra,moved,MF,cz Czechia,28,1.cz Slavia Prague,1,1,90,1.0,0,0,0,0,0,0,0,0,268,MF,cz Czechia,28,1998,1.0,,,,,,,,,,,,,,,0,,,,,,Matches
386,,SOUCEK Tomas,CZE,Czechia,West Ham United FC,MF,31,192,,,,,,,,,,,,,,,,,,,,,,,,,,,,,,,,FIFA World Cup 2026 roster,Tomáš Souček,moved,MF,cz Czechia,31,1.eng West Ham,3,1,137,1.5,0,0,0,0,0,0,0,0,884,MF,cz Czechia,31,1995,1.5,,,,,,,,,,,,,,,0,,,,,,Matches
388,,SOJKA Alexandr,CZE,Czechia,FC Viktoria Plzeň,MF,23,188,,,,,,,,,,,,,,,,,,,,,,,,,,,,,,,,FIFA World Cup 2026 roster,Alexandr Sojka,moved,"MF,DF",cz Czechia,23,1.cz Viktoria Plzeň,3,2,141,1.6,0,1,1,0,0,0,0,0,882,"MF,DF",cz Czechia,23,2003,1.6,,,,,,,,,,,,,,,1,,,,,,Matches
390,,VISINSKY Denis,CZE,Czechia,FC Viktoria Plzeň,FW,23,178,,,,,,,,,,,,,,,,,,,,,,,,,,,,,,,,FIFA World Cup 2026 roster,Denis Višinský,moved,FW,cz Czechia,23,1.cz Viktoria Plzeň,1,1,55,0.6,0,0,0,0,0,0,0,0,983,FW,cz Czechia,23,2003,0.6,,,,,,,,,,,,,,,0,,,,,,Matches
391,,GALINDEZ Hernan,ECU,Ecuador,CA Huracán,GK,39,189,,,,,,,,,,,,,,,,,,,,,,,,,,,,,,,,FIFA World Cup 2026 roster,Hernán Galíndez,moved,GK,ec Ecuador,39,1.ar Huracán,4,4,360,4.0,0,0,0,0,0,0,0,0,326,GK,ec Ecuador,39,1987,4.0,,,,,,,,,,,,,,,0,,,,,,Matches
393,,HINCAPIE Piero,ECU,Ecuador,Arsenal FC,DF,24,183,,,,,,,,,,,,,,,,,,,,,,,,,,,,,,,,FIFA World Cup 2026 roster,Piero Hincapié,moved,DF,ec Ecuador,24,1.eng Arsenal,4,4,339,3.8,0,0,0,0,0,0,1,1,415,DF,ec Ecuador,24,2002,3.8,,,,,,,,,,,,,,,0,,,,,,Matches
394,,ORDONEZ Joel,ECU,Ecuador,Club Brugge,DF,22,188,,,,,,,,,,,,,,,,,,,,,,,,,,,,,,,,FIFA World Cup 2026 roster,Joel Ordóñez,moved,DF,ec Ecuador,22,1.be Club Brugge,3,3,225,2.5,0,0,0,0,0,0,0,0,699,DF,ec Ecuador,22,2004,2.5,,,,,,,,,,,,,,,0,,,,,,Matches
395,,ALCIVAR Jordy,ECU,Ecuador,Independiente Del Valle,MF,26,168,,,,,,,,,,,,,,,,,,,,,,,,,,,,,,,,FIFA World Cup 2026 roster,Jordy Alcivar,moved,MF,ec Ecuador,26,1.ec Independiente,1,1,45,0.5,0,0,0,0,0,0,1,0,40,MF,ec Ecuador,26,1999,0.5,,,,,,,,,,,,,,,0,,,,,,Matches
396,,PACHO Willian,ECU,Ecuador,Paris Saint-Germain,DF,24,188,,,,,,,,,,,,,,,,,,,,,,,,,,,,,,,,FIFA World Cup 2026 roster,Willian Pacho,moved,DF,ec Ecuador,24,1.fr PSG,4,4,360,4.0,0,0,0,0,0,0,0,0,709,DF,ec Ecuador,24,2001,4.0,,,,,,,,,,,,,,,0,,,,,,Matches
397,,ESTUPINAN Pervis,ECU,Ecuador,AC Milan,DF,28,175,,,,,,,,,,,,,,,,,,,,,,,,,,,,,,,,FIFA World Cup 2026 roster,Pervis Estupiñán,moved,MF,ec Ecuador,28,1.it Milan,2,1,89,1.0,0,0,0,0,0,0,0,0,288,MF,ec Ecuador,28,1998,1.0,,,,,,,,,,,,,,,0,,,,,,Matches
399,,YEBOAH John,ECU,Ecuador,Venezia FC,FW,25,170,,,,,,,,,,,,,,,,,,,,,,,,,,,,,,,,FIFA World Cup 2026 roster,John Yeboah,moved,MF,ec Ecuador,25,2.it Venezia,4,4,311,3.5,0,0,0,0,0,0,0,0,1016,MF,ec Ecuador,25,2000,3.5,,,,,,,,,,,,,,,0,,,,,,Matches
400,,PAEZ Kendry,ECU,Ecuador,CA River Plate,MF,19,178,,,,,,,,,,,,,,,,,,,,,,,,,,,,,,,,FIFA World Cup 2026 roster,Kendry Páez,moved,MF,ec Ecuador,19,1.ar River Plate,1,0,12,0.1,0,0,0,0,0,0,1,0,710,MF,ec Ecuador,19,2007,0.1,,,,,,,,,,,,,,,0,,,,,,Matches
401,,RODRIGUEZ Kevin,ECU,Ecuador,Royale Union Saint-Gilloise,FW,26,190,,,,,,,,,,,,,,,,,,,,,,,,,,,,,,,,FIFA World Cup 2026 roster,Kevin Rodríguez,moved,FW,ec Ecuador,26,1.be Union SG,4,0,118,1.3,0,1,1,0,0,0,0,0,794,FW,ec Ecuador,26,2000,1.3,,,,,,,,,,,,,,,1,,,,,,Matches
403,,VALENCIA Enner,ECU,Ecuador,CF Pachuca,FW,36,177,,,,,,,,,,,,,,,,,,,,,,,,,,,,,,,,FIFA World Cup 2026 roster,Enner Valencia,moved,FW,ec Ecuador,36,1.mx Pachuca,4,4,287,3.2,0,0,0,0,0,0,0,0,963,FW,ec Ecuador,36,1989,3.2,,,,,,,,,,,,,,,0,,,,,,Matches
404,,MINDA Alan,ECU,Ecuador,Atlético Mineiro,MF,23,174,,,,,,,,,,,,,,,,,,,,,,,,,,,,,,,,FIFA World Cup 2026 roster,Alan Minda,moved,MF,ec Ecuador,23,1.br Atlético Mineiro,1,1,55,0.6,0,0,0,0,0,0,0,0,619,MF,ec Ecuador,23,2003,0.6,,,,,,,,,,,,,,,0,,,,,,Matches
405,,VITE Pedro,ECU,Ecuador,Pumas UNAM,MF,24,172,,,,,,,,,,,,,,,,,,,,,,,,,,,,,,,,FIFA World Cup 2026 roster,Pedro Vite,moved,MF,ec Ecuador,24,1.mx UNAM,4,4,360,4.0,0,1,1,0,0,0,0,0,984,MF,ec Ecuador,24,2002,4.0,,,,,,,,,,,,,,,1,,,,,,Matches
406,,CAICEDO Jordy,ECU,Ecuador,CA Huracán,FW,28,186,,,,,,,,,,,,,,,,,,,,,,,,,,,,,,,,FIFA World Cup 2026 roster,Jordy Caicedo,moved,FW,ec Ecuador,28,1.ar Huracán,3,0,20,0.2,0,0,0,0,0,0,0,0,168,FW,ec Ecuador,28,1997,0.2,,,,,,,,,,,,,,,0,,,,,,Matches
407,,PRECIADO Angelo,ECU,Ecuador,Atlético Mineiro,DF,28,174,,,,,,,,,,,,,,,,,,,,,,,,,,,,,,,,FIFA World Cup 2026 roster,Ángelo Preciado,moved,"DF,MF",ec Ecuador,28,1.br Atlético Mineiro,4,0,109,1.2,0,0,0,0,0,0,0,0,745,"DF,MF",ec Ecuador,28,1998,1.2,,,,,,,,,,,,,,,0,,,,,,Matches
409,,PLATA Gonzalo,ECU,Ecuador,CR Flamengo,FW,25,178,,,,,,,,,,,,,,,,,,,,,,,,,,,,,,,,FIFA World Cup 2026 roster,Gonzalo Plata,moved,FW,ec Ecuador,25,1.br Flamengo,4,4,360,4.0,1,0,1,1,0,0,1,0,739,FW,ec Ecuador,25,2000,4.0,,,,,,,,,,,,,,,0,,,,,,Matches
410,,ANGULO Nilson,ECU,Ecuador,Sunderland AFC,FW,22,184,,,,,,,,,,,,,,,,,,,,,,,,,,,,,,,,FIFA World Cup 2026 roster,Nilson Angulo,moved,MF,ec Ecuador,22,1.eng Sunderland,4,2,218,2.4,1,0,1,1,0,0,0,0,69,MF,ec Ecuador,22,2003,2.4,,,,,,,,,,,,,,,0,,,,,,Matches
411,,FRANCO Alan,ECU,Ecuador,Atlético Mineiro,MF,27,175,,,,,,,,,,,,,,,,,,,,,,,,,,,,,,,,FIFA World Cup 2026 roster,Alan Franco,moved,DF,ec Ecuador,27,1.br Atlético Mineiro,4,4,251,2.8,0,0,0,0,0,0,2,0,317,DF,ec Ecuador,27,1998,2.8,,,,,,,,,,,,,,,0,,,,,,Matches
413,,CAICEDO Moises,ECU,Ecuador,Chelsea FC,MF,24,178,,,,,,,,,,,,,,,,,,,,,,,,,,,,,,,,FIFA World Cup 2026 roster,Moisés Caicedo,moved,MF,ec Ecuador,24,1.eng Chelsea,4,4,360,4.0,0,0,0,0,0,0,1,0,169,MF,ec Ecuador,24,2001,4.0,,,,,,,,,,,,,,,0,,,,,,Matches
415,,POROZO Jackson,ECU,Ecuador,Club Tijuana,DF,25,192,,,,,,,,,,,,,,,,,,,,,,,,,,,,,,,,FIFA World Cup 2026 roster,Jackson Porozo,moved,DF,ec Ecuador,25,1.mx Tijuana,1,0,29,0.3,0,0,0,0,0,0,1,0,741,DF,ec Ecuador,25,2000,0.3,,,,,,,,,,,,,,,0,,,,,,Matches
416,,MEDINA Yaimar,ECU,Ecuador,KRC Genk,DF,21,173,,,,,,,,,,,,,,,,,,,,,,,,,,,,,,,,FIFA World Cup 2026 roster,Yaimar Medina,moved,"DF,MF",ec Ecuador,21,1.be Genk,1,0,45,0.5,0,0,0,0,0,0,0,0,602,"DF,MF",ec Ecuador,21,2004,0.5,,,,,,,,,,,,,,,0,,,,,,Matches
418,,YASSER IBRAHIM,EGY,Egypt,Al Ahly FC,DF,33,185,,,,,,,,,,,,,,,,,,,,,,,,,,,,,,,,FIFA World Cup 2026 roster,Yasser Ibrahim,normal,DF,eg Egypt,33,1.eg Al Ahly,5,4,467,5.2,1,0,1,1,0,0,2,0,427,DF,eg Egypt,33,1993,5.2,,,,,,,,,,,,,,,0,,,,,,Matches
419,,MOHAMED HANY,EGY,Egypt,Al Ahly FC,DF,30,175,,,,,,,,,,,,,,,,,,,,,,,,,,,,,,,,FIFA World Cup 2026 roster,Mohamed Hany,normal,DF,eg Egypt,30,1.eg Al Ahly,5,5,480,5.3,0,1,1,0,0,0,0,0,391,DF,eg Egypt,30,1996,5.3,,,,,,,,,,,,,,,1,,,,,,Matches
420,,HOSSAM ABDELMAGUID,EGY,Egypt,Zamalek SC,DF,25,193,,,,,,,,,,,,,,,,,,,,,,,,,,,,,,,,FIFA World Cup 2026 roster,Hossam Abdelmaguid,normal,DF,eg Egypt,25,1.eg Zamalek SC,2,0,59,0.7,0,0,0,0,0,0,0,0,4,DF,eg Egypt,25,2001,0.7,,,,,,,,,,,,,,,0,,,,,,Matches
421,,RAMY RABIA,EGY,Egypt,Al Ain FC,DF,33,183,,,,,,,,,,,,,,,,,,,,,,,,,,,,,,,,FIFA World Cup 2026 roster,Ramy Rabia,normal,DF,eg Egypt,33,1.ae Al Ain,5,3,372,4.1,0,0,0,0,0,0,0,0,756,DF,eg Egypt,33,1993,4.1,,,,,,,,,,,,,,,0,,,,,,Matches
423,,TREZEGUET,EGY,Egypt,Al Ahly FC,FW,31,181,,,,,,,,,,,,,,,,,,,,,,,,,,,,,,,,FIFA World Cup 2026 roster,Trézéguet,normal,MF,eg Egypt,31,1.eg Al Ahly,4,1,164,1.8,1,1,2,1,0,0,0,0,950,MF,eg Egypt,31,1994,1.8,,,,,,,,,,,,,,,1,,,,,,Matches
424,,EMAM ASHOUR,EGY,Egypt,Al Ahly FC,MF,28,180,,,,,,,,,,,,,,,,,,,,,,,,,,,,,,,,FIFA World Cup 2026 roster,Emam Ashour,normal,MF,eg Egypt,28,1.eg Al Ahly,5,5,362,4.0,2,0,2,2,0,0,0,0,85,MF,eg Egypt,28,1998,4.0,,,,,,,,,,,,,,,0,,,,,,Matches
425,,HAMZA ABDELKARIM,EGY,Egypt,FC Barcelona,FW,18,182,,,,,,,,,,,,,,,,,,,,,,,,,,,,,,,,FIFA World Cup 2026 roster,Hamza Abdelkarim,normal,FW,eg Egypt,18,4.es Barcelona B,4,0,60,0.7,0,0,0,0,0,0,0,0,3,FW,eg Egypt,18,2008,0.7,,,,,,,,,,,,,,,0,,,,,,Matches
426,,MOHAMED SALAH,EGY,Egypt,Liverpool FC,FW,33,175,,,,,,,,,,,,,,,,,,,,,,,,,,,,,,,,FIFA World Cup 2026 roster,Mohamed Salah,normal,"FW,MF",eg Egypt,33,1.eng Liverpool,5,5,425,4.7,1,2,3,1,0,0,0,0,819,"FW,MF",eg Egypt,33,1992,4.7,,,,,,,,,,,,,,,2,,,,,,Matches
428,,HAISSEM HASSAN,EGY,Egypt,Real Oviedo,FW,24,175,,,,,,,,,,,,,,,,,,,,,,,,,,,,,,,,FIFA World Cup 2026 roster,Haissem Hassan,normal,MF,eg Egypt,24,1.es Oviedo,2,1,126,1.4,0,1,1,0,0,0,2,0,396,MF,eg Egypt,24,2002,1.4,,,,,,,,,,,,,,,1,,,,,,Matches
429,,AHMED FATOUH,EGY,Egypt,Zamalek SC,DF,28,177,,,,,,,,,,,,,,,,,,,,,,,,,,,,,,,,FIFA World Cup 2026 roster,Ahmed Fatouh,normal,DF,eg Egypt,28,1.eg Zamalek SC,3,3,267,3.0,0,0,0,0,0,0,1,0,303,DF,eg Egypt,28,1998,3.0,,,,,,,,,,,,,,,0,,,,,,Matches
430,,HAMDY FATHY,EGY,Egypt,Al Wakrah SC,MF,31,183,,,,,,,,,,,,,,,,,,,,,,,,,,,,,,,,FIFA World Cup 2026 roster,Hamdy Fathy,normal,"DF,MF",eg Egypt,31,1.qa Al-Wakrah,4,3,238,2.6,0,0,0,0,0,0,1,0,302,"DF,MF",eg Egypt,31,1994,2.6,,,,,,,,,,,,,,,0,,,,,,Matches
431,,KARIM HAFEZ,EGY,Egypt,Pyramids FC,DF,30,174,,,,,,,,,,,,,,,,,,,,,,,,,,,,,,,,FIFA World Cup 2026 roster,Karim Hafez,normal,DF,eg Egypt,30,1.eg Pyramids FC,3,2,172,1.9,0,1,1,0,0,0,0,0,380,DF,eg Egypt,30,1996,1.9,,,,,,,,,,,,,,,1,,,,,,Matches
436,,IBRAHIM ADEL,EGY,Egypt,FC Nordsjælland,FW,25,178,,,,,,,,,,,,,,,,,,,,,,,,,,,,,,,,FIFA World Cup 2026 roster,Ibrahim Adel,normal,MF,eg Egypt,25,1.dk Nordsjælland,1,0,3,0.0,0,0,0,0,0,0,0,0,21,MF,eg Egypt,25,2001,0.0,,,,,,,,,,,,,,,0,,,,,,Matches
437,,MAHMOUD SABER,EGY,Egypt,ZED FC,MF,24,170,,,,,,,,,,,,,,,,,,,,,,,,,,,,,,,,FIFA World Cup 2026 roster,Mahmoud Saber,normal,MF,eg Egypt,24,1.eg ZED,2,1,46,0.5,1,0,1,1,0,0,1,0,812,MF,eg Egypt,24,2001,0.5,,,,,,,,,,,,,,,0,,,,,,Matches
438,,OMAR MARMOUSH,EGY,Egypt,Manchester City FC,FW,27,180,,,,,,,,,,,,,,,,,,,,,,,,,,,,,,,,FIFA World Cup 2026 roster,Omar Marmoush,normal,"FW,MF",eg Egypt,27,1.eng Manchester City,5,3,326,3.6,0,0,0,0,0,0,0,0,569,"FW,MF",eg Egypt,27,1999,3.6,,,,,,,,,,,,,,,0,,,,,,Matches
441,,ZIZO,EGY,Egypt,Al Ahly FC,FW,30,175,,,,,,,,,,,,,,,,,,,,,,,,,,,,,,,,FIFA World Cup 2026 roster,Zizo,normal,MF,eg Egypt,30,1.eg Al Ahly,4,0,56,0.6,0,0,0,0,0,0,0,0,1035,MF,eg Egypt,30,1996,0.6,,,,,,,,,,,,,,,0,,,,,,Matches
443,,PICKFORD Jordan,ENG,England,Everton FC,GK,32,185,,,,,,,,,,,,,,,,,,,,,,,,,,,,,,,,FIFA World Cup 2026 roster,Jordan Pickford,moved,GK,eng England,32,1.eng Everton,7,7,660,7.3,0,0,0,0,0,0,0,0,730,GK,eng England,32,1994,7.3,,,,,,,,,,,,,,,0,,,,,,Matches
444,,KONSA Ezri,ENG,England,Aston Villa FC,DF,28,180,,,,,,,,,,,,,,,,,,,,,,,,,,,,,,,,FIFA World Cup 2026 roster,Ezri Konsa,moved,DF,eng England,28,1.eng Aston Villa,8,7,647,7.2,1,0,1,1,0,0,0,0,500,DF,eng England,28,1997,7.2,,,,,,,,,,,,,,,0,,,,,,Matches
446,,RICE Declan,ENG,England,Arsenal FC,MF,27,185,,,,,,,,,,,,,,,,,,,,,,,,,,,,,,,,FIFA World Cup 2026 roster,Declan Rice,moved,MF,eng England,27,1.eng Arsenal,7,7,557,6.2,1,2,3,1,0,0,2,0,781,MF,eng England,27,1999,6.2,,,,,,,,,,,,,,,2,,,,,,Matches
447,,STONES John,ENG,England,Manchester City FC,DF,32,188,,,,,,,,,,,,,,,,,,,,,,,,,,,,,,,,FIFA World Cup 2026 roster,John Stones,moved,DF,eng England,32,1.eng Manchester City,5,3,330,3.7,0,0,0,0,0,0,0,0,894,DF,eng England,32,1994,3.7,,,,,,,,,,,,,,,0,,,,,,Matches
448,,GUEHI Marc,ENG,England,Manchester City FC,DF,25,183,,,,,,,,,,,,,,,,,,,,,,,,,,,,,,,,FIFA World Cup 2026 roster,Marc Guéhi,moved,DF,eng England,25,1.eng Manchester City,8,7,663,7.4,0,0,0,0,0,0,1,0,360,DF,eng England,25,2000,7.4,,,,,,,,,,,,,,,0,,,,,,Matches
449,,SAKA Bukayo,ENG,England,Arsenal FC,FW,24,178,,,,,,,,,,,,,,,,,,,,,,,,,,,,,,,,FIFA World Cup 2026 roster,Bukayo Saka,moved,MF,eng England,24,1.eng Arsenal,7,3,358,4.0,3,3,6,2,1,1,0,0,818,MF,eng England,24,2001,4.0,,,,,,,,,,,,,,,3,,,,,,Matches
450,,ANDERSON Elliot,ENG,England,Nottingham Forest FC,MF,23,179,,,,,,,,,,,,,,,,,,,,,,,,,,,,,,,,FIFA World Cup 2026 roster,Elliot Anderson,moved,MF,eng England,23,1.eng Nottingham,8,7,632,7.0,0,1,1,0,0,0,1,0,66,MF,eng England,23,2002,7.0,,,,,,,,,,,,,,,1,,,,,,Matches
451,,KANE Harry,ENG,England,FC Bayern München,FW,32,190,,,,,,,,,,,,,,,,,,,,,,,,,,,,,,,,FIFA World Cup 2026 roster,Harry Kane,moved,FW,eng England,32,1.de Bayern Munich,7,7,652,7.2,6,1,7,4,2,2,0,0,473,FW,eng England,32,1993,7.2,,,,,,,,,,,,,,,1,,,,,,Matches
452,,BELLINGHAM Jude,ENG,England,Real Madrid C. F.,MF,22,183,,,,,,,,,,,,,,,,,,,,,,,,,,,,,,,,FIFA World Cup 2026 roster,Jude Bellingham,moved,MF,eng England,22,1.es Real Madrid,8,7,614,6.8,7,1,8,7,0,0,1,0,123,MF,eng England,22,2003,6.8,,,,,,,,,,,,,,,1,,,,,,Matches
453,,RASHFORD Marcus,ENG,England,FC Barcelona,FW,28,180,,,,,,,,,,,,,,,,,,,,,,,,,,,,,,,,FIFA World Cup 2026 roster,Marcus Rashford,moved,MF,eng England,28,1.es Barcelona,6,3,223,2.5,1,1,2,1,0,0,0,0,768,MF,eng England,28,1997,2.5,,,,,,,,,,,,,,,1,,,,,,Matches
455,,HENDERSON Dean,ENG,England,Crystal Palace FC,GK,29,188,,,,,,,,,,,,,,,,,,,,,,,,,,,,,,,,FIFA World Cup 2026 roster,Dean Henderson,moved,GK,eng England,29,1.eng Crystal Palace,1,1,90,1.0,0,0,0,0,0,0,0,0,406,GK,eng England,29,1997,1.0,,,,,,,,,,,,,,,0,,,,,,Matches
456,,HENDERSON Jordan,ENG,England,Brentford FC,MF,35,183,,,,,,,,,,,,,,,,,,,,,,,,,,,,,,,,FIFA World Cup 2026 roster,Jordan Henderson,moved,MF,eng England,35,1.eng Brentford,1,0,7,0.1,0,0,0,0,0,0,1,0,407,MF,eng England,35,1990,0.1,,,,,,,,,,,,,,,0,,,,,,Matches
457,,BURN Dan,ENG,England,Newcastle United FC,DF,34,201,,,,,,,,,,,,,,,,,,,,,,,,,,,,,,,,FIFA World Cup 2026 roster,Dan Burn,moved,DF,eng England,34,1.eng Newcastle,3,0,35,0.4,0,0,0,0,0,0,0,0,161,DF,eng England,34,1992,0.4,,,,,,,,,,,,,,,0,,,,,,Matches
459,,ROGERS Morgan,ENG,England,Aston Villa FC,MF,23,187,,,,,,,,,,,,,,,,,,,,,,,,,,,,,,,,FIFA World Cup 2026 roster,Morgan Rogers,moved,MF,eng England,23,1.eng Aston Villa,7,3,339,3.8,0,1,1,0,0,0,0,0,798,MF,eng England,23,2002,3.8,,,,,,,,,,,,,,,1,,,,,,Matches
460,,GORDON Anthony,ENG,England,Newcastle United FC,FW,25,182,,,,,,,,,,,,,,,,,,,,,,,,,,,,,,,,FIFA World Cup 2026 roster,Anthony Gordon,moved,MF,eng England,25,1.es Barcelona,6,5,396,4.4,1,3,4,1,0,0,0,0,349,MF,eng England,25,2001,4.4,,,,,,,,,,,,,,,3,,,,,,Matches
461,,WATKINS Ollie,ENG,England,Aston Villa FC,FW,30,180,,,,,,,,,,,,,,,,,,,,,,,,,,,,,,,,FIFA World Cup 2026 roster,Ollie Watkins,moved,"FW,MF",eng England,30,1.eng Aston Villa,2,0,52,0.6,0,0,0,0,0,0,0,0,996,"FW,MF",eng England,30,1995,0.6,,,,,,,,,,,,,,,0,,,,,,Matches
462,,MADUEKE Noni,ENG,England,Arsenal FC,FW,24,182,,,,,,,,,,,,,,,,,,,,,,,,,,,,,,,,FIFA World Cup 2026 roster,Noni Madueke,moved,MF,eng England,24,1.eng Arsenal,5,4,286,3.2,0,0,0,0,0,0,0,0,550,MF,eng England,24,2002,3.2,,,,,,,,,,,,,,,0,,,,,,Matches
463,,EZE Eberechi,ENG,England,Arsenal FC,MF,27,178,,,,,,,,,,,,,,,,,,,,,,,,,,,,,,,,FIFA World Cup 2026 roster,Eberechi Eze,moved,MF,eng England,27,1.eng Arsenal,5,1,211,2.3,0,1,1,0,0,0,0,0,293,MF,eng England,27,1998,2.3,,,,,,,,,,,,,,,1,,,,,,Matches
464,,TONEY Ivan,ENG,England,Al Ahli FC,FW,30,185,,,,,,,,,,,,,,,,,,,,,,,,,,,,,,,,FIFA World Cup 2026 roster,Ivan Toney,moved,FW,eng England,30,1.sa Al-Ahli,2,1,79,0.9,0,0,0,0,0,0,0,0,942,FW,eng England,30,1996,0.9,,,,,,,,,,,,,,,0,,,,,,Matches
466,,JAMES Reece,ENG,England,Chelsea FC,DF,26,180,,,,,,,,,,,,,,,,,,,,,,,,,,,,,,,,FIFA World Cup 2026 roster,Reece James,moved,DF,eng England,26,1.eng Chelsea,5,3,319,3.5,0,0,0,0,0,0,0,0,447,DF,eng England,26,1999,3.5,,,,,,,,,,,,,,,0,,,,,,Matches
467,,SPENCE Djed,ENG,England,Tottenham Hotspur FC,DF,25,184,,,,,,,,,,,,,,,,,,,,,,,,,,,,,,,,FIFA World Cup 2026 roster,Djed Spence,moved,DF,eng England,25,1.eng Tottenham,8,4,404,4.5,0,0,0,0,0,0,0,0,888,DF,eng England,25,2000,4.5,,,,,,,,,,,,,,,0,,,,,,Matches
468,,QUANSAH Jarell,ENG,England,Bayer 04 Leverkusen,DF,23,190,,,,,,,,,,,,,,,,,,,,,,,,,,,,,,,,FIFA World Cup 2026 roster,Jarell Quansah,moved,DF,eng England,23,1.de Leverkusen,3,3,197,2.2,0,0,0,0,0,0,1,1,752,DF,eng England,23,2003,2.2,,,,,,,,,,,,,,,0,,,,,,Matches
470,,GUSTO Malo,FRA,France,Chelsea FC,DF,23,179,,,,,,,,,,,,,,,,,,,,,,,,,,,,,,,,FIFA World Cup 2026 roster,Malo Gusto,moved,DF,fr France,23,1.eng Chelsea,5,1,121,1.3,0,0,0,0,0,0,0,0,368,DF,fr France,23,2003,1.3,,,,,,,,,,,,,,,0,,,,,,Matches
471,,DIGNE Lucas,FRA,France,Aston Villa FC,DF,32,178,,,,,,,,,,,,,,,,,,,,,,,,,,,,,,,,FIFA World Cup 2026 roster,Lucas Digne,moved,DF,fr France,32,1.eng Aston Villa,6,5,463,5.1,0,0,0,0,0,0,0,0,259,DF,fr France,32,1993,5.1,,,,,,,,,,,,,,,0,,,,,,Matches
472,,UPAMECANO Dayot,FRA,France,FC Bayern München,DF,27,186,,,,,,,,,,,,,,,,,,,,,,,,,,,,,,,,FIFA World Cup 2026 roster,Dayot Upamecano,moved,DF,fr France,27,1.de Bayern Munich,8,7,660,7.3,0,1,1,0,0,0,0,0,959,DF,fr France,27,1998,7.3,,,,,,,,,,,,,,,1,,,,,,Matches
473,,KOUNDE Jules,FRA,France,FC Barcelona,DF,27,178,,,,,,,,,,,,,,,,,,,,,,,,,,,,,,,,FIFA World Cup 2026 roster,Jules Koundé,moved,DF,fr France,27,1.es Barcelona,8,7,599,6.7,0,0,0,0,0,0,0,0,504,DF,fr France,27,1998,6.7,,,,,,,,,,,,,,,0,,,,,,Matches
474,,KONE Manu,FRA,France,AS Roma,MF,25,185,,,,,,,,,,,,,,,,,,,,,,,,,,,,,,,,FIFA World Cup 2026 roster,Manu Koné,moved,MF,fr France,25,1.it Roma,5,4,385,4.3,0,0,0,0,0,0,1,0,499,MF,fr France,25,2001,4.3,,,,,,,,,,,,,,,0,,,,,,Matches
475,,DEMBELE Ousmane,FRA,France,Paris Saint-Germain,FW,29,179,,,,,,,,,,,,,,,,,,,,,,,,,,,,,,,,FIFA World Cup 2026 roster,Ousmane Dembélé,moved,MF,fr France,29,1.fr PSG,8,7,592,6.6,6,2,8,6,0,0,0,0,243,MF,fr France,29,1997,6.6,,,,,,,,,,,,,,,2,,,,,,Matches
476,,TCHOUAMENI Aurelien,FRA,France,Real Madrid C. F.,MF,26,188,,,,,,,,,,,,,,,,,,,,,,,,,,,,,,,,FIFA World Cup 2026 roster,Aurélien Tchouaméni,moved,MF,fr France,26,1.es Real Madrid,4,4,360,4.0,0,1,1,0,0,0,1,0,927,MF,fr France,26,2000,4.0,,,,,,,,,,,,,,,1,,,,,,Matches
477,,THURAM Marcus,FRA,France,FC Internazionale Milano,FW,28,192,,,,,,,,,,,,,,,,,,,,,,,,,,,,,,,,FIFA World Cup 2026 roster,Marcus Thuram,moved,"FW,MF",fr France,28,1.it Inter,1,0,1,0.0,0,0,0,0,0,0,0,0,935,"FW,MF",fr France,28,1997,0.0,,,,,,,,,,,,,,,0,,,,,,Matches
478,,MBAPPE Kylian,FRA,France,Real Madrid C. F.,FW,27,180,,,,,,,,,,,,,,,,,,,,,,,,,,,,,,,,FIFA World Cup 2026 roster,Kylian Mbappé,moved,FW,fr France,27,1.es Real Madrid,8,8,695,7.7,10,4,14,9,1,2,1,0,587,FW,fr France,27,1998,7.7,,,,,,,,,,,,,,,4,,,,,,Matches
479,,OLISE Michael,FRA,France,FC Bayern München,FW,24,184,,,,,,,,,,,,,,,,,,,,,,,,,,,,,,,,FIFA World Cup 2026 roster,Michael Olise,moved,MF,fr France,24,1.de Bayern Munich,8,8,646,7.2,0,7,7,0,0,0,1,0,691,MF,fr France,24,2001,7.2,,,,,,,,,,,,,,,7,,,,,,Matches
480,,BARCOLA Bradley,FRA,France,Paris Saint-Germain,FW,23,187,,,,,,,,,,,,,,,,,,,,,,,,,,,,,,,,FIFA World Cup 2026 roster,Bradley Barcola,moved,MF,fr France,23,1.fr PSG,8,4,384,4.3,3,1,4,3,0,0,1,0,107,MF,fr France,23,2002,4.3,,,,,,,,,,,,,,,1,,,,,,Matches
482,,RABIOT Adrien,FRA,France,AC Milan,MF,31,191,,,,,,,,,,,,,,,,,,,,,,,,,,,,,,,,FIFA World Cup 2026 roster,Adrien Rabiot,moved,MF,fr France,31,1.it Milan,7,7,585,6.5,0,1,1,0,0,0,1,0,757,MF,fr France,31,1995,6.5,,,,,,,,,,,,,,,1,,,,,,Matches
483,,KONATE Ibrahima,FRA,France,Liverpool FC,DF,27,194,,,,,,,,,,,,,,,,,,,,,,,,,,,,,,,,FIFA World Cup 2026 roster,Ibrahima Konaté,moved,DF,fr France,27,1.eng Liverpool,2,1,60,0.7,0,0,0,0,0,0,0,0,497,DF,fr France,27,1999,0.7,,,,,,,,,,,,,,,0,,,,,,Matches
484,,MAIGNAN Mike,FRA,France,AC Milan,GK,30,191,,,,,,,,,,,,,,,,,,,,,,,,,,,,,,,,FIFA World Cup 2026 roster,Mike Maignan,moved,GK,fr France,30,1.it Milan,8,8,720,8.0,0,0,0,0,0,0,0,0,557,GK,fr France,30,1995,8.0,,,,,,,,,,,,,,,0,,,,,,Matches
485,,SALIBA William,FRA,France,Arsenal FC,DF,25,192,,,,,,,,,,,,,,,,,,,,,,,,,,,,,,,,FIFA World Cup 2026 roster,William Saliba,moved,DF,fr France,25,1.eng Arsenal,6,6,479,5.3,0,0,0,0,0,0,0,0,822,DF,fr France,25,2001,5.3,,,,,,,,,,,,,,,0,,,,,,Matches
486,,ZAIRE-EMERY Warren,FRA,France,Paris Saint-Germain,MF,20,176,,,,,,,,,,,,,,,,,,,,,,,,,,,,,,,,FIFA World Cup 2026 roster,Warren Zaïre-Emery,moved,MF,fr France,20,1.fr PSG,2,1,110,1.2,0,0,0,0,0,0,0,0,1026,MF,fr France,20,2006,1.2,,,,,,,,,,,,,,,0,,,,,,Matches
487,,HERNANDEZ Theo,FRA,France,Al Hilal SC,DF,28,184,,,,,,,,,,,,,,,,,,,,,,,,,,,,,,,,FIFA World Cup 2026 roster,Theo Hernández,moved,DF,fr France,28,1.sa Al-Hilal,5,3,257,2.9,0,0,0,0,0,0,0,0,410,DF,fr France,28,1997,2.9,,,,,,,,,,,,,,,0,,,,,,Matches
488,,DOUE Desire,FRA,France,Paris Saint-Germain,FW,21,182,,,,,,,,,,,,,,,,,,,,,,,,,,,,,,,,FIFA World Cup 2026 roster,Désiré Doué,moved,MF,fr France,21,1.fr PSG,8,4,400,4.4,1,1,2,1,0,0,0,0,269,MF,fr France,21,2005,4.4,,,,,,,,,,,,,,,1,,,,,,Matches
490,,MATETA Jean-Philippe,FRA,France,Crystal Palace FC,FW,28,192,,,,,,,,,,,,,,,,,,,,,,,,,,,,,,,,FIFA World Cup 2026 roster,Jean-Philippe Mateta,moved,FW,fr France,28,1.eng Crystal Palace,3,0,24,0.3,0,0,0,0,0,0,0,0,582,FW,fr France,28,1997,0.3,,,,,,,,,,,,,,,0,,,,,,Matches
492,,CHERKI Rayan,FRA,France,Manchester City FC,MF,22,180,,,,,,,,,,,,,,,,,,,,,,,,,,,,,,,,FIFA World Cup 2026 roster,Rayan Cherki,moved,MF,fr France,22,1.eng Manchester City,7,1,130,1.4,0,0,0,0,0,0,0,0,193,MF,fr France,22,2003,1.4,,,,,,,,,,,,,,,0,,,,,,Matches
493,,AKLIOUCHE Maghnes,FRA,France,AS Monaco,MF,24,183,,,,,,,,,,,,,,,,,,,,,,,,,,,,,,,,FIFA World Cup 2026 roster,Maghnes Akliouche,moved,MF,fr France,24,1.fr Monaco,1,0,8,0.1,0,0,0,0,0,0,0,0,35,MF,fr France,24,2002,0.1,,,,,,,,,,,,,,,0,,,,,,Matches
494,,LACROIX Maxence,FRA,France,Crystal Palace FC,DF,26,192,,,,,,,,,,,,,,,,,,,,,,,,,,,,,,,,FIFA World Cup 2026 roster,Maxence Lacroix,moved,DF,fr France,26,1.eng Crystal Palace,3,2,241,2.7,0,0,0,0,0,0,0,0,512,DF,fr France,26,2000,2.7,,,,,,,,,,,,,,,0,,,,,,Matches
495,,NEUER Manuel,GER,Germany,FC Bayern München,GK,40,193,,,,,,,,,,,,,,,,,,,,,,,,,,,,,,,,FIFA World Cup 2026 roster,Manuel Neuer,moved,GK,de Germany,40,1.de Bayern Munich,4,4,390,4.3,0,0,0,0,0,0,0,0,664,GK,de Germany,40,1986,4.3,,,,,,,,,,,,,,,0,,,,,,Matches
497,,ANTON Waldemar,GER,Germany,Borussia Dortmund,DF,29,189,,,,,,,,,,,,,,,,,,,,,,,,,,,,,,,,FIFA World Cup 2026 roster,Waldemar Anton,moved,"DF,MF",de Germany,29,1.de Dortmund,2,0,50,0.6,0,0,0,0,0,0,0,0,70,"DF,MF",de Germany,29,1996,0.6,,,,,,,,,,,,,,,0,,,,,,Matches
498,,TAH Jonathan,GER,Germany,FC Bayern München,DF,30,195,,,,,,,,,,,,,,,,,,,,,,,,,,,,,,,,FIFA World Cup 2026 roster,Jonathan Tah,moved,DF,de Germany,30,1.de Bayern Munich,4,4,372,4.1,0,0,0,0,0,0,0,0,918,DF,de Germany,30,1996,4.1,,,,,,,,,,,,,,,0,,,,,,Matches
499,,PAVLOVIC Aleksandar,GER,Germany,FC Bayern München,MF,22,188,,,,,,,,,,,,,,,,,,,,,,,,,,,,,,,,FIFA World Cup 2026 roster,Aleksandar Pavlovic,moved,MF,de Germany,22,1.de Bayern Munich,4,4,272,3.0,0,0,0,0,0,0,1,0,719,MF,de Germany,22,2004,3.0,,,,,,,,,,,,,,,0,,,,,,Matches
500,,KIMMICH Joshua,GER,Germany,FC Bayern München,DF,31,177,,,,,,,,,,,,,,,,,,,,,,,,,,,,,,,,FIFA World Cup 2026 roster,Joshua Kimmich,moved,DF,de Germany,31,1.de Bayern Munich,4,4,351,3.9,0,2,2,0,0,0,0,0,491,DF,de Germany,31,1995,3.9,,,,,,,,,,,,,,,2,,,,,,Matches
501,,HAVERTZ Kai,GER,Germany,Arsenal FC,FW,27,190,,,,,,,,,,,,,,,,,,,,,,,,,,,,,,,,FIFA World Cup 2026 roster,Kai Havertz,moved,FW,de Germany,27,1.eng Arsenal,4,4,353,3.9,3,0,3,2,1,1,1,0,400,FW,de Germany,27,1999,3.9,,,,,,,,,,,,,,,0,,,,,,Matches
502,,GORETZKA Leon,GER,Germany,FC Bayern München,MF,31,189,,,,,,,,,,,,,,,,,,,,,,,,,,,,,,,,FIFA World Cup 2026 roster,Leon Goretzka,moved,MF,de Germany,31,1.de Bayern Munich,3,0,99,1.1,0,0,0,0,0,0,0,0,350,MF,de Germany,31,1995,1.1,,,,,,,,,,,,,,,0,,,,,,Matches
503,,LEWELING Jamie,GER,Germany,VfB Stuttgart,MF,25,185,,,,,,,,,,,,,,,,,,,,,,,,,,,,,,,,FIFA World Cup 2026 roster,Jamie Leweling,moved,"FW,MF",de Germany,25,1.de Stuttgart,1,0,31,0.3,0,0,0,0,0,0,0,0,527,"FW,MF",de Germany,25,2001,0.3,,,,,,,,,,,,,,,0,,,,,,Matches
504,,MUSIALA Jamal,GER,Germany,FC Bayern München,MF,23,180,,,,,,,,,,,,,,,,,,,,,,,,,,,,,,,,FIFA World Cup 2026 roster,Jamal Musiala,moved,MF,de Germany,23,1.de Bayern Munich,4,3,270,3.0,1,0,1,1,0,0,1,0,649,MF,de Germany,23,2003,3.0,,,,,,,,,,,,,,,0,,,,,,Matches
505,,WOLTEMADE Nick,GER,Germany,Newcastle United FC,FW,24,198,,,,,,,,,,,,,,,,,,,,,,,,,,,,,,,,FIFA World Cup 2026 roster,Nick Woltemade,moved,"FW,MF",de Germany,24,1.eng Newcastle,1,0,33,0.4,0,0,0,0,0,0,0,0,1008,"FW,MF",de Germany,24,2002,0.4,,,,,,,,,,,,,,,0,,,,,,Matches
508,,BEIER Maximilian,GER,Germany,Borussia Dortmund,FW,23,185,,,,,,,,,,,,,,,,,,,,,,,,,,,,,,,,FIFA World Cup 2026 roster,Maximilian Beier,moved,"FW,MF",de Germany,23,1.de Dortmund,1,0,27,0.3,0,0,0,0,0,0,0,0,117,"FW,MF",de Germany,23,2002,0.3,,,,,,,,,,,,,,,0,,,,,,Matches
509,,SCHLOTTERBECK Nico,GER,Germany,Borussia Dortmund,DF,26,191,,,,,,,,,,,,,,,,,,,,,,,,,,,,,,,,FIFA World Cup 2026 roster,Nico Schlotterbeck,moved,DF,de Germany,26,1.de Dortmund,2,2,135,1.5,1,0,1,1,0,0,0,0,842,DF,de Germany,26,1999,1.5,,,,,,,,,,,,,,,0,,,,,,Matches
510,,STILLER Angelo,GER,Germany,VfB Stuttgart,MF,25,183,,,,,,,,,,,,,,,,,,,,,,,,,,,,,,,,FIFA World Cup 2026 roster,Angelo Stiller,moved,MF,de Germany,25,1.de Stuttgart,1,0,45,0.5,0,0,0,0,0,0,0,0,893,MF,de Germany,25,2001,0.5,,,,,,,,,,,,,,,0,,,,,,Matches
511,,WIRTZ Florian,GER,Germany,Liverpool FC,MF,23,176,,,,,,,,,,,,,,,,,,,,,,,,,,,,,,,,FIFA World Cup 2026 roster,Florian Wirtz,moved,MF,de Germany,23,1.eng Liverpool,4,4,361,4.0,0,3,3,0,0,0,0,0,1005,MF,de Germany,23,2003,4.0,,,,,,,,,,,,,,,3,,,,,,Matches
512,,BROWN Nathaniel,GER,Germany,Eintracht Frankfurt,DF,22,176,,,,,,,,,,,,,,,,,,,,,,,,,,,,,,,,FIFA World Cup 2026 roster,Nathaniel Brown,moved,DF,de Germany,22,1.de Frankfurt,3,3,282,3.1,1,1,2,1,0,0,0,0,156,DF,de Germany,22,2003,3.1,,,,,,,,,,,,,,,1,,,,,,Matches
513,,SANE Leroy,GER,Germany,Galatasaray SK,MF,30,183,,,,,,,,,,,,,,,,,,,,,,,,,,,,,,,,FIFA World Cup 2026 roster,Leroy Sané,moved,MF,de Germany,30,1.tr Galatasaray,4,4,326,3.6,1,0,1,1,0,0,0,0,828,MF,de Germany,30,1996,3.6,,,,,,,,,,,,,,,0,,,,,,Matches
514,,AMIRI Nadiem,GER,Germany,1. FSV Mainz 05,MF,29,178,,,,,,,,,,,,,,,,,,,,,,,,,,,,,,,,FIFA World Cup 2026 roster,Nadiem Amiri,moved,MF,de Germany,29,1.de Mainz 05,2,0,42,0.5,0,1,1,0,0,0,0,0,59,MF,de Germany,29,1996,0.5,,,,,,,,,,,,,,,1,,,,,,Matches
516,,RAUM David,GER,Germany,RB Leipzig,DF,28,180,,,,,,,,,,,,,,,,,,,,,,,,,,,,,,,,FIFA World Cup 2026 roster,David Raum,moved,DF,de Germany,28,1.de RB Leipzig,2,1,108,1.2,0,0,0,0,0,0,0,0,770,DF,de Germany,28,1998,1.2,,,,,,,,,,,,,,,0,,,,,,Matches
517,,NMECHA Felix,GER,Germany,Borussia Dortmund,MF,25,190,,,,,,,,,,,,,,,,,,,,,,,,,,,,,,,,FIFA World Cup 2026 roster,Felix Nmecha,moved,MF,de Germany,25,1.de Dortmund,4,4,270,3.0,1,1,2,1,0,0,0,0,671,MF,de Germany,25,2000,3.0,,,,,,,,,,,,,,,1,,,,,,Matches
518,,THIAW Malick,GER,Germany,Newcastle United FC,DF,24,194,,,,,,,,,,,,,,,,,,,,,,,,,,,,,,,,FIFA World Cup 2026 roster,Malick Thiaw,moved,"DF,MF",de Germany,24,1.eng Newcastle,2,0,42,0.5,0,0,0,0,0,0,0,0,930,"DF,MF",de Germany,24,2001,0.5,,,,,,,,,,,,,,,0,,,,,,Matches
520,,UNDAV Deniz,GER,Germany,VfB Stuttgart,FW,29,179,,,,,,,,,,,,,,,,,,,,,,,,,,,,,,,,FIFA World Cup 2026 roster,Deniz Undav,moved,FW,de Germany,29,1.de Stuttgart,4,1,151,1.7,3,2,5,3,0,0,0,0,958,FW,de Germany,29,1996,1.7,,,,,,,,,,,,,,,2,,,,,,Matches
522,,SEIDU Alidu,GHA,Ghana,Stade Rennais FC,DF,26,173,,,,,,,,,,,,,,,,,,,,,,,,,,,,,,,,FIFA World Cup 2026 roster,Alidu Seidu,moved,DF,gh Ghana,26,1.fr Rennes,1,0,78,0.9,0,0,0,0,0,0,1,0,846,DF,gh Ghana,26,2000,0.9,,,,,,,,,,,,,,,0,,,,,,Matches
523,,YIRENKYI Caleb,GHA,Ghana,FC Nordsjælland,MF,20,182,,,,,,,,,,,,,,,,,,,,,,,,,,,,,,,,FIFA World Cup 2026 roster,Caleb Yirenkyi,moved,MF,gh Ghana,20,1.dk Nordsjælland,4,3,264,2.9,1,0,1,1,0,0,2,0,1019,MF,gh Ghana,20,2006,2.9,,,,,,,,,,,,,,,0,,,,,,Matches
524,,ADJETEY Jonas,GHA,Ghana,VfL Wolfsburg,DF,22,188,,,,,,,,,,,,,,,,,,,,,,,,,,,,,,,,FIFA World Cup 2026 roster,Jonas Adjetey,moved,DF,gh Ghana,22,1.de Wolfsburg,3,3,225,2.5,0,0,0,0,0,0,0,0,23,DF,gh Ghana,22,2003,2.5,,,,,,,,,,,,,,,0,,,,,,Matches
525,,PARTEY Thomas,GHA,Ghana,Villarreal CF,MF,32,185,,,,,,,,,,,,,,,,,,,,,,,,,,,,,,,,FIFA World Cup 2026 roster,Thomas Partey,moved,MF,gh Ghana,33,1.es Villarreal,3,3,270,3.0,0,0,0,0,0,0,0,0,714,MF,gh Ghana,33,1993,3.0,,,,,,,,,,,,,,,0,,,,,,Matches
528,,SIBO Kwasi,GHA,Ghana,Real Oviedo,MF,27,183,,,,,,,,,,,,,,,,,,,,,,,,,,,,,,,,FIFA World Cup 2026 roster,Kwasi Sibo,moved,MF,gh Ghana,27,1.es Oviedo,4,3,248,2.8,0,0,0,0,0,0,0,0,871,MF,gh Ghana,27,1998,2.8,,,,,,,,,,,,,,,0,,,,,,Matches
529,,AYEW Jordan,GHA,Ghana,Leicester City FC,FW,34,182,,,,,,,,,,,,,,,,,,,,,,,,,,,,,,,,FIFA World Cup 2026 roster,Jordan Ayew,moved,FW,gh Ghana,34,2.eng Leicester City,4,4,300,3.3,0,0,0,0,0,0,0,0,93,FW,gh Ghana,34,1991,3.3,,,,,,,,,,,,,,,0,,,,,,Matches
530,,THOMAS-ASANTE Brandon,GHA,Ghana,Coventry City FC,FW,27,182,,,,,,,,,,,,,,,,,,,,,,,,,,,,,,,,FIFA World Cup 2026 roster,Brandon Thomas-Asante,moved,"FW,MF",gh Ghana,27,2.eng Coventry City,2,0,53,0.6,0,0,0,0,0,0,0,0,932,"FW,MF",gh Ghana,27,1998,0.6,,,,,,,,,,,,,,,0,,,,,,Matches
531,,SEMENYO Antoine,GHA,Ghana,Manchester City FC,MF,26,185,,,,,,,,,,,,,,,,,,,,,,,,,,,,,,,,FIFA World Cup 2026 roster,Antoine Semenyo,moved,"MF,FW",gh Ghana,26,1.eng Manchester City,4,4,360,4.0,0,0,0,0,0,0,0,0,853,"MF,FW",gh Ghana,26,2000,4.0,,,,,,,,,,,,,,,0,,,,,,Matches
534,,MENSAH Gideon,GHA,Ghana,AJ Auxerre,DF,27,178,,,,,,,,,,,,,,,,,,,,,,,,,,,,,,,,FIFA World Cup 2026 roster,Gideon Mensah,moved,DF,gh Ghana,27,1.fr Auxerre,4,4,360,4.0,0,0,0,0,0,0,0,0,611,DF,gh Ghana,27,1998,4.0,,,,,,,,,,,,,,,0,,,,,,Matches
535,,OWUSU Elisha,GHA,Ghana,AJ Auxerre,MF,28,182,,,,,,,,,,,,,,,,,,,,,,,,,,,,,,,,FIFA World Cup 2026 roster,Elisha Owusu,moved,MF,gh Ghana,28,1.fr Auxerre,3,2,151,1.7,0,0,0,0,0,0,0,0,706,MF,gh Ghana,28,1997,1.7,,,,,,,,,,,,,,,0,,,,,,Matches
536,,ASARE Benjamin,GHA,Ghana,Hearts Of Oak SC,GK,33,188,,,,,,,,,,,,,,,,,,,,,,,,,,,,,,,,FIFA World Cup 2026 roster,Benjamin Asare,moved,GK,gh Ghana,33,1.gh Accra Hearts of Oak,3,2,225,2.5,0,0,0,0,0,0,0,0,84,GK,gh Ghana,33,1992,2.5,,,,,,,,,,,,,,,0,,,,,,Matches
538,,OPOKU Jerome,GHA,Ghana,Başakşehir FK,DF,27,197,,,,,,,,,,,,,,,,,,,,,,,,,,,,,,,,FIFA World Cup 2026 roster,Jerome Opoku,moved,DF,gh Ghana,27,1.tr Başakşehir,3,3,270,3.0,0,0,0,0,0,0,0,0,698,DF,gh Ghana,27,1998,3.0,,,,,,,,,,,,,,,0,,,,,,Matches
539,,WILLIAMS Inaki,GHA,Ghana,Athletic Club,FW,31,186,,,,,,,,,,,,,,,,,,,,,,,,,,,,,,,,FIFA World Cup 2026 roster,Iñaki Williams,moved,"MF,FW",gh Ghana,31,1.es Athletic Club,2,2,126,1.4,0,0,0,0,0,0,1,0,1001,"MF,FW",gh Ghana,31,1994,1.4,,,,,,,,,,,,,,,0,,,,,,Matches
542,,SULEMANA Kamaldeen,GHA,Ghana,Atalanta Bergamo,FW,24,174,,,,,,,,,,,,,,,,,,,,,,,,,,,,,,,,FIFA World Cup 2026 roster,Kamaldeen Sulemana,moved,"MF,FW",gh Ghana,24,1.us Atlanta Utd,2,2,127,1.4,0,0,0,0,0,0,0,0,903,"MF,FW",gh Ghana,24,2002,1.4,,,,,,,,,,,,,,,0,,,,,,Matches
543,,LUCKASSEN Derrick,GHA,Ghana,Pafos FC,DF,30,188,,,,,,,,,,,,,,,,,,,,,,,,,,,,,,,,FIFA World Cup 2026 roster,Derrick Luckassen,moved,DF,gh Ghana,30,1.cy Pafos FC,2,2,180,2.0,1,0,1,1,0,0,0,0,539,DF,gh Ghana,30,1995,2.0,,,,,,,,,,,,,,,0,,,,,,Matches
544,,NUAMAH Ernest,GHA,Ghana,Olympique Lyonnais,FW,22,178,,,,,,,,,,,,,,,,,,,,,,,,,,,,,,,,FIFA World Cup 2026 roster,Ernest Nuamah,moved,MF,gh Ghana,22,1.fr Lyon,3,1,89,1.0,0,1,1,0,0,0,0,0,674,MF,gh Ghana,22,2003,1.0,,,,,,,,,,,,,,,1,,,,,,Matches
546,,SENAYA Marvin,GHA,Ghana,AJ Auxerre,DF,25,181,,,,,,,,,,,,,,,,,,,,,,,,,,,,,,,,FIFA World Cup 2026 roster,Marvin Senaya,moved,DF,gh Ghana,25,1.fr Auxerre,4,4,278,3.1,0,0,0,0,0,0,0,0,854,DF,gh Ghana,25,2001,3.1,,,,,,,,,,,,,,,0,,,,,,Matches
547,,PLACIDE Johny,HAI,Haiti,SC Bastia,GK,38,181,,,,,,,,,,,,,,,,,,,,,,,,,,,,,,,,FIFA World Cup 2026 roster,Johny Placide,moved,GK,ht Haiti,38,2.fr Bastia,3,3,270,3.0,0,0,0,0,0,0,1,0,738,GK,ht Haiti,38,1988,3.0,,,,,,,,,,,,,,,0,,,,,,Matches
548,,ARCUS Carlens,HAI,Haiti,Angers SCO,DF,29,180,,,,,,,,,,,,,,,,,,,,,,,,,,,,,,,,FIFA World Cup 2026 roster,Carlens Arcus,moved,"MF,DF",ht Haiti,29,1.fr Angers,3,2,146,1.6,0,0,0,0,0,0,1,0,79,"MF,DF",ht Haiti,29,1996,1.6,,,,,,,,,,,,,,,0,,,,,,Matches
550,,ADE Ricardo,HAI,Haiti,LDU Quito,DF,36,190,,,,,,,,,,,,,,,,,,,,,,,,,,,,,,,,FIFA World Cup 2026 roster,Ricardo Adé,moved,DF,ht Haiti,36,1.ec LDU Quito,3,3,270,3.0,0,0,0,0,0,0,0,0,20,DF,ht Haiti,36,1990,3.0,,,,,,,,,,,,,,,0,,,,,,Matches
551,,DELCROIX Hannes,HAI,Haiti,FC Lugano,DF,27,183,,,,,,,,,,,,,,,,,,,,,,,,,,,,,,,,FIFA World Cup 2026 roster,Hannes Delcroix,moved,DF,ht Haiti,27,1.ch Lugano,3,3,270,3.0,0,0,0,0,0,0,0,0,242,DF,ht Haiti,27,1999,3.0,,,,,,,,,,,,,,,0,,,,,,Matches
553,,ETIENNE Derrick,HAI,Haiti,Toronto FC,FW,29,178,,,,,,,,,,,,,,,,,,,,,,,,,,,,,,,,FIFA World Cup 2026 roster,Derrick Etienne,moved,"FW,MF",ht Haiti,29,1.us Toronto FC,1,0,10,0.1,0,0,0,0,0,0,0,0,289,"FW,MF",ht Haiti,29,1996,0.1,,,,,,,,,,,,,,,0,,,,,,Matches
554,,EXPERIENCE Martin,HAI,Haiti,AS Nancy,DF,27,178,,,,,,,,,,,,,,,,,,,,,,,,,,,,,,,,FIFA World Cup 2026 roster,Martin Expérience,moved,"DF,MF",ht Haiti,27,2.fr Nancy,3,3,270,3.0,0,0,0,0,0,0,0,0,291,"DF,MF",ht Haiti,27,1999,3.0,,,,,,,,,,,,,,,0,,,,,,Matches
555,,NAZON Duckens,HAI,Haiti,Esteghlal Tehran FC,FW,32,181,,,,,,,,,,,,,,,,,,,,,,,,,,,,,,,,FIFA World Cup 2026 roster,Duckens Nazon,moved,"FW,MF",ht Haiti,32,1.ir Esteghlal,1,0,24,0.3,0,0,0,0,0,0,1,0,657,"FW,MF",ht Haiti,32,1994,0.3,,,,,,,,,,,,,,,0,,,,,,Matches
556,,BELLEGARDE Jean-Ricner,HAI,Haiti,Wolverhampton Wanderers FC,MF,27,170,,,,,,,,,,,,,,,,,,,,,,,,,,,,,,,,FIFA World Cup 2026 roster,Jean-Ricner Bellegarde,moved,MF,ht Haiti,27,1.eng Wolves,3,3,260,2.9,0,0,0,0,0,0,1,0,122,MF,ht Haiti,27,1998,2.9,,,,,,,,,,,,,,,0,,,,,,Matches
557,,DEEDSON Louicius,HAI,Haiti,FC Dallas,FW,25,178,,,,,,,,,,,,,,,,,,,,,,,,,,,,,,,,FIFA World Cup 2026 roster,Louicius Deedson,moved,MF,ht Haiti,25,1.us FC Dallas,3,1,112,1.2,0,0,0,0,0,0,0,0,241,MF,ht Haiti,25,2001,1.2,,,,,,,,,,,,,,,0,,,,,,Matches
561,,PROVIDENCE Ruben,HAI,Haiti,Almere City FC,FW,24,178,,,,,,,,,,,,,,,,,,,,,,,,,,,,,,,,FIFA World Cup 2026 roster,Ruben Providence,moved,MF,ht Haiti,24,2.nl Almere City,3,3,220,2.4,0,0,0,0,0,0,0,0,746,MF,ht Haiti,24,2001,2.4,,,,,,,,,,,,,,,0,,,,,,Matches
562,,JOSEPH Lenny,HAI,Haiti,Ferencvárosi TC,FW,25,182,,,,,,,,,,,,,,,,,,,,,,,,,,,,,,,,FIFA World Cup 2026 roster,Lenny Joseph,moved,FW,ht Haiti,25,1.hu Ferencváros,3,1,117,1.3,0,0,0,0,0,0,0,0,460,FW,ht Haiti,25,2000,1.3,,,,,,,,,,,,,,,0,,,,,,Matches
564,,ISIDOR Wilson,HAI,Haiti,Sunderland AFC,FW,25,184,,,,,,,,,,,,,,,,,,,,,,,,,,,,,,,,FIFA World Cup 2026 roster,Wilson Isidor,moved,FW,ht Haiti,25,1.eng Sunderland,3,2,186,2.1,1,0,1,1,0,0,0,0,435,FW,ht Haiti,25,2000,2.1,,,,,,,,,,,,,,,0,,,,,,Matches
565,,FORTUNE Yassin,HAI,Haiti,FC Vizela,FW,27,186,,,,,,,,,,,,,,,,,,,,,,,,,,,,,,,,FIFA World Cup 2026 roster,Yassin Fortuné,moved,"FW,MF",ht Haiti,27,2.pt Vizela,1,0,6,0.1,0,0,0,0,0,0,0,0,315,"FW,MF",ht Haiti,27,1999,0.1,,,,,,,,,,,,,,,0,,,,,,Matches
566,,PIERROT Frantzdy,HAI,Haiti,Çaykur Rizespor,FW,31,194,,,,,,,,,,,,,,,,,,,,,,,,,,,,,,,,FIFA World Cup 2026 roster,Frantzdy Pierrot,moved,FW,ht Haiti,31,1.tr Rizespor,3,2,143,1.6,0,0,0,0,0,0,1,0,732,FW,ht Haiti,31,1995,1.6,,,,,,,,,,,,,,,0,,,,,,Matches
567,,CASIMIR Josue,HAI,Haiti,AJ Auxerre,FW,24,178,,,,,,,,,,,,,,,,,,,,,,,,,,,,,,,,FIFA World Cup 2026 roster,Josué Casimir,moved,MF,ht Haiti,24,1.fr Auxerre,3,2,182,2.0,0,0,0,0,0,0,1,0,179,MF,ht Haiti,24,2001,2.0,,,,,,,,,,,,,,,0,,,,,,Matches
568,,DUVERNE Jean-Kevin,HAI,Haiti,KAA Gent,DF,28,184,,,,,,,,,,,,,,,,,,,,,,,,,,,,,,,,FIFA World Cup 2026 roster,Jean-Kevin Duverne,moved,DF,ht Haiti,28,1.be Gent,2,2,169,1.9,0,1,1,0,0,0,0,0,274,DF,ht Haiti,28,1997,1.9,,,,,,,,,,,,,,,1,,,,,,Matches
571,,SIMON Dominique,HAI,Haiti,FC Tatran Prešov,MF,25,178,,,,,,,,,,,,,,,,,,,,,,,,,,,,,,,,FIFA World Cup 2026 roster,Dominique Simon,moved,MF,ht Haiti,25,1.sk 1. FC Tatran Prešov B,2,0,56,0.6,0,0,0,0,0,0,0,0,876,MF,ht Haiti,25,2000,0.6,,,,,,,,,,,,,,,0,,,,,,Matches
573,,BEIRANVAND Alireza,IRN,IR Iran,Tractor Sazi Tabriz FC,GK,33,195,,,,,,,,,,,,,,,,,,,,,,,,,,,,,,,,FIFA World Cup 2026 roster,Alireza Beiranvand,moved,GK,ir IR Iran,33,1.ir Tractor,3,3,270,3.0,0,0,0,0,0,0,0,0,118,GK,ir IR Iran,33,1992,3.0,,,,,,,,,,,,,,,0,,,,,,Matches
574,,HARDANI Saleh,IRN,IR Iran,Esteghlal Tehran FC,DF,27,176,,,,,,,,,,,,,,,,,,,,,,,,,,,,,,,,FIFA World Cup 2026 roster,Saleh Hardani,moved,DF,ir IR Iran,27,1.ir Esteghlal,2,1,90,1.0,0,0,0,0,0,0,0,0,393,DF,ir IR Iran,27,1998,1.0,,,,,,,,,,,,,,,0,,,,,,Matches
577,,MOHAMMADI Milad,IRN,IR Iran,Persepolis FC,DF,32,175,,,,,,,,,,,,,,,,,,,,,,,,,,,,,,,,FIFA World Cup 2026 roster,Milad Mohammadi,moved,DF,ir IR Iran,32,1.ir Persepolis,3,2,205,2.3,0,0,0,0,0,0,0,0,624,DF,ir IR Iran,32,1993,2.3,,,,,,,,,,,,,,,0,,,,,,Matches
578,,EZATOLAHI Saeid,IRN,IR Iran,Shabab Al Ahli Club,MF,29,189,,,,,,,,,,,,,,,,,,,,,,,,,,,,,,,,FIFA World Cup 2026 roster,Saeid Ezatolahi,moved,MF,ir IR Iran,29,1.ae Al-Ahli Dubai FC,3,3,264,2.9,0,0,0,0,0,0,2,0,292,MF,ir IR Iran,29,1996,2.9,,,,,,,,,,,,,,,0,,,,,,Matches
579,,JAHANBAKHSH Alireza,IRN,IR Iran,FCV Dender EH,MF,32,180,,,,,,,,,,,,,,,,,,,,,,,,,,,,,,,,FIFA World Cup 2026 roster,Alireza Jahanbakhsh,moved,"FW,MF",ir IR Iran,32,1.be Dender,2,0,46,0.5,0,0,0,0,0,0,0,0,445,"FW,MF",ir IR Iran,32,1993,0.5,,,,,,,,,,,,,,,0,,,,,,Matches
581,,TAREMI Mehdi,IRN,IR Iran,Olympiacos FC,FW,33,187,,,,,,,,,,,,,,,,,,,,,,,,,,,,,,,,FIFA World Cup 2026 roster,Mehdi Taremi,moved,FW,ir IR Iran,33,1.gr Olympiacos,3,3,259,2.9,0,0,0,0,0,1,0,0,926,FW,ir IR Iran,33,1992,2.9,,,,,,,,,,,,,,,0,,,,,,Matches
582,,GHAYEDI Mehdi,IRN,IR Iran,Al Nasr SC,FW,27,166,,,,,,,,,,,,,,,,,,,,,,,,,,,,,,,,FIFA World Cup 2026 roster,Mehdi Ghayedi,moved,FW,ir IR Iran,27,1.ae Al-Nasr Dubai,1,0,45,0.5,0,0,0,0,0,0,0,0,335,FW,ir IR Iran,27,1998,0.5,,,,,,,,,,,,,,,0,,,,,,Matches
583,,ALIPOUR Ali,IRN,IR Iran,Persepolis FC,FW,30,181,,,,,,,,,,,,,,,,,,,,,,,,,,,,,,,,FIFA World Cup 2026 roster,Ali Alipour,moved,FW,ir IR Iran,30,1.ir Persepolis,1,0,38,0.4,0,0,0,0,0,0,0,0,47,FW,ir IR Iran,30,1995,0.4,,,,,,,,,,,,,,,0,,,,,,Matches
586,,GHODDOS Saman,IRN,IR Iran,Al Ittihad Kalba SCC,MF,32,176,,,,,,,,,,,,,,,,,,,,,,,,,,,,,,,,FIFA World Cup 2026 roster,Saman Ghoddos,moved,MF,ir IR Iran,32,1.ae Al-Ittihad Kalba,3,3,208,2.3,0,0,0,0,0,0,0,0,337,MF,ir IR Iran,32,1993,2.3,,,,,,,,,,,,,,,0,,,,,,Matches
588,,TORABI Mehdi,IRN,IR Iran,Tractor Sazi Tabriz FC,MF,31,185,,,,,,,,,,,,,,,,,,,,,,,,,,,,,,,,FIFA World Cup 2026 roster,Mehdi Torabi,moved,MF,ir IR Iran,31,1.ir Tractor,1,0,25,0.3,0,0,0,0,0,0,0,0,943,MF,ir IR Iran,31,1994,0.3,,,,,,,,,,,,,,,0,,,,,,Matches
590,,HOSSEINZADEH Amirhossein,IRN,IR Iran,Tractor Sazi Tabriz FC,FW,25,178,,,,,,,,,,,,,,,,,,,,,,,,,,,,,,,,FIFA World Cup 2026 roster,Amirhossein Hosseinzadeh,moved,FW,ir IR Iran,25,1.ir Tractor,2,0,17,0.2,0,0,0,0,0,0,0,0,418,FW,ir IR Iran,25,2000,0.2,,,,,,,,,,,,,,,0,,,,,,Matches
591,,NEMATI Ali,IRN,IR Iran,Foolad Khuzestan FC,DF,30,182,,,,,,,,,,,,,,,,,,,,,,,,,,,,,,,,FIFA World Cup 2026 roster,Ali Nemati,moved,DF,ir IR Iran,30,1.ir Foolad,3,3,270,3.0,0,0,0,0,0,0,1,0,661,DF,ir IR Iran,30,1996,3.0,,,,,,,,,,,,,,,0,,,,,,Matches
593,,GHORBANI Mohammad,IRN,IR Iran,Al Wahda SC,MF,24,190,,,,,,,,,,,,,,,,,,,,,,,,,,,,,,,,FIFA World Cup 2026 roster,Mohammad Ghorbani,moved,MF,ir IR Iran,25,1.ae Al-Wahda FC,1,1,90,1.0,0,0,0,0,0,0,0,0,338,MF,ir IR Iran,25,2001,1.0,,,,,,,,,,,,,,,0,,,,,,Matches
595,,REZAEIAN Ramin,IRN,IR Iran,Foolad Khuzestan FC,DF,36,184,,,,,,,,,,,,,,,,,,,,,,,,,,,,,,,,FIFA World Cup 2026 roster,Ramin Rezaeian,moved,"DF,MF",ir IR Iran,36,1.ir Foolad,3,3,270,3.0,2,1,3,2,0,0,0,0,779,"DF,MF",ir IR Iran,36,1990,3.0,,,,,,,,,,,,,,,1,,,,,,Matches
600,,REBIN SULAKA,IRQ,Iraq,Port FC,DF,34,193,,,,,,,,,,,,,,,,,,,,,,,,,,,,,,,,FIFA World Cup 2026 roster,Rebin Sulaka,normal,DF,iq Iraq,34,1.th Port FC,2,1,43,0.5,0,0,0,0,0,0,0,1,901,DF,iq Iraq,34,1992,0.5,,,,,,,,,,,,,,,0,,,,,,Matches
601,,HUSSEIN ALI,IRQ,Iraq,Pogoń Szczecin,DF,24,182,,,,,,,,,,,,,,,,,,,,,,,,,,,,,,,,FIFA World Cup 2026 roster,Hussein Ali,normal,DF,iq Iraq,24,1.pl Pogoń Szczecin,2,2,162,1.8,0,0,0,0,0,0,0,0,43,DF,iq Iraq,24,2002,1.8,,,,,,,,,,,,,,,0,,,,,,Matches
602,,ZAID TAHSEEN,IRQ,Iraq,Pakhtakor Tashkent FK,DF,25,187,,,,,,,,,,,,,,,,,,,,,,,,,,,,,,,,FIFA World Cup 2026 roster,Zaid Tahseen,normal,DF,iq Iraq,25,1.uz Pakhtakor Tashkent FK,2,2,149,1.7,0,0,0,0,0,0,1,0,920,DF,iq Iraq,25,2001,1.7,,,,,,,,,,,,,,,0,,,,,,Matches
603,,AKAM HASHIM,IRQ,Iraq,Al Zawra'a SC,DF,27,184,,,,,,,,,,,,,,,,,,,,,,,,,,,,,,,,FIFA World Cup 2026 roster,Akam Hashim,normal,DF,iq Iraq,27,1.iq Al-Zawra'a SC,3,3,270,3.0,0,0,0,0,0,0,0,0,395,DF,iq Iraq,27,1998,3.0,,,,,,,,,,,,,,,0,,,,,,Matches
605,,YOUSSEF AMYN,IRQ,Iraq,AEK Larnaca FC,MF,22,172,,,,,,,,,,,,,,,,,,,,,,,,,,,,,,,,FIFA World Cup 2026 roster,Youssef Amyn,normal,MF,iq Iraq,22,1.cy AEK Larnaca,1,0,31,0.3,0,0,0,0,0,0,0,0,65,MF,iq Iraq,22,2003,0.3,,,,,,,,,,,,,,,0,,,,,,Matches
606,,IBRAHIM BAYESH,IRQ,Iraq,Al Dhafra SCC,MF,26,180,,,,,,,,,,,,,,,,,,,,,,,,,,,,,,,,FIFA World Cup 2026 roster,Ibrahim Bayesh,normal,"MF,FW",iq Iraq,26,1.ae Al Dhafra SCC,3,3,235,2.6,0,0,0,0,0,0,0,0,112,"MF,FW",iq Iraq,26,2000,2.6,,,,,,,,,,,,,,,0,,,,,,Matches
608,,MOHANAD ALI,IRQ,Iraq,Dibba FC,FW,25,183,,,,,,,,,,,,,,,,,,,,,,,,,,,,,,,,FIFA World Cup 2026 roster,Mohanad Ali,normal,FW,iq Iraq,25,1.ae Dibba Al Fujairah,1,0,13,0.1,0,0,0,0,0,0,0,0,44,FW,iq Iraq,25,2000,0.1,,,,,,,,,,,,,,,0,,,,,,Matches
610,,JALAL HASSAN,IRQ,Iraq,Al Zawra'a SC,GK,35,188,,,,,,,,,,,,,,,,,,,,,,,,,,,,,,,,FIFA World Cup 2026 roster,Jalal Hassan,normal,GK,iq Iraq,35,1.iq Al-Zawra'a SC,2,1,135,1.5,0,0,0,0,0,0,0,0,397,GK,iq Iraq,35,1991,1.5,,,,,,,,,,,,,,,0,,,,,,Matches
611,,ALI YOUSIF,IRQ,Iraq,Al Talaba SC,FW,30,180,,,,,,,,,,,,,,,,,,,,,,,,,,,,,,,,FIFA World Cup 2026 roster,Ali Yousif,normal,FW,iq Iraq,30,1.iq Al-Talaba,1,0,33,0.4,0,0,0,0,0,0,0,0,1023,FW,iq Iraq,30,1996,0.4,,,,,,,,,,,,,,,0,,,,,,Matches
612,,ZIDANE IQBAL,IRQ,Iraq,FC Utrecht,MF,23,183,,,,,,,,,,,,,,,,,,,,,,,,,,,,,,,,FIFA World Cup 2026 roster,Zidane Iqbal,normal,MF,iq Iraq,23,1.nl Utrecht,3,2,188,2.1,0,0,0,0,0,0,0,0,431,MF,iq Iraq,23,2003,2.1,,,,,,,,,,,,,,,0,,,,,,Matches
615,,ALI JASIM,IRQ,Iraq,Al Najmah SC,FW,22,178,,,,,,,,,,,,,,,,,,,,,,,,,,,,,,,,FIFA World Cup 2026 roster,Ali Jasim,normal,MF,iq Iraq,22,1.sa Al-Najma,2,2,129,1.4,0,0,0,0,0,0,0,0,451,MF,iq Iraq,22,2004,1.4,,,,,,,,,,,,,,,0,,,,,,Matches
617,,KEVIN YAKOB,IRQ,Iraq,Aarhus GF,MF,25,180,,,,,,,,,,,,,,,,,,,,,,,,,,,,,,,,FIFA World Cup 2026 roster,Kevin Yakob,normal,MF,iq Iraq,25,1.dk AGF,1,0,24,0.3,0,0,0,0,0,0,0,0,1012,MF,iq Iraq,25,2000,0.3,,,,,,,,,,,,,,,0,,,,,,Matches
618,,AIMAR SHER,IRQ,Iraq,Sarpsborg 08 FF,MF,23,180,,,,,,,,,,,,,,,,,,,,,,,,,,,,,,,,FIFA World Cup 2026 roster,Aimar Sher,normal,MF,iq Iraq,23,1.no Sarpsborg 08,1,0,23,0.3,0,0,0,0,0,0,0,0,865,MF,iq Iraq,23,2002,0.3,,,,,,,,,,,,,,,0,,,,,,Matches
619,,MARKO FARJI,IRQ,Iraq,Venezia FC,FW,22,185,,,,,,,,,,,,,,,,,,,,,,,,,,,,,,,,FIFA World Cup 2026 roster,Marko Farji,normal,MF,iq Iraq,22,2.it Venezia,2,0,54,0.6,0,0,0,0,0,0,0,0,298,MF,iq Iraq,22,2004,0.6,,,,,,,,,,,,,,,0,,,,,,Matches
620,,AHMED BASIL,IRQ,Iraq,Al Shorta SC,GK,29,184,,,,,,,,,,,,,,,,,,,,,,,,,,,,,,,,FIFA World Cup 2026 roster,Ahmed Basil,normal,GK,iq Iraq,29,1.iq Al-Shorta,2,2,135,1.5,0,0,0,0,0,0,0,0,110,GK,iq Iraq,29,1996,1.5,,,,,,,,,,,,,,,0,,,,,,Matches
621,,MERCHAS DOSKI,IRQ,Iraq,FC Viktoria Plzeň,DF,26,173,,,,,,,,,,,,,,,,,,,,,,,,,,,,,,,,FIFA World Cup 2026 roster,Merchas Doski,normal,DF,iq Iraq,26,1.cz Viktoria Plzeň,3,3,270,3.0,0,0,0,0,0,0,1,0,267,DF,iq Iraq,26,1999,3.0,,,,,,,,,,,,,,,0,,,,,,Matches
623,,MUSTAFA SAADOON,IRQ,Iraq,Al Shorta SC,DF,25,181,,,,,,,,,,,,,,,,,,,,,,,,,,,,,,,,FIFA World Cup 2026 roster,Mustafa Saadoon,normal,DF,iq Iraq,25,1.iq Al-Shorta,1,0,18,0.2,0,0,0,0,0,0,0,0,811,DF,iq Iraq,25,2001,0.2,,,,,,,,,,,,,,,0,,,,,,Matches
625,,SUZUKI Zion,JPN,Japan,Parma,GK,23,190,,,,,,,,,,,,,,,,,,,,,,,,,,,,,,,,FIFA World Cup 2026 roster,Zion Suzuki,moved,GK,jp Japan,23,1.it Parma,4,4,360,4.0,0,0,0,0,0,0,0,0,910,GK,jp Japan,23,2002,4.0,,,,,,,,,,,,,,,0,,,,,,Matches
626,,SUGAWARA Yukinari,JPN,Japan,SV Werder Bremen,DF,25,179,,,,,,,,,,,,,,,,,,,,,,,,,,,,,,,,FIFA World Cup 2026 roster,Yukinari Sugawara,moved,MF,jp Japan,25,1.de Werder Bremen,4,1,148,1.6,0,0,0,0,0,0,0,0,900,MF,jp Japan,25,2000,1.6,,,,,,,,,,,,,,,0,,,,,,Matches
627,,TANIGUCHI Shogo,JPN,Japan,Sint-Truiden VV,DF,34,185,,,,,,,,,,,,,,,,,,,,,,,,,,,,,,,,FIFA World Cup 2026 roster,Shogo Taniguchi,moved,DF,jp Japan,34,1.be Sint-Truiden,3,2,232,2.6,0,0,0,0,0,0,1,0,925,DF,jp Japan,34,1991,2.6,,,,,,,,,,,,,,,0,,,,,,Matches
629,,NAGATOMO Yuto,JPN,Japan,FC Tokyo,DF,39,170,,,,,,,,,,,,,,,,,,,,,,,,,,,,,,,,FIFA World Cup 2026 roster,Yūto Nagatomo,moved,"DF,MF",jp Japan,39,1.jp FC Tokyo,1,0,16,0.2,0,0,0,0,0,0,0,0,653,"DF,MF",jp Japan,39,1986,0.2,,,,,,,,,,,,,,,0,,,,,,Matches
631,,TANAKA Ao,JPN,Japan,Leeds United FC,MF,27,180,,,,,,,,,,,,,,,,,,,,,,,,,,,,,,,,FIFA World Cup 2026 roster,Ao Tanaka,moved,MF,jp Japan,27,1.eng Leeds United,3,2,193,2.1,0,0,0,0,0,0,0,0,924,MF,jp Japan,27,1998,2.1,,,,,,,,,,,,,,,0,,,,,,Matches
632,,KUBO Takefusa,JPN,Japan,Real Sociedad,MF,25,173,,,,,,,,,,,,,,,,,,,,,,,,,,,,,,,,FIFA World Cup 2026 roster,Takefusa Kubo,moved,MF,jp Japan,25,1.es Real Sociedad,1,1,74,0.8,0,1,1,0,0,0,0,0,509,MF,jp Japan,25,2001,0.8,,,,,,,,,,,,,,,1,,,,,,Matches
633,,GOTO Keisuke,JPN,Japan,Sint-Truiden VV,FW,21,191,,,,,,,,,,,,,,,,,,,,,,,,,,,,,,,,FIFA World Cup 2026 roster,Keisuke Gotō,moved,FW,jp Japan,21,1.be Sint-Truiden,1,0,7,0.1,0,0,0,0,0,0,0,0,352,FW,jp Japan,21,2005,0.1,,,,,,,,,,,,,,,0,,,,,,Matches
634,,DOAN Ritsu,JPN,Japan,Eintracht Frankfurt,MF,27,172,,,,,,,,,,,,,,,,,,,,,,,,,,,,,,,,FIFA World Cup 2026 roster,Ritsu Doan,moved,MF,jp Japan,27,1.de Frankfurt,4,4,278,3.1,0,1,1,0,0,0,0,0,265,MF,jp Japan,27,1998,3.1,,,,,,,,,,,,,,,1,,,,,,Matches
635,,MAEDA Daizen,JPN,Japan,Celtic FC,MF,28,173,,,,,,,,,,,,,,,,,,,,,,,,,,,,,,,,FIFA World Cup 2026 roster,Daizen Maeda,moved,MF,jp Japan,28,1.sct Celtic,3,3,244,2.7,1,0,1,1,0,0,0,0,551,MF,jp Japan,28,1997,2.7,,,,,,,,,,,,,,,0,,,,,,Matches
637,,NAKAMURA Keito,JPN,Japan,Stade Reims,MF,25,180,,,,,,,,,,,,,,,,,,,,,,,,,,,,,,,,FIFA World Cup 2026 roster,Keito Nakamura,moved,MF,jp Japan,25,2.fr Reims,4,4,307,3.4,1,1,2,1,0,0,0,0,654,MF,jp Japan,25,2000,3.4,,,,,,,,,,,,,,,1,,,,,,Matches
638,,ITO Junya,JPN,Japan,KRC Genk,MF,33,177,,,,,,,,,,,,,,,,,,,,,,,,,,,,,,,,FIFA World Cup 2026 roster,Junya Itō,moved,MF,jp Japan,33,1.be Genk,4,2,216,2.4,1,0,1,1,0,0,0,0,441,MF,jp Japan,33,1993,2.4,,,,,,,,,,,,,,,0,,,,,,Matches
639,,KAMADA Daichi,JPN,Japan,Crystal Palace FC,MF,29,180,,,,,,,,,,,,,,,,,,,,,,,,,,,,,,,,FIFA World Cup 2026 roster,Daichi Kamada,moved,MF,jp Japan,29,1.eng Crystal Palace,4,4,329,3.7,2,0,2,2,0,0,1,0,471,MF,jp Japan,29,1996,3.7,,,,,,,,,,,,,,,0,,,,,,Matches
640,,WATANABE Tsuyoshi,JPN,Japan,Feyenoord Rotterdam,DF,29,184,,,,,,,,,,,,,,,,,,,,,,,,,,,,,,,,FIFA World Cup 2026 roster,Tsuyoshi Watanabe,moved,DF,jp Japan,29,1.nl Feyenoord,2,1,90,1.0,0,0,0,0,0,0,0,0,994,DF,jp Japan,29,1997,1.0,,,,,,,,,,,,,,,0,,,,,,Matches
641,,SUZUKI Yuito,JPN,Japan,SC Freiburg,MF,24,175,,,,,,,,,,,,,,,,,,,,,,,,,,,,,,,,FIFA World Cup 2026 roster,Yuito Suzuki,moved,"FW,MF",jp Japan,24,1.de Freiburg,1,0,12,0.1,0,0,0,0,0,0,0,0,909,"FW,MF",jp Japan,24,2001,0.1,,,,,,,,,,,,,,,0,,,,,,Matches
642,,UEDA Ayase,JPN,Japan,Feyenoord Rotterdam,FW,27,182,,,,,,,,,,,,,,,,,,,,,,,,,,,,,,,,FIFA World Cup 2026 roster,Ayase Ueda,moved,FW,jp Japan,27,1.nl Feyenoord,4,4,321,3.6,2,1,3,2,0,0,0,0,956,FW,jp Japan,27,1998,3.6,,,,,,,,,,,,,,,1,,,,,,Matches
643,,OGAWA Koki,JPN,Japan,NEC Nijmegen,FW,28,186,,,,,,,,,,,,,,,,,,,,,,,,,,,,,,,,FIFA World Cup 2026 roster,Kōki Ogawa,moved,FW,jp Japan,28,1.nl NEC Nijmegen,3,0,42,0.5,0,1,1,0,0,0,0,0,685,FW,jp Japan,28,1997,0.5,,,,,,,,,,,,,,,1,,,,,,Matches
644,,SEKO Ayumu,JPN,Japan,Le Havre AC,DF,26,186,,,,,,,,,,,,,,,,,,,,,,,,,,,,,,,,FIFA World Cup 2026 roster,Ayumu Seko,moved,DF,jp Japan,26,1.fr Le Havre,2,1,86,1.0,0,0,0,0,0,0,0,0,848,DF,jp Japan,26,2000,1.0,,,,,,,,,,,,,,,0,,,,,,Matches
645,,ITO Hiroki,JPN,Japan,FC Bayern München,DF,27,188,,,,,,,,,,,,,,,,,,,,,,,,,,,,,,,,FIFA World Cup 2026 roster,Hiroki Ito,moved,DF,jp Japan,27,1.de Bayern Munich,4,4,360,4.0,0,0,0,0,0,0,0,0,440,DF,jp Japan,27,1999,4.0,,,,,,,,,,,,,,,0,,,,,,Matches
646,,TOMIYASU Takehiro,JPN,Japan,AFC Ajax,DF,27,187,,,,,,,,,,,,,,,,,,,,,,,,,,,,,,,,FIFA World Cup 2026 roster,Takehiro Tomiyasu,moved,DF,jp Japan,27,1.nl Ajax,3,2,184,2.0,0,0,0,0,0,0,0,0,941,DF,jp Japan,27,1998,2.0,,,,,,,,,,,,,,,0,,,,,,Matches
648,,SANO Kaishu,JPN,Japan,1. FSV Mainz 05,MF,25,176,,,,,,,,,,,,,,,,,,,,,,,,,,,,,,,,FIFA World Cup 2026 roster,Kaishū Sano,moved,MF,jp Japan,25,1.de Mainz 05,3,3,270,3.0,1,1,2,1,0,0,1,0,830,MF,jp Japan,25,2000,3.0,,,,,,,,,,,,,,,1,,,,,,Matches
649,,SUZUKI Junnosuke,JPN,Japan,FC København,DF,22,180,,,,,,,,,,,,,,,,,,,,,,,,,,,,,,,,FIFA World Cup 2026 roster,Junnosuke Suzuki,moved,DF,jp Japan,22,1.dk FC Copenhagen,2,0,43,0.5,0,0,0,0,0,0,1,0,908,DF,jp Japan,22,2003,0.5,,,,,,,,,,,,,,,0,,,,,,Matches
650,,SHIOGAI Kento,JPN,Japan,VfL Wolfsburg,FW,21,180,,,,,,,,,,,,,,,,,,,,,,,,,,,,,,,,FIFA World Cup 2026 roster,Kento Shiogai,moved,FW,jp Japan,21,1.de Wolfsburg,1,0,7,0.1,0,0,0,0,0,0,0,0,866,FW,jp Japan,21,2005,0.1,,,,,,,,,,,,,,,0,,,,,,Matches
651,,YAZEED ABULAILA,JOR,Jordan,Al Hussein SC,GK,33,188,,,,,,,,,,,,,,,,,,,,,,,,,,,,,,,,FIFA World Cup 2026 roster,Yazeed Abulaila,normal,GK,jo Jordan,33,1.jo Al-Hussein SC,3,3,270,3.0,0,0,0,0,0,0,0,0,14,GK,jo Jordan,33,1993,3.0,,,,,,,,,,,,,,,0,,,,,,Matches
653,,ABDALLAH NASIB,JOR,Jordan,Al Zawra'a SC,DF,32,184,,,,,,,,,,,,,,,,,,,,,,,,,,,,,,,,FIFA World Cup 2026 roster,Abdallah Nasib,normal,DF,jo Jordan,32,1.iq Al-Zawra'a SC,3,3,260,2.9,0,0,0,0,0,0,0,0,655,DF,jo Jordan,32,1994,2.9,,,,,,,,,,,,,,,0,,,,,,Matches
656,,AMER JAMOUS,JOR,Jordan,Al Zawra'a SC,MF,23,177,,,,,,,,,,,,,,,,,,,,,,,,,,,,,,,,FIFA World Cup 2026 roster,Amer Jamous,normal,MF,jo Jordan,23,1.iq Al-Zawra'a SC,1,0,15,0.2,0,0,0,0,0,0,0,0,448,MF,jo Jordan,23,2002,0.2,,,,,,,,,,,,,,,0,,,,,,Matches
659,,ALI OLWAN,JOR,Jordan,Al Sailiya SC,FW,26,182,,,,,,,,,,,,,,,,,,,,,,,,,,,,,,,,FIFA World Cup 2026 roster,Ali Olwan,normal,MF,jo Jordan,26,1.qa Al-Sailiya SC,3,3,268,3.0,1,0,1,1,0,0,0,0,695,MF,jo Jordan,26,2000,3.0,,,,,,,,,,,,,,,0,,,,,,Matches
674,,ALI AZAIZEH,JOR,Jordan,Al Shabab FC,FW,22,178,,,,,,,,,,,,,,,,,,,,,,,,,,,,,,,,FIFA World Cup 2026 roster,Ali Azaizeh,normal,MF,jo Jordan,22,1.sa Al-Shabab,3,1,54,0.6,0,0,0,0,0,0,0,0,96,MF,jo Jordan,22,2004,0.6,,,,,,,,,,,,,,,0,,,,,,Matches
692,,PARK Jinseob,KOR,Korea Republic,Zhejiang FC,DF,30,183,,,,,,,,,,,,,,,,,,,,,,,,,,,,,,,,FIFA World Cup 2026 roster,Park Jinseob,normal,"DF,MF",kr Korea Republic,30,1.cn Zhejiang,2,0,32,0.4,0,0,0,0,0,0,0,0,456,"DF,MF",kr Korea Republic,30,1995,0.4,,,,,,,,,,,,,,,0,,,,,,Matches
699,,CASTROP Jens,KOR,Korea Republic,Borussia Mönchengladbach,DF,22,178,,,,,,,,,,,,,,,,,,,,,,,,,,,,,,,,FIFA World Cup 2026 roster,Jens Castrop,moved,MF,kr Korea Republic,22,1.de Gladbach,1,0,45,0.5,0,0,0,0,0,0,0,0,182,MF,kr Korea Republic,22,2003,0.5,,,,,,,,,,,,,,,0,,,,,,Matches
703,,RANGEL Raul,MEX,Mexico,CD Guadalajara,GK,26,190,,,,,,,,,,,,,,,,,,,,,,,,,,,,,,,,FIFA World Cup 2026 roster,Raúl Rangel,moved,GK,mx Mexico,26,1.mx Guadalajara,5,5,437,4.9,0,0,0,0,0,0,0,0,765,GK,mx Mexico,26,2000,4.9,,,,,,,,,,,,,,,0,,,,,,Matches
704,,SANCHEZ Jorge,MEX,Mexico,PAOK Saloniki,DF,28,176,,,,,,,,,,,,,,,,,,,,,,,,,,,,,,,,FIFA World Cup 2026 roster,Jorge Sánchez,moved,DF,mx Mexico,28,1.gr PAOK,4,4,348,3.9,0,1,1,0,0,0,1,0,826,DF,mx Mexico,28,1997,3.9,,,,,,,,,,,,,,,1,,,,,,Matches
705,,MONTES Cesar,MEX,Mexico,FC Lokomotiv Moscow,DF,29,191,,,,,,,,,,,,,,,,,,,,,,,,,,,,,,,,FIFA World Cup 2026 roster,César Montes,moved,DF,mx Mexico,29,1.ru Loko Moscow,4,4,314,3.5,0,0,0,0,0,0,0,1,630,DF,mx Mexico,29,1997,3.5,,,,,,,,,,,,,,,0,,,,,,Matches
706,,ALVAREZ Edson,MEX,Mexico,Fenerbahçe SK,DF,28,180,,,,,,,,,,,,,,,,,,,,,,,,,,,,,,,,FIFA World Cup 2026 roster,Edson Álvarez,moved,"MF,DF",mx Mexico,28,1.eng West Ham,4,2,240,2.7,0,0,0,0,0,0,1,0,54,"MF,DF",mx Mexico,28,1997,2.7,,,,,,,,,,,,,,,0,,,,,,Matches
707,,VASQUEZ Johan,MEX,Mexico,Genoa CFC,DF,27,182,,,,,,,,,,,,,,,,,,,,,,,,,,,,,,,,FIFA World Cup 2026 roster,Johan Vásquez,moved,DF,mx Mexico,27,1.it Genoa,4,4,360,4.0,0,0,0,0,0,0,1,0,974,DF,mx Mexico,27,1998,4.0,,,,,,,,,,,,,,,0,,,,,,Matches
708,,LIRA Erik,MEX,Mexico,CF Cruz Azul,MF,26,172,,,,,,,,,,,,,,,,,,,,,,,,,,,,,,,,FIFA World Cup 2026 roster,Erik Lira,moved,MF,mx Mexico,26,1.mx Cruz Azul,4,4,345,3.8,0,1,1,0,0,0,0,0,530,MF,mx Mexico,26,2000,3.8,,,,,,,,,,,,,,,1,,,,,,Matches
709,,ROMO Luis,MEX,Mexico,CD Guadalajara,MF,31,183,,,,,,,,,,,,,,,,,,,,,,,,,,,,,,,,FIFA World Cup 2026 roster,Luis Romo,moved,MF,mx Mexico,31,1.mx Guadalajara,4,4,264,2.9,1,1,2,1,0,0,0,0,800,MF,mx Mexico,31,1995,2.9,,,,,,,,,,,,,,,1,,,,,,Matches
710,,FIDALGO Alvaro,MEX,Mexico,Real Betis,MF,29,175,,,,,,,,,,,,,,,,,,,,,,,,,,,,,,,,FIFA World Cup 2026 roster,Álvaro Fidalgo,moved,MF,mx Mexico,29,1.es Real Betis,3,1,96,1.1,1,0,1,1,0,0,0,0,310,MF,mx Mexico,29,1997,1.1,,,,,,,,,,,,,,,0,,,,,,Matches
711,,JIMENEZ Raul,MEX,Mexico,Fulham FC,FW,35,188,,,,,,,,,,,,,,,,,,,,,,,,,,,,,,,,FIFA World Cup 2026 roster,Raúl Jiménez,moved,FW,mx Mexico,35,1.eng Fulham,4,4,317,3.5,3,0,3,2,1,1,0,0,454,FW,mx Mexico,35,1991,3.5,,,,,,,,,,,,,,,0,,,,,,Matches
712,,VEGA Alexis,MEX,Mexico,Deportivo Toluca FC,FW,28,175,,,,,,,,,,,,,,,,,,,,,,,,,,,,,,,,FIFA World Cup 2026 roster,Alexis Vega,moved,"FW,MF",mx Mexico,28,1.mx Toluca,1,0,12,0.1,0,0,0,0,0,0,0,0,975,"FW,MF",mx Mexico,28,1997,0.1,,,,,,,,,,,,,,,0,,,,,,Matches
713,,GIMENEZ Santiago,MEX,Mexico,AC Milan,FW,25,180,,,,,,,,,,,,,,,,,,,,,,,,,,,,,,,,FIFA World Cup 2026 roster,Santiago Giménez,moved,FW,mx Mexico,25,1.it Milan,4,0,86,1.0,0,0,0,0,0,0,0,0,342,FW,mx Mexico,25,2001,1.0,,,,,,,,,,,,,,,0,,,,,,Matches
715,,OCHOA Guillermo,MEX,Mexico,AEL Limassol,GK,40,185,,,,,,,,,,,,,,,,,,,,,,,,,,,,,,,,FIFA World Cup 2026 roster,Guillermo Ochoa,moved,GK,mx Mexico,40,1.cy AEL Limassol,1,0,13,0.1,0,0,0,0,0,0,0,0,684,GK,mx Mexico,40,1985,0.1,,,,,,,,,,,,,,,0,,,,,,Matches
716,,GONZALEZ Armando,MEX,Mexico,CD Guadalajara,FW,23,182,,,,,,,,,,,,,,,,,,,,,,,,,,,,,,,,FIFA World Cup 2026 roster,Armando González,moved,FW,mx Mexico,23,1.mx Guadalajara,1,0,15,0.2,0,0,0,0,0,0,0,0,347,FW,mx Mexico,23,2003,0.2,,,,,,,,,,,,,,,0,,,,,,Matches
717,,REYES Israel,MEX,Mexico,Club América,DF,26,181,,,,,,,,,,,,,,,,,,,,,,,,,,,,,,,,FIFA World Cup 2026 roster,Israel Reyes,moved,DF,mx Mexico,26,1.mx América,4,2,202,2.2,0,0,0,0,0,0,0,0,777,DF,mx Mexico,26,2000,2.2,,,,,,,,,,,,,,,0,,,,,,Matches
718,,QUINONES Julian,MEX,Mexico,Al Qadsiah FC,FW,29,177,,,,,,,,,,,,,,,,,,,,,,,,,,,,,,,,FIFA World Cup 2026 roster,Julián Quiñones,moved,"FW,MF",mx Mexico,29,1.sa Al-Qadsiah,5,5,410,4.6,4,1,5,4,0,0,0,0,753,"FW,MF",mx Mexico,29,1997,4.6,,,,,,,,,,,,,,,1,,,,,,Matches
719,,PINEDA Orbelin,MEX,Mexico,AEK Athens,MF,30,169,,,,,,,,,,,,,,,,,,,,,,,,,,,,,,,,FIFA World Cup 2026 roster,Orbelín Pineda,moved,"FW,MF",mx Mexico,30,1.gr AEK Athens,2,0,31,0.3,0,0,0,0,0,0,0,0,735,"FW,MF",mx Mexico,30,1996,0.3,,,,,,,,,,,,,,,0,,,,,,Matches
720,,VARGAS Obed,MEX,Mexico,Atlético De Madrid,MF,20,175,,,,,,,,,,,,,,,,,,,,,,,,,,,,,,,,FIFA World Cup 2026 roster,Obed Vargas,moved,MF,mx Mexico,20,1.es Atlético Madrid,3,0,66,0.7,0,0,0,0,0,0,0,0,971,MF,mx Mexico,20,2005,0.7,,,,,,,,,,,,,,,0,,,,,,Matches
721,,MORA Gilberto,MEX,Mexico,Club Tijuana,MF,17,175,,,,,,,,,,,,,,,,,,,,,,,,,,,,,,,,FIFA World Cup 2026 roster,Gilberto Mora,moved,MF,mx Mexico,17,1.mx Tijuana,4,3,213,2.4,0,0,0,0,0,0,0,0,633,MF,mx Mexico,17,2008,2.4,,,,,,,,,,,,,,,0,,,,,,Matches
722,,CHAVEZ Mateo,MEX,Mexico,AZ Alkmaar,DF,22,178,,,,,,,,,,,,,,,,,,,,,,,,,,,,,,,,FIFA World Cup 2026 roster,Mateo Chávez,moved,DF,mx Mexico,22,1.nl AZ Alkmaar,1,1,77,0.9,1,0,1,1,0,0,0,0,191,DF,mx Mexico,22,2004,0.9,,,,,,,,,,,,,,,0,,,,,,Matches
723,,HUERTA Cesar,MEX,Mexico,RSC Anderlecht,FW,25,171,,,,,,,,,,,,,,,,,,,,,,,,,,,,,,,,FIFA World Cup 2026 roster,César Huerta,moved,"FW,MF",mx Mexico,25,1.be Anderlecht,1,0,7,0.1,0,0,0,0,0,0,0,0,421,"FW,MF",mx Mexico,25,2000,0.1,,,,,,,,,,,,,,,0,,,,,,Matches
725,,GALLARDO Jesus,MEX,Mexico,Deportivo Toluca FC,DF,31,174,,,,,,,,,,,,,,,,,,,,,,,,,,,,,,,,FIFA World Cup 2026 roster,Jesús Gallardo,moved,DF,mx Mexico,31,1.mx Toluca,5,4,373,4.1,0,0,0,0,0,0,0,0,327,DF,mx Mexico,31,1994,4.1,,,,,,,,,,,,,,,0,,,,,,Matches
726,,CHAVEZ Luis,MEX,Mexico,FC Dynamo Moscow,MF,30,178,,,,,,,,,,,,,,,,,,,,,,,,,,,,,,,,FIFA World Cup 2026 roster,Luis Chávez,moved,MF,mx Mexico,30,1.ru Dynamo Moskva,1,0,25,0.3,0,0,0,0,0,0,0,0,190,MF,mx Mexico,30,1996,0.3,,,,,,,,,,,,,,,0,,,,,,Matches
727,,ALVARADO Roberto,MEX,Mexico,CD Guadalajara,FW,27,176,,,,,,,,,,,,,,,,,,,,,,,,,,,,,,,,FIFA World Cup 2026 roster,Roberto Alvarado,moved,"FW,MF",mx Mexico,27,1.mx Guadalajara,5,5,428,4.8,0,3,3,0,0,0,0,0,53,"FW,MF",mx Mexico,27,1998,4.8,,,,,,,,,,,,,,,3,,,,,,Matches
728,,GUTIERREZ Brian,MEX,Mexico,CD Guadalajara,MF,22,178,,,,,,,,,,,,,,,,,,,,,,,,,,,,,,,,FIFA World Cup 2026 roster,Brian Gutiérrez,moved,MF,mx Mexico,22,1.mx Guadalajara,4,2,198,2.2,0,0,0,0,0,0,1,0,369,MF,mx Mexico,22,2003,2.2,,,,,,,,,,,,,,,0,,,,,,Matches
729,,BOUNOU Yassine,MAR,Morocco,Al Hilal SC,GK,35,192,,,,,,,,,,,,,,,,,,,,,,,,,,,,,,,,FIFA World Cup 2026 roster,Yassine Bounou,moved,GK,ma Morocco,35,1.sa Al-Hilal,6,6,570,6.3,0,0,0,0,0,0,0,0,149,GK,ma Morocco,35,1991,6.3,,,,,,,,,,,,,,,0,,,,,,Matches
730,,HAKIMI Achraf,MAR,Morocco,Paris Saint-Germain,DF,27,180,,,,,,,,,,,,,,,,,,,,,,,,,,,,,,,,FIFA World Cup 2026 roster,Achraf Hakimi,moved,DF,ma Morocco,27,1.fr PSG,6,6,570,6.3,1,2,3,1,0,0,1,0,382,DF,ma Morocco,27,1998,6.3,,,,,,,,,,,,,,,2,,,,,,Matches
731,,MAZRAOUI Noussair,MAR,Morocco,Manchester United FC,DF,28,183,,,,,,,,,,,,,,,,,,,,,,,,,,,,,,,,FIFA World Cup 2026 roster,Noussair Mazraoui,moved,DF,ma Morocco,28,1.eng Manchester Utd,6,5,477,5.3,0,0,0,0,0,0,0,0,586,DF,ma Morocco,28,1997,5.3,,,,,,,,,,,,,,,0,,,,,,Matches
732,,AMRABAT Sofyan,MAR,Morocco,Real Betis,MF,29,185,,,,,,,,,,,,,,,,,,,,,,,,,,,,,,,,FIFA World Cup 2026 roster,Sofyan Amrabat,moved,MF,ma Morocco,29,1.es Real Betis,3,1,147,1.6,0,0,0,0,0,0,0,0,63,MF,ma Morocco,29,1996,1.6,,,,,,,,,,,,,,,0,,,,,,Matches
734,,BOUADDI Ayyoub,MAR,Morocco,Lille OSC,MF,18,185,,,,,,,,,,,,,,,,,,,,,,,,,,,,,,,,FIFA World Cup 2026 roster,Ayyoub Bouaddi,moved,MF,ma Morocco,18,1.fr Lille,5,5,381,4.2,0,0,0,0,0,0,0,0,145,MF,ma Morocco,18,2007,4.2,,,,,,,,,,,,,,,0,,,,,,Matches
735,,TALBI Chemsdine,MAR,Morocco,Sunderland AFC,MF,21,175,,,,,,,,,,,,,,,,,,,,,,,,,,,,,,,,FIFA World Cup 2026 roster,Chemsdine Talbi,moved,MF,ma Morocco,21,1.eng Sunderland,5,1,179,2.0,0,1,1,0,0,0,0,0,921,MF,ma Morocco,21,2005,2.0,,,,,,,,,,,,,,,1,,,,,,Matches
736,,OUNAHI Azzedine,MAR,Morocco,Girona FC,MF,26,182,,,,,,,,,,,,,,,,,,,,,,,,,,,,,,,,FIFA World Cup 2026 roster,Azzedine Ounahi,moved,MF,ma Morocco,26,1.es Girona,6,5,435,4.8,2,0,2,2,0,0,1,0,704,MF,ma Morocco,26,2000,4.8,,,,,,,,,,,,,,,0,,,,,,Matches
737,,RAHIMI Soufiane,MAR,Morocco,Al Ain FC,FW,30,180,,,,,,,,,,,,,,,,,,,,,,,,,,,,,,,,FIFA World Cup 2026 roster,Soufiane Rahimi,moved,FW,ma Morocco,30,1.ae Al Ain,6,0,163,1.8,2,1,3,2,0,0,0,0,759,FW,ma Morocco,30,1996,1.8,,,,,,,,,,,,,,,1,,,,,,Matches
738,,DIAZ Brahim,MAR,Morocco,Real Madrid C. F.,FW,26,170,,,,,,,,,,,,,,,,,,,,,,,,,,,,,,,,FIFA World Cup 2026 roster,Brahim Díaz,moved,MF,ma Morocco,26,1.es Real Madrid,6,6,457,5.1,0,4,4,0,0,0,0,0,255,MF,ma Morocco,26,1999,5.1,,,,,,,,,,,,,,,4,,,,,,Matches
739,,SAIBARI Ismael,MAR,Morocco,PSV Eindhoven,MF,25,185,,,,,,,,,,,,,,,,,,,,,,,,,,,,,,,,FIFA World Cup 2026 roster,Ismael Saibari,moved,FW,ma Morocco,25,1.nl PSV,5,5,381,4.2,3,0,3,3,0,0,0,0,817,FW,ma Morocco,25,2001,4.2,,,,,,,,,,,,,,,0,,,,,,Matches
741,,EL OUAHDI Zakaria,MAR,Morocco,KRC Genk,DF,24,171,,,,,,,,,,,,,,,,,,,,,,,,,,,,,,,,FIFA World Cup 2026 roster,Zakaria El Ouahdi,moved,"DF,MF",ma Morocco,24,1.be Genk,1,0,17,0.2,0,0,0,0,0,0,0,0,702,"DF,MF",ma Morocco,24,2001,0.2,,,,,,,,,,,,,,,0,,,,,,Matches
742,,DIOP Issa,MAR,Morocco,Fulham FC,DF,29,194,,,,,,,,,,,,,,,,,,,,,,,,,,,,,,,,FIFA World Cup 2026 roster,Issa Diop,moved,DF,ma Morocco,29,1.eng Fulham,5,5,476,5.3,1,0,1,1,0,0,3,0,263,DF,ma Morocco,29,1997,5.3,,,,,,,,,,,,,,,0,,,,,,Matches
743,,EL MOURABET Samir,MAR,Morocco,RC Strasbourg,MF,20,187,,,,,,,,,,,,,,,,,,,,,,,,,,,,,,,,FIFA World Cup 2026 roster,Samir El Mourabet,moved,MF,ma Morocco,20,1.fr Strasbourg,5,0,81,0.9,0,0,0,0,0,0,0,0,638,MF,ma Morocco,20,2005,0.9,,,,,,,,,,,,,,,0,,,,,,Matches
744,,YASSINE Gessime,MAR,Morocco,RC Strasbourg,MF,20,172,,,,,,,,,,,,,,,,,,,,,,,,,,,,,,,,FIFA World Cup 2026 roster,Gessime Yassine,moved,MF,ma Morocco,20,1.fr Strasbourg,3,0,80,0.9,1,0,1,1,0,0,0,0,1015,MF,ma Morocco,20,2005,0.9,,,,,,,,,,,,,,,0,,,,,,Matches
746,,RIAD Chadi,MAR,Morocco,Crystal Palace FC,DF,22,186,,,,,,,,,,,,,,,,,,,,,,,,,,,,,,,,FIFA World Cup 2026 roster,Chadi Riad,moved,DF,ma Morocco,22,1.eng Crystal Palace,4,4,344,3.8,0,1,1,0,0,0,0,0,780,DF,ma Morocco,22,2003,3.8,,,,,,,,,,,,,,,1,,,,,,Matches
748,,EL KAABI Ayoub,MAR,Morocco,Olympiacos FC,FW,32,182,,,,,,,,,,,,,,,,,,,,,,,,,,,,,,,,FIFA World Cup 2026 roster,Ayoub El Kaabi,moved,FW,ma Morocco,32,1.gr Olympiacos,1,1,69,0.8,0,0,0,0,0,0,0,0,465,FW,ma Morocco,32,1993,0.8,,,,,,,,,,,,,,,0,,,,,,Matches
749,,AMAIMOUNI Ayoube,MAR,Morocco,Eintracht Frankfurt,FW,21,179,,,,,,,,,,,,,,,,,,,,,,,,,,,,,,,,FIFA World Cup 2026 roster,Ayoube Amaimouni,moved,MF,ma Morocco,21,1.de Frankfurt,2,0,18,0.2,0,0,0,0,0,0,0,0,56,MF,ma Morocco,21,2004,0.2,,,,,,,,,,,,,,,0,,,,,,Matches
751,,EL KHANNOUSS Bilal,MAR,Morocco,VfB Stuttgart,MF,22,180,,,,,,,,,,,,,,,,,,,,,,,,,,,,,,,,FIFA World Cup 2026 roster,Bilal El Khannouss,moved,"MF,FW",ma Morocco,22,1.de Stuttgart,6,6,461,5.1,0,0,0,0,0,0,1,0,487,"MF,FW",ma Morocco,22,2004,5.1,,,,,,,,,,,,,,,0,,,,,,Matches
752,,EL AYNAOUI Neil,MAR,Morocco,AS Roma,MF,24,185,,,,,,,,,,,,,,,,,,,,,,,,,,,,,,,,FIFA World Cup 2026 roster,Neil El Aynaoui,moved,MF,ma Morocco,24,1.it Roma,6,6,562,6.2,0,0,0,0,0,0,0,0,95,MF,ma Morocco,24,2001,6.2,,,,,,,,,,,,,,,0,,,,,,Matches
753,,HALHAL Redouane,MAR,Morocco,KV Mechelen,DF,23,189,,,,,,,,,,,,,,,,,,,,,,,,,,,,,,,,FIFA World Cup 2026 roster,Redouane Halhal,moved,DF,ma Morocco,23,1.be Mechelen,2,2,180,2.0,0,0,0,0,0,0,1,0,383,DF,ma Morocco,23,2003,2.0,,,,,,,,,,,,,,,0,,,,,,Matches
755,,VERBRUGGEN Bart,NED,Netherlands,Brighton & Hove Albion FC,GK,23,193,,,,,,,,,,,,,,,,,,,,,,,,,,,,,,,,FIFA World Cup 2026 roster,Bart Verbruggen,moved,GK,nl Netherlands,23,1.eng Brighton,4,4,390,4.3,0,0,0,0,0,0,0,0,980,GK,nl Netherlands,23,2002,4.3,,,,,,,,,,,,,,,0,,,,,,Matches
757,,DE ROON Marten,NED,Netherlands,Atalanta Bergamo,MF,35,186,,,,,,,,,,,,,,,,,,,,,,,,,,,,,,,,FIFA World Cup 2026 roster,Marten de Roon,moved,"DF,MF",nl Netherlands,35,1.it Atalanta,1,0,11,0.1,0,0,0,0,0,0,0,0,803,"DF,MF",nl Netherlands,35,1991,0.1,,,,,,,,,,,,,,,0,,,,,,Matches
758,,VAN DIJK Virgil,NED,Netherlands,Liverpool FC,DF,34,195,,,,,,,,,,,,,,,,,,,,,,,,,,,,,,,,FIFA World Cup 2026 roster,Virgil van Dijk,moved,DF,nl Netherlands,34,1.eng Liverpool,4,4,390,4.3,1,1,2,1,0,0,0,0,966,DF,nl Netherlands,34,1991,4.3,,,,,,,,,,,,,,,1,,,,,,Matches
759,,AKE Nathan,NED,Netherlands,Manchester City FC,DF,31,180,,,,,,,,,,,,,,,,,,,,,,,,,,,,,,,,FIFA World Cup 2026 roster,Nathan Aké,moved,DF,nl Netherlands,31,1.eng Manchester City,3,2,170,1.9,0,0,0,0,0,0,0,0,33,DF,nl Netherlands,31,1995,1.9,,,,,,,,,,,,,,,0,,,,,,Matches
761,,KLUIVERT Justin,NED,Netherlands,AFC Bournemouth,MF,27,173,,,,,,,,,,,,,,,,,,,,,,,,,,,,,,,,FIFA World Cup 2026 roster,Justin Kluivert,moved,"FW,MF",nl Netherlands,27,1.eng Bournemouth,2,0,27,0.3,0,0,0,0,0,0,0,0,492,"FW,MF",nl Netherlands,27,1999,0.3,,,,,,,,,,,,,,,0,,,,,,Matches
762,,GRAVENBERCH Ryan,NED,Netherlands,Liverpool FC,MF,24,190,,,,,,,,,,,,,,,,,,,,,,,,,,,,,,,,FIFA World Cup 2026 roster,Ryan Gravenberch,moved,MF,nl Netherlands,24,1.eng Liverpool,4,4,345,3.8,0,2,2,0,0,0,0,0,354,MF,nl Netherlands,24,2002,3.8,,,,,,,,,,,,,,,2,,,,,,Matches
763,,WEGHORST Wout,NED,Netherlands,AFC Ajax,FW,33,197,,,,,,,,,,,,,,,,,,,,,,,,,,,,,,,,FIFA World Cup 2026 roster,Wout Weghorst,moved,FW,nl Netherlands,33,1.nl Ajax,1,0,50,0.6,0,0,0,0,0,0,0,0,998,FW,nl Netherlands,33,1992,0.6,,,,,,,,,,,,,,,0,,,,,,Matches
765,,GAKPO Cody,NED,Netherlands,Liverpool FC,FW,27,193,,,,,,,,,,,,,,,,,,,,,,,,,,,,,,,,FIFA World Cup 2026 roster,Cody Gakpo,moved,FW,nl Netherlands,27,1.eng Liverpool,4,4,368,4.1,3,1,4,3,0,0,0,0,324,FW,nl Netherlands,27,1999,4.1,,,,,,,,,,,,,,,1,,,,,,Matches
768,,REIJNDERS Tijjani,NED,Netherlands,Manchester City FC,MF,27,178,,,,,,,,,,,,,,,,,,,,,,,,,,,,,,,,FIFA World Cup 2026 roster,Tijjani Reijnders,moved,MF,nl Netherlands,27,1.eng Manchester City,3,3,199,2.2,0,1,1,0,0,0,0,0,775,MF,nl Netherlands,27,1998,2.2,,,,,,,,,,,,,,,1,,,,,,Matches
769,,VAN DE VEN Micky,NED,Netherlands,Tottenham Hotspur FC,DF,25,193,,,,,,,,,,,,,,,,,,,,,,,,,,,,,,,,FIFA World Cup 2026 roster,Micky van de Ven,moved,"DF,MF",nl Netherlands,25,1.eng Tottenham,3,3,265,2.9,0,0,0,0,0,0,1,0,979,"DF,MF",nl Netherlands,25,2001,2.9,,,,,,,,,,,,,,,0,,,,,,Matches
770,,TIL Guus,NED,Netherlands,PSV Eindhoven,MF,28,188,,,,,,,,,,,,,,,,,,,,,,,,,,,,,,,,FIFA World Cup 2026 roster,Guus Til,moved,"FW,MF",nl Netherlands,28,1.nl PSV,1,0,32,0.4,0,0,0,0,0,0,0,0,938,"FW,MF",nl Netherlands,28,1997,0.4,,,,,,,,,,,,,,,0,,,,,,Matches
771,,LANG Noa,NED,Netherlands,Galatasaray SK,FW,26,176,,,,,,,,,,,,,,,,,,,,,,,,,,,,,,,,FIFA World Cup 2026 roster,Noa Lang,moved,"FW,MF",nl Netherlands,26,1.tr Galatasaray,2,0,8,0.1,0,0,0,0,0,0,0,0,517,"FW,MF",nl Netherlands,26,1999,0.1,,,,,,,,,,,,,,,0,,,,,,Matches
772,,MALEN Donyell,NED,Netherlands,AS Roma,FW,27,178,,,,,,,,,,,,,,,,,,,,,,,,,,,,,,,,FIFA World Cup 2026 roster,Donyell Malen,moved,FW,nl Netherlands,27,1.it Roma,3,3,185,2.1,0,0,0,0,0,0,0,0,560,FW,nl Netherlands,27,1999,2.1,,,,,,,,,,,,,,,0,,,,,,Matches
773,,BROBBEY Brian,NED,Netherlands,Sunderland AFC,FW,24,181,,,,,,,,,,,,,,,,,,,,,,,,,,,,,,,,FIFA World Cup 2026 roster,Brian Brobbey,moved,FW,nl Netherlands,24,1.eng Sunderland,4,3,223,2.5,3,0,3,3,0,0,0,0,154,FW,nl Netherlands,24,2002,2.5,,,,,,,,,,,,,,,0,,,,,,Matches
774,,KOOPMEINERS Teun,NED,Netherlands,Juventus FC,MF,28,185,,,,,,,,,,,,,,,,,,,,,,,,,,,,,,,,FIFA World Cup 2026 roster,Teun Koopmeiners,moved,"DF,MF",nl Netherlands,28,1.it Juventus,4,0,122,1.4,0,0,0,0,0,0,0,0,501,"DF,MF",nl Netherlands,28,1998,1.4,,,,,,,,,,,,,,,0,,,,,,Matches
775,,DE JONG Frenkie,NED,Netherlands,FC Barcelona,MF,29,181,,,,,,,,,,,,,,,,,,,,,,,,,,,,,,,,FIFA World Cup 2026 roster,Frenkie de Jong,moved,MF,nl Netherlands,29,1.es Barcelona,4,4,328,3.6,0,0,0,0,0,0,0,0,459,MF,nl Netherlands,29,1997,3.6,,,,,,,,,,,,,,,0,,,,,,Matches
776,,DUMFRIES Denzel,NED,Netherlands,FC Internazionale Milano,DF,30,188,,,,,,,,,,,,,,,,,,,,,,,,,,,,,,,,FIFA World Cup 2026 roster,Denzel Dumfries,moved,"DF,MF",nl Netherlands,30,1.it Inter,4,4,390,4.3,0,2,2,0,0,0,0,0,273,"DF,MF",nl Netherlands,30,1996,4.3,,,,,,,,,,,,,,,2,,,,,,Matches
778,,SUMMERVILLE Crysencio,NED,Netherlands,West Ham United FC,FW,24,172,,,,,,,,,,,,,,,,,,,,,,,,,,,,,,,,FIFA World Cup 2026 roster,Crysencio Summerville,moved,FW,nl Netherlands,24,1.eng West Ham,4,2,253,2.8,2,2,4,2,0,0,1,0,904,FW,nl Netherlands,24,2001,2.8,,,,,,,,,,,,,,,2,,,,,,Matches
779,,HATO Jorrel,NED,Netherlands,Chelsea FC,DF,20,182,,,,,,,,,,,,,,,,,,,,,,,,,,,,,,,,FIFA World Cup 2026 roster,Jorrel Hato,moved,DF,nl Netherlands,20,1.eng Chelsea,1,0,35,0.4,0,0,0,0,0,0,0,0,399,DF,nl Netherlands,20,2006,0.4,,,,,,,,,,,,,,,0,,,,,,Matches
780,,TIMBER Quinten,NED,Netherlands,Olympique Marseille,MF,24,176,,,,,,,,,,,,,,,,,,,,,,,,,,,,,,,,FIFA World Cup 2026 roster,Quinten Timber,moved,MF,nl Netherlands,24,1.fr Marseille,2,0,55,0.6,0,0,0,0,0,0,0,0,940,MF,nl Netherlands,24,2001,0.6,,,,,,,,,,,,,,,0,,,,,,Matches
781,,CROCOMBE Max,NZL,New Zealand,Millwall FC,GK,32,190,,,,,,,,,,,,,,,,,,,,,,,,,,,,,,,,FIFA World Cup 2026 roster,Max Crocombe,moved,GK,nz New Zealand,32,2.eng Millwall,3,3,270,3.0,0,0,0,0,0,0,0,0,215,GK,nz New Zealand,32,1993,3.0,,,,,,,,,,,,,,,0,,,,,,Matches
782,,PAYNE Tim,NZL,New Zealand,Wellington Phoenix FC,DF,32,179,,,,,,,,,,,,,,,,,,,,,,,,,,,,,,,,FIFA World Cup 2026 roster,Tim Payne,moved,DF,nz New Zealand,32,1.au Wellington,3,3,224,2.5,0,1,1,0,0,0,0,0,720,DF,nz New Zealand,32,1994,2.5,,,,,,,,,,,,,,,1,,,,,,Matches
783,,DE VRIES Francis,NZL,New Zealand,Auckland FC,DF,31,181,,,,,,,,,,,,,,,,,,,,,,,,,,,,,,,,FIFA World Cup 2026 roster,Francis de Vries,moved,DF,nz New Zealand,31,1.au Auckland FC,2,0,18,0.2,0,0,0,0,0,0,0,0,989,DF,nz New Zealand,31,1994,0.2,,,,,,,,,,,,,,,0,,,,,,Matches
784,,BINDON Tyler,NZL,New Zealand,Sheeld United FC,DF,21,190,,,,,,,,,,,,,,,,,,,,,,,,,,,,,,,,FIFA World Cup 2026 roster,Tyler Bindon,moved,DF,nz New Zealand,21,2.eng Sheffield United,3,1,97,1.1,0,0,0,0,0,0,0,0,137,DF,nz New Zealand,21,2005,1.1,,,,,,,,,,,,,,,0,,,,,,Matches
785,,BOXALL Michael,NZL,New Zealand,Minnesota United FC,DF,37,191,,,,,,,,,,,,,,,,,,,,,,,,,,,,,,,,FIFA World Cup 2026 roster,Michael Boxall,moved,DF,nz New Zealand,37,1.us Minnesota Utd,3,2,207,2.3,0,0,0,0,0,0,0,0,151,DF,nz New Zealand,37,1988,2.3,,,,,,,,,,,,,,,0,,,,,,Matches
786,,BELL Joe,NZL,New Zealand,Viking Stavanger,MF,27,182,,,,,,,,,,,,,,,,,,,,,,,,,,,,,,,,FIFA World Cup 2026 roster,Joe Bell,moved,MF,nz New Zealand,27,1.no Viking,3,3,243,2.7,0,0,0,0,0,0,0,0,121,MF,nz New Zealand,27,1999,2.7,,,,,,,,,,,,,,,0,,,,,,Matches
788,,STAMENIC Marko,NZL,New Zealand,Swansea City AFC,MF,24,188,,,,,,,,,,,,,,,,,,,,,,,,,,,,,,,,FIFA World Cup 2026 roster,Marko Stamenic,moved,MF,nz New Zealand,24,2.eng Swansea City,3,3,269,3.0,0,0,0,0,0,0,1,0,889,MF,nz New Zealand,24,2002,3.0,,,,,,,,,,,,,,,0,,,,,,Matches
789,,WOOD Chris,NZL,New Zealand,Nottingham Forest FC,FW,34,191,,,,,,,,,,,,,,,,,,,,,,,,,,,,,,,,FIFA World Cup 2026 roster,Chris Wood,moved,FW,nz New Zealand,34,1.eng Nottingham,3,3,270,3.0,0,2,2,0,0,0,0,0,1009,FW,nz New Zealand,34,1991,3.0,,,,,,,,,,,,,,,2,,,,,,Matches
790,,SINGH Sarpreet,NZL,New Zealand,Wellington Phoenix FC,MF,27,180,,,,,,,,,,,,,,,,,,,,,,,,,,,,,,,,FIFA World Cup 2026 roster,Sarpreet Singh,moved,MF,nz New Zealand,27,1.au Wellington,3,3,209,2.3,0,0,0,0,0,0,1,0,878,MF,nz New Zealand,27,1999,2.3,,,,,,,,,,,,,,,0,,,,,,Matches
791,,JUST Elijah,NZL,New Zealand,Motherwell FC,MF,26,176,,,,,,,,,,,,,,,,,,,,,,,,,,,,,,,,FIFA World Cup 2026 roster,Elijah Just,moved,MF,nz New Zealand,26,1.sct Motherwell,3,3,264,2.9,3,0,3,3,0,0,1,0,463,MF,nz New Zealand,26,2000,2.9,,,,,,,,,,,,,,,0,,,,,,Matches
793,,CACACE Liberato,NZL,New Zealand,Wrexham AFC,DF,25,182,,,,,,,,,,,,,,,,,,,,,,,,,,,,,,,,FIFA World Cup 2026 roster,Liberato Cacace,moved,DF,nz New Zealand,25,2.eng Wrexham,3,3,220,2.4,0,0,0,0,0,0,0,0,165,DF,nz New Zealand,25,2000,2.4,,,,,,,,,,,,,,,0,,,,,,Matches
796,,SURMAN Finn,NZL,New Zealand,Portland Timbers,DF,22,190,,,,,,,,,,,,,,,,,,,,,,,,,,,,,,,,FIFA World Cup 2026 roster,Finn Surman,moved,DF,nz New Zealand,22,1.us Portland Timbers,3,3,270,3.0,1,0,1,1,0,0,0,0,906,DF,nz New Zealand,22,2003,3.0,,,,,,,,,,,,,,,0,,,,,,Matches
799,,OLD Ben,NZL,New Zealand,AS Saint-Etienne,MF,23,173,,,,,,,,,,,,,,,,,,,,,,,,,,,,,,,,FIFA World Cup 2026 roster,Ben Old,moved,MF,nz New Zealand,23,2.fr Saint-Étienne,3,0,93,1.0,0,0,0,0,0,0,0,0,690,MF,nz New Zealand,23,2002,1.0,,,,,,,,,,,,,,,0,,,,,,Matches
800,,McCOWATT Callum,NZL,New Zealand,Silkeborg IF,MF,27,180,,,,,,,,,,,,,,,,,,,,,,,,,,,,,,,,FIFA World Cup 2026 roster,Callum McCowatt,moved,MF,nz New Zealand,27,1.dk Silkeborg,3,2,159,1.8,0,0,0,0,0,0,1,0,593,MF,nz New Zealand,27,1999,1.8,,,,,,,,,,,,,,,0,,,,,,Matches
801,,RANDALL Jesse,NZL,New Zealand,Auckland FC,FW,23,176,,,,,,,,,,,,,,,,,,,,,,,,,,,,,,,,FIFA World Cup 2026 roster,Jesse Randall,moved,MF,nz New Zealand,23,1.au Auckland FC,3,0,61,0.7,0,0,0,0,0,0,0,0,764,MF,nz New Zealand,23,2002,0.7,,,,,,,,,,,,,,,0,,,,,,Matches
803,,THOMAS Ryan,NZL,New Zealand,PEC Zwolle,MF,31,176,,,,,,,,,,,,,,,,,,,,,,,,,,,,,,,,FIFA World Cup 2026 roster,Ryan Thomas,moved,MF,nz New Zealand,31,1.nl Zwolle,3,1,83,0.9,0,0,0,0,0,0,0,0,931,MF,nz New Zealand,31,1994,0.9,,,,,,,,,,,,,,,0,,,,,,Matches
804,,ELLIOT Callan,NZL,New Zealand,Auckland FC,DF,26,177,,,,,,,,,,,,,,,,,,,,,,,,,,,,,,,,FIFA World Cup 2026 roster,Callan Elliot,moved,DF,nz New Zealand,26,1.au Auckland FC,1,0,13,0.1,0,0,0,0,0,0,0,0,280,DF,nz New Zealand,26,1999,0.1,,,,,,,,,,,,,,,0,,,,,,Matches
808,,THORSBY Morten,NOR,Norway,US Cremonese,MF,30,188,,,,,,,,,,,,,,,,,,,,,,,,,,,,,,,,FIFA World Cup 2026 roster,Morten Thorsby,moved,MF,no Norway,30,1.it Cremonese,1,0,45,0.5,0,0,0,0,0,0,0,0,933,MF,no Norway,30,1996,0.5,,,,,,,,,,,,,,,0,,,,,,Matches
809,,AJER Kristoffer,NOR,Norway,Brentford FC,DF,28,198,,,,,,,,,,,,,,,,,,,,,,,,,,,,,,,,FIFA World Cup 2026 roster,Kristoffer Ajer,moved,DF,no Norway,28,1.eng Brentford,5,5,480,5.3,0,0,0,0,0,0,1,0,31,DF,no Norway,28,1998,5.3,,,,,,,,,,,,,,,0,,,,,,Matches
812,,BERG Patrick,NOR,Norway,FK Bodø/Glimt,MF,28,178,,,,,,,,,,,,,,,,,,,,,,,,,,,,,,,,FIFA World Cup 2026 roster,Patrick Berg,moved,MF,no Norway,28,1.no Bodø/Glimt,6,4,445,4.9,0,2,2,0,0,0,1,0,132,MF,no Norway,28,1997,4.9,,,,,,,,,,,,,,,2,,,,,,Matches
814,,BERGE Sander,NOR,Norway,Fulham FC,MF,28,195,,,,,,,,,,,,,,,,,,,,,,,,,,,,,,,,FIFA World Cup 2026 roster,Sander Berge,moved,MF,no Norway,28,1.eng Fulham,5,5,480,5.3,0,0,0,0,0,0,0,0,133,MF,no Norway,28,1998,5.3,,,,,,,,,,,,,,,0,,,,,,Matches
815,,HAALAND Erling,NOR,Norway,Manchester City FC,FW,25,195,,,,,,,,,,,,,,,,,,,,,,,,,,,,,,,,FIFA World Cup 2026 roster,Erling Haaland,moved,FW,no Norway,25,1.eng Manchester City,5,5,465,5.2,7,0,7,7,0,0,0,0,374,FW,no Norway,25,2000,5.2,,,,,,,,,,,,,,,0,,,,,,Matches
819,,SELVIK Egil,NOR,Norway,Watford FC,GK,28,187,,,,,,,,,,,,,,,,,,,,,,,,,,,,,,,,FIFA World Cup 2026 roster,Egil Selvik,moved,GK,no Norway,28,2.eng Watford,1,1,90,1.0,0,0,0,0,0,0,0,0,849,GK,no Norway,28,1997,1.0,,,,,,,,,,,,,,,0,,,,,,Matches
820,,AURSNES Fredrik,NOR,Norway,SL Benfica,MF,30,181,,,,,,,,,,,,,,,,,,,,,,,,,,,,,,,,FIFA World Cup 2026 roster,Fredrik Aursnes,moved,"MF,DF",no Norway,30,1.pt Benfica,6,3,304,3.4,0,0,0,0,0,0,0,0,89,"MF,DF",no Norway,30,1995,3.4,,,,,,,,,,,,,,,0,,,,,,Matches
824,,THORSTVEDT Kristian,NOR,Norway,US Sassuolo,MF,27,189,,,,,,,,,,,,,,,,,,,,,,,,,,,,,,,,FIFA World Cup 2026 roster,Kristian Thorstvedt,moved,MF,no Norway,27,1.it Sassuolo,2,1,63,0.7,0,0,0,0,0,0,0,0,934,MF,no Norway,27,1999,0.7,,,,,,,,,,,,,,,0,,,,,,Matches
825,,AASGAARD Thelo,NOR,Norway,Rangers FC,MF,24,188,,,,,,,,,,,,,,,,,,,,,,,,,,,,,,,,FIFA World Cup 2026 roster,Thelo Aasgaard,moved,MF,no Norway,24,1.sct Rangers,1,1,90,1.0,1,0,1,1,0,0,0,0,2,MF,no Norway,24,2002,1.0,,,,,,,,,,,,,,,0,,,,,,Matches
826,,NUSA Antonio,NOR,Norway,RB Leipzig,FW,21,183,,,,,,,,,,,,,,,,,,,,,,,,,,,,,,,,FIFA World Cup 2026 roster,Antonio Nusa,moved,FW,no Norway,21,1.de RB Leipzig,6,4,318,3.5,1,0,1,1,0,0,1,0,677,FW,no Norway,21,2005,3.5,,,,,,,,,,,,,,,0,,,,,,Matches
827,,SCHJELDERUP Andreas,NOR,Norway,SL Benfica,MF,22,177,,,,,,,,,,,,,,,,,,,,,,,,,,,,,,,,FIFA World Cup 2026 roster,Andreas Schjelderup,moved,FW,no Norway,22,1.pt Benfica,6,2,252,2.8,1,3,4,1,0,0,0,0,839,FW,no Norway,22,2004,2.8,,,,,,,,,,,,,,,3,,,,,,Matches
828,,BOBB Oscar,NOR,Norway,Fulham FC,MF,22,177,,,,,,,,,,,,,,,,,,,,,,,,,,,,,,,,FIFA World Cup 2026 roster,Oscar Bobb,moved,FW,no Norway,22,1.eng Fulham,6,1,225,2.5,0,0,0,0,0,0,0,0,140,FW,no Norway,22,2003,2.5,,,,,,,,,,,,,,,0,,,,,,Matches
830,,LANGAS Sondre,NOR,Norway,Derby County FC,DF,25,190,,,,,,,,,,,,,,,,,,,,,,,,,,,,,,,,FIFA World Cup 2026 roster,Sondre Langås,moved,DF,no Norway,25,2.eng Derby County,1,0,25,0.3,0,0,0,0,0,0,0,0,518,DF,no Norway,25,2001,0.3,,,,,,,,,,,,,,,0,,,,,,Matches
831,,FALCHENER Henrik,NOR,Norway,Viking Stavanger,DF,23,194,,,,,,,,,,,,,,,,,,,,,,,,,,,,,,,,FIFA World Cup 2026 roster,Henrik Falchener,moved,DF,no Norway,23,1.no Viking,1,1,65,0.7,0,0,0,0,0,0,0,0,297,DF,no Norway,23,2003,0.7,,,,,,,,,,,,,,,0,,,,,,Matches
832,,RYERSON Julian,NOR,Norway,Borussia Dortmund,FW,28,186,,,,,,,,,,,,,,,,,,,,,,,,,,,,,,,,FIFA World Cup 2026 roster,Julian Ryerson,moved,DF,no Norway,28,1.de Dortmund,4,4,223,2.5,0,0,0,0,0,0,0,0,808,DF,no Norway,28,1997,2.5,,,,,,,,,,,,,,,0,,,,,,Matches
834,,BLACKMAN Cesar,PAN,Panama,ŠK Slovan Bratislava,DF,28,174,,,,,,,,,,,,,,,,,,,,,,,,,,,,,,,,FIFA World Cup 2026 roster,César Blackman,moved,"MF,DF",pa Panama,28,1.sk Slovan Bratislava,2,2,178,2.0,0,0,0,0,0,0,1,0,138,"MF,DF",pa Panama,28,1998,2.0,,,,,,,,,,,,,,,0,,,,,,Matches
835,,CORDOBA Jose,PAN,Panama,Norwich City FC,DF,25,189,,,,,,,,,,,,,,,,,,,,,,,,,,,,,,,,FIFA World Cup 2026 roster,José Córdoba,moved,DF,pa Panama,25,2.eng Norwich City,3,3,270,3.0,0,0,0,0,0,0,0,0,207,DF,pa Panama,25,2001,3.0,,,,,,,,,,,,,,,0,,,,,,Matches
836,,ESCOBAR Fidel,PAN,Panama,Deportivo Saprissa,DF,31,184,,,,,,,,,,,,,,,,,,,,,,,,,,,,,,,,FIFA World Cup 2026 roster,Fidel Escobar,moved,DF,pa Panama,31,1.cr Saprissa,1,1,90,1.0,0,0,0,0,0,0,0,0,287,DF,pa Panama,31,1995,1.0,,,,,,,,,,,,,,,0,,,,,,Matches
838,,MARTINEZ Cristian,PAN,Panama,Hapoel Kiryat Shmona FC,MF,29,170,,,,,,,,,,,,,,,,,,,,,,,,,,,,,,,,FIFA World Cup 2026 roster,Cristian Martínez,moved,"MF,FW",pa Panama,29,1.il Kiryat Shmona,3,3,242,2.7,0,0,0,0,0,0,0,0,573,"MF,FW",pa Panama,29,1997,2.7,,,,,,,,,,,,,,,0,,,,,,Matches
841,,RODRIGUEZ Tomas,PAN,Panama,Deportivo Saprissa,FW,27,183,,,,,,,,,,,,,,,,,,,,,,,,,,,,,,,,FIFA World Cup 2026 roster,Tomás Rodríguez,moved,FW,pa Panama,27,1.cr Saprissa,2,1,46,0.5,0,0,0,0,0,0,0,0,796,FW,pa Panama,27,1999,0.5,,,,,,,,,,,,,,,0,,,,,,Matches
842,,DIAZ Ismael,PAN,Panama,Club León,MF,29,184,,,,,,,,,,,,,,,,,,,,,,,,,,,,,,,,FIFA World Cup 2026 roster,Ismael Díaz,moved,"FW,MF",pa Panama,29,1.mx León,2,0,37,0.4,0,0,0,0,0,0,0,0,256,"FW,MF",pa Panama,29,1997,0.4,,,,,,,,,,,,,,,0,,,,,,Matches
845,,RAMOS Jiovany,PAN,Panama,Puerto Cabello CF,DF,29,188,,,,,,,,,,,,,,,,,,,,,,,,,,,,,,,,FIFA World Cup 2026 roster,Jiovany Ramos,moved,DF,pa Panama,29,1.ve Puerto Cabello,2,2,166,1.8,0,0,0,0,0,0,0,0,763,DF,pa Panama,29,1997,1.8,,,,,,,,,,,,,,,0,,,,,,Matches
846,,HARVEY Carlos,PAN,Panama,Minnesota United FC,DF,26,184,,,,,,,,,,,,,,,,,,,,,,,,,,,,,,,,FIFA World Cup 2026 roster,Carlos Harvey,moved,MF,pa Panama,26,1.us Minnesota Utd,3,3,267,3.0,0,0,0,0,0,0,1,0,394,MF,pa Panama,26,2000,3.0,,,,,,,,,,,,,,,0,,,,,,Matches
849,,FAJARDO Jose,PAN,Panama,CD Universidad Católica,FW,32,184,,,,,,,,,,,,,,,,,,,,,,,,,,,,,,,,FIFA World Cup 2026 roster,José Fajardo,moved,FW,pa Panama,32,1.ec Univ Católica,3,1,155,1.7,0,0,0,0,0,0,1,0,295,FW,pa Panama,32,1993,1.7,,,,,,,,,,,,,,,0,,,,,,Matches
850,,WATERMAN Cecilio,PAN,Panama,CD Universidad De Concepción,FW,35,180,,,,,,,,,,,,,,,,,,,,,,,,,,,,,,,,FIFA World Cup 2026 roster,Cecilio Waterman,moved,FW,pa Panama,35,1.cl U Concepción,2,1,76,0.8,0,0,0,0,0,0,0,0,995,FW,pa Panama,35,1991,0.8,,,,,,,,,,,,,,,0,,,,,,Matches
851,,QUINTERO Alberto,PAN,Panama,CD Plaza Amador,MF,38,165,,,,,,,,,,,,,,,,,,,,,,,,,,,,,,,,FIFA World Cup 2026 roster,Alberto Quintero,moved,"FW,MF",pa Panama,38,1.pa Plaza Amador,1,0,3,0.0,0,0,0,0,0,0,0,0,754,"FW,MF",pa Panama,38,1987,0.0,,,,,,,,,,,,,,,0,,,,,,Matches
852,,GODOY Anibal,PAN,Panama,San Diego FC,MF,36,184,,,,,,,,,,,,,,,,,,,,,,,,,,,,,,,,FIFA World Cup 2026 roster,Aníbal Godoy,moved,MF,pa Panama,36,1.us San Diego FC,1,0,1,0.0,0,0,0,0,0,0,0,0,343,MF,pa Panama,36,1990,0.0,,,,,,,,,,,,,,,0,,,,,,Matches
854,,MOSQUERA Orlando,PAN,Panama,Al Fayha FC,GK,31,191,,,,,,,,,,,,,,,,,,,,,,,,,,,,,,,,FIFA World Cup 2026 roster,Orlando Mosquera,moved,GK,pa Panama,31,1.sa Al-Fayha,3,3,270,3.0,0,0,0,0,0,0,0,0,637,GK,pa Panama,31,1994,3.0,,,,,,,,,,,,,,,0,,,,,,Matches
856,,LONDONO Azarias,PAN,Panama,CD Universidad Católica,FW,24,185,,,,,,,,,,,,,,,,,,,,,,,,,,,,,,,,FIFA World Cup 2026 roster,Azarías Londoño,moved,MF,pa Panama,24,1.ec Univ Católica,3,0,56,0.6,0,0,0,0,0,0,0,0,536,MF,pa Panama,24,2001,0.6,,,,,,,,,,,,,,,0,,,,,,Matches
858,,GUTIERREZ Jorge,PAN,Panama,Deportivo La Guaira,DF,27,171,,,,,,,,,,,,,,,,,,,,,,,,,,,,,,,,FIFA World Cup 2026 roster,Jorge Gutiérrez,moved,DF,pa Panama,27,1.ve Dep. La Guaira,1,1,87,1.0,0,0,0,0,0,0,0,0,370,DF,pa Panama,27,1998,1.0,,,,,,,,,,,,,,,0,,,,,,Matches
861,,ALDERETE Omar,PAR,Paraguay,Sunderland AFC,DF,29,190,,,,,,,,,,,,,,,,,,,,,,,,,,,,,,,,FIFA World Cup 2026 roster,Omar Alderete,moved,DF,py Paraguay,29,1.eng Sunderland,4,4,320,3.6,0,0,0,0,0,0,0,0,41,DF,py Paraguay,29,1996,3.6,,,,,,,,,,,,,,,0,,,,,,Matches
863,,BALBUENA Fabian,PAR,Paraguay,Grêmio FBPA,DF,34,188,,,,,,,,,,,,,,,,,,,,,,,,,,,,,,,,FIFA World Cup 2026 roster,Fabián Balbuena,moved,DF,py Paraguay,34,1.br Grêmio,1,0,1,0.0,0,0,0,0,0,0,0,0,102,DF,py Paraguay,34,1991,0.0,,,,,,,,,,,,,,,0,,,,,,Matches
864,,ALONSO Junior,PAR,Paraguay,Atlético Mineiro,DF,33,184,,,,,,,,,,,,,,,,,,,,,,,,,,,,,,,,FIFA World Cup 2026 roster,Júnior Alonso,moved,DF,py Paraguay,33,1.br Atlético Mineiro,5,4,390,4.3,0,0,0,0,0,0,1,0,51,DF,py Paraguay,33,1993,4.3,,,,,,,,,,,,,,,0,,,,,,Matches
865,,SOSA Ramon,PAR,Paraguay,SE Palmeiras,MF,26,178,,,,,,,,,,,,,,,,,,,,,,,,,,,,,,,,FIFA World Cup 2026 roster,Ramón Sosa,moved,"FW,MF",py Paraguay,26,1.br Palmeiras,1,0,12,0.1,0,0,0,0,0,0,0,0,883,"FW,MF",py Paraguay,26,1999,0.1,,,,,,,,,,,,,,,0,,,,,,Matches
866,,GOMEZ Diego,PAR,Paraguay,Brighton & Hove Albion FC,MF,23,183,,,,,,,,,,,,,,,,,,,,,,,,,,,,,,,,FIFA World Cup 2026 roster,Diego Gómez,moved,MF,py Paraguay,23,1.eng Brighton,4,4,304,3.4,0,0,0,0,0,0,2,0,345,MF,py Paraguay,23,2003,3.4,,,,,,,,,,,,,,,0,,,,,,Matches
867,,SANABRIA Antonio,PAR,Paraguay,US Cremonese,FW,30,180,,,,,,,,,,,,,,,,,,,,,,,,,,,,,,,,FIFA World Cup 2026 roster,Antonio Sanabria,moved,FW,py Paraguay,30,1.it Cremonese,2,1,83,0.9,0,0,0,0,0,0,0,0,824,FW,py Paraguay,30,1996,0.9,,,,,,,,,,,,,,,0,,,,,,Matches
868,,ALMIRON Miguel,PAR,Paraguay,Atlanta United FC,MF,32,178,,,,,,,,,,,,,,,,,,,,,,,,,,,,,,,,FIFA World Cup 2026 roster,Miguel Almirón,moved,"MF,FW",py Paraguay,32,1.us Atlanta Utd,4,4,282,3.1,0,0,0,0,0,0,1,1,50,"MF,FW",py Paraguay,32,1994,3.1,,,,,,,,,,,,,,,0,,,,,,Matches
869,,MAURICIO,PAR,Paraguay,SE Palmeiras,MF,24,175,,,,,,,,,,,,,,,,,,,,,,,,,,,,,,,,FIFA World Cup 2026 roster,Mauricio,normal,MF,py Paraguay,25,1.br Palmeiras,4,0,173,1.9,1,0,1,1,0,0,0,0,583,MF,py Paraguay,25,2001,1.9,,,,,,,,,,,,,,,0,,,,,,Matches
870,,GILL Orlando,PAR,Paraguay,CA San Lorenzo,GK,26,190,,,,,,,,,,,,,,,,,,,,,,,,,,,,,,,,FIFA World Cup 2026 roster,Orlando Gill,moved,GK,py Paraguay,26,1.py San Lorenzo,5,5,480,5.3,0,0,0,0,0,0,0,0,341,GK,py Paraguay,26,2000,5.3,,,,,,,,,,,,,,,0,,,,,,Matches
871,,CANALE Jose,PAR,Paraguay,CA Lanús,DF,29,192,,,,,,,,,,,,,,,,,,,,,,,,,,,,,,,,FIFA World Cup 2026 roster,José Canale,moved,DF,py Paraguay,29,1.ar Lanús,4,1,161,1.8,0,0,0,0,0,0,0,0,175,DF,py Paraguay,29,1996,1.8,,,,,,,,,,,,,,,0,,,,,,Matches
872,,CUBAS Andres,PAR,Paraguay,Vancouver Whitecaps FC,MF,30,166,,,,,,,,,,,,,,,,,,,,,,,,,,,,,,,,FIFA World Cup 2026 roster,Andrés Cubas,moved,MF,py Paraguay,30,1.us Vancouver,5,5,480,5.3,0,0,0,0,0,0,1,0,217,MF,py Paraguay,30,1996,5.3,,,,,,,,,,,,,,,0,,,,,,Matches
873,,GOMEZ Gustavo,PAR,Paraguay,SE Palmeiras,DF,33,179,,,,,,,,,,,,,,,,,,,,,,,,,,,,,,,,FIFA World Cup 2026 roster,Gustavo Gómez,moved,DF,py Paraguay,33,1.br Palmeiras,5,5,480,5.3,0,0,0,0,0,0,0,0,346,DF,py Paraguay,33,1993,5.3,,,,,,,,,,,,,,,0,,,,,,Matches
874,,BOBADILLA Damian,PAR,Paraguay,São Paulo FC,MF,24,180,,,,,,,,,,,,,,,,,,,,,,,,,,,,,,,,FIFA World Cup 2026 roster,Damián Bobadilla,moved,MF,py Paraguay,24,1.br São Paulo,4,2,189,2.1,0,0,0,0,0,0,0,0,139,MF,py Paraguay,24,2001,2.1,,,,,,,,,,,,,,,0,,,,,,Matches
876,,ARCE Alex,PAR,Paraguay,CS Independiente Rivadavia,FW,30,188,,,,,,,,,,,,,,,,,,,,,,,,,,,,,,,,FIFA World Cup 2026 roster,Álex Arce,moved,FW,py Paraguay,30,1.ar Ind. Rivadavia,2,0,53,0.6,0,0,0,0,0,0,1,0,78,FW,py Paraguay,30,1995,0.6,,,,,,,,,,,,,,,0,,,,,,Matches
877,,ENCISO Julio,PAR,Paraguay,RC Strasbourg,FW,22,168,,,,,,,,,,,,,,,,,,,,,,,,,,,,,,,,FIFA World Cup 2026 roster,Julio Enciso,moved,FW,py Paraguay,22,1.fr Strasbourg,5,5,386,4.3,1,2,3,1,0,0,0,0,284,FW,py Paraguay,22,2004,4.3,,,,,,,,,,,,,,,2,,,,,,Matches
878,,OJEDA Braian,PAR,Paraguay,Orlando City SC,MF,25,173,,,,,,,,,,,,,,,,,,,,,,,,,,,,,,,,FIFA World Cup 2026 roster,Braian Ojeda,moved,MF,py Paraguay,25,1.us Orlando City,1,0,22,0.2,0,0,0,0,0,0,0,0,686,MF,py Paraguay,25,2000,0.2,,,,,,,,,,,,,,,0,,,,,,Matches
879,,AVALOS Gabriel,PAR,Paraguay,CA Independiente,FW,34,185,,,,,,,,,,,,,,,,,,,,,,,,,,,,,,,,FIFA World Cup 2026 roster,Gabriel Ávalos,moved,FW,py Paraguay,35,1.ar Independiente,4,2,141,1.6,0,0,0,0,0,0,0,0,90,FW,py Paraguay,35,1990,1.6,,,,,,,,,,,,,,,0,,,,,,Matches
881,,GALARZA Matias,PAR,Paraguay,Atlanta United FC,MF,24,175,,,,,,,,,,,,,,,,,,,,,,,,,,,,,,,,FIFA World Cup 2026 roster,Matías Galarza,moved,MF,py Paraguay,24,1.us Atlanta Utd,4,4,388,4.3,1,1,2,1,0,0,2,0,325,MF,py Paraguay,24,2002,4.3,,,,,,,,,,,,,,,1,,,,,,Matches
882,,CABALLERO Gustavo,PAR,Paraguay,Portsmouth FC,MF,24,189,,,,,,,,,,,,,,,,,,,,,,,,,,,,,,,,FIFA World Cup 2026 roster,Gustavo Caballero,moved,"FW,MF",py Paraguay,24,2.eng Portsmouth,2,0,96,1.1,0,0,0,0,0,0,0,0,163,"FW,MF",py Paraguay,24,2001,1.1,,,,,,,,,,,,,,,0,,,,,,Matches
883,,PITTA Isidro,PAR,Paraguay,Red Bull Bragantino,FW,26,185,,,,,,,,,,,,,,,,,,,,,,,,,,,,,,,,FIFA World Cup 2026 roster,Isidro Pitta,moved,FW,py Paraguay,26,1.br RB Bragantino,1,1,45,0.5,0,0,0,0,0,0,0,0,737,FW,py Paraguay,26,1999,0.5,,,,,,,,,,,,,,,0,,,,,,Matches
884,,MAIDANA Alexandro,PAR,Paraguay,CA Talleres,DF,20,173,,,,,,,,,,,,,,,,,,,,,,,,,,,,,,,,FIFA World Cup 2026 roster,Alexandro Maidana,moved,DF,py Paraguay,20,1.ar Talleres–C,2,1,55,0.6,0,0,0,0,0,0,0,0,556,DF,py Paraguay,20,2005,0.6,,,,,,,,,,,,,,,0,,,,,,Matches
885,,DIOGO COSTA,POR,Portugal,FC Porto,GK,26,188,,,,,,,,,,,,,,,,,,,,,,,,,,,,,,,,FIFA World Cup 2026 roster,Diogo Costa,normal,GK,pt Portugal,26,1.pt Porto,5,5,450,5.0,0,0,0,0,0,0,0,0,209,GK,pt Portugal,26,1999,5.0,,,,,,,,,,,,,,,0,,,,,,Matches
886,,NELSON SEMEDO,POR,Portugal,Fenerbahçe SK,DF,32,179,,,,,,,,,,,,,,,,,,,,,,,,,,,,,,,,FIFA World Cup 2026 roster,Nélson Semedo,normal,"DF,MF",pt Portugal,32,1.tr Fenerbahçe,4,0,127,1.4,0,0,0,0,0,0,1,0,851,"DF,MF",pt Portugal,32,1993,1.4,,,,,,,,,,,,,,,0,,,,,,Matches
887,,RUBEN DIAS,POR,Portugal,Manchester City FC,DF,29,187,,,,,,,,,,,,,,,,,,,,,,,,,,,,,,,,FIFA World Cup 2026 roster,Rúben Dias,normal,DF,pt Portugal,29,1.eng Manchester City,4,4,360,4.0,0,0,0,0,0,0,1,0,252,DF,pt Portugal,29,1997,4.0,,,,,,,,,,,,,,,0,,,,,,Matches
888,,TOMAS ARAUJO,POR,Portugal,SL Benfica,DF,24,187,,,,,,,,,,,,,,,,,,,,,,,,,,,,,,,,FIFA World Cup 2026 roster,Tomás Araújo,normal,DF,pt Portugal,24,1.pt Benfica,1,1,90,1.0,0,0,0,0,0,0,1,0,76,DF,pt Portugal,24,2002,1.0,,,,,,,,,,,,,,,0,,,,,,Matches
889,,DIOGO DALOT,POR,Portugal,Manchester United FC,DF,27,184,,,,,,,,,,,,,,,,,,,,,,,,,,,,,,,,FIFA World Cup 2026 roster,Diogo Dalot,normal,"DF,MF",pt Portugal,27,1.eng Manchester Utd,2,0,65,0.7,0,0,0,0,0,0,0,0,223,"DF,MF",pt Portugal,27,1999,0.7,,,,,,,,,,,,,,,0,,,,,,Matches
890,,MATHEUS NUNES,POR,Portugal,Manchester City FC,MF,27,183,,,,,,,,,,,,,,,,,,,,,,,,,,,,,,,,FIFA World Cup 2026 roster,Matheus Nunes,normal,"DF,MF",pt Portugal,27,1.eng Manchester City,1,0,1,0.0,0,0,0,0,0,0,0,0,675,"DF,MF",pt Portugal,27,1998,0.0,,,,,,,,,,,,,,,0,,,,,,Matches
891,,CRISTIANO RONALDO,POR,Portugal,Al Nassr FC,FW,41,185,,,,,,,,,,,,,,,,,,,,,,,,,,,,,,,,FIFA World Cup 2026 roster,Cristiano Ronaldo,normal,FW,pt Portugal,41,1.sa Al-Nassr,5,5,440,4.9,3,0,3,2,1,1,0,0,801,FW,pt Portugal,41,1985,4.9,,,,,,,,,,,,,,,0,,,,,,Matches
892,,BRUNO FERNANDES,POR,Portugal,Manchester United FC,MF,31,183,,,,,,,,,,,,,,,,,,,,,,,,,,,,,,,,FIFA World Cup 2026 roster,Bruno Fernandes,normal,MF,pt Portugal,31,1.eng Manchester Utd,5,5,422,4.7,0,1,1,0,0,0,0,0,307,MF,pt Portugal,31,1994,4.7,,,,,,,,,,,,,,,1,,,,,,Matches
893,,GONCALO RAMOS,POR,Portugal,Paris Saint-Germain,FW,24,185,,,,,,,,,,,,,,,,,,,,,,,,,,,,,,,,FIFA World Cup 2026 roster,Gonçalo Ramos,normal,FW,pt Portugal,24,1.fr PSG,2,0,36,0.4,1,0,1,1,0,0,0,0,762,FW,pt Portugal,24,2001,0.4,,,,,,,,,,,,,,,0,,,,,,Matches
894,,BERNARDO SILVA,POR,Portugal,Manchester City FC,MF,31,173,,,,,,,,,,,,,,,,,,,,,,,,,,,,,,,,FIFA World Cup 2026 roster,Bernardo Silva,normal,MF,pt Portugal,31,1.eng Manchester City,4,1,97,1.1,0,0,0,0,0,0,2,0,873,MF,pt Portugal,31,1994,1.1,,,,,,,,,,,,,,,0,,,,,,Matches
895,,JOAO FELIX,POR,Portugal,Al Nassr FC,FW,26,179,,,,,,,,,,,,,,,,,,,,,,,,,,,,,,,,FIFA World Cup 2026 roster,João Félix,normal,MF,pt Portugal,26,1.sa Al-Nassr,3,3,201,2.2,0,0,0,0,0,0,0,0,305,MF,pt Portugal,26,1999,2.2,,,,,,,,,,,,,,,0,,,,,,Matches
897,,RENATO VEIGA,POR,Portugal,Villarreal CF,DF,22,188,,,,,,,,,,,,,,,,,,,,,,,,,,,,,,,,FIFA World Cup 2026 roster,Renato Veiga,normal,DF,pt Portugal,22,1.es Villarreal,5,5,450,5.0,0,0,0,0,0,0,2,0,976,DF,pt Portugal,22,2003,5.0,,,,,,,,,,,,,,,0,,,,,,Matches
899,,JOAO NEVES,POR,Portugal,Paris Saint-Germain,MF,21,171,,,,,,,,,,,,,,,,,,,,,,,,,,,,,,,,FIFA World Cup 2026 roster,João Neves,normal,MF,pt Portugal,21,1.fr PSG,5,4,390,4.3,1,0,1,1,0,0,0,0,665,MF,pt Portugal,21,2004,4.3,,,,,,,,,,,,,,,0,,,,,,Matches
900,,FRANCISCO TRINCAO,POR,Portugal,Sporting CP,FW,26,184,,,,,,,,,,,,,,,,,,,,,,,,,,,,,,,,FIFA World Cup 2026 roster,Francisco Trincão,normal,"FW,MF",pt Portugal,26,1.pt Sporting CP,1,0,28,0.3,0,0,0,0,0,0,0,0,951,"FW,MF",pt Portugal,26,1999,0.3,,,,,,,,,,,,,,,0,,,,,,Matches
901,,RAFAEL LEAO,POR,Portugal,AC Milan,FW,27,188,,,,,,,,,,,,,,,,,,,,,,,,,,,,,,,,FIFA World Cup 2026 roster,Rafael Leão,normal,MF,pt Portugal,27,1.it Milan,5,1,158,1.8,1,1,2,1,0,0,0,0,524,MF,pt Portugal,27,1999,1.8,,,,,,,,,,,,,,,1,,,,,,Matches
902,,PEDRO NETO,POR,Portugal,Chelsea FC,FW,26,174,,,,,,,,,,,,,,,,,,,,,,,,,,,,,,,,FIFA World Cup 2026 roster,Pedro Neto,normal,MF,pt Portugal,26,1.eng Chelsea,5,5,350,3.9,0,1,1,0,0,0,0,0,663,MF,pt Portugal,26,2000,3.9,,,,,,,,,,,,,,,1,,,,,,Matches
904,,JOAO CANCELO,POR,Portugal,FC Barcelona,DF,32,173,,,,,,,,,,,,,,,,,,,,,,,,,,,,,,,,FIFA World Cup 2026 roster,João Cancelo,normal,DF,pt Portugal,32,1.es Barcelona,5,5,312,3.5,0,1,1,0,0,0,0,0,176,DF,pt Portugal,32,1994,3.5,,,,,,,,,,,,,,,1,,,,,,Matches
905,,RUBEN NEVES,POR,Portugal,Al Hilal SC,MF,29,183,,,,,,,,,,,,,,,,,,,,,,,,,,,,,,,,FIFA World Cup 2026 roster,Rúben Neves,normal,MF,pt Portugal,29,1.sa Al-Hilal,2,1,55,0.6,0,0,0,0,0,0,0,0,666,MF,pt Portugal,29,1997,0.6,,,,,,,,,,,,,,,0,,,,,,Matches
907,,VITINHA,POR,Portugal,Paris Saint-Germain,MF,26,170,,,,,,,,,,,,,,,,,,,,,,,,,,,,,,,,FIFA World Cup 2026 roster,Vitinha,normal,MF,pt Portugal,26,1.fr PSG,5,5,376,4.2,0,0,0,0,0,0,0,0,985,MF,pt Portugal,26,2000,4.2,,,,,,,,,,,,,,,0,,,,,,Matches
908,,SAMU COSTA,POR,Portugal,RCD Mallorca,DF,25,185,,,,,,,,,,,,,,,,,,,,,,,,,,,,,,,,FIFA World Cup 2026 roster,Samu Costa,normal,MF,pt Portugal,25,1.es Mallorca,1,0,21,0.2,0,0,0,0,0,0,0,0,211,MF,pt Portugal,25,2000,0.2,,,,,,,,,,,,,,,0,,,,,,Matches
909,,NUNO MENDES,POR,Portugal,Paris Saint-Germain,DF,23,177,,,,,,,,,,,,,,,,,,,,,,,,,,,,,,,,FIFA World Cup 2026 roster,Nuno Mendes,normal,DF,pt Portugal,23,1.fr PSG,5,5,395,4.4,1,0,1,1,0,0,0,0,608,DF,pt Portugal,23,2002,4.4,,,,,,,,,,,,,,,0,,,,,,Matches
910,,FRANCISCO CONCEICAO,POR,Portugal,Juventus FC,FW,23,166,,,,,,,,,,,,,,,,,,,,,,,,,,,,,,,,FIFA World Cup 2026 roster,Francisco Conceição,normal,MF,pt Portugal,23,1.it Juventus,4,0,126,1.4,0,0,0,0,0,0,0,0,205,MF,pt Portugal,23,2002,1.4,,,,,,,,,,,,,,,0,,,,,,Matches
911,,MAHMOUD ABUNADA,QAT,Qatar,Al Rayyan SC,GK,26,185,,,,,,,,,,,,,,,,,,,,,,,,,,,,,,,,FIFA World Cup 2026 roster,Mahmoud Abunada,normal,GK,qa Qatar,26,1.qa Al Rayyan SC,3,3,270,3.0,0,0,0,0,0,0,1,0,15,GK,qa Qatar,26,2000,3.0,,,,,,,,,,,,,,,0,,,,,,Matches
913,,LUCAS MENDES,QAT,Qatar,Al Wakrah SC,DF,35,179,,,,,,,,,,,,,,,,,,,,,,,,,,,,,,,,FIFA World Cup 2026 roster,Lucas Mendes,normal,DF,qa Qatar,35,1.qa Al-Wakrah,1,0,4,0.0,0,0,0,0,0,0,0,0,607,DF,qa Qatar,35,1990,0.0,,,,,,,,,,,,,,,0,,,,,,Matches
914,,ISSA LAYE,QAT,Qatar,Al Arabi SC,DF,28,178,,,,,,,,,,,,,,,,,,,,,,,,,,,,,,,,FIFA World Cup 2026 roster,Issa Laye,normal,"MF,DF",qa Qatar,28,1.qa Al-Arabi,3,3,270,3.0,0,0,0,0,0,0,0,0,523,"MF,DF",qa Qatar,28,1997,3.0,,,,,,,,,,,,,,,0,,,,,,Matches
915,,JASSEM GABER,QAT,Qatar,Al Rayyan SC,DF,24,181,,,,,,,,,,,,,,,,,,,,,,,,,,,,,,,,FIFA World Cup 2026 roster,Jassem Gaber,normal,MF,qa Qatar,24,1.qa Al Rayyan SC,3,3,149,1.7,0,0,0,0,0,0,1,0,323,MF,qa Qatar,24,2002,1.7,,,,,,,,,,,,,,,0,,,,,,Matches
916,,ABDULAZIZ HATEM,QAT,Qatar,Al Rayyan SC,MF,36,179,,,,,,,,,,,,,,,,,,,,,,,,,,,,,,,,FIFA World Cup 2026 roster,Abdulaziz Hatem,normal,MF,qa Qatar,36,1.qa Al Rayyan SC,1,0,45,0.5,0,0,0,0,0,0,0,0,398,MF,qa Qatar,36,1990,0.5,,,,,,,,,,,,,,,0,,,,,,Matches
917,,AHMED ALAAELDIN,QAT,Qatar,Al Rayyan SC,FW,33,179,,,,,,,,,,,,,,,,,,,,,,,,,,,,,,,,FIFA World Cup 2026 roster,Ahmed Alaaeldin,normal,FW,qa Qatar,33,1.qa Al Rayyan SC,2,0,43,0.5,0,0,0,0,0,0,0,0,37,FW,qa Qatar,33,1993,0.5,,,,,,,,,,,,,,,0,,,,,,Matches
918,,EDMILSON JUNIOR,QAT,Qatar,Al Duhail SC,FW,31,180,,,,,,,,,,,,,,,,,,,,,,,,,,,,,,,,FIFA World Cup 2026 roster,Edmilson Junior,normal,"MF,FW",qa Qatar,31,1.qa Al Duhail SC,3,3,210,2.3,0,1,1,0,0,0,0,0,461,"MF,FW",qa Qatar,31,1994,2.3,,,,,,,,,,,,,,,1,,,,,,Matches
921,,AKRAM AFIF,QAT,Qatar,Al Sadd SC,FW,29,176,,,,,,,,,,,,,,,,,,,,,,,,,,,,,,,,FIFA World Cup 2026 roster,Akram Afif,normal,"FW,MF",qa Qatar,29,1.qa Al Sadd,3,3,238,2.6,0,0,0,0,0,0,0,0,25,"FW,MF",qa Qatar,29,1996,2.6,,,,,,,,,,,,,,,0,,,,,,Matches
922,,KARIM BOUDIAF,QAT,Qatar,Al Duhail SC,MF,35,190,,,,,,,,,,,,,,,,,,,,,,,,,,,,,,,,FIFA World Cup 2026 roster,Karim Boudiaf,normal,MF,qa Qatar,35,1.qa Al Duhail SC,2,1,102,1.1,0,0,0,0,0,0,0,0,147,MF,qa Qatar,35,1990,1.1,,,,,,,,,,,,,,,0,,,,,,Matches
924,,HOMAM AHMED,QAT,Qatar,Cultural Leonesa,DF,26,188,,,,,,,,,,,,,,,,,,,,,,,,,,,,,,,,FIFA World Cup 2026 roster,Homam Ahmed,normal,DF,qa Qatar,26,2.es Cultural Leonesa,2,2,122,1.4,0,1,1,0,0,0,0,1,29,DF,qa Qatar,26,1999,1.4,,,,,,,,,,,,,,,1,,,,,,Matches
925,,YUSUF ABDURISAG,QAT,Qatar,Al Wakrah SC,FW,26,171,,,,,,,,,,,,,,,,,,,,,,,,,,,,,,,,FIFA World Cup 2026 roster,Yusuf Abdurisag,normal,FW,qa Qatar,26,1.qa Al-Wakrah,2,2,98,1.1,0,0,0,0,0,0,0,0,9,FW,qa Qatar,26,1999,1.1,,,,,,,,,,,,,,,0,,,,,,Matches
926,,BOUALEM KHOUKHI,QAT,Qatar,Al Sadd SC,DF,35,185,,,,,,,,,,,,,,,,,,,,,,,,,,,,,,,,FIFA World Cup 2026 roster,Boualem Khoukhi,normal,DF,qa Qatar,35,1.qa Al Sadd,3,3,270,3.0,1,0,1,1,0,0,0,0,489,DF,qa Qatar,35,1990,3.0,,,,,,,,,,,,,,,0,,,,,,Matches
929,,ALMOEZ ALI,QAT,Qatar,Al Duhail SC,FW,29,180,,,,,,,,,,,,,,,,,,,,,,,,,,,,,,,,FIFA World Cup 2026 roster,Almoez Ali,normal,FW,qa Qatar,29,1.qa Al Duhail SC,1,0,19,0.2,0,0,0,0,0,0,0,0,42,FW,qa Qatar,29,1996,0.2,,,,,,,,,,,,,,,0,,,,,,Matches
930,,AHMED FATHY,QAT,Qatar,Al Arabi SC,MF,33,171,,,,,,,,,,,,,,,,,,,,,,,,,,,,,,,,FIFA World Cup 2026 roster,Ahmed Fathy,normal,MF,qa Qatar,33,1.qa Al-Arabi,3,1,150,1.7,0,0,0,0,0,0,2,0,301,MF,qa Qatar,33,1993,1.7,,,,,,,,,,,,,,,0,,,,,,Matches
933,,ASSIM MADIBO,QAT,Qatar,Al Wakrah SC,MF,29,168,,,,,,,,,,,,,,,,,,,,,,,,,,,,,,,,FIFA World Cup 2026 roster,Assim Madibo,normal,MF,qa Qatar,29,1.qa Al-Wakrah,2,2,131,1.5,0,0,0,0,0,0,0,1,549,MF,qa Qatar,29,1996,1.5,,,,,,,,,,,,,,,0,,,,,,Matches
936,,MOHAMED MANAI,QAT,Qatar,Al Shamal SC,FW,23,180,,,,,,,,,,,,,,,,,,,,,,,,,,,,,,,,FIFA World Cup 2026 roster,Mohamed Manai,normal,DF,qa Qatar,23,1.qa Al-Shamal Sports Club,3,0,69,0.8,0,0,0,0,0,0,0,0,562,DF,qa Qatar,23,2002,0.8,,,,,,,,,,,,,,,0,,,,,,Matches
939,,ALI LAJAMI,KSA,Saudi Arabia,Al Hilal SC,DF,30,177,,,,,,,,,,,,,,,,,,,,,,,,,,,,,,,,FIFA World Cup 2026 roster,Ali Lajami,normal,DF,sa Saudi Arabia,30,1.sa Al-Hilal,3,1,149,1.7,0,0,0,0,0,0,0,0,515,DF,sa Saudi Arabia,30,1996,1.7,,,,,,,,,,,,,,,0,,,,,,Matches
948,,SAUD ABDULHAMID,KSA,Saudi Arabia,RC Lens,DF,26,172,,,,,,,,,,,,,,,,,,,,,,,,,,,,,,,,FIFA World Cup 2026 roster,Saud Abdulhamid,normal,DF,sa Saudi Arabia,26,1.fr Lens,3,3,269,3.0,0,0,0,0,0,0,1,0,7,DF,sa Saudi Arabia,26,1999,3.0,,,,,,,,,,,,,,,0,,,,,,Matches
959,,MOHAMED KANNO,KSA,Saudi Arabia,Al Hilal SC,MF,31,191,,,,,,,,,,,,,,,,,,,,,,,,,,,,,,,,FIFA World Cup 2026 roster,Mohamed Kanno,normal,MF,sa Saudi Arabia,31,1.sa Al-Hilal,3,2,225,2.5,0,0,0,0,0,0,1,0,475,MF,sa Saudi Arabia,31,1994,2.5,,,,,,,,,,,,,,,0,,,,,,Matches
963,,GUNN Angus,SCO,Scotland,Nottingham Forest FC,GK,30,196,,,,,,,,,,,,,,,,,,,,,,,,,,,,,,,,FIFA World Cup 2026 roster,Angus Gunn,moved,GK,sct Scotland,30,1.eng Nottingham,3,3,270,3.0,0,0,0,0,0,0,0,0,367,GK,sct Scotland,30,1996,3.0,,,,,,,,,,,,,,,0,,,,,,Matches
964,,HICKEY Aaron,SCO,Scotland,Brentford FC,DF,24,185,,,,,,,,,,,,,,,,,,,,,,,,,,,,,,,,FIFA World Cup 2026 roster,Aaron Hickey,moved,DF,sct Scotland,24,1.eng Brentford,1,1,74,0.8,0,0,0,0,0,0,1,0,413,DF,sct Scotland,24,2002,0.8,,,,,,,,,,,,,,,0,,,,,,Matches
965,,ROBERTSON Andy,SCO,Scotland,Liverpool FC,DF,32,178,,,,,,,,,,,,,,,,,,,,,,,,,,,,,,,,FIFA World Cup 2026 roster,Andy Robertson,moved,DF,sct Scotland,32,1.eng Liverpool,3,3,225,2.5,0,0,0,0,0,0,1,0,786,DF,sct Scotland,32,1994,2.5,,,,,,,,,,,,,,,0,,,,,,Matches
966,,McTOMINAY Scott,SCO,Scotland,SSC Napoli,MF,29,193,,,,,,,,,,,,,,,,,,,,,,,,,,,,,,,,FIFA World Cup 2026 roster,Scott McTominay,moved,MF,sct Scotland,29,1.it Napoli,3,3,270,3.0,0,0,0,0,0,0,0,0,599,MF,sct Scotland,29,1996,3.0,,,,,,,,,,,,,,,0,,,,,,Matches
967,,HANLEY Grant,SCO,Scotland,Hibernian FC,DF,34,188,,,,,,,,,,,,,,,,,,,,,,,,,,,,,,,,FIFA World Cup 2026 roster,Grant Hanley,moved,DF,sct Scotland,34,1.sct Hibernian,2,2,180,2.0,0,0,0,0,0,0,0,0,389,DF,sct Scotland,34,1991,2.0,,,,,,,,,,,,,,,0,,,,,,Matches
968,,TIERNEY Kieran,SCO,Scotland,Celtic FC,DF,29,180,,,,,,,,,,,,,,,,,,,,,,,,,,,,,,,,FIFA World Cup 2026 roster,Kieran Tierney,moved,MF,sct Scotland,29,1.sct Celtic,2,1,104,1.2,0,0,0,0,0,0,0,0,937,MF,sct Scotland,29,1997,1.2,,,,,,,,,,,,,,,0,,,,,,Matches
969,,McGINN John,SCO,Scotland,Aston Villa FC,MF,31,178,,,,,,,,,,,,,,,,,,,,,,,,,,,,,,,,FIFA World Cup 2026 roster,John McGinn,moved,MF,sct Scotland,31,1.eng Aston Villa,3,3,259,2.9,1,0,1,1,0,0,0,0,594,MF,sct Scotland,31,1994,2.9,,,,,,,,,,,,,,,0,,,,,,Matches
971,,DYKES Lyndon,SCO,Scotland,Charlton Athletic FC,FW,30,188,,,,,,,,,,,,,,,,,,,,,,,,,,,,,,,,FIFA World Cup 2026 roster,Lyndon Dykes,moved,"FW,MF",sct Scotland,30,2.eng Charlton Athletic,2,0,36,0.4,0,0,0,0,0,0,0,0,275,"FW,MF",sct Scotland,30,1995,0.4,,,,,,,,,,,,,,,0,,,,,,Matches
972,,ADAMS Che,SCO,Scotland,Torino FC,FW,29,175,,,,,,,,,,,,,,,,,,,,,,,,,,,,,,,,FIFA World Cup 2026 roster,Ché Adams,moved,FW,sct Scotland,29,1.it Torino,3,2,145,1.6,0,0,0,0,0,0,0,0,17,FW,sct Scotland,29,1996,1.6,,,,,,,,,,,,,,,0,,,,,,Matches
973,,CHRISTIE Ryan,SCO,Scotland,AFC Bournemouth,MF,31,178,,,,,,,,,,,,,,,,,,,,,,,,,,,,,,,,FIFA World Cup 2026 roster,Ryan Christie,moved,MF,sct Scotland,31,1.eng Bournemouth,3,1,95,1.1,0,0,0,0,0,0,1,0,197,MF,sct Scotland,31,1995,1.1,,,,,,,,,,,,,,,0,,,,,,Matches
975,,HENDRY Jack,SCO,Scotland,Al Ettifaq FC,DF,31,192,,,,,,,,,,,,,,,,,,,,,,,,,,,,,,,,FIFA World Cup 2026 roster,Jack Hendry,moved,DF,sct Scotland,31,1.sa Al-Ettifaq,3,3,270,3.0,0,0,0,0,0,0,0,0,408,DF,sct Scotland,31,1995,3.0,,,,,,,,,,,,,,,0,,,,,,Matches
976,,STEWART Ross,SCO,Scotland,Southampton FC,FW,29,188,,,,,,,,,,,,,,,,,,,,,,,,,,,,,,,,FIFA World Cup 2026 roster,Ross Stewart,moved,FW,sct Scotland,29,2.eng Southampton,1,0,2,0.0,0,0,0,0,0,0,0,0,892,FW,sct Scotland,29,1996,0.0,,,,,,,,,,,,,,,0,,,,,,Matches
979,,GANNON-DOAK Ben,SCO,Scotland,AFC Bournemouth,FW,20,173,,,,,,,,,,,,,,,,,,,,,,,,,,,,,,,,FIFA World Cup 2026 roster,Ben Gannon-Doak,moved,MF,sct Scotland,20,1.eng Bournemouth,3,2,186,2.1,0,0,0,0,0,0,0,0,329,MF,sct Scotland,20,2005,2.1,,,,,,,,,,,,,,,0,,,,,,Matches
981,,FERGUSON Lewis,SCO,Scotland,Bologna FC,MF,26,181,,,,,,,,,,,,,,,,,,,,,,,,,,,,,,,,FIFA World Cup 2026 roster,Lewis Ferguson,moved,MF,sct Scotland,26,1.it Bologna,3,3,270,3.0,0,0,0,0,0,0,0,0,306,MF,sct Scotland,26,1999,3.0,,,,,,,,,,,,,,,0,,,,,,Matches
982,,SHANKLAND Lawrence,SCO,Scotland,Heart Of Midlothian FC,FW,30,185,,,,,,,,,,,,,,,,,,,,,,,,,,,,,,,,FIFA World Cup 2026 roster,Lawrence Shankland,moved,FW,sct Scotland,30,1.sct Hearts,2,2,171,1.9,0,0,0,0,0,0,0,0,863,FW,sct Scotland,30,1995,1.9,,,,,,,,,,,,,,,0,,,,,,Matches
984,,PATTERSON Nathan,SCO,Scotland,Everton FC,DF,24,183,,,,,,,,,,,,,,,,,,,,,,,,,,,,,,,,FIFA World Cup 2026 roster,Nathan Patterson,moved,DF,sct Scotland,24,1.eng Everton,3,2,185,2.1,0,0,0,0,0,0,0,0,717,DF,sct Scotland,24,2001,2.1,,,,,,,,,,,,,,,0,,,,,,Matches
985,,McLEAN Kenny,SCO,Scotland,Norwich City FC,MF,34,183,,,,,,,,,,,,,,,,,,,,,,,,,,,,,,,,FIFA World Cup 2026 roster,Kenny McLean,moved,MF,sct Scotland,34,2.eng Norwich City,3,1,118,1.3,0,0,0,0,0,0,1,0,598,MF,sct Scotland,34,1992,1.3,,,,,,,,,,,,,,,0,,,,,,Matches
986,,RALSTON Anthony,SCO,Scotland,Celtic FC,DF,27,178,,,,,,,,,,,,,,,,,,,,,,,,,,,,,,,,FIFA World Cup 2026 roster,Anthony Ralston,moved,DF,sct Scotland,27,1.sct Celtic,2,0,11,0.1,0,0,0,0,0,0,0,0,761,DF,sct Scotland,27,1998,0.1,,,,,,,,,,,,,,,0,,,,,,Matches
987,,CURTIS Findlay,SCO,Scotland,Kilmarnock FC,FW,20,180,,,,,,,,,,,,,,,,,,,,,,,,,,,,,,,,FIFA World Cup 2026 roster,Findlay Curtis,moved,MF,sct Scotland,19,1.sct Kilmarnock,2,0,9,0.1,0,0,0,0,0,0,1,0,221,MF,sct Scotland,19,2006,0.1,,,,,,,,,,,,,,,0,,,,,,Matches
988,,McKENNA Scott,SCO,Scotland,GNK Dinamo Zagreb,DF,29,189,,,,,,,,,,,,,,,,,,,,,,,,,,,,,,,,FIFA World Cup 2026 roster,Scott McKenna,moved,DF,sct Scotland,29,1.hr Dinamo Zagreb,1,1,90,1.0,0,0,0,0,0,0,0,0,595,DF,sct Scotland,29,1996,1.0,,,,,,,,,,,,,,,0,,,,,,Matches
991,,KOULIBALY Kalidou,SEN,Senegal,Al Hilal SC,DF,34,186,,,,,,,,,,,,,,,,,,,,,,,,,,,,,,,,FIFA World Cup 2026 roster,Kalidou Koulibaly,moved,DF,sn Senegal,34,1.sa Al-Hilal,2,2,161,1.8,0,0,0,0,0,0,0,0,503,DF,sn Senegal,34,1991,1.8,,,,,,,,,,,,,,,0,,,,,,Matches
992,,SECK Abdoulaye,SEN,Senegal,Maccabi Haifa FC,DF,34,192,,,,,,,,,,,,,,,,,,,,,,,,,,,,,,,,FIFA World Cup 2026 roster,Abdoulaye Seck,moved,DF,sn Senegal,34,1.il Maccabi Haifa,1,1,57,0.6,0,1,1,0,0,0,1,0,845,DF,sn Senegal,34,1992,0.6,,,,,,,,,,,,,,,1,,,,,,Matches
994,,CISS Pathe,SEN,Senegal,Rayo Vallecano,MF,32,186,,,,,,,,,,,,,,,,,,,,,,,,,,,,,,,,FIFA World Cup 2026 roster,Pathé Ciss,moved,DF,sn Senegal,32,1.es Rayo Vallecano,4,1,184,2.0,0,0,0,0,0,0,0,0,202,DF,sn Senegal,32,1994,2.0,,,,,,,,,,,,,,,0,,,,,,Matches
995,,DIAO Assane,SEN,Senegal,Como,FW,20,185,,,,,,,,,,,,,,,,,,,,,,,,,,,,,,,,FIFA World Cup 2026 roster,Assane Diao,moved,MF,sn Senegal,20,1.it Como,1,0,10,0.1,0,0,0,0,0,0,0,0,250,MF,sn Senegal,20,2005,0.1,,,,,,,,,,,,,,,0,,,,,,Matches
996,,CAMARA Lamine,SEN,Senegal,AS Monaco,MF,22,174,,,,,,,,,,,,,,,,,,,,,,,,,,,,,,,,FIFA World Cup 2026 roster,Lamine Camara,moved,MF,sn Senegal,22,1.fr Monaco,4,3,248,2.8,0,1,1,0,0,0,1,0,172,MF,sn Senegal,22,2004,2.8,,,,,,,,,,,,,,,1,,,,,,Matches
997,,DIENG Bamba,SEN,Senegal,FC Lorient,FW,26,178,,,,,,,,,,,,,,,,,,,,,,,,,,,,,,,,FIFA World Cup 2026 roster,Bamba Dieng,moved,FW,sn Senegal,26,1.fr Lorient,1,0,8,0.1,0,0,0,0,0,0,0,0,258,FW,sn Senegal,26,2000,0.1,,,,,,,,,,,,,,,0,,,,,,Matches
998,,MANE Sadio,SEN,Senegal,Al Nassr FC,FW,34,175,,,,,,,,,,,,,,,,,,,,,,,,,,,,,,,,FIFA World Cup 2026 roster,Sadio Mané,moved,"MF,FW",sn Senegal,34,1.sa Al-Nassr,4,4,362,4.0,0,1,1,0,0,0,0,0,564,"MF,FW",sn Senegal,34,1992,4.0,,,,,,,,,,,,,,,1,,,,,,Matches
999,,JACKSON Nicolas,SEN,Senegal,FC Bayern München,FW,24,187,,,,,,,,,,,,,,,,,,,,,,,,,,,,,,,,FIFA World Cup 2026 roster,Nicolas Jackson,moved,FW,sn Senegal,24,1.de Bayern Munich,4,2,234,2.6,0,1,1,0,0,0,0,0,443,FW,sn Senegal,24,2001,2.6,,,,,,,,,,,,,,,1,,,,,,Matches
1001,,NDIAYE Iliman,SEN,Senegal,Everton FC,FW,26,180,,,,,,,,,,,,,,,,,,,,,,,,,,,,,,,,FIFA World Cup 2026 roster,Iliman Ndiaye,moved,FW,sn Senegal,26,1.eng Everton,3,1,114,1.3,1,2,3,1,0,0,0,0,658,FW,sn Senegal,26,2000,1.3,,,,,,,,,,,,,,,2,,,,,,Matches
1002,,JAKOBS Ismail,SEN,Senegal,Galatasaray SK,DF,26,184,,,,,,,,,,,,,,,,,,,,,,,,,,,,,,,,FIFA World Cup 2026 roster,Ismail Jakobs,moved,DF,sn Senegal,26,1.tr Galatasaray,3,2,219,2.4,0,0,0,0,0,0,0,0,446,DF,sn Senegal,26,1999,2.4,,,,,,,,,,,,,,,0,,,,,,Matches
1003,,DIATTA Krepin,SEN,Senegal,AS Monaco,DF,27,173,,,,,,,,,,,,,,,,,,,,,,,,,,,,,,,,FIFA World Cup 2026 roster,Krépin Diatta,moved,DF,sn Senegal,27,1.fr Monaco,4,4,390,4.3,0,0,0,0,0,0,0,0,253,DF,sn Senegal,27,1999,4.3,,,,,,,,,,,,,,,0,,,,,,Matches
1004,,MENDY Edouard,SEN,Senegal,Al Ahli FC,GK,34,194,,,,,,,,,,,,,,,,,,,,,,,,,,,,,,,,FIFA World Cup 2026 roster,Édouard Mendy,moved,GK,sn Senegal,34,1.sa Al-Ahli,2,2,152,1.7,0,0,0,0,0,0,0,0,610,GK,sn Senegal,34,1992,1.7,,,,,,,,,,,,,,,0,,,,,,Matches
1006,,SARR Ismaila,SEN,Senegal,Crystal Palace FC,FW,28,185,,,,,,,,,,,,,,,,,,,,,,,,,,,,,,,,FIFA World Cup 2026 roster,Ismaila Sarr,moved,"MF,FW",sn Senegal,28,1.eng Crystal Palace,4,4,364,4.0,4,1,5,4,0,0,0,0,834,"MF,FW",sn Senegal,28,1998,4.0,,,,,,,,,,,,,,,1,,,,,,Matches
1007,,NIAKHATE Moussa,SEN,Senegal,Olympique Lyonnais,DF,30,190,,,,,,,,,,,,,,,,,,,,,,,,,,,,,,,,FIFA World Cup 2026 roster,Moussa Niakhaté,moved,DF,sn Senegal,30,1.fr Lyon,4,4,390,4.3,0,1,1,0,0,0,0,0,669,DF,sn Senegal,30,1996,4.3,,,,,,,,,,,,,,,1,,,,,,Matches
1008,,MBAYE Ibrahim,SEN,Senegal,Paris Saint-Germain,FW,18,175,,,,,,,,,,,,,,,,,,,,,,,,,,,,,,,,FIFA World Cup 2026 roster,Ibrahim Mbaye,moved,MF,sn Senegal,18,1.fr PSG,4,1,157,1.7,1,0,1,1,0,0,0,0,589,MF,sn Senegal,18,2008,1.7,,,,,,,,,,,,,,,0,,,,,,Matches
1009,,DIARRA Habib,SEN,Senegal,Sunderland AFC,MF,22,178,,,,,,,,,,,,,,,,,,,,,,,,,,,,,,,,FIFA World Cup 2026 roster,Habib Diarra,moved,MF,sn Senegal,22,1.eng Sunderland,3,2,143,1.6,2,0,2,2,0,0,0,0,251,MF,sn Senegal,22,2004,1.6,,,,,,,,,,,,,,,0,,,,,,Matches
1011,,DIAW Mory,SEN,Senegal,Le Havre AC,GK,32,197,,,,,,,,,,,,,,,,,,,,,,,,,,,,,,,,FIFA World Cup 2026 roster,Mory Diaw,moved,GK,sn Senegal,32,1.fr Le Havre,3,2,238,2.6,0,0,0,0,0,0,0,0,254,GK,sn Senegal,32,1993,2.6,,,,,,,,,,,,,,,0,,,,,,Matches
1014,,GUEYE Pape,SEN,Senegal,Villarreal CF,MF,27,189,,,,,,,,,,,,,,,,,,,,,,,,,,,,,,,,FIFA World Cup 2026 roster,Pape Gueye,moved,MF,sn Senegal,27,1.es Villarreal,4,3,234,2.6,2,1,3,2,0,0,1,0,363,MF,sn Senegal,27,1999,2.6,,,,,,,,,,,,,,,1,,,,,,Matches
1015,,WILLIAMS Ronwen,RSA,South Africa,Mamelodi Sundowns FC,GK,34,184,,,,,,,,,,,,,,,,,,,,,,,,,,,,,,,,FIFA World Cup 2026 roster,Ronwen Williams,moved,GK,za South Africa,34,1.za Sundowns,4,4,360,4.0,0,0,0,0,0,0,0,0,1003,GK,za South Africa,34,1992,4.0,,,,,,,,,,,,,,,0,,,,,,Matches
1018,,MOKOENA Teboho,RSA,South Africa,Mamelodi Sundowns FC,MF,29,177,,,,,,,,,,,,,,,,,,,,,,,,,,,,,,,,FIFA World Cup 2026 roster,Teboho Mokoena,moved,MF,za South Africa,29,1.za Sundowns,3,3,270,3.0,1,0,1,0,1,1,2,0,627,MF,za South Africa,29,1997,3.0,,,,,,,,,,,,,,,0,,,,,,Matches
1019,,MBATHA Thalente,RSA,South Africa,Orlando Pirates FC,MF,26,179,,,,,,,,,,,,,,,,,,,,,,,,,,,,,,,,FIFA World Cup 2026 roster,Thalente Mbatha,moved,MF,za South Africa,26,1.za Orlando Pirates,4,2,260,2.9,0,0,0,0,0,0,1,0,588,MF,za South Africa,26,2000,2.9,,,,,,,,,,,,,,,0,,,,,,Matches
1020,,MODIBA Aubrey,RSA,South Africa,Mamelodi Sundowns FC,DF,30,171,,,,,,,,,,,,,,,,,,,,,,,,,,,,,,,,FIFA World Cup 2026 roster,Aubrey Modiba,moved,DF,za South Africa,30,1.za Sundowns,4,4,346,3.8,0,0,0,0,0,0,1,0,620,DF,za South Africa,30,1995,3.8,,,,,,,,,,,,,,,0,,,,,,Matches
1021,,APPOLLIS Oswin,RSA,South Africa,Orlando Pirates FC,FW,24,171,,,,,,,,,,,,,,,,,,,,,,,,,,,,,,,,FIFA World Cup 2026 roster,Oswin Appollis,moved,"MF,FW",za South Africa,24,1.za Orlando Pirates,4,3,255,2.8,0,0,0,0,0,0,0,0,73,"MF,FW",za South Africa,24,2001,2.8,,,,,,,,,,,,,,,0,,,,,,Matches
1022,,MOREMI Tshepang,RSA,South Africa,Orlando Pirates FC,FW,25,169,,,,,,,,,,,,,,,,,,,,,,,,,,,,,,,,FIFA World Cup 2026 roster,Tshepang Moremi,moved,MF,za South Africa,25,1.za Orlando Pirates,2,0,34,0.4,0,1,1,0,0,0,0,0,636,MF,za South Africa,25,2000,0.4,,,,,,,,,,,,,,,1,,,,,,Matches
1023,,FOSTER Lyle,RSA,South Africa,Burnley FC,FW,25,185,,,,,,,,,,,,,,,,,,,,,,,,,,,,,,,,FIFA World Cup 2026 roster,Lyle Foster,moved,FW,za South Africa,25,1.eng Burnley,1,1,55,0.6,0,0,0,0,0,0,0,0,316,FW,za South Africa,25,2000,0.6,,,,,,,,,,,,,,,0,,,,,,Matches
1024,,MOFOKENG Relebohile,RSA,South Africa,Orlando Pirates FC,FW,21,168,,,,,,,,,,,,,,,,,,,,,,,,,,,,,,,,FIFA World Cup 2026 roster,Relebohile Mofokeng,moved,MF,za South Africa,21,1.za Orlando Pirates,3,2,169,1.9,0,0,0,0,0,0,0,0,622,MF,za South Africa,21,2004,1.9,,,,,,,,,,,,,,,0,,,,,,Matches
1025,,ZWANE Themba,RSA,South Africa,Mamelodi Sundowns FC,MF,36,178,,,,,,,,,,,,,,,,,,,,,,,,,,,,,,,,FIFA World Cup 2026 roster,Themba Zwane,moved,"FW,MF",za South Africa,36,1.za Sundowns,1,0,23,0.3,0,0,0,0,0,0,0,1,1037,"FW,MF",za South Africa,36,1989,0.3,,,,,,,,,,,,,,,0,,,,,,Matches
1026,,MASEKO Thapelo,RSA,South Africa,AEL Limassol,FW,22,178,,,,,,,,,,,,,,,,,,,,,,,,,,,,,,,,FIFA World Cup 2026 roster,Thapelo Maseko,moved,"MF,FW",za South Africa,22,1.cy AEL Limassol,3,3,242,2.7,1,0,1,1,0,0,0,0,577,"MF,FW",za South Africa,22,2003,2.7,,,,,,,,,,,,,,,0,,,,,,Matches
1027,,SITHOLE Sphephelo,RSA,South Africa,CD Tondela,MF,27,197,,,,,,,,,,,,,,,,,,,,,,,,,,,,,,,,FIFA World Cup 2026 roster,Sphephelo Sithole,moved,MF,za South Africa,27,1.pt Tondela,3,3,229,2.5,0,0,0,0,0,0,0,1,880,MF,za South Africa,27,1999,2.5,,,,,,,,,,,,,,,0,,,,,,Matches
1028,,MBOKAZI Mbekezeli,RSA,South Africa,Chicago Fire FC,DF,20,177,,,,,,,,,,,,,,,,,,,,,,,,,,,,,,,,FIFA World Cup 2026 roster,Mbekezeli Mbokazi,moved,DF,za South Africa,20,1.us Chicago Fire,4,4,360,4.0,0,0,0,0,0,0,0,0,591,DF,za South Africa,20,2005,4.0,,,,,,,,,,,,,,,0,,,,,,Matches
1029,,RAYNERS Iqraam,RSA,South Africa,Mamelodi Sundowns FC,FW,30,174,,,,,,,,,,,,,,,,,,,,,,,,,,,,,,,,FIFA World Cup 2026 roster,Iqraam Rayners,moved,FW,za South Africa,30,1.za Sundowns,4,2,161,1.8,0,0,0,0,0,0,0,0,773,FW,za South Africa,30,1995,1.8,,,,,,,,,,,,,,,0,,,,,,Matches
1031,,MAKGOPA Evidence,RSA,South Africa,Orlando Pirates FC,FW,26,183,,,,,,,,,,,,,,,,,,,,,,,,,,,,,,,,FIFA World Cup 2026 roster,Evidence Makgopa,moved,FW,za South Africa,26,1.za Orlando Pirates,4,2,215,2.4,0,0,0,0,0,0,0,0,558,FW,za South Africa,26,2000,2.4,,,,,,,,,,,,,,,0,,,,,,Matches
1033,,SIBISI Nkosinathi,RSA,South Africa,Orlando Pirates FC,DF,30,172,,,,,,,,,,,,,,,,,,,,,,,,,,,,,,,,FIFA World Cup 2026 roster,Nkosinathi Sibisi,moved,DF,za South Africa,30,1.za Orlando Pirates,1,1,90,1.0,0,0,0,0,0,0,1,0,870,DF,za South Africa,30,1995,1.0,,,,,,,,,,,,,,,0,,,,,,Matches
1034,,MUDAU Khuliso,RSA,South Africa,Mamelodi Sundowns FC,DF,31,179,,,,,,,,,,,,,,,,,,,,,,,,,,,,,,,,FIFA World Cup 2026 roster,Khuliso Mudau,moved,DF,za South Africa,31,1.za Sundowns,4,4,360,4.0,0,0,0,0,0,0,0,0,642,DF,za South Africa,31,1995,4.0,,,,,,,,,,,,,,,0,,,,,,Matches
1035,,OKON Ime,RSA,South Africa,Hannover 96,DF,22,187,,,,,,,,,,,,,,,,,,,,,,,,,,,,,,,,FIFA World Cup 2026 roster,Ime Okon,moved,DF,za South Africa,22,2.de Hannover 96,4,4,360,4.0,0,0,0,0,0,0,0,0,688,DF,za South Africa,22,2004,4.0,,,,,,,,,,,,,,,0,,,,,,Matches
1037,,ADAMS Jayden,RSA,South Africa,Mamelodi Sundowns FC,MF,25,177,,,,,,,,,,,,,,,,,,,,,,,,,,,,,,,,FIFA World Cup 2026 roster,Jayden Adams,moved,MF,za South Africa,25,1.za Sundowns,3,2,116,1.3,0,0,0,0,0,0,0,0,18,MF,za South Africa,25,2001,1.3,,,,,,,,,,,,,,,0,,,,,,Matches
1039,,SEBELEBELE Kamogelo,RSA,South Africa,Orlando Pirates FC,FW,23,166,,,,,,,,,,,,,,,,,,,,,,,,,,,,,,,,FIFA World Cup 2026 roster,Kamogelo Sebelebele,moved,"DF,MF",za South Africa,23,1.za Orlando Pirates,1,0,7,0.1,0,0,0,0,0,0,0,0,844,"DF,MF",za South Africa,23,2002,0.1,,,,,,,,,,,,,,,0,,,,,,Matches
1042,,PUBILL Marc,ESP,Spain,Atlético De Madrid,DF,22,191,,,,,,,,,,,,,,,,,,,,,,,,,,,,,,,,FIFA World Cup 2026 roster,Marc Pubill,moved,DF,es Spain,22,1.es Atlético Madrid,1,0,1,0.0,0,0,0,0,0,0,0,0,748,DF,es Spain,22,2003,0.0,,,,,,,,,,,,,,,0,,,,,,Matches
1044,,GARCIA Eric,ESP,Spain,FC Barcelona,DF,25,183,,,,,,,,,,,,,,,,,,,,,,,,,,,,,,,,FIFA World Cup 2026 roster,Eric García,moved,"DF,MF",es Spain,25,1.es Barcelona,1,0,22,0.2,0,0,0,0,0,0,0,0,330,"DF,MF",es Spain,25,2001,0.2,,,,,,,,,,,,,,,0,,,,,,Matches
1045,,LLORENTE Marcos,ESP,Spain,Atlético De Madrid,DF,31,183,,,,,,,,,,,,,,,,,,,,,,,,,,,,,,,,FIFA World Cup 2026 roster,Marcos Llorente,moved,DF,es Spain,31,1.es Atlético Madrid,3,2,187,2.1,0,1,1,0,0,0,0,0,533,DF,es Spain,31,1995,2.1,,,,,,,,,,,,,,,1,,,,,,Matches
1046,,MERINO Mikel,ESP,Spain,Arsenal FC,MF,29,188,,,,,,,,,,,,,,,,,,,,,,,,,,,,,,,,FIFA World Cup 2026 roster,Mikel Merino,moved,MF,es Spain,29,1.eng Arsenal,8,1,199,2.2,2,0,2,2,0,0,0,0,612,MF,es Spain,29,1996,2.2,,,,,,,,,,,,,,,0,,,,,,Matches
1047,,TORRES Ferran,ESP,Spain,FC Barcelona,FW,26,183,,,,,,,,,,,,,,,,,,,,,,,,,,,,,,,,FIFA World Cup 2026 roster,Ferran Torres,moved,FW,es Spain,26,1.es Barcelona,8,1,288,3.2,1,1,2,1,0,0,1,0,945,FW,es Spain,26,2000,3.2,,,,,,,,,,,,,,,1,,,,,,Matches
1049,,GAVI,ESP,Spain,FC Barcelona,MF,21,173,,,,,,,,,,,,,,,,,,,,,,,,,,,,,,,,FIFA World Cup 2026 roster,Gavi,normal,FW,es Spain,21,1.es Barcelona,2,1,76,0.8,0,0,0,0,0,0,0,0,331,FW,es Spain,21,2004,0.8,,,,,,,,,,,,,,,0,,,,,,Matches
1050,,OLMO Dani,ESP,Spain,FC Barcelona,FW,28,179,,,,,,,,,,,,,,,,,,,,,,,,,,,,,,,,FIFA World Cup 2026 roster,Dani Olmo,moved,MF,es Spain,28,1.es Barcelona,8,6,491,5.5,0,2,2,0,0,0,0,0,693,MF,es Spain,28,1998,5.5,,,,,,,,,,,,,,,2,,,,,,Matches
1051,,PINO Yeremy,ESP,Spain,Crystal Palace FC,FW,23,174,,,,,,,,,,,,,,,,,,,,,,,,,,,,,,,,FIFA World Cup 2026 roster,Yéremy Pino,moved,"FW,MF",es Spain,23,1.eng Crystal Palace,2,0,70,0.8,0,0,0,0,0,0,0,0,736,"FW,MF",es Spain,23,2002,0.8,,,,,,,,,,,,,,,0,,,,,,Matches
1052,,PORRO Pedro,ESP,Spain,Tottenham Hotspur FC,DF,26,173,,,,,,,,,,,,,,,,,,,,,,,,,,,,,,,,FIFA World Cup 2026 roster,Pedro Porro,moved,DF,es Spain,26,1.eng Tottenham,6,6,563,6.3,2,0,2,2,0,0,0,0,742,DF,es Spain,26,1999,6.3,,,,,,,,,,,,,,,0,,,,,,Matches
1054,,LAPORTE Aymeric,ESP,Spain,Athletic Club,DF,32,191,,,,,,,,,,,,,,,,,,,,,,,,,,,,,,,,FIFA World Cup 2026 roster,Aymeric Laporte,moved,DF,es Spain,32,1.es Athletic Club,8,8,727,8.1,0,1,1,0,0,0,1,0,519,DF,es Spain,32,1994,8.1,,,,,,,,,,,,,,,1,,,,,,Matches
1055,,BAENA Alex,ESP,Spain,Atlético De Madrid,MF,24,172,,,,,,,,,,,,,,,,,,,,,,,,,,,,,,,,FIFA World Cup 2026 roster,Álex Baena,moved,"MF,FW",es Spain,24,1.es Atlético Madrid,7,7,481,5.3,1,1,2,1,0,0,1,0,99,"MF,FW",es Spain,24,2001,5.3,,,,,,,,,,,,,,,1,,,,,,Matches
1056,,RODRI,ESP,Spain,Manchester City FC,MF,29,190,,,,,,,,,,,,,,,,,,,,,,,,,,,,,,,,FIFA World Cup 2026 roster,Rodri,normal,MF,es Spain,29,1.eng Manchester City,8,8,724,8.0,0,0,0,0,0,0,0,0,790,MF,es Spain,29,1996,8.0,,,,,,,,,,,,,,,0,,,,,,Matches
1057,,WILLIAMS Nico,ESP,Spain,Athletic Club,FW,23,181,,,,,,,,,,,,,,,,,,,,,,,,,,,,,,,,FIFA World Cup 2026 roster,Nico Williams,moved,MF,es Spain,23,1.es Athletic Club,6,0,113,1.3,0,1,1,0,0,0,0,0,1002,MF,es Spain,23,2002,1.3,,,,,,,,,,,,,,,1,,,,,,Matches
1058,,ZUBIMENDI Martin,ESP,Spain,Arsenal FC,MF,27,181,,,,,,,,,,,,,,,,,,,,,,,,,,,,,,,,FIFA World Cup 2026 roster,Martín Zubimendi,moved,MF,es Spain,27,1.eng Arsenal,1,0,22,0.2,0,0,0,0,0,0,0,0,1036,MF,es Spain,27,1999,0.2,,,,,,,,,,,,,,,0,,,,,,Matches
1059,,YAMAL Lamine,ESP,Spain,FC Barcelona,FW,18,183,,,,,,,,,,,,,,,,,,,,,,,,,,,,,,,,FIFA World Cup 2026 roster,Lamine Yamal,moved,"MF,FW",es Spain,18,1.es Barcelona,8,7,614,6.8,1,0,1,1,0,0,0,0,1013,"MF,FW",es Spain,18,2007,6.8,,,,,,,,,,,,,,,0,,,,,,Matches
1060,,PEDRI,ESP,Spain,FC Barcelona,MF,23,174,,,,,,,,,,,,,,,,,,,,,,,,,,,,,,,,FIFA World Cup 2026 roster,Pedri,normal,MF,es Spain,23,1.es Barcelona,8,5,499,5.5,0,0,0,0,0,0,1,0,723,MF,es Spain,23,2002,5.5,,,,,,,,,,,,,,,0,,,,,,Matches
1061,,OYARZABAL Mikel,ESP,Spain,Real Sociedad,FW,29,181,,,,,,,,,,,,,,,,,,,,,,,,,,,,,,,,FIFA World Cup 2026 roster,Mikel Oyarzabal,moved,FW,es Spain,29,1.es Real Sociedad,8,8,601,6.7,5,1,6,4,1,1,0,0,707,FW,es Spain,29,1997,6.7,,,,,,,,,,,,,,,1,,,,,,Matches
1062,,CUBARSI Pau,ESP,Spain,FC Barcelona,DF,19,183,,,,,,,,,,,,,,,,,,,,,,,,,,,,,,,,FIFA World Cup 2026 roster,Pau Cubarsí,moved,DF,es Spain,19,1.es Barcelona,8,8,750,8.3,0,0,0,0,0,0,1,0,216,DF,es Spain,19,2007,8.3,,,,,,,,,,,,,,,0,,,,,,Matches
1063,,SIMON Unai,ESP,Spain,Athletic Club,GK,29,190,,,,,,,,,,,,,,,,,,,,,,,,,,,,,,,,FIFA World Cup 2026 roster,Unai Simón,moved,GK,es Spain,29,1.es Athletic Club,8,8,750,8.3,0,0,0,0,0,0,0,0,877,GK,es Spain,29,1997,8.3,,,,,,,,,,,,,,,0,,,,,,Matches
1064,,CUCURELLA Marc,ESP,Spain,Chelsea FC,DF,27,173,,,,,,,,,,,,,,,,,,,,,,,,,,,,,,,,FIFA World Cup 2026 roster,Marc Cucurella,moved,DF,es Spain,27,1.eng Chelsea,8,8,750,8.3,0,2,2,0,0,0,1,0,219,DF,es Spain,27,1998,8.3,,,,,,,,,,,,,,,2,,,,,,Matches
1066,,IGLESIAS Borja,ESP,Spain,RC Celta Vigo,FW,33,187,,,,,,,,,,,,,,,,,,,,,,,,,,,,,,,,FIFA World Cup 2026 roster,Borja Iglesias,moved,FW,es Spain,33,1.es Celta Vigo,1,0,1,0.0,0,0,0,0,0,0,0,0,428,FW,es Spain,33,1993,0.0,,,,,,,,,,,,,,,0,,,,,,Matches
1067,,WIDELL ZETTERSTROM Jacob,SWE,Sweden,Derby County FC,GK,27,197,,,,,,,,,,,,,,,,,,,,,,,,,,,,,,,,FIFA World Cup 2026 roster,Jacob Widell Zetterström,moved,GK,se Sweden,27,2.eng Derby County,2,2,180,2.0,0,0,0,0,0,0,0,0,999,GK,se Sweden,27,1998,2.0,,,,,,,,,,,,,,,0,,,,,,Matches
1068,,LAGERBIELKE Gustaf,SWE,Sweden,SC Braga,DF,26,193,,,,,,,,,,,,,,,,,,,,,,,,,,,,,,,,FIFA World Cup 2026 roster,Gustaf Lagerbielke,moved,DF,se Sweden,26,1.pt Braga,4,4,360,4.0,0,0,0,0,0,0,0,0,513,DF,se Sweden,26,2000,4.0,,,,,,,,,,,,,,,0,,,,,,Matches
1069,,LINDELOF Victor,SWE,Sweden,Aston Villa FC,DF,31,187,,,,,,,,,,,,,,,,,,,,,,,,,,,,,,,,FIFA World Cup 2026 roster,Victor Lindelöf,moved,"DF,MF",se Sweden,31,1.eng Aston Villa,4,4,356,4.0,0,0,0,0,0,0,0,0,529,"DF,MF",se Sweden,31,1994,4.0,,,,,,,,,,,,,,,0,,,,,,Matches
1070,,HIEN Isak,SWE,Sweden,Atalanta Bergamo,DF,27,191,,,,,,,,,,,,,,,,,,,,,,,,,,,,,,,,FIFA World Cup 2026 roster,Isak Hien,moved,DF,se Sweden,27,1.it Atalanta,3,3,216,2.4,0,0,0,0,0,0,1,0,414,DF,se Sweden,27,1999,2.4,,,,,,,,,,,,,,,0,,,,,,Matches
1071,,GUDMUNDSSON Gabriel,SWE,Sweden,Leeds United FC,DF,27,181,,,,,,,,,,,,,,,,,,,,,,,,,,,,,,,,FIFA World Cup 2026 roster,Gabriel Gudmundsson,moved,"MF,DF",se Sweden,27,1.eng Leeds United,4,4,330,3.7,0,0,0,0,0,0,1,0,358,"MF,DF",se Sweden,27,1999,3.7,,,,,,,,,,,,,,,0,,,,,,Matches
1073,,BERGVALL Lucas,SWE,Sweden,Tottenham Hotspur FC,MF,20,187,,,,,,,,,,,,,,,,,,,,,,,,,,,,,,,,FIFA World Cup 2026 roster,Lucas Bergvall,moved,MF,se Sweden,20,1.eng Tottenham,4,1,181,2.0,0,1,1,0,0,0,1,0,134,MF,se Sweden,20,2006,2.0,,,,,,,,,,,,,,,1,,,,,,Matches
1074,,SVENSSON Daniel,SWE,Sweden,Borussia Dortmund,DF,24,183,,,,,,,,,,,,,,,,,,,,,,,,,,,,,,,,FIFA World Cup 2026 roster,Daniel Svensson,moved,DF,se Sweden,24,1.de Dortmund,3,1,98,1.1,0,0,0,0,0,0,0,0,912,DF,se Sweden,24,2002,1.1,,,,,,,,,,,,,,,0,,,,,,Matches
1075,,ISAK Alexander,SWE,Sweden,Liverpool FC,FW,26,190,,,,,,,,,,,,,,,,,,,,,,,,,,,,,,,,FIFA World Cup 2026 roster,Alexander Isak,moved,FW,se Sweden,26,1.eng Liverpool,4,4,357,4.0,1,3,4,1,0,0,0,0,434,FW,se Sweden,26,1999,4.0,,,,,,,,,,,,,,,3,,,,,,Matches
1076,,NYGREN Benjamin,SWE,Sweden,Celtic FC,MF,24,187,,,,,,,,,,,,,,,,,,,,,,,,,,,,,,,,FIFA World Cup 2026 roster,Benjamin Nygren,moved,MF,se Sweden,24,1.sct Celtic,4,2,130,1.4,0,0,0,0,0,0,0,0,678,MF,se Sweden,24,2001,1.4,,,,,,,,,,,,,,,0,,,,,,Matches
1077,,ELANGA Anthony,SWE,Sweden,Newcastle United FC,FW,24,178,,,,,,,,,,,,,,,,,,,,,,,,,,,,,,,,FIFA World Cup 2026 roster,Anthony Elanga,moved,"MF,FW",se Sweden,24,1.eng Newcastle,4,2,217,2.4,2,0,2,2,0,0,0,0,278,"MF,FW",se Sweden,24,2002,2.4,,,,,,,,,,,,,,,0,,,,,,Matches
1079,,SEMA Ken,SWE,Sweden,Pafos FC,MF,32,180,,,,,,,,,,,,,,,,,,,,,,,,,,,,,,,,FIFA World Cup 2026 roster,Ken Sema,moved,"FW,MF",se Sweden,32,1.cy Pafos FC,1,0,16,0.2,0,0,0,0,0,0,0,0,850,"FW,MF",se Sweden,32,1993,0.2,,,,,,,,,,,,,,,0,,,,,,Matches
1081,,STARFELT Carl,SWE,Sweden,RC Celta Vigo,DF,31,185,,,,,,,,,,,,,,,,,,,,,,,,,,,,,,,,FIFA World Cup 2026 roster,Carl Starfelt,moved,DF,se Sweden,31,1.es Celta Vigo,1,0,4,0.0,0,0,0,0,0,0,0,0,891,DF,se Sweden,31,1995,0.0,,,,,,,,,,,,,,,0,,,,,,Matches
1082,,KARLSTROM Jesper,SWE,Sweden,Udinese,MF,30,182,,,,,,,,,,,,,,,,,,,,,,,,,,,,,,,,FIFA World Cup 2026 roster,Jesper Karlström,moved,MF,se Sweden,30,1.it Udinese,2,2,138,1.5,0,0,0,0,0,0,0,0,478,MF,se Sweden,30,1995,1.5,,,,,,,,,,,,,,,0,,,,,,Matches
1083,,GYOKERES Viktor,SWE,Sweden,Arsenal FC,FW,28,189,,,,,,,,,,,,,,,,,,,,,,,,,,,,,,,,FIFA World Cup 2026 roster,Viktor Gyökeres,moved,FW,se Sweden,28,1.eng Arsenal,4,4,360,4.0,1,2,3,1,0,0,1,0,372,FW,se Sweden,28,1998,4.0,,,,,,,,,,,,,,,2,,,,,,Matches
1084,,AYARI Yasin,SWE,Sweden,Brighton & Hove Albion FC,MF,22,172,,,,,,,,,,,,,,,,,,,,,,,,,,,,,,,,FIFA World Cup 2026 roster,Yasin Ayari,moved,MF,se Sweden,22,1.eng Brighton,4,4,339,3.8,2,0,2,2,0,0,1,0,91,MF,se Sweden,22,2003,3.8,,,,,,,,,,,,,,,0,,,,,,Matches
1085,,SVANBERG Mattias,SWE,Sweden,VfL Wolfsburg,MF,27,186,,,,,,,,,,,,,,,,,,,,,,,,,,,,,,,,FIFA World Cup 2026 roster,Mattias Svanberg,moved,MF,se Sweden,27,1.de Wolfsburg,2,0,16,0.2,1,0,1,1,0,0,0,0,911,MF,se Sweden,27,1999,0.2,,,,,,,,,,,,,,,0,,,,,,Matches
1087,,BERNHARDSSON Alexander,SWE,Sweden,Holstein Kiel,DF,27,184,,,,,,,,,,,,,,,,,,,,,,,,,,,,,,,,FIFA World Cup 2026 roster,Alexander Bernhardsson,moved,MF,se Sweden,27,2.de Holstein Kiel,3,3,217,2.4,0,0,0,0,0,0,0,0,136,MF,se Sweden,27,1998,2.4,,,,,,,,,,,,,,,0,,,,,,Matches
1088,,ZENELI Besfort,SWE,Sweden,Royale Union Saint-Gilloise,MF,23,187,,,,,,,,,,,,,,,,,,,,,,,,,,,,,,,,FIFA World Cup 2026 roster,Besfort Zeneli,moved,MF,se Sweden,23,1.be Union SG,2,0,60,0.7,0,0,0,0,0,0,0,0,1030,MF,se Sweden,23,2002,0.7,,,,,,,,,,,,,,,0,,,,,,Matches
1089,,NORDFELDT Kristoffer,SWE,Sweden,AIK Stockholm,GK,36,190,,,,,,,,,,,,,,,,,,,,,,,,,,,,,,,,FIFA World Cup 2026 roster,Kristoffer Nordfeldt,moved,GK,se Sweden,36,1.se AIK Stockholm,2,2,180,2.0,0,0,0,0,0,0,0,0,672,GK,se Sweden,36,1989,2.0,,,,,,,,,,,,,,,0,,,,,,Matches
1090,,STROUD Elliot,SWE,Sweden,Mjällby AIF,DF,23,185,,,,,,,,,,,,,,,,,,,,,,,,,,,,,,,,FIFA World Cup 2026 roster,Elliot Stroud,moved,MF,se Sweden,23,1.se Mjällby,4,2,166,1.8,0,0,0,0,0,0,0,0,896,MF,se Sweden,23,2002,1.8,,,,,,,,,,,,,,,0,,,,,,Matches
1091,,NILSSON Gustaf,SWE,Sweden,Club Brugge,FW,29,197,,,,,,,,,,,,,,,,,,,,,,,,,,,,,,,,FIFA World Cup 2026 roster,Gustaf Nilsson,moved,FW,se Sweden,29,1.be Club Brugge,1,0,2,0.0,0,0,0,0,0,0,0,0,670,FW,se Sweden,29,1997,0.0,,,,,,,,,,,,,,,0,,,,,,Matches
1092,,ALI Taha,SWE,Sweden,Malmö FF,FW,27,174,,,,,,,,,,,,,,,,,,,,,,,,,,,,,,,,FIFA World Cup 2026 roster,Taha Ali,moved,"FW,MF",se Sweden,27,1.se Malmö,2,0,37,0.4,0,0,0,0,0,0,0,0,45,"FW,MF",se Sweden,27,1998,0.4,,,,,,,,,,,,,,,0,,,,,,Matches
1093,,KOBEL Gregor,SUI,Switzerland,Borussia Dortmund,GK,28,196,,,,,,,,,,,,,,,,,,,,,,,,,,,,,,,,FIFA World Cup 2026 roster,Gregor Kobel,moved,GK,ch Switzerland,28,1.de Dortmund,6,6,600,6.7,0,0,0,0,0,0,0,0,493,GK,ch Switzerland,28,1997,6.7,,,,,,,,,,,,,,,0,,,,,,Matches
1094,,MUHEIM Miro,SUI,Switzerland,Hamburger SV,DF,28,182,,,,,,,,,,,,,,,,,,,,,,,,,,,,,,,,FIFA World Cup 2026 roster,Miro Muheim,moved,"DF,MF",ch Switzerland,28,1.de Hamburger SV,3,0,87,1.0,0,0,0,0,0,0,1,0,644,"DF,MF",ch Switzerland,28,1998,1.0,,,,,,,,,,,,,,,0,,,,,,Matches
1095,,WIDMER Silvan,SUI,Switzerland,1. FSV Mainz 05,DF,33,183,,,,,,,,,,,,,,,,,,,,,,,,,,,,,,,,FIFA World Cup 2026 roster,Silvan Widmer,moved,DF,ch Switzerland,33,1.de Mainz 05,5,1,175,1.9,0,0,0,0,0,0,0,0,1000,DF,ch Switzerland,33,1993,1.9,,,,,,,,,,,,,,,0,,,,,,Matches
1096,,ELVEDI Nico,SUI,Switzerland,Borussia Mönchengladbach,DF,29,189,,,,,,,,,,,,,,,,,,,,,,,,,,,,,,,,FIFA World Cup 2026 roster,Nico Elvedi,moved,DF,ch Switzerland,29,1.de Gladbach,6,6,600,6.7,0,0,0,0,0,0,1,0,282,DF,ch Switzerland,29,1996,6.7,,,,,,,,,,,,,,,0,,,,,,Matches
1097,,AKANJI Manuel,SUI,Switzerland,FC Internazionale Milano,DF,30,188,,,,,,,,,,,,,,,,,,,,,,,,,,,,,,,,FIFA World Cup 2026 roster,Manuel Akanji,moved,DF,ch Switzerland,30,1.it Inter,6,6,600,6.7,0,0,0,0,0,0,0,0,32,DF,ch Switzerland,30,1995,6.7,,,,,,,,,,,,,,,0,,,,,,Matches
1098,,ZAKARIA Denis,SUI,Switzerland,AS Monaco,MF,29,189,,,,,,,,,,,,,,,,,,,,,,,,,,,,,,,,FIFA World Cup 2026 roster,Denis Zakaria,moved,DF,ch Switzerland,29,1.fr Monaco,4,4,357,4.0,0,0,0,0,0,0,2,0,1027,DF,ch Switzerland,29,1996,4.0,,,,,,,,,,,,,,,0,,,,,,Matches
1099,,EMBOLO Breel,SUI,Switzerland,Stade Rennais FC,FW,29,184,,,,,,,,,,,,,,,,,,,,,,,,,,,,,,,,FIFA World Cup 2026 roster,Breel Embolo,moved,FW,ch Switzerland,29,1.fr Rennes,6,6,501,5.6,2,2,4,1,1,1,2,1,283,FW,ch Switzerland,29,1997,5.6,,,,,,,,,,,,,,,2,,,,,,Matches
1100,,FREULER Remo,SUI,Switzerland,Bologna FC,MF,34,181,,,,,,,,,,,,,,,,,,,,,,,,,,,,,,,,FIFA World Cup 2026 roster,Remo Freuler,moved,MF,ch Switzerland,34,1.it Bologna,6,6,592,6.6,0,0,0,0,0,0,0,0,320,MF,ch Switzerland,34,1992,6.6,,,,,,,,,,,,,,,0,,,,,,Matches
1101,,MANZAMBI Johan,SUI,Switzerland,SC Freiburg,MF,20,182,,,,,,,,,,,,,,,,,,,,,,,,,,,,,,,,FIFA World Cup 2026 roster,Johan Manzambi,moved,"MF,FW",ch Switzerland,20,1.de Freiburg,4,2,199,2.2,3,2,5,3,0,0,0,0,566,"MF,FW",ch Switzerland,20,2005,2.2,,,,,,,,,,,,,,,2,,,,,,Matches
1102,,XHAKA Granit,SUI,Switzerland,Sunderland AFC,MF,33,183,,,,,,,,,,,,,,,,,,,,,,,,,,,,,,,,FIFA World Cup 2026 roster,Granit Xhaka,moved,MF,ch Switzerland,33,1.eng Sunderland,6,6,600,6.7,1,0,1,0,1,1,2,0,1011,MF,ch Switzerland,33,1992,6.7,,,,,,,,,,,,,,,0,,,,,,Matches
1103,,NDOYE Dan,SUI,Switzerland,Nottingham Forest FC,FW,25,184,,,,,,,,,,,,,,,,,,,,,,,,,,,,,,,,FIFA World Cup 2026 roster,Dan Ndoye,moved,"MF,FW",ch Switzerland,25,1.eng Nottingham,6,5,406,4.5,2,0,2,2,0,0,0,0,659,"MF,FW",ch Switzerland,25,2000,4.5,,,,,,,,,,,,,,,0,,,,,,Matches
1105,,RODRIGUEZ Ricardo,SUI,Switzerland,Real Betis,DF,33,182,,,,,,,,,,,,,,,,,,,,,,,,,,,,,,,,FIFA World Cup 2026 roster,Ricardo Rodríguez,moved,DF,ch Switzerland,33,1.es Real Betis,6,6,517,5.7,0,1,1,0,0,0,0,0,795,DF,ch Switzerland,33,1992,5.7,,,,,,,,,,,,,,,1,,,,,,Matches
1106,,JASHARI Ardon,SUI,Switzerland,AC Milan,MF,23,181,,,,,,,,,,,,,,,,,,,,,,,,,,,,,,,,FIFA World Cup 2026 roster,Ardon Jashari,moved,MF,ch Switzerland,23,1.it Milan,3,1,72,0.8,0,0,0,0,0,0,0,0,450,MF,ch Switzerland,23,2002,0.8,,,,,,,,,,,,,,,0,,,,,,Matches
1107,,SOW Djibril,SUI,Switzerland,Sevilla FC,MF,29,183,,,,,,,,,,,,,,,,,,,,,,,,,,,,,,,,FIFA World Cup 2026 roster,Djibril Sow,moved,MF,ch Switzerland,29,1.es Sevilla,4,2,253,2.8,0,0,0,0,0,0,0,0,886,MF,ch Switzerland,29,1997,2.8,,,,,,,,,,,,,,,0,,,,,,Matches
1108,,FASSNACHT Christian,SUI,Switzerland,BSC Young Boys,FW,32,185,,,,,,,,,,,,,,,,,,,,,,,,,,,,,,,,FIFA World Cup 2026 roster,Christian Fassnacht,moved,"FW,MF",ch Switzerland,32,1.ch Young Boys,1,0,6,0.1,0,0,0,0,0,0,0,0,299,"FW,MF",ch Switzerland,32,1993,0.1,,,,,,,,,,,,,,,0,,,,,,Matches
1109,,VARGAS Ruben,SUI,Switzerland,Sevilla FC,FW,27,179,,,,,,,,,,,,,,,,,,,,,,,,,,,,,,,,FIFA World Cup 2026 roster,Ruben Vargas,moved,MF,ch Switzerland,27,1.es Sevilla,6,3,284,3.2,2,1,3,2,0,0,0,0,972,MF,ch Switzerland,27,1998,3.2,,,,,,,,,,,,,,,1,,,,,,Matches
1111,,OKAFOR Noah,SUI,Switzerland,Leeds United FC,FW,26,185,,,,,,,,,,,,,,,,,,,,,,,,,,,,,,,,FIFA World Cup 2026 roster,Noah Okafor,moved,"FW,MF",ch Switzerland,26,1.eng Leeds United,1,0,20,0.2,0,0,0,0,0,0,0,0,687,"FW,MF",ch Switzerland,26,2000,0.2,,,,,,,,,,,,,,,0,,,,,,Matches
1112,,AEBISCHER Michel,SUI,Switzerland,Pisa SC,MF,29,183,,,,,,,,,,,,,,,,,,,,,,,,,,,,,,,,FIFA World Cup 2026 roster,Michel Aebischer,moved,"MF,FW",ch Switzerland,29,1.it Pisa,4,2,156,1.7,0,0,0,0,0,0,0,0,24,"MF,FW",ch Switzerland,29,1997,1.7,,,,,,,,,,,,,,,0,,,,,,Matches
1114,,RIEDER Fabian,SUI,Switzerland,FC Augsburg,MF,24,181,,,,,,,,,,,,,,,,,,,,,,,,,,,,,,,,FIFA World Cup 2026 roster,Fabian Rieder,moved,"MF,FW",ch Switzerland,24,1.de Augsburg,5,3,302,3.4,0,0,0,0,0,0,0,0,783,"MF,FW",ch Switzerland,24,2002,3.4,,,,,,,,,,,,,,,0,,,,,,Matches
1115,,AMDOUNI Zeki,SUI,Switzerland,Burnley FC,FW,25,183,,,,,,,,,,,,,,,,,,,,,,,,,,,,,,,,FIFA World Cup 2026 roster,Zeki Amdouni,moved,"FW,MF",ch Switzerland,25,1.eng Burnley,4,0,73,0.8,0,0,0,0,0,0,0,0,57,"FW,MF",ch Switzerland,25,2000,0.8,,,,,,,,,,,,,,,0,,,,,,Matches
1117,,JAQUEZ Luca,SUI,Switzerland,VfB Stuttgart,DF,23,187,,,,,,,,,,,,,,,,,,,,,,,,,,,,,,,,FIFA World Cup 2026 roster,Luca Jaquez,moved,DF,ch Switzerland,23,1.de Stuttgart,2,1,78,0.9,0,0,0,0,0,0,0,0,449,DF,ch Switzerland,23,2003,0.9,,,,,,,,,,,,,,,0,,,,,,Matches
1118,,ITTEN Cedric,SUI,Switzerland,Fortuna Düsseldorf,FW,29,190,,,,,,,,,,,,,,,,,,,,,,,,,,,,,,,,FIFA World Cup 2026 roster,Cedric Itten,moved,"FW,MF",ch Switzerland,29,2.de Düsseldorf,3,0,42,0.5,0,0,0,0,0,0,0,0,442,"FW,MF",ch Switzerland,29,1996,0.5,,,,,,,,,,,,,,,0,,,,,,Matches
1119,,CHAMAKH Mouhib,TUN,Tunisia,Club Africain,GK,24,189,,,,,,,,,,,,,,,,,,,,,,,,,,,,,,,,FIFA World Cup 2026 roster,Mouhib Chamakh,moved,GK,tn Tunisia,24,1.tn Club Africain,1,1,90,1.0,0,0,0,0,0,0,0,0,188,GK,tn Tunisia,24,2001,1.0,,,,,,,,,,,,,,,0,,,,,,Matches
1120,,ABDI Ali,TUN,Tunisia,OGC Nice,DF,32,177,,,,,,,,,,,,,,,,,,,,,,,,,,,,,,,,FIFA World Cup 2026 roster,Ali Abdi,moved,DF,tn Tunisia,32,1.fr Nice,3,3,269,3.0,0,0,0,0,0,0,0,0,6,DF,tn Tunisia,32,1993,3.0,,,,,,,,,,,,,,,0,,,,,,Matches
1121,,TALBI Montassar,TUN,Tunisia,FC Lorient,DF,28,190,,,,,,,,,,,,,,,,,,,,,,,,,,,,,,,,FIFA World Cup 2026 roster,Montassar Talbi,moved,DF,tn Tunisia,28,1.fr Lorient,3,3,270,3.0,0,0,0,0,0,0,0,0,922,DF,tn Tunisia,28,1998,3.0,,,,,,,,,,,,,,,0,,,,,,Matches
1122,,REKIK Omar,TUN,Tunisia,NK Maribor,DF,24,188,,,,,,,,,,,,,,,,,,,,,,,,,,,,,,,,FIFA World Cup 2026 roster,Omar Rekik,moved,DF,tn Tunisia,24,1.si NK Maribor,2,2,180,2.0,1,0,1,1,0,0,0,0,776,DF,tn Tunisia,24,2001,2.0,,,,,,,,,,,,,,,0,,,,,,Matches
1124,,BRONN Dylan,TUN,Tunisia,Servette FC,DF,30,186,,,,,,,,,,,,,,,,,,,,,,,,,,,,,,,,FIFA World Cup 2026 roster,Dylan Bronn,moved,DF,tn Tunisia,30,1.ch Servette FC,1,1,45,0.5,0,0,0,0,0,0,0,0,155,DF,tn Tunisia,30,1995,0.5,,,,,,,,,,,,,,,0,,,,,,Matches
1125,,ACHOURI Elias,TUN,Tunisia,FC København,FW,27,187,,,,,,,,,,,,,,,,,,,,,,,,,,,,,,,,FIFA World Cup 2026 roster,Elias Achouri,moved,"FW,MF",tn Tunisia,27,1.dk FC Copenhagen,3,0,43,0.5,0,0,0,0,0,0,0,0,16,"FW,MF",tn Tunisia,27,1999,0.5,,,,,,,,,,,,,,,0,,,,,,Matches
1126,,SAAD Elias,TUN,Tunisia,Hannover 96,FW,26,185,,,,,,,,,,,,,,,,,,,,,,,,,,,,,,,,FIFA World Cup 2026 roster,Elias Saad,moved,"MF,FW",tn Tunisia,26,2.de Hannover 96,2,2,116,1.3,0,0,0,0,0,0,0,0,809,"MF,FW",tn Tunisia,26,1999,1.3,,,,,,,,,,,,,,,0,,,,,,Matches
1127,,MASTOURI Hazem,TUN,Tunisia,FC Dynamo Makhachkala,FW,28,191,,,,,,,,,,,,,,,,,,,,,,,,,,,,,,,,FIFA World Cup 2026 roster,Hazem Mastouri,moved,FW,tn Tunisia,28,1.ru D. Makhachkala,1,1,89,1.0,1,0,1,1,0,0,0,0,578,FW,tn Tunisia,28,1997,1.0,,,,,,,,,,,,,,,0,,,,,,Matches
1128,,MEJBRI Hannibal,TUN,Tunisia,Burnley FC,MF,23,177,,,,,,,,,,,,,,,,,,,,,,,,,,,,,,,,FIFA World Cup 2026 roster,Hannibal Mejbri,moved,MF,tn Tunisia,23,1.eng Burnley,3,3,270,3.0,0,2,2,0,0,0,0,0,603,MF,tn Tunisia,23,2003,3.0,,,,,,,,,,,,,,,2,,,,,,Matches
1129,,GHARBI Ismael,TUN,Tunisia,FC Augsburg,MF,22,180,,,,,,,,,,,,,,,,,,,,,,,,,,,,,,,,FIFA World Cup 2026 roster,Ismaël Gharbi,moved,MF,tn Tunisia,22,1.de Augsburg,3,1,127,1.4,0,0,0,0,0,0,0,0,334,MF,tn Tunisia,22,2004,1.4,,,,,,,,,,,,,,,0,,,,,,Matches
1130,,BEN OUANES Mortadha,TUN,Tunisia,Kasımpaşa SK,DF,31,188,,,,,,,,,,,,,,,,,,,,,,,,,,,,,,,,FIFA World Cup 2026 roster,Mortadha Ben Ouanes,moved,"DF,MF",tn Tunisia,31,1.tr Kasımpaşa,1,0,23,0.3,0,0,0,0,0,0,0,0,124,"DF,MF",tn Tunisia,31,1994,0.3,,,,,,,,,,,,,,,0,,,,,,Matches
1131,,KHEDIRA Rani,TUN,Tunisia,1. FC Union Berlin,MF,32,188,,,,,,,,,,,,,,,,,,,,,,,,,,,,,,,,FIFA World Cup 2026 roster,Rani Khedira,moved,MF,tn Tunisia,32,1.de Union Berlin,3,2,149,1.7,0,0,0,0,0,0,1,0,488,MF,tn Tunisia,32,1994,1.7,,,,,,,,,,,,,,,0,,,,,,Matches
1134,,DAHMEN Aymen,TUN,Tunisia,CS Sfaxien,GK,29,188,,,,,,,,,,,,,,,,,,,,,,,,,,,,,,,,FIFA World Cup 2026 roster,Aymen Dahmen,moved,GK,tn Tunisia,29,1.tn Ahly Sfaxien,2,2,180,2.0,0,0,0,0,0,0,0,0,222,GK,tn Tunisia,29,1997,2.0,,,,,,,,,,,,,,,0,,,,,,Matches
1135,,SKHIRI Ellyes,TUN,Tunisia,Eintracht Frankfurt,MF,31,185,,,,,,,,,,,,,,,,,,,,,,,,,,,,,,,,FIFA World Cup 2026 roster,Ellyes Skhiri,moved,"MF,DF",tn Tunisia,31,1.de Frankfurt,3,3,250,2.8,0,0,0,0,0,0,0,0,881,"MF,DF",tn Tunisia,31,1995,2.8,,,,,,,,,,,,,,,0,,,,,,Matches
1137,,CHAOUAT Firas,TUN,Tunisia,Club Africain,FW,30,185,,,,,,,,,,,,,,,,,,,,,,,,,,,,,,,,FIFA World Cup 2026 roster,Firas Chaouat,moved,FW,tn Tunisia,30,1.tn Club Africain,3,0,49,0.5,0,0,0,0,0,0,0,0,189,FW,tn Tunisia,30,1996,0.5,,,,,,,,,,,,,,,0,,,,,,Matches
1138,,VALERY Yan,TUN,Tunisia,BSC Young Boys,DF,27,181,,,,,,,,,,,,,,,,,,,,,,,,,,,,,,,,FIFA World Cup 2026 roster,Yan Valery,moved,DF,tn Tunisia,27,1.ch Young Boys,3,3,251,2.8,0,0,0,0,0,0,0,0,964,DF,tn Tunisia,27,1999,2.8,,,,,,,,,,,,,,,0,,,,,,Matches
1144,,TOUNEKTI Sebastian,TUN,Tunisia,Celtic FC,MF,23,182,,,,,,,,,,,,,,,,,,,,,,,,,,,,,,,,FIFA World Cup 2026 roster,Sebastian Tounekti,moved,FW,tn Tunisia,23,1.sct Celtic,3,1,84,0.9,0,0,0,0,0,0,0,0,946,FW,tn Tunisia,23,2002,0.9,,,,,,,,,,,,,,,0,,,,,,Matches
1146,,CELIK Zeki,TUR,Türkiye,AS Roma,DF,29,180,,,,,,,,,,,,,,,,,,,,,,,,,,,,,,,,FIFA World Cup 2026 roster,Zeki Çelik,moved,DF,tr Türkiye,29,1.it Roma,2,2,163,1.8,0,0,0,0,0,0,0,0,183,DF,tr Türkiye,29,1997,1.8,,,,,,,,,,,,,,,0,,,,,,Matches
1147,,DEMIRAL Merih,TUR,Türkiye,Al Ahli FC,DF,28,190,,,,,,,,,,,,,,,,,,,,,,,,,,,,,,,,FIFA World Cup 2026 roster,Merih Demiral,moved,DF,tr Türkiye,28,1.sa Al-Ahli,2,2,180,2.0,0,0,0,0,0,0,0,0,244,DF,tr Türkiye,28,1998,2.0,,,,,,,,,,,,,,,0,,,,,,Matches
1148,,SOYUNCU Caglar,TUR,Türkiye,Fenerbahçe SK,DF,30,185,,,,,,,,,,,,,,,,,,,,,,,,,,,,,,,,FIFA World Cup 2026 roster,Çağlar Söyüncü,moved,DF,tr Türkiye,30,1.tr Fenerbahçe,1,0,7,0.1,0,0,0,0,0,0,0,0,887,DF,tr Türkiye,30,1996,0.1,,,,,,,,,,,,,,,0,,,,,,Matches
1149,,OZCAN Salih,TUR,Türkiye,Borussia Dortmund,MF,28,182,,,,,,,,,,,,,,,,,,,,,,,,,,,,,,,,FIFA World Cup 2026 roster,Salih Özcan,moved,MF,tr Türkiye,28,1.de Dortmund,2,1,100,1.1,0,0,0,0,0,0,0,0,708,MF,tr Türkiye,28,1998,1.1,,,,,,,,,,,,,,,0,,,,,,Matches
1150,,KOKCU Orkun,TUR,Türkiye,Beşiktaş JK,MF,25,175,,,,,,,,,,,,,,,,,,,,,,,,,,,,,,,,FIFA World Cup 2026 roster,Orkun Kökçü,moved,MF,tr Türkiye,25,1.tr Beşiktaş,3,2,153,1.7,0,1,1,0,0,0,0,0,494,MF,tr Türkiye,25,2000,1.7,,,,,,,,,,,,,,,1,,,,,,Matches
1151,,AKTURKOGLU Kerem,TUR,Türkiye,Fenerbahçe SK,FW,27,172,,,,,,,,,,,,,,,,,,,,,,,,,,,,,,,,FIFA World Cup 2026 roster,Kerem Aktürkoğlu,moved,FW,tr Türkiye,27,1.tr Fenerbahçe,2,2,129,1.4,0,0,0,0,0,0,0,0,36,FW,tr Türkiye,27,1998,1.4,,,,,,,,,,,,,,,0,,,,,,Matches
1152,,GULER Arda,TUR,Türkiye,Real Madrid C. F.,FW,21,175,,,,,,,,,,,,,,,,,,,,,,,,,,,,,,,,FIFA World Cup 2026 roster,Arda Güler,moved,MF,tr Türkiye,21,1.es Real Madrid,3,3,270,3.0,1,0,1,1,0,0,0,0,366,MF,tr Türkiye,21,2005,3.0,,,,,,,,,,,,,,,0,,,,,,Matches
1153,,GUL Deniz,TUR,Türkiye,FC Porto,FW,21,192,,,,,,,,,,,,,,,,,,,,,,,,,,,,,,,,FIFA World Cup 2026 roster,Deniz Gül,moved,FW,tr Türkiye,21,1.pt Porto,2,0,37,0.4,0,0,0,0,0,0,0,0,365,FW,tr Türkiye,21,2004,0.4,,,,,,,,,,,,,,,0,,,,,,Matches
1154,,CALHANOGLU Hakan,TUR,Türkiye,FC Internazionale Milano,MF,32,178,,,,,,,,,,,,,,,,,,,,,,,,,,,,,,,,FIFA World Cup 2026 roster,Hakan Çalhanoğlu,moved,MF,tr Türkiye,32,1.it Inter,2,2,180,2.0,0,0,0,0,0,0,0,0,171,MF,tr Türkiye,32,1994,2.0,,,,,,,,,,,,,,,0,,,,,,Matches
1159,,KABAK Ozan,TUR,Türkiye,TSG Hoffenheim,DF,26,187,,,,,,,,,,,,,,,,,,,,,,,,,,,,,,,,FIFA World Cup 2026 roster,Ozan Kabak,moved,DF,tr Türkiye,26,1.de Hoffenheim,1,1,90,1.0,0,0,0,0,0,0,0,0,466,DF,tr Türkiye,26,2000,1.0,,,,,,,,,,,,,,,0,,,,,,Matches
1160,,YUKSEK Ismail,TUR,Türkiye,Fenerbahçe SK,MF,27,183,,,,,,,,,,,,,,,,,,,,,,,,,,,,,,,,FIFA World Cup 2026 roster,İsmail Yüksek,moved,MF,tr Türkiye,27,1.tr Fenerbahçe,2,2,139,1.5,0,0,0,0,0,0,0,0,1024,MF,tr Türkiye,27,1999,1.5,,,,,,,,,,,,,,,0,,,,,,Matches
1162,,MULDUR Mert,TUR,Türkiye,Fenerbahçe SK,DF,27,184,,,,,,,,,,,,,,,,,,,,,,,,,,,,,,,,FIFA World Cup 2026 roster,Mert Müldür,moved,DF,tr Türkiye,27,1.tr Fenerbahçe,3,1,101,1.1,0,0,0,0,0,0,0,0,646,DF,tr Türkiye,27,1999,1.1,,,,,,,,,,,,,,,0,,,,,,Matches
1163,,AKGUN Yunus,TUR,Türkiye,Galatasaray SK,FW,25,173,,,,,,,,,,,,,,,,,,,,,,,,,,,,,,,,FIFA World Cup 2026 roster,Yunus Akgün,moved,MF,tr Türkiye,25,1.tr Galatasaray,2,1,88,1.0,0,0,0,0,0,0,1,0,34,MF,tr Türkiye,25,2000,1.0,,,,,,,,,,,,,,,0,,,,,,Matches
1164,,KADIOGLU Ferdi,TUR,Türkiye,Brighton & Hove Albion FC,DF,26,174,,,,,,,,,,,,,,,,,,,,,,,,,,,,,,,,FIFA World Cup 2026 roster,Ferdi Kadioglu,moved,DF,tr Türkiye,26,1.eng Brighton,2,2,159,1.8,0,0,0,0,0,0,0,0,467,DF,tr Türkiye,26,1999,1.8,,,,,,,,,,,,,,,0,,,,,,Matches
1166,,AYHAN Kaan,TUR,Türkiye,Galatasaray SK,MF,31,185,,,,,,,,,,,,,,,,,,,,,,,,,,,,,,,,FIFA World Cup 2026 roster,Kaan Ayhan,moved,"DF,MF",tr Türkiye,31,1.tr Galatasaray,1,0,3,0.0,1,0,1,1,0,0,0,0,94,"DF,MF",tr Türkiye,31,1994,0.0,,,,,,,,,,,,,,,0,,,,,,Matches
1170,,UZUN Can,TUR,Türkiye,Eintracht Frankfurt,FW,20,186,,,,,,,,,,,,,,,,,,,,,,,,,,,,,,,,FIFA World Cup 2026 roster,Can Uzun,moved,MF,tr Türkiye,20,1.de Frankfurt,2,0,38,0.4,0,1,1,0,0,0,0,0,962,MF,tr Türkiye,20,2005,0.4,,,,,,,,,,,,,,,1,,,,,,Matches
1171,,ROCHET Sergio,URU,Uruguay,SC Internacional,GK,33,189,,,,,,,,,,,,,,,,,,,,,,,,,,,,,,,,FIFA World Cup 2026 roster,Sergio Rochet,moved,GK,uy Uruguay,33,1.br Internacional,1,0,45,0.5,0,0,0,0,0,0,0,0,789,GK,uy Uruguay,33,1993,0.5,,,,,,,,,,,,,,,0,,,,,,Matches
1173,,CACERES Sebastian,URU,Uruguay,Club América,DF,26,180,,,,,,,,,,,,,,,,,,,,,,,,,,,,,,,,FIFA World Cup 2026 roster,Sebastián Cáceres,moved,DF,uy Uruguay,26,1.mx América,3,3,270,3.0,0,0,0,0,0,0,0,0,167,DF,uy Uruguay,26,1999,3.0,,,,,,,,,,,,,,,0,,,,,,Matches
1175,,UGARTE Manuel,URU,Uruguay,Manchester United FC,MF,25,182,,,,,,,,,,,,,,,,,,,,,,,,,,,,,,,,FIFA World Cup 2026 roster,Manuel Ugarte,moved,MF,uy Uruguay,25,1.eng Manchester Utd,3,3,184,2.0,0,0,0,0,0,0,0,0,957,MF,uy Uruguay,25,2001,2.0,,,,,,,,,,,,,,,0,,,,,,Matches
1176,,BENTANCUR Rodrigo,URU,Uruguay,Tottenham Hotspur FC,MF,28,187,,,,,,,,,,,,,,,,,,,,,,,,,,,,,,,,FIFA World Cup 2026 roster,Rodrigo Bentancur,moved,MF,uy Uruguay,28,1.eng Tottenham,3,3,270,3.0,0,0,0,0,0,0,1,0,131,MF,uy Uruguay,28,1997,3.0,,,,,,,,,,,,,,,0,,,,,,Matches
1177,,DE LA CRUZ Nicolas,URU,Uruguay,CR Flamengo,MF,29,167,,,,,,,,,,,,,,,,,,,,,,,,,,,,,,,,FIFA World Cup 2026 roster,Nicolás De La Cruz,moved,MF,uy Uruguay,29,1.br Flamengo,3,0,86,1.0,0,0,0,0,0,0,1,0,238,MF,uy Uruguay,29,1997,1.0,,,,,,,,,,,,,,,0,,,,,,Matches
1178,,VALVERDE Federico,URU,Uruguay,Real Madrid C. F.,MF,27,182,,,,,,,,,,,,,,,,,,,,,,,,,,,,,,,,FIFA World Cup 2026 roster,Federico Valverde,moved,MF,uy Uruguay,27,1.es Real Madrid,3,3,236,2.6,0,0,0,0,0,0,0,0,965,MF,uy Uruguay,27,1998,2.6,,,,,,,,,,,,,,,0,,,,,,Matches
1179,,NUNEZ Darwin,URU,Uruguay,Al Hilal SC,FW,26,185,,,,,,,,,,,,,,,,,,,,,,,,,,,,,,,,FIFA World Cup 2026 roster,Darwin Núñez,moved,FW,uy Uruguay,26,1.sa Al-Hilal,3,2,156,1.7,0,0,0,0,0,0,0,0,676,FW,uy Uruguay,26,1999,1.7,,,,,,,,,,,,,,,0,,,,,,Matches
1183,,VARELA Guillermo,URU,Uruguay,CR Flamengo,DF,33,174,,,,,,,,,,,,,,,,,,,,,,,,,,,,,,,,FIFA World Cup 2026 roster,Guillermo Varela,moved,DF,uy Uruguay,33,1.br Flamengo,3,3,270,3.0,0,0,0,0,0,0,1,0,968,DF,uy Uruguay,33,1993,3.0,,,,,,,,,,,,,,,0,,,,,,Matches
1184,,CANOBBIO Agustin,URU,Uruguay,Fluminense FC,MF,27,176,,,,,,,,,,,,,,,,,,,,,,,,,,,,,,,,FIFA World Cup 2026 roster,Agustín Canobbio,moved,FW,uy Uruguay,27,1.br Fluminense,3,2,224,2.5,1,0,1,1,0,0,0,1,177,FW,uy Uruguay,27,1998,2.5,,,,,,,,,,,,,,,0,,,,,,Matches
1186,,OLIVERA Mathias,URU,Uruguay,SSC Napoli,DF,28,174,,,,,,,,,,,,,,,,,,,,,,,,,,,,,,,,FIFA World Cup 2026 roster,Mathías Olivera,moved,DF,uy Uruguay,28,1.it Napoli,3,3,270,3.0,0,0,0,0,0,0,1,0,692,DF,uy Uruguay,28,1997,3.0,,,,,,,,,,,,,,,0,,,,,,Matches
1187,,VINA Matias,URU,Uruguay,CA River Plate,DF,28,180,,,,,,,,,,,,,,,,,,,,,,,,,,,,,,,,FIFA World Cup 2026 roster,Matías Viña,moved,DF,uy Uruguay,28,1.br Flamengo,1,1,45,0.5,0,0,0,0,0,0,0,0,981,DF,uy Uruguay,28,1997,0.5,,,,,,,,,,,,,,,0,,,,,,Matches
1188,,RODRIGUEZ Brian,URU,Uruguay,Club América,FW,26,175,,,,,,,,,,,,,,,,,,,,,,,,,,,,,,,,FIFA World Cup 2026 roster,Brian Rodríguez,moved,"FW,MF",uy Uruguay,26,1.mx América,3,0,41,0.5,0,0,0,0,0,0,0,0,792,"FW,MF",uy Uruguay,26,2000,0.5,,,,,,,,,,,,,,,0,,,,,,Matches
1189,,AGUIRRE Rodrigo,URU,Uruguay,Tigres UANL,FW,31,182,,,,,,,,,,,,,,,,,,,,,,,,,,,,,,,,FIFA World Cup 2026 roster,Rodrigo Aguirre,moved,FW,uy Uruguay,31,1.mx América,1,0,1,0.0,0,0,0,0,0,0,0,0,27,FW,uy Uruguay,31,1994,0.0,,,,,,,,,,,,,,,0,,,,,,Matches
1190,,ARAUJO Maxi,URU,Uruguay,Sporting CP,MF,26,176,,,,,,,,,,,,,,,,,,,,,,,,,,,,,,,,FIFA World Cup 2026 roster,Maxi Araújo,moved,"FW,MF",uy Uruguay,26,1.pt Sporting CP,3,3,250,2.8,2,1,3,2,0,0,0,0,75,"FW,MF",uy Uruguay,26,2000,2.8,,,,,,,,,,,,,,,1,,,,,,Matches
1191,,VINAS Federico,URU,Uruguay,Real Oviedo,FW,27,181,,,,,,,,,,,,,,,,,,,,,,,,,,,,,,,,FIFA World Cup 2026 roster,Federico Viñas,moved,FW,uy Uruguay,27,1.es Oviedo,3,2,192,2.1,0,0,0,0,0,0,0,0,982,FW,uy Uruguay,27,1998,2.1,,,,,,,,,,,,,,,0,,,,,,Matches
1193,,MUSLERA Fernando,URU,Uruguay,Estudiantes LP,GK,39,190,,,,,,,,,,,,,,,,,,,,,,,,,,,,,,,,FIFA World Cup 2026 roster,Fernando Muslera,moved,GK,uy Uruguay,39,1.tr Galatasaray,3,3,225,2.5,0,0,0,0,0,0,0,0,650,GK,uy Uruguay,39,1986,2.5,,,,,,,,,,,,,,,0,,,,,,Matches
1197,,TURNER Matt,USA,USA,New England Revolution,GK,31,190,,,,,,,,,,,,,,,,,,,,,,,,,,,,,,,,FIFA World Cup 2026 roster,Matt Turner,moved,GK,us USA,31,1.us NE Revolution,1,1,90,1.0,0,0,0,0,0,0,0,0,955,GK,us USA,31,1994,1.0,,,,,,,,,,,,,,,0,,,,,,Matches
1198,,DEST Sergino,USA,USA,PSV Eindhoven,DF,25,173,,,,,,,,,,,,,,,,,,,,,,,,,,,,,,,,FIFA World Cup 2026 roster,Sergiño Dest,moved,MF,us USA,25,1.nl PSV,5,4,297,3.3,0,0,0,0,0,0,0,0,246,MF,us USA,25,2000,3.3,,,,,,,,,,,,,,,0,,,,,,Matches
1199,,RICHARDS Chris,USA,USA,Crystal Palace FC,DF,26,189,,,,,,,,,,,,,,,,,,,,,,,,,,,,,,,,FIFA World Cup 2026 roster,Chris Richards,moved,DF,us USA,26,1.eng Crystal Palace,4,4,360,4.0,0,0,0,0,0,0,1,0,782,DF,us USA,26,2000,4.0,,,,,,,,,,,,,,,0,,,,,,Matches
1200,,ADAMS Tyler,USA,USA,AFC Bournemouth,MF,27,175,,,,,,,,,,,,,,,,,,,,,,,,,,,,,,,,FIFA World Cup 2026 roster,Tyler Adams,moved,MF,us USA,27,1.eng Bournemouth,4,4,341,3.8,0,0,0,0,0,0,1,0,19,MF,us USA,27,1999,3.8,,,,,,,,,,,,,,,0,,,,,,Matches
1201,,ROBINSON Antonee,USA,USA,Fulham FC,DF,28,183,,,,,,,,,,,,,,,,,,,,,,,,,,,,,,,,FIFA World Cup 2026 roster,Antonee Robinson,moved,"DF,MF",us USA,28,1.eng Fulham,4,4,348,3.9,0,0,0,0,0,0,1,0,787,"DF,MF",us USA,28,1997,3.9,,,,,,,,,,,,,,,0,,,,,,Matches
1202,,TRUSTY Auston,USA,USA,Celtic FC,DF,27,190,,,,,,,,,,,,,,,,,,,,,,,,,,,,,,,,FIFA World Cup 2026 roster,Auston Trusty,moved,DF,us USA,27,1.sct Celtic,2,1,101,1.1,1,0,1,1,0,0,0,0,953,DF,us USA,27,1998,1.1,,,,,,,,,,,,,,,0,,,,,,Matches
1204,,McKENNIE Weston,USA,USA,Juventus FC,MF,27,180,,,,,,,,,,,,,,,,,,,,,,,,,,,,,,,,FIFA World Cup 2026 roster,Weston McKennie,moved,MF,us USA,27,1.it Juventus,5,5,443,4.9,0,0,0,0,0,0,1,0,596,MF,us USA,27,1998,4.9,,,,,,,,,,,,,,,0,,,,,,Matches
1205,,PEPI Ricardo,USA,USA,PSV Eindhoven,FW,23,185,,,,,,,,,,,,,,,,,,,,,,,,,,,,,,,,FIFA World Cup 2026 roster,Ricardo Pepi,moved,FW,us USA,23,1.nl PSV,5,2,204,2.3,0,0,0,0,0,0,0,0,725,FW,us USA,23,2003,2.3,,,,,,,,,,,,,,,0,,,,,,Matches
1206,,PULISIC Christian,USA,USA,AC Milan,FW,27,177,,,,,,,,,,,,,,,,,,,,,,,,,,,,,,,,FIFA World Cup 2026 roster,Christian Pulisic,moved,MF,us USA,27,1.it Milan,4,3,223,2.5,0,1,1,0,0,0,0,0,750,MF,us USA,27,1998,2.5,,,,,,,,,,,,,,,1,,,,,,Matches
1207,,AARONSON Brenden,USA,USA,Leeds United FC,FW,25,177,,,,,,,,,,,,,,,,,,,,,,,,,,,,,,,,FIFA World Cup 2026 roster,Brenden Aaronson,moved,MF,us USA,25,1.eng Leeds United,1,1,76,0.8,0,0,0,0,0,0,0,0,1,MF,us USA,25,2000,0.8,,,,,,,,,,,,,,,0,,,,,,Matches
1208,,ROBINSON Miles,USA,USA,FC Cincinnatti,DF,29,187,,,,,,,,,,,,,,,,,,,,,,,,,,,,,,,,FIFA World Cup 2026 roster,Miles Robinson,moved,DF,us USA,29,1.us FC Cincinnati,1,1,90,1.0,0,0,0,0,0,0,0,0,788,DF,us USA,29,1997,1.0,,,,,,,,,,,,,,,0,,,,,,Matches
1209,,REAM Tim,USA,USA,Charlotte FC,DF,38,186,,,,,,,,,,,,,,,,,,,,,,,,,,,,,,,,FIFA World Cup 2026 roster,Tim Ream,moved,DF,us USA,38,1.us Charlotte,4,4,360,4.0,0,0,0,0,0,0,0,0,774,DF,us USA,38,1987,4.0,,,,,,,,,,,,,,,0,,,,,,Matches
1210,,BERHALTER Sebastian,USA,USA,Vancouver Whitecaps FC,MF,25,175,,,,,,,,,,,,,,,,,,,,,,,,,,,,,,,,FIFA World Cup 2026 roster,Sebastian Berhalter,moved,MF,us USA,25,1.us Vancouver,5,1,187,2.1,1,1,2,1,0,0,1,0,135,MF,us USA,25,2001,2.1,,,,,,,,,,,,,,,1,,,,,,Matches
1212,,FREEMAN Alex,USA,USA,Villarreal CF,DF,21,188,,,,,,,,,,,,,,,,,,,,,,,,,,,,,,,,FIFA World Cup 2026 roster,Alex Freeman,moved,DF,us USA,21,1.es Villarreal,5,4,374,4.2,1,1,2,1,0,0,0,0,318,DF,us USA,21,2004,4.2,,,,,,,,,,,,,,,1,,,,,,Matches
1213,,TILLMAN Malik,USA,USA,Bayer 04 Leverkusen,MF,24,187,,,,,,,,,,,,,,,,,,,,,,,,,,,,,,,,FIFA World Cup 2026 roster,Malik Tillman,moved,MF,us USA,24,1.de Leverkusen,5,4,356,4.0,2,1,3,2,0,0,1,0,939,MF,us USA,24,2002,4.0,,,,,,,,,,,,,,,1,,,,,,Matches
1214,,ARFSTEN Max,USA,USA,Columbus Crew,DF,25,185,,,,,,,,,,,,,,,,,,,,,,,,,,,,,,,,FIFA World Cup 2026 roster,Max Arfsten,moved,MF,us USA,25,1.us Columbus Crew,1,0,1,0.0,0,0,0,0,0,0,0,0,80,MF,us USA,25,2001,0.0,,,,,,,,,,,,,,,0,,,,,,Matches
1215,,WRIGHT Haji,USA,USA,Coventry City FC,FW,28,191,,,,,,,,,,,,,,,,,,,,,,,,,,,,,,,,FIFA World Cup 2026 roster,Haji Wright,moved,"FW,MF",us USA,28,2.eng Coventry City,2,0,2,0.0,0,0,0,0,0,0,0,0,1010,"FW,MF",us USA,28,1998,0.0,,,,,,,,,,,,,,,0,,,,,,Matches
1216,,BALOGUN Folarin,USA,USA,AS Monaco,FW,24,179,,,,,,,,,,,,,,,,,,,,,,,,,,,,,,,,FIFA World Cup 2026 roster,Folarin Balogun,moved,FW,us USA,24,1.fr Monaco,4,4,312,3.5,3,0,3,3,0,0,1,1,103,FW,us USA,24,2001,3.5,,,,,,,,,,,,,,,0,,,,,,Matches
1217,,WEAH Timothy,USA,USA,Olympique Marseille,FW,26,183,,,,,,,,,,,,,,,,,,,,,,,,,,,,,,,,FIFA World Cup 2026 roster,Timothy Weah,moved,MF,us USA,26,1.fr Marseille,2,1,76,0.8,0,0,0,0,0,0,0,0,997,MF,us USA,26,2000,0.8,,,,,,,,,,,,,,,0,,,,,,Matches
1218,,McKENZIE Mark,USA,USA,Toulouse FC,DF,27,186,,,,,,,,,,,,,,,,,,,,,,,,,,,,,,,,FIFA World Cup 2026 roster,Mark McKenzie,moved,DF,us USA,27,1.fr Toulouse,1,1,90,1.0,0,0,0,0,0,0,0,0,597,DF,us USA,27,1999,1.0,,,,,,,,,,,,,,,0,,,,,,Matches
1219,,SCALLY Joe,USA,USA,Borussia Mönchengladbach,DF,23,184,,,,,,,,,,,,,,,,,,,,,,,,,,,,,,,,FIFA World Cup 2026 roster,Joe Scally,moved,DF,us USA,23,1.de Gladbach,2,1,87,1.0,0,0,0,0,0,0,0,0,837,DF,us USA,23,2002,1.0,,,,,,,,,,,,,,,0,,,,,,Matches
1220,,FREESE Matt,USA,USA,New York City FC,GK,27,198,,,,,,,,,,,,,,,,,,,,,,,,,,,,,,,,FIFA World Cup 2026 roster,Matt Freese,moved,GK,us USA,27,1.us NYCFC,4,4,360,4.0,0,0,0,0,0,0,0,0,319,GK,us USA,27,1998,4.0,,,,,,,,,,,,,,,0,,,,,,Matches
1223,,YUSUPOV Utkir,UZB,Uzbekistan,PFC Navbahor Namangan,GK,35,185,,,,,,,,,,,,,,,,,,,,,,,,,,,,,,,,FIFA World Cup 2026 roster,Utkir Yusupov,moved,GK,uz Uzbekistan,35,1.uz Navbahor,1,1,90,1.0,0,0,0,0,0,0,0,0,1025,GK,uz Uzbekistan,35,1991,1.0,,,,,,,,,,,,,,,0,,,,,,Matches
1224,,KHUSANOV Abdukodir,UZB,Uzbekistan,Manchester City FC,DF,22,186,,,,,,,,,,,,,,,,,,,,,,,,,,,,,,,,FIFA World Cup 2026 roster,Abdukodir Khusanov,moved,DF,uz Uzbekistan,22,1.eng Manchester City,3,3,270,3.0,0,0,0,0,0,0,2,0,490,DF,uz Uzbekistan,22,2004,3.0,,,,,,,,,,,,,,,0,,,,,,Matches
1225,,ALIJONOV Khojiakbar,UZB,Uzbekistan,Pakhtakor Tashkent FK,DF,29,180,,,,,,,,,,,,,,,,,,,,,,,,,,,,,,,,FIFA World Cup 2026 roster,Khojiakbar Alijonov,moved,MF,uz Uzbekistan,29,1.uz Pakhtakor Tashkent FK,2,1,135,1.5,0,0,0,0,0,0,0,0,46,MF,uz Uzbekistan,29,1997,1.5,,,,,,,,,,,,,,,0,,,,,,Matches
1226,,SAYFIEV Farrukh,UZB,Uzbekistan,FK Neftchi Farg'ona,DF,35,183,,,,,,,,,,,,,,,,,,,,,,,,,,,,,,,,FIFA World Cup 2026 roster,Farrukh Sayfiev,moved,"DF,MF",uz Uzbekistan,35,1.uz Neftchi FK,1,0,45,0.5,0,0,0,0,0,0,0,0,835,"DF,MF",uz Uzbekistan,35,1991,0.5,,,,,,,,,,,,,,,0,,,,,,Matches
1227,,ASHURMATOV Rustam,UZB,Uzbekistan,Esteghlal Tehran FC,DF,29,186,,,,,,,,,,,,,,,,,,,,,,,,,,,,,,,,FIFA World Cup 2026 roster,Rustam Ashurmatov,moved,DF,uz Uzbekistan,29,1.ir Esteghlal,3,3,256,2.8,0,0,0,0,0,0,0,0,86,DF,uz Uzbekistan,29,1996,2.8,,,,,,,,,,,,,,,0,,,,,,Matches
1228,,MOZGOVOY Akmal,UZB,Uzbekistan,Pakhtakor Tashkent FK,MF,27,180,,,,,,,,,,,,,,,,,,,,,,,,,,,,,,,,FIFA World Cup 2026 roster,Akmal Mozgovoy,moved,MF,uz Uzbekistan,27,1.uz Pakhtakor Tashkent FK,3,2,216,2.4,0,1,1,0,0,0,0,0,640,MF,uz Uzbekistan,27,1999,2.4,,,,,,,,,,,,,,,1,,,,,,Matches
1229,,SHUKUROV Otabek,UZB,Uzbekistan,Baniyas Club,MF,29,183,,,,,,,,,,,,,,,,,,,,,,,,,,,,,,,,FIFA World Cup 2026 roster,Otabek Shukurov,moved,MF,uz Uzbekistan,29,1.ae Baniyas FC,3,3,237,2.6,0,0,0,0,0,0,0,0,869,MF,uz Uzbekistan,29,1996,2.6,,,,,,,,,,,,,,,0,,,,,,Matches
1230,,ISKANDEROV Jamshid,UZB,Uzbekistan,FK Neftchi Farg'ona,MF,32,171,,,,,,,,,,,,,,,,,,,,,,,,,,,,,,,,FIFA World Cup 2026 roster,Jamshid Iskanderov,moved,"FW,MF",uz Uzbekistan,32,1.uz Neftchi FK,1,0,9,0.1,0,0,0,0,0,0,0,0,436,"FW,MF",uz Uzbekistan,32,1993,0.1,,,,,,,,,,,,,,,0,,,,,,Matches
1233,,URUNOV Oston,UZB,Uzbekistan,Persepolis FC,MF,25,181,,,,,,,,,,,,,,,,,,,,,,,,,,,,,,,,FIFA World Cup 2026 roster,Oston Urunov,moved,MF,uz Uzbekistan,25,1.ir Persepolis,2,1,63,0.7,0,0,0,0,0,0,0,0,961,MF,uz Uzbekistan,25,2000,0.7,,,,,,,,,,,,,,,0,,,,,,Matches
1234,,NEMATOV Abduvohid,UZB,Uzbekistan,Nasaf Qarshi FC,GK,25,182,,,,,,,,,,,,,,,,,,,,,,,,,,,,,,,,FIFA World Cup 2026 roster,Abduvohid Nematov,moved,GK,uz Uzbekistan,25,1.uz FC Nasaf,2,2,180,2.0,0,0,0,0,0,0,0,0,662,GK,uz Uzbekistan,25,2001,2.0,,,,,,,,,,,,,,,0,,,,,,Matches
1235,,NASRULLAEV Sherzod,UZB,Uzbekistan,Pakhtakor Tashkent FK,DF,27,183,,,,,,,,,,,,,,,,,,,,,,,,,,,,,,,,FIFA World Cup 2026 roster,Sherzod Nasrullaev,moved,"DF,MF",uz Uzbekistan,27,1.uz FC Nasaf,3,3,180,2.0,0,0,0,0,0,0,1,0,656,"DF,MF",uz Uzbekistan,27,1998,2.0,,,,,,,,,,,,,,,0,,,,,,Matches
1236,,SHOMURODOV Eldor,UZB,Uzbekistan,Başakşehir FK,FW,30,190,,,,,,,,,,,,,,,,,,,,,,,,,,,,,,,,FIFA World Cup 2026 roster,Eldor Shomurodov,moved,FW,uz Uzbekistan,30,1.tr Başakşehir,3,3,269,3.0,1,0,1,1,0,0,0,0,868,FW,uz Uzbekistan,30,1995,3.0,,,,,,,,,,,,,,,0,,,,,,Matches
1239,,KHAMDAMOV Dostonbek,UZB,Uzbekistan,Pakhtakor Tashkent FK,MF,29,178,,,,,,,,,,,,,,,,,,,,,,,,,,,,,,,,FIFA World Cup 2026 roster,Dostonbek Khamdamov,moved,MF,uz Uzbekistan,29,1.uz Pakhtakor Tashkent FK,2,1,103,1.1,0,0,0,0,0,0,0,0,486,MF,uz Uzbekistan,29,1996,1.1,,,,,,,,,,,,,,,0,,,,,,Matches
1240,,ABDULLAEV Abdulla,UZB,Uzbekistan,Dibba FC,DF,28,181,,,,,,,,,,,,,,,,,,,,,,,,,,,,,,,,FIFA World Cup 2026 roster,Abdulla Abdullaev,moved,DF,uz Uzbekistan,28,1.ae Dibba Al Fujairah,2,2,180,2.0,0,0,0,0,0,0,0,0,8,DF,uz Uzbekistan,28,1997,2.0,,,,,,,,,,,,,,,0,,,,,,Matches
1242,,AMONOV Azizbek,UZB,Uzbekistan,FK Dinamo Samarkand,FW,28,181,,,,,,,,,,,,,,,,,,,,,,,,,,,,,,,,FIFA World Cup 2026 roster,Azizbek Amonov,moved,FW,uz Uzbekistan,28,1.uz FK Bukhara Nurafshon,1,0,14,0.2,0,0,0,0,0,0,0,0,61,FW,uz Uzbekistan,28,1997,0.2,,,,,,,,,,,,,,,0,,,,,,Matches
1243,,SERGEEV Igor,UZB,Uzbekistan,Persepolis FC,FW,33,185,,,,,,,,,,,,,,,,,,,,,,,,,,,,,,,,FIFA World Cup 2026 roster,Igor Sergeev,moved,FW,uz Uzbekistan,33,1.ir Persepolis,3,0,28,0.3,0,0,0,0,0,0,0,0,856,FW,uz Uzbekistan,33,1993,0.3,,,,,,,,,,,,,,,0,,,,,,Matches
1245,,ESANOV Sherzod,UZB,Uzbekistan,FK Buxoro,MF,23,190,,,,,,,,,,,,,,,,,,,,,,,,,,,,,,,,FIFA World Cup 2026 roster,Sherzod Esanov,moved,MF,uz Uzbekistan,23,1.uz FK Bukhara Nurafshon,1,0,1,0.0,0,0,0,0,0,0,0,0,286,MF,uz Uzbekistan,23,2003,0.0,,,,,,,,,,,,,,,0,,,,,,Matches
1248,,UROZOV Jakhongir,UZB,Uzbekistan,FK Dinamo Samarkand,DF,22,190,,,,,,,,,,,,,,,,,,,,,,,,,,,,,,,,FIFA World Cup 2026 roster,Jakhongir Urozov,moved,DF,uz Uzbekistan,22,1.uz FK Dinamo Samarqand,2,1,95,1.1,0,0,0,0,0,0,0,0,960,DF,uz Uzbekistan,22,2004,1.1,,,,,,,,,,,,,,,0,,,,,,Matches
